source_file,school_year,academic_year,county_code,district_code,school_code,county_district_code_7,cds_code,district_cds_code,county_name,district_name,district_cumulative_enrollment
cenroll1920.txt,2019_20,2019-20,01,10017,0000000,0110017,01100170000000,01100170000000,Alameda,Alameda County Office of Education,5037
cenroll1920.txt,2019_20,2019-20,01,61119,0000000,0161119,01611190000000,01611190000000,Alameda,Alameda Unified,11621
cenroll1920.txt,2019_20,2019-20,01,61127,0000000,0161127,01611270000000,01611270000000,Alameda,Albany City Unified,3729
cenroll1920.txt,2019_20,2019-20,01,61143,0000000,0161143,01611430000000,01611430000000,Alameda,Berkeley Unified,10058
cenroll1920.txt,2019_20,2019-20,01,31609,0000000,0131609,01316090000000,01316090000000,Alameda,California School for the Blind (State Special Schl),74
cenroll1920.txt,2019_20,2019-20,01,31617,0000000,0131617,01316170000000,01316170000000,Alameda,California School for the Deaf-Fremont (State Special Schl),371
cenroll1920.txt,2019_20,2019-20,01,61150,0000000,0161150,01611500000000,01611500000000,Alameda,Castro Valley Unified,9524
cenroll1920.txt,2019_20,2019-20,01,75093,0000000,0175093,01750930000000,01750930000000,Alameda,Dublin Unified,12892
cenroll1920.txt,2019_20,2019-20,01,61168,0000000,0161168,01611680000000,01611680000000,Alameda,Emery Unified,774
cenroll1920.txt,2019_20,2019-20,01,61176,0000000,0161176,01611760000000,01611760000000,Alameda,Fremont Unified,36533
cenroll1920.txt,2019_20,2019-20,01,61192,0000000,0161192,01611920000000,01611920000000,Alameda,Hayward Unified,23273
cenroll1920.txt,2019_20,2019-20,01,61200,0000000,0161200,01612000000000,01612000000000,Alameda,Livermore Valley Joint Unified,13886
cenroll1920.txt,2019_20,2019-20,01,61218,0000000,0161218,01612180000000,01612180000000,Alameda,Mountain House Elementary,21
cenroll1920.txt,2019_20,2019-20,01,61242,0000000,0161242,01612420000000,01612420000000,Alameda,New Haven Unified,11407
cenroll1920.txt,2019_20,2019-20,01,61234,0000000,0161234,01612340000000,01612340000000,Alameda,Newark Unified,5873
cenroll1920.txt,2019_20,2019-20,01,61259,0000000,0161259,01612590000000,01612590000000,Alameda,Oakland Unified,52102
cenroll1920.txt,2019_20,2019-20,01,61275,0000000,0161275,01612750000000,01612750000000,Alameda,Piedmont City Unified,2599
cenroll1920.txt,2019_20,2019-20,01,75101,0000000,0175101,01751010000000,01751010000000,Alameda,Pleasanton Unified,15313
cenroll1920.txt,2019_20,2019-20,01,61291,0000000,0161291,01612910000000,01612910000000,Alameda,San Leandro Unified,9464
cenroll1920.txt,2019_20,2019-20,01,61309,0000000,0161309,01613090000000,01613090000000,Alameda,San Lorenzo Unified,11287
cenroll1920.txt,2019_20,2019-20,01,77180,0000000,0177180,01771800000000,01771800000000,Alameda,SBE - Latitude 37.8 High,105
cenroll1920.txt,2019_20,2019-20,01,75119,0000000,0175119,01751190000000,01751190000000,Alameda,Sunol Glen Unified,295
cenroll1920.txt,2019_20,2019-20,02,61333,0000000,0261333,02613330000000,02613330000000,Alpine,Alpine County Unified,84
cenroll1920.txt,2019_20,2019-20,03,10033,0000000,0310033,03100330000000,03100330000000,Amador,Amador County Office of Education,228
cenroll1920.txt,2019_20,2019-20,03,73981,0000000,0373981,03739810000000,03739810000000,Amador,Amador County Unified,4159
cenroll1920.txt,2019_20,2019-20,04,61382,0000000,0461382,04613820000000,04613820000000,Butte,Bangor Union Elementary,113
cenroll1920.txt,2019_20,2019-20,04,61408,0000000,0461408,04614080000000,04614080000000,Butte,Biggs Unified,635
cenroll1920.txt,2019_20,2019-20,04,10041,0000000,0410041,04100410000000,04100410000000,Butte,Butte County Office of Education,1691
cenroll1920.txt,2019_20,2019-20,04,61424,0000000,0461424,04614240000000,04614240000000,Butte,Chico Unified,14989
cenroll1920.txt,2019_20,2019-20,04,61432,0000000,0461432,04614320000000,04614320000000,Butte,Durham Unified,1095
cenroll1920.txt,2019_20,2019-20,04,61457,0000000,0461457,04614570000000,04614570000000,Butte,Golden Feather Union Elementary,55
cenroll1920.txt,2019_20,2019-20,04,75507,0000000,0475507,04755070000000,04755070000000,Butte,Gridley Unified,2250
cenroll1920.txt,2019_20,2019-20,04,61499,0000000,0461499,04614990000000,04614990000000,Butte,Manzanita Elementary,299
cenroll1920.txt,2019_20,2019-20,04,61507,0000000,0461507,04615070000000,04615070000000,Butte,Oroville City Elementary,2965
cenroll1920.txt,2019_20,2019-20,04,61515,0000000,0461515,04615150000000,04615150000000,Butte,Oroville Union High,2379
cenroll1920.txt,2019_20,2019-20,04,61523,0000000,0461523,04615230000000,04615230000000,Butte,Palermo Union Elementary,1418
cenroll1920.txt,2019_20,2019-20,04,61531,0000000,0461531,04615310000000,04615310000000,Butte,Paradise Unified,2426
cenroll1920.txt,2019_20,2019-20,04,73379,0000000,0473379,04733790000000,04733790000000,Butte,Pioneer Union Elementary,80
cenroll1920.txt,2019_20,2019-20,04,61549,0000000,0461549,04615490000000,04615490000000,Butte,Thermalito Union Elementary,1670
cenroll1920.txt,2019_20,2019-20,05,61556,0000000,0561556,05615560000000,05615560000000,Calaveras,Bret Harte Union High,675
cenroll1920.txt,2019_20,2019-20,05,10058,0000000,0510058,05100580000000,05100580000000,Calaveras,Calaveras County Office of Education,541
cenroll1920.txt,2019_20,2019-20,05,61564,0000000,0561564,05615640000000,05615640000000,Calaveras,Calaveras Unified,3097
cenroll1920.txt,2019_20,2019-20,05,61572,0000000,0561572,05615720000000,05615720000000,Calaveras,Mark Twain Union Elementary,847
cenroll1920.txt,2019_20,2019-20,05,61580,0000000,0561580,05615800000000,05615800000000,Calaveras,Vallecito Union,622
cenroll1920.txt,2019_20,2019-20,06,10066,0000000,0610066,06100660000000,06100660000000,Colusa,Colusa County Office of Education,40
cenroll1920.txt,2019_20,2019-20,06,61598,0000000,0661598,06615980000000,06615980000000,Colusa,Colusa Unified,1622
cenroll1920.txt,2019_20,2019-20,06,61606,0000000,0661606,06616060000000,06616060000000,Colusa,Maxwell Unified,374
cenroll1920.txt,2019_20,2019-20,06,61614,0000000,0661614,06616140000000,06616140000000,Colusa,Pierce Joint Unified,1516
cenroll1920.txt,2019_20,2019-20,06,61622,0000000,0661622,06616220000000,06616220000000,Colusa,Williams Unified,1422
cenroll1920.txt,2019_20,2019-20,07,61630,0000000,0761630,07616300000000,07616300000000,Contra Costa,Acalanes Union High,5716
cenroll1920.txt,2019_20,2019-20,07,61648,0000000,0761648,07616480000000,07616480000000,Contra Costa,Antioch Unified,18337
cenroll1920.txt,2019_20,2019-20,07,61655,0000000,0761655,07616550000000,07616550000000,Contra Costa,Brentwood Union Elementary,9732
cenroll1920.txt,2019_20,2019-20,07,61663,0000000,0761663,07616630000000,07616630000000,Contra Costa,Byron Union Elementary,2472
cenroll1920.txt,2019_20,2019-20,07,61671,0000000,0761671,07616710000000,07616710000000,Contra Costa,Canyon Elementary,73
cenroll1920.txt,2019_20,2019-20,07,10074,0000000,0710074,07100740000000,07100740000000,Contra Costa,Contra Costa County Office of Education,6386
cenroll1920.txt,2019_20,2019-20,07,61697,0000000,0761697,07616970000000,07616970000000,Contra Costa,John Swett Unified,1517
cenroll1920.txt,2019_20,2019-20,07,61705,0000000,0761705,07617050000000,07617050000000,Contra Costa,Knightsen Elementary,626
cenroll1920.txt,2019_20,2019-20,07,61713,0000000,0761713,07617130000000,07617130000000,Contra Costa,Lafayette Elementary,3599
cenroll1920.txt,2019_20,2019-20,07,61721,0000000,0761721,07617210000000,07617210000000,Contra Costa,Liberty Union High,8595
cenroll1920.txt,2019_20,2019-20,07,61739,0000000,0761739,07617390000000,07617390000000,Contra Costa,Martinez Unified,4292
cenroll1920.txt,2019_20,2019-20,07,61747,0000000,0761747,07617470000000,07617470000000,Contra Costa,Moraga Elementary,1893
cenroll1920.txt,2019_20,2019-20,07,61754,0000000,0761754,07617540000000,07617540000000,Contra Costa,Mt. Diablo Unified,32074
cenroll1920.txt,2019_20,2019-20,07,61762,0000000,0761762,07617620000000,07617620000000,Contra Costa,Oakley Union Elementary,5408
cenroll1920.txt,2019_20,2019-20,07,61770,0000000,0761770,07617700000000,07617700000000,Contra Costa,Orinda Union Elementary,2604
cenroll1920.txt,2019_20,2019-20,07,61788,0000000,0761788,07617880000000,07617880000000,Contra Costa,Pittsburg Unified,11952
cenroll1920.txt,2019_20,2019-20,07,61804,0000000,0761804,07618040000000,07618040000000,Contra Costa,San Ramon Valley Unified,32585
cenroll1920.txt,2019_20,2019-20,07,77024,0000000,0777024,07770240000000,07770240000000,Contra Costa,SBE - Rocketship Futuro Academy,550
cenroll1920.txt,2019_20,2019-20,07,61812,0000000,0761812,07618120000000,07618120000000,Contra Costa,Walnut Creek Elementary,3728
cenroll1920.txt,2019_20,2019-20,07,61796,0000000,0761796,07617960000000,07617960000000,Contra Costa,West Contra Costa Unified,33440
cenroll1920.txt,2019_20,2019-20,08,10082,0000000,0810082,08100820000000,08100820000000,Del Norte,Del Norte County Office of Education,540
cenroll1920.txt,2019_20,2019-20,08,61820,0000000,0861820,08618200000000,08618200000000,Del Norte,Del Norte County Unified,4161
cenroll1920.txt,2019_20,2019-20,09,73783,0000000,0973783,09737830000000,09737830000000,El Dorado,Black Oak Mine Unified,1363
cenroll1920.txt,2019_20,2019-20,09,61838,0000000,0961838,09618380000000,09618380000000,El Dorado,Buckeye Union Elementary,9417
cenroll1920.txt,2019_20,2019-20,09,61846,0000000,0961846,09618460000000,09618460000000,El Dorado,Camino Union Elementary,469
cenroll1920.txt,2019_20,2019-20,09,10090,0000000,0910090,09100900000000,09100900000000,El Dorado,El Dorado County Office of Education,2090
cenroll1920.txt,2019_20,2019-20,09,61853,0000000,0961853,09618530000000,09618530000000,El Dorado,El Dorado Union High,6984
cenroll1920.txt,2019_20,2019-20,09,61879,0000000,0961879,09618790000000,09618790000000,El Dorado,Gold Oak Union Elementary,500
cenroll1920.txt,2019_20,2019-20,09,61887,0000000,0961887,09618870000000,09618870000000,El Dorado,Gold Trail Union Elementary,682
cenroll1920.txt,2019_20,2019-20,09,61895,0000000,0961895,09618950000000,09618950000000,El Dorado,Indian Diggings Elementary,23
cenroll1920.txt,2019_20,2019-20,09,61903,0000000,0961903,09619030000000,09619030000000,El Dorado,Lake Tahoe Unified,4032
cenroll1920.txt,2019_20,2019-20,09,61911,0000000,0961911,09619110000000,09619110000000,El Dorado,Latrobe,159
cenroll1920.txt,2019_20,2019-20,09,61929,0000000,0961929,09619290000000,09619290000000,El Dorado,Mother Lode Union Elementary,1096
cenroll1920.txt,2019_20,2019-20,09,61945,0000000,0961945,09619450000000,09619450000000,El Dorado,Pioneer Union Elementary,308
cenroll1920.txt,2019_20,2019-20,09,61952,0000000,0961952,09619520000000,09619520000000,El Dorado,Placerville Union Elementary,1389
cenroll1920.txt,2019_20,2019-20,09,61960,0000000,0961960,09619600000000,09619600000000,El Dorado,Pollock Pines Elementary,687
cenroll1920.txt,2019_20,2019-20,09,61978,0000000,0961978,09619780000000,09619780000000,El Dorado,Rescue Union Elementary,3763
cenroll1920.txt,2019_20,2019-20,09,61986,0000000,0961986,09619860000000,09619860000000,El Dorado,Silver Fork Elementary,11
cenroll1920.txt,2019_20,2019-20,10,61994,0000000,1061994,10619940000000,10619940000000,Fresno,Alvina Elementary,203
cenroll1920.txt,2019_20,2019-20,10,62026,0000000,1062026,10620260000000,10620260000000,Fresno,Big Creek Elementary,49
cenroll1920.txt,2019_20,2019-20,10,62042,0000000,1062042,10620420000000,10620420000000,Fresno,Burrel Union Elementary,140
cenroll1920.txt,2019_20,2019-20,10,75598,0000000,1075598,10755980000000,10755980000000,Fresno,Caruthers Unified,1623
cenroll1920.txt,2019_20,2019-20,10,73965,0000000,1073965,10739650000000,10739650000000,Fresno,Central Unified,16756
cenroll1920.txt,2019_20,2019-20,10,62109,0000000,1062109,10621090000000,10621090000000,Fresno,Clay Joint Elementary,249
cenroll1920.txt,2019_20,2019-20,10,62117,0000000,1062117,10621170000000,10621170000000,Fresno,Clovis Unified,45118
cenroll1920.txt,2019_20,2019-20,10,62125,0000000,1062125,10621250000000,10621250000000,Fresno,Coalinga-Huron Unified,4758
cenroll1920.txt,2019_20,2019-20,10,73809,0000000,1073809,10738090000000,10738090000000,Fresno,Firebaugh-Las Deltas Unified,2350
cenroll1920.txt,2019_20,2019-20,10,62158,0000000,1062158,10621580000000,10621580000000,Fresno,Fowler Unified,2746
cenroll1920.txt,2019_20,2019-20,10,10108,0000000,1010108,10101080000000,10101080000000,Fresno,Fresno County Office of Education,6020
cenroll1920.txt,2019_20,2019-20,10,62166,0000000,1062166,10621660000000,10621660000000,Fresno,Fresno Unified,76943
cenroll1920.txt,2019_20,2019-20,10,75234,0000000,1075234,10752340000000,10752340000000,Fresno,Golden Plains Unified,1682
cenroll1920.txt,2019_20,2019-20,10,73999,0000000,1073999,10739990000000,10739990000000,Fresno,Kerman Unified,5490
cenroll1920.txt,2019_20,2019-20,10,62265,0000000,1062265,10622650000000,10622650000000,Fresno,Kings Canyon Joint Unified,10175
cenroll1920.txt,2019_20,2019-20,10,62240,0000000,1062240,10622400000000,10622400000000,Fresno,Kingsburg Elementary Charter,2290
cenroll1920.txt,2019_20,2019-20,10,62257,0000000,1062257,10622570000000,10622570000000,Fresno,Kingsburg Joint Union High,1246
cenroll1920.txt,2019_20,2019-20,10,62281,0000000,1062281,10622810000000,10622810000000,Fresno,Laton Joint Unified,690
cenroll1920.txt,2019_20,2019-20,10,75127,0000000,1075127,10751270000000,10751270000000,Fresno,Mendota Unified,3820
cenroll1920.txt,2019_20,2019-20,10,62323,0000000,1062323,10623230000000,10623230000000,Fresno,Monroe Elementary,181
cenroll1920.txt,2019_20,2019-20,10,62331,0000000,1062331,10623310000000,10623310000000,Fresno,Orange Center,1481
cenroll1920.txt,2019_20,2019-20,10,62356,0000000,1062356,10623560000000,10623560000000,Fresno,Pacific Union Elementary,410
cenroll1920.txt,2019_20,2019-20,10,62364,0000000,1062364,10623640000000,10623640000000,Fresno,Parlier Unified,3690
cenroll1920.txt,2019_20,2019-20,10,62372,0000000,1062372,10623720000000,10623720000000,Fresno,Pine Ridge Elementary,121
cenroll1920.txt,2019_20,2019-20,10,62380,0000000,1062380,10623800000000,10623800000000,Fresno,Raisin City Elementary,679
cenroll1920.txt,2019_20,2019-20,10,75408,0000000,1075408,10754080000000,10754080000000,Fresno,Riverdale Joint Unified,1633
cenroll1920.txt,2019_20,2019-20,10,62414,0000000,1062414,10624140000000,10624140000000,Fresno,Sanger Unified,13074
cenroll1920.txt,2019_20,2019-20,10,62430,0000000,1062430,10624300000000,10624300000000,Fresno,Selma Unified,6519
cenroll1920.txt,2019_20,2019-20,10,75275,0000000,1075275,10752750000000,10752750000000,Fresno,Sierra Unified,1333
cenroll1920.txt,2019_20,2019-20,10,62513,0000000,1062513,10625130000000,10625130000000,Fresno,Washington Colony Elementary,484
cenroll1920.txt,2019_20,2019-20,10,76778,0000000,1076778,10767780000000,10767780000000,Fresno,Washington Unified,3180
cenroll1920.txt,2019_20,2019-20,10,62539,0000000,1062539,10625390000000,10625390000000,Fresno,West Park Elementary,825
cenroll1920.txt,2019_20,2019-20,10,62547,0000000,1062547,10625470000000,10625470000000,Fresno,Westside Elementary,4378
cenroll1920.txt,2019_20,2019-20,11,62554,0000000,1162554,11625540000000,11625540000000,Glenn,Capay Joint Union Elementary,196
cenroll1920.txt,2019_20,2019-20,11,10116,0000000,1110116,11101160000000,11101160000000,Glenn,Glenn County Office of Education,599
cenroll1920.txt,2019_20,2019-20,11,76562,0000000,1176562,11765620000000,11765620000000,Glenn,Hamilton Unified,722
cenroll1920.txt,2019_20,2019-20,11,62596,0000000,1162596,11625960000000,11625960000000,Glenn,Lake Elementary,717
cenroll1920.txt,2019_20,2019-20,11,75481,0000000,1175481,11754810000000,11754810000000,Glenn,Orland Joint Unified,2369
cenroll1920.txt,2019_20,2019-20,11,62638,0000000,1162638,11626380000000,11626380000000,Glenn,Plaza Elementary,211
cenroll1920.txt,2019_20,2019-20,11,62646,0000000,1162646,11626460000000,11626460000000,Glenn,Princeton Joint Unified,161
cenroll1920.txt,2019_20,2019-20,11,62653,0000000,1162653,11626530000000,11626530000000,Glenn,Stony Creek Joint Unified,94
cenroll1920.txt,2019_20,2019-20,11,62661,0000000,1162661,11626610000000,11626610000000,Glenn,Willows Unified,1536
cenroll1920.txt,2019_20,2019-20,12,62679,0000000,1262679,12626790000000,12626790000000,Humboldt,Arcata Elementary,1211
cenroll1920.txt,2019_20,2019-20,12,62695,0000000,1262695,12626950000000,12626950000000,Humboldt,Big Lagoon Union Elementary,25
cenroll1920.txt,2019_20,2019-20,12,62703,0000000,1262703,12627030000000,12627030000000,Humboldt,Blue Lake Union Elementary,179
cenroll1920.txt,2019_20,2019-20,12,62729,0000000,1262729,12627290000000,12627290000000,Humboldt,Bridgeville Elementary,46
cenroll1920.txt,2019_20,2019-20,12,62737,0000000,1262737,12627370000000,12627370000000,Humboldt,Cuddeback Union Elementary,149
cenroll1920.txt,2019_20,2019-20,12,62745,0000000,1262745,12627450000000,12627450000000,Humboldt,Cutten Elementary,657
cenroll1920.txt,2019_20,2019-20,12,75515,0000000,1275515,12755150000000,12755150000000,Humboldt,Eureka City Schools,4113
cenroll1920.txt,2019_20,2019-20,12,75374,0000000,1275374,12753740000000,12753740000000,Humboldt,Ferndale Unified,486
cenroll1920.txt,2019_20,2019-20,12,62794,0000000,1262794,12627940000000,12627940000000,Humboldt,Fieldbrook Elementary,129
cenroll1920.txt,2019_20,2019-20,12,76802,0000000,1276802,12768020000000,12768020000000,Humboldt,Fortuna Elementary,1407
cenroll1920.txt,2019_20,2019-20,12,62810,0000000,1262810,12628100000000,12628100000000,Humboldt,Fortuna Union High,1124
cenroll1920.txt,2019_20,2019-20,12,62828,0000000,1262828,12628280000000,12628280000000,Humboldt,Freshwater Elementary,355
cenroll1920.txt,2019_20,2019-20,12,62836,0000000,1262836,12628360000000,12628360000000,Humboldt,Garfield Elementary,67
cenroll1920.txt,2019_20,2019-20,12,62851,0000000,1262851,12628510000000,12628510000000,Humboldt,Green Point Elementary,15
cenroll1920.txt,2019_20,2019-20,12,10124,0000000,1210124,12101240000000,12101240000000,Humboldt,Humboldt County Office of Education,1021
cenroll1920.txt,2019_20,2019-20,12,62885,0000000,1262885,12628850000000,12628850000000,Humboldt,Hydesville Elementary,211
cenroll1920.txt,2019_20,2019-20,12,62893,0000000,1262893,12628930000000,12628930000000,Humboldt,Jacoby Creek Elementary,471
cenroll1920.txt,2019_20,2019-20,12,62901,0000000,1262901,12629010000000,12629010000000,Humboldt,Klamath-Trinity Joint Unified,1071
cenroll1920.txt,2019_20,2019-20,12,62919,0000000,1262919,12629190000000,12629190000000,Humboldt,Kneeland Elementary,14
cenroll1920.txt,2019_20,2019-20,12,62927,0000000,1262927,12629270000000,12629270000000,Humboldt,Loleta Union Elementary,123
cenroll1920.txt,2019_20,2019-20,12,62935,0000000,1262935,12629350000000,12629350000000,Humboldt,Maple Creek Elementary,9
cenroll1920.txt,2019_20,2019-20,12,75382,0000000,1275382,12753820000000,12753820000000,Humboldt,Mattole Unified,62
cenroll1920.txt,2019_20,2019-20,12,62950,0000000,1262950,12629500000000,12629500000000,Humboldt,McKinleyville Union Elementary,1192
cenroll1920.txt,2019_20,2019-20,12,62687,0000000,1262687,12626870000000,12626870000000,Humboldt,Northern Humboldt Union High,1856
cenroll1920.txt,2019_20,2019-20,12,62968,0000000,1262968,12629680000000,12629680000000,Humboldt,Orick Elementary,18
cenroll1920.txt,2019_20,2019-20,12,62976,0000000,1262976,12629760000000,12629760000000,Humboldt,Pacific Union Elementary,642
cenroll1920.txt,2019_20,2019-20,12,62984,0000000,1262984,12629840000000,12629840000000,Humboldt,Peninsula Union,50
cenroll1920.txt,2019_20,2019-20,12,63008,0000000,1263008,12630080000000,12630080000000,Humboldt,Rio Dell Elementary,309
cenroll1920.txt,2019_20,2019-20,12,63024,0000000,1263024,12630240000000,12630240000000,Humboldt,Scotia Union Elementary,183
cenroll1920.txt,2019_20,2019-20,12,63032,0000000,1263032,12630320000000,12630320000000,Humboldt,South Bay Union Elementary,991
cenroll1920.txt,2019_20,2019-20,12,63040,0000000,1263040,12630400000000,12630400000000,Humboldt,Southern Humboldt Joint Unified,831
cenroll1920.txt,2019_20,2019-20,12,63057,0000000,1263057,12630570000000,12630570000000,Humboldt,Trinidad Union Elementary,211
cenroll1920.txt,2019_20,2019-20,13,63073,0000000,1363073,13630730000000,13630730000000,Imperial,Brawley Elementary,4187
cenroll1920.txt,2019_20,2019-20,13,63081,0000000,1363081,13630810000000,13630810000000,Imperial,Brawley Union High,2062
cenroll1920.txt,2019_20,2019-20,13,63099,0000000,1363099,13630990000000,13630990000000,Imperial,Calexico Unified,9421
cenroll1920.txt,2019_20,2019-20,13,63107,0000000,1363107,13631070000000,13631070000000,Imperial,Calipatria Unified,1198
cenroll1920.txt,2019_20,2019-20,13,63115,0000000,1363115,13631150000000,13631150000000,Imperial,Central Union High,4328
cenroll1920.txt,2019_20,2019-20,13,63123,0000000,1363123,13631230000000,13631230000000,Imperial,El Centro Elementary,5906
cenroll1920.txt,2019_20,2019-20,13,63131,0000000,1363131,13631310000000,13631310000000,Imperial,Heber Elementary,1297
cenroll1920.txt,2019_20,2019-20,13,63149,0000000,1363149,13631490000000,13631490000000,Imperial,Holtville Unified,1653
cenroll1920.txt,2019_20,2019-20,13,10132,0000000,1310132,13101320000000,13101320000000,Imperial,Imperial County Office of Education,1184
cenroll1920.txt,2019_20,2019-20,13,63164,0000000,1363164,13631640000000,13631640000000,Imperial,Imperial Unified,4502
cenroll1920.txt,2019_20,2019-20,13,63172,0000000,1363172,13631720000000,13631720000000,Imperial,Magnolia Union Elementary,137
cenroll1920.txt,2019_20,2019-20,13,63180,0000000,1363180,13631800000000,13631800000000,Imperial,McCabe Union Elementary,1389
cenroll1920.txt,2019_20,2019-20,13,63198,0000000,1363198,13631980000000,13631980000000,Imperial,Meadows Union Elementary,486
cenroll1920.txt,2019_20,2019-20,13,63206,0000000,1363206,13632060000000,13632060000000,Imperial,Mulberry Elementary,77
cenroll1920.txt,2019_20,2019-20,13,63214,0000000,1363214,13632140000000,13632140000000,Imperial,San Pasqual Valley Unified,712
cenroll1920.txt,2019_20,2019-20,13,63222,0000000,1363222,13632220000000,13632220000000,Imperial,Seeley Union Elementary,424
cenroll1920.txt,2019_20,2019-20,13,63230,0000000,1363230,13632300000000,13632300000000,Imperial,Westmorland Union Elementary,413
cenroll1920.txt,2019_20,2019-20,14,63248,0000000,1463248,14632480000000,14632480000000,Inyo,Big Pine Unified,159
cenroll1920.txt,2019_20,2019-20,14,76687,0000000,1476687,14766870000000,14766870000000,Inyo,Bishop Unified,2164
cenroll1920.txt,2019_20,2019-20,14,63271,0000000,1463271,14632710000000,14632710000000,Inyo,Death Valley Unified,32
cenroll1920.txt,2019_20,2019-20,14,10140,0000000,1410140,14101400000000,14101400000000,Inyo,Inyo County Office of Education,3017
cenroll1920.txt,2019_20,2019-20,14,63289,0000000,1463289,14632890000000,14632890000000,Inyo,Lone Pine Unified,351
cenroll1920.txt,2019_20,2019-20,14,63297,0000000,1463297,14632970000000,14632970000000,Inyo,Owens Valley Unified,88
cenroll1920.txt,2019_20,2019-20,14,63305,0000000,1463305,14633050000000,14633050000000,Inyo,Round Valley Joint Elementary,80
cenroll1920.txt,2019_20,2019-20,15,63313,0000000,1563313,15633130000000,15633130000000,Kern,Arvin Union,3286
cenroll1920.txt,2019_20,2019-20,15,63321,0000000,1563321,15633210000000,15633210000000,Kern,Bakersfield City,33656
cenroll1920.txt,2019_20,2019-20,15,63339,0000000,1563339,15633390000000,15633390000000,Kern,Beardsley Elementary,2277
cenroll1920.txt,2019_20,2019-20,15,63347,0000000,1563347,15633470000000,15633470000000,Kern,Belridge Elementary,38
cenroll1920.txt,2019_20,2019-20,15,63354,0000000,1563354,15633540000000,15633540000000,Kern,Blake Elementary,16
cenroll1920.txt,2019_20,2019-20,15,63370,0000000,1563370,15633700000000,15633700000000,Kern,Buttonwillow Union Elementary,344
cenroll1920.txt,2019_20,2019-20,15,63388,0000000,1563388,15633880000000,15633880000000,Kern,Caliente Union Elementary,51
cenroll1920.txt,2019_20,2019-20,15,63412,0000000,1563412,15634120000000,15634120000000,Kern,Delano Joint Union High,4396
cenroll1920.txt,2019_20,2019-20,15,63404,0000000,1563404,15634040000000,15634040000000,Kern,Delano Union Elementary,6967
cenroll1920.txt,2019_20,2019-20,15,63420,0000000,1563420,15634200000000,15634200000000,Kern,Di Giorgio Elementary,221
cenroll1920.txt,2019_20,2019-20,15,63438,0000000,1563438,15634380000000,15634380000000,Kern,Edison Elementary,1179
cenroll1920.txt,2019_20,2019-20,15,75168,0000000,1575168,15751680000000,15751680000000,Kern,El Tejon Unified,813
cenroll1920.txt,2019_20,2019-20,15,63446,0000000,1563446,15634460000000,15634460000000,Kern,Elk Hills Elementary,210
cenroll1920.txt,2019_20,2019-20,15,63461,0000000,1563461,15634610000000,15634610000000,Kern,Fairfax Elementary,2911
cenroll1920.txt,2019_20,2019-20,15,63479,0000000,1563479,15634790000000,15634790000000,Kern,Fruitvale Elementary,3365
cenroll1920.txt,2019_20,2019-20,15,63487,0000000,1563487,15634870000000,15634870000000,Kern,General Shafter Elementary,200
cenroll1920.txt,2019_20,2019-20,15,63503,0000000,1563503,15635030000000,15635030000000,Kern,Greenfield Union,10401
cenroll1920.txt,2019_20,2019-20,15,10157,0000000,1510157,15101570000000,15101570000000,Kern,Kern County Office of Education,8215
cenroll1920.txt,2019_20,2019-20,15,63529,0000000,1563529,15635290000000,15635290000000,Kern,Kern High,42948
cenroll1920.txt,2019_20,2019-20,15,63545,0000000,1563545,15635450000000,15635450000000,Kern,Kernville Union Elementary,965
cenroll1920.txt,2019_20,2019-20,15,63552,0000000,1563552,15635520000000,15635520000000,Kern,Lakeside Union,1544
cenroll1920.txt,2019_20,2019-20,15,63560,0000000,1563560,15635600000000,15635600000000,Kern,Lamont Elementary,3118
cenroll1920.txt,2019_20,2019-20,15,63586,0000000,1563586,15635860000000,15635860000000,Kern,Linns Valley-Poso Flat Union,19
cenroll1920.txt,2019_20,2019-20,15,63594,0000000,1563594,15635940000000,15635940000000,Kern,Lost Hills Union Elementary,320
cenroll1920.txt,2019_20,2019-20,15,63610,0000000,1563610,15636100000000,15636100000000,Kern,Maple Elementary,295
cenroll1920.txt,2019_20,2019-20,15,63628,0000000,1563628,15636280000000,15636280000000,Kern,Maricopa Unified,14184
cenroll1920.txt,2019_20,2019-20,15,73908,0000000,1573908,15739080000000,15739080000000,Kern,McFarland Unified,3685
cenroll1920.txt,2019_20,2019-20,15,63651,0000000,1563651,15636510000000,15636510000000,Kern,McKittrick Elementary,83
cenroll1920.txt,2019_20,2019-20,15,63669,0000000,1563669,15636690000000,15636690000000,Kern,Midway Elementary,90
cenroll1920.txt,2019_20,2019-20,15,63677,0000000,1563677,15636770000000,15636770000000,Kern,Mojave Unified,3284
cenroll1920.txt,2019_20,2019-20,15,63685,0000000,1563685,15636850000000,15636850000000,Kern,Muroc Joint Unified,1962
cenroll1920.txt,2019_20,2019-20,15,63693,0000000,1563693,15636930000000,15636930000000,Kern,Norris Elementary,4396
cenroll1920.txt,2019_20,2019-20,15,63362,0000000,1563362,15633620000000,15633620000000,Kern,Panama-Buena Vista Union,19897
cenroll1920.txt,2019_20,2019-20,15,63719,0000000,1563719,15637190000000,15637190000000,Kern,Pond Union Elementary,179
cenroll1920.txt,2019_20,2019-20,15,63578,0000000,1563578,15635780000000,15635780000000,Kern,Richland Union Elementary,3646
cenroll1920.txt,2019_20,2019-20,15,73544,0000000,1573544,15735440000000,15735440000000,Kern,Rio Bravo-Greeley Union Elementary,1117
cenroll1920.txt,2019_20,2019-20,15,63750,0000000,1563750,15637500000000,15637500000000,Kern,Rosedale Union Elementary,6197
cenroll1920.txt,2019_20,2019-20,15,63768,0000000,1563768,15637680000000,15637680000000,Kern,Semitropic Elementary,212
cenroll1920.txt,2019_20,2019-20,15,73742,0000000,1573742,15737420000000,15737420000000,Kern,Sierra Sands Unified,5574
cenroll1920.txt,2019_20,2019-20,15,63784,0000000,1563784,15637840000000,15637840000000,Kern,South Fork Union,320
cenroll1920.txt,2019_20,2019-20,15,63776,0000000,1563776,15637760000000,15637760000000,Kern,Southern Kern Unified,3804
cenroll1920.txt,2019_20,2019-20,15,63792,0000000,1563792,15637920000000,15637920000000,Kern,Standard Elementary,3463
cenroll1920.txt,2019_20,2019-20,15,63800,0000000,1563800,15638000000000,15638000000000,Kern,Taft City,2583
cenroll1920.txt,2019_20,2019-20,15,63818,0000000,1563818,15638180000000,15638180000000,Kern,Taft Union High,1118
cenroll1920.txt,2019_20,2019-20,15,63826,0000000,1563826,15638260000000,15638260000000,Kern,Tehachapi Unified,4591
cenroll1920.txt,2019_20,2019-20,15,63834,0000000,1563834,15638340000000,15638340000000,Kern,Vineland Elementary,728
cenroll1920.txt,2019_20,2019-20,15,63842,0000000,1563842,15638420000000,15638420000000,Kern,Wasco Union Elementary,3792
cenroll1920.txt,2019_20,2019-20,15,63859,0000000,1563859,15638590000000,15638590000000,Kern,Wasco Union High,1953
cenroll1920.txt,2019_20,2019-20,16,63875,0000000,1663875,16638750000000,16638750000000,Kings,Armona Union Elementary,1873
cenroll1920.txt,2019_20,2019-20,16,63883,0000000,1663883,16638830000000,16638830000000,Kings,Central Union Elementary,2092
cenroll1920.txt,2019_20,2019-20,16,63891,0000000,1663891,16638910000000,16638910000000,Kings,Corcoran Joint Unified,3483
cenroll1920.txt,2019_20,2019-20,16,63917,0000000,1663917,16639170000000,16639170000000,Kings,Hanford Elementary,6303
cenroll1920.txt,2019_20,2019-20,16,63925,0000000,1663925,16639250000000,16639250000000,Kings,Hanford Joint Union High,4184
cenroll1920.txt,2019_20,2019-20,16,63933,0000000,1663933,16639330000000,16639330000000,Kings,Island Union Elementary,408
cenroll1920.txt,2019_20,2019-20,16,10165,0000000,1610165,16101650000000,16101650000000,Kings,Kings County Office of Education,449
cenroll1920.txt,2019_20,2019-20,16,63941,0000000,1663941,16639410000000,16639410000000,Kings,Kings River-Hardwick Union Elementary,859
cenroll1920.txt,2019_20,2019-20,16,63958,0000000,1663958,16639580000000,16639580000000,Kings,Kit Carson Union Elementary,1950
cenroll1920.txt,2019_20,2019-20,16,63966,0000000,1663966,16639660000000,16639660000000,Kings,Lakeside Union Elementary,354
cenroll1920.txt,2019_20,2019-20,16,63974,0000000,1663974,16639740000000,16639740000000,Kings,Lemoore Union Elementary,3568
cenroll1920.txt,2019_20,2019-20,16,63982,0000000,1663982,16639820000000,16639820000000,Kings,Lemoore Union High,2406
cenroll1920.txt,2019_20,2019-20,16,63990,0000000,1663990,16639900000000,16639900000000,Kings,Pioneer Union Elementary,1646
cenroll1920.txt,2019_20,2019-20,16,73932,0000000,1673932,16739320000000,16739320000000,Kings,Reef-Sunset Unified,2826
cenroll1920.txt,2019_20,2019-20,17,64014,0000000,1764014,17640140000000,17640140000000,Lake,Kelseyville Unified,1854
cenroll1920.txt,2019_20,2019-20,17,64022,0000000,1764022,17640220000000,17640220000000,Lake,Konocti Unified,3984
cenroll1920.txt,2019_20,2019-20,17,10173,0000000,1710173,17101730000000,17101730000000,Lake,Lake County Office of Education,59
cenroll1920.txt,2019_20,2019-20,17,64030,0000000,1764030,17640300000000,17640300000000,Lake,Lakeport Unified,1566
cenroll1920.txt,2019_20,2019-20,17,64048,0000000,1764048,17640480000000,17640480000000,Lake,Lucerne Elementary,343
cenroll1920.txt,2019_20,2019-20,17,64055,0000000,1764055,17640550000000,17640550000000,Lake,Middletown Unified,1971
cenroll1920.txt,2019_20,2019-20,17,76976,0000000,1776976,17769760000000,17769760000000,Lake,Upper Lake Unified,925
cenroll1920.txt,2019_20,2019-20,18,64089,0000000,1864089,18640890000000,18640890000000,Lassen,Big Valley Joint Unified,127
cenroll1920.txt,2019_20,2019-20,18,75036,0000000,1875036,18750360000000,18750360000000,Lassen,Fort Sage Unified,588
cenroll1920.txt,2019_20,2019-20,18,64105,0000000,1864105,18641050000000,18641050000000,Lassen,Janesville Union Elementary,415
cenroll1920.txt,2019_20,2019-20,18,64113,0000000,1864113,18641130000000,18641130000000,Lassen,Johnstonville Elementary,211
cenroll1920.txt,2019_20,2019-20,18,10181,0000000,1810181,18101810000000,18101810000000,Lassen,Lassen County Office of Education,18
cenroll1920.txt,2019_20,2019-20,18,64139,0000000,1864139,18641390000000,18641390000000,Lassen,Lassen Union High,838
cenroll1920.txt,2019_20,2019-20,18,64162,0000000,1864162,18641620000000,18641620000000,Lassen,Ravendale-Termo Elementary,13
cenroll1920.txt,2019_20,2019-20,18,64170,0000000,1864170,18641700000000,18641700000000,Lassen,Richmond Elementary,220
cenroll1920.txt,2019_20,2019-20,18,64188,0000000,1864188,18641880000000,18641880000000,Lassen,Shaffer Union Elementary,222
cenroll1920.txt,2019_20,2019-20,18,64196,0000000,1864196,18641960000000,18641960000000,Lassen,Susanville Elementary,1425
cenroll1920.txt,2019_20,2019-20,18,64204,0000000,1864204,18642040000000,18642040000000,Lassen,Westwood Unified,206
cenroll1920.txt,2019_20,2019-20,19,64212,0000000,1964212,19642120000000,19642120000000,Los Angeles,ABC Unified,20822
cenroll1920.txt,2019_20,2019-20,19,75309,0000000,1975309,19753090000000,19753090000000,Los Angeles,Acton-Agua Dulce Unified,18454
cenroll1920.txt,2019_20,2019-20,19,75713,0000000,1975713,19757130000000,19757130000000,Los Angeles,Alhambra Unified,16804
cenroll1920.txt,2019_20,2019-20,19,64246,0000000,1964246,19642460000000,19642460000000,Los Angeles,Antelope Valley Union High,24156
cenroll1920.txt,2019_20,2019-20,19,64261,0000000,1964261,19642610000000,19642610000000,Los Angeles,Arcadia Unified,9583
cenroll1920.txt,2019_20,2019-20,19,64279,0000000,1964279,19642790000000,19642790000000,Los Angeles,Azusa Unified,8094
cenroll1920.txt,2019_20,2019-20,19,64287,0000000,1964287,19642870000000,19642870000000,Los Angeles,Baldwin Park Unified,23998
cenroll1920.txt,2019_20,2019-20,19,64295,0000000,1964295,19642950000000,19642950000000,Los Angeles,Bassett Unified,3575
cenroll1920.txt,2019_20,2019-20,19,64303,0000000,1964303,19643030000000,19643030000000,Los Angeles,Bellflower Unified,12040
cenroll1920.txt,2019_20,2019-20,19,64311,0000000,1964311,19643110000000,19643110000000,Los Angeles,Beverly Hills Unified,3675
cenroll1920.txt,2019_20,2019-20,19,64329,0000000,1964329,19643290000000,19643290000000,Los Angeles,Bonita Unified,10506
cenroll1920.txt,2019_20,2019-20,19,64337,0000000,1964337,19643370000000,19643370000000,Los Angeles,Burbank Unified,15663
cenroll1920.txt,2019_20,2019-20,19,64345,0000000,1964345,19643450000000,19643450000000,Los Angeles,Castaic Union,2098
cenroll1920.txt,2019_20,2019-20,19,64352,0000000,1964352,19643520000000,19643520000000,Los Angeles,Centinela Valley Union High,10758
cenroll1920.txt,2019_20,2019-20,19,64378,0000000,1964378,19643780000000,19643780000000,Los Angeles,Charter Oak Unified,4800
cenroll1920.txt,2019_20,2019-20,19,64394,0000000,1964394,19643940000000,19643940000000,Los Angeles,Claremont Unified,7038
cenroll1920.txt,2019_20,2019-20,19,73437,0000000,1973437,19734370000000,19734370000000,Los Angeles,Compton Unified,24776
cenroll1920.txt,2019_20,2019-20,19,64436,0000000,1964436,19644360000000,19644360000000,Los Angeles,Covina-Valley Unified,12119
cenroll1920.txt,2019_20,2019-20,19,64444,0000000,1964444,19644440000000,19644440000000,Los Angeles,Culver City Unified,7248
cenroll1920.txt,2019_20,2019-20,19,64451,0000000,1964451,19644510000000,19644510000000,Los Angeles,Downey Unified,22942
cenroll1920.txt,2019_20,2019-20,19,64469,0000000,1964469,19644690000000,19644690000000,Los Angeles,Duarte Unified,8926
cenroll1920.txt,2019_20,2019-20,19,64485,0000000,1964485,19644850000000,19644850000000,Los Angeles,East Whittier City Elementary,8753
cenroll1920.txt,2019_20,2019-20,19,64477,0000000,1964477,19644770000000,19644770000000,Los Angeles,Eastside Union Elementary,3684
cenroll1920.txt,2019_20,2019-20,19,64501,0000000,1964501,19645010000000,19645010000000,Los Angeles,El Monte City,8324
cenroll1920.txt,2019_20,2019-20,19,64519,0000000,1964519,19645190000000,19645190000000,Los Angeles,El Monte Union High,8803
cenroll1920.txt,2019_20,2019-20,19,64527,0000000,1964527,19645270000000,19645270000000,Los Angeles,El Rancho Unified,8571
cenroll1920.txt,2019_20,2019-20,19,64535,0000000,1964535,19645350000000,19645350000000,Los Angeles,El Segundo Unified,3546
cenroll1920.txt,2019_20,2019-20,19,64550,0000000,1964550,19645500000000,19645500000000,Los Angeles,Garvey Elementary,4751
cenroll1920.txt,2019_20,2019-20,19,64568,0000000,1964568,19645680000000,19645680000000,Los Angeles,Glendale Unified,26213
cenroll1920.txt,2019_20,2019-20,19,64576,0000000,1964576,19645760000000,19645760000000,Los Angeles,Glendora Unified,7316
cenroll1920.txt,2019_20,2019-20,19,64584,0000000,1964584,19645840000000,19645840000000,Los Angeles,Gorman Joint,1456
cenroll1920.txt,2019_20,2019-20,19,73445,0000000,1973445,19734450000000,19734450000000,Los Angeles,Hacienda la Puente Unified,18581
cenroll1920.txt,2019_20,2019-20,19,64592,0000000,1964592,19645920000000,19645920000000,Los Angeles,Hawthorne,8326
cenroll1920.txt,2019_20,2019-20,19,64600,0000000,1964600,19646000000000,19646000000000,Los Angeles,Hermosa Beach City Elementary,1378
cenroll1920.txt,2019_20,2019-20,19,64626,0000000,1964626,19646260000000,19646260000000,Los Angeles,Hughes-Elizabeth Lakes Union Elementary,196
cenroll1920.txt,2019_20,2019-20,19,64634,0000000,1964634,19646340000000,19646340000000,Los Angeles,Inglewood Unified,11781
cenroll1920.txt,2019_20,2019-20,19,64642,0000000,1964642,19646420000000,19646420000000,Los Angeles,Keppel Union Elementary,3107
cenroll1920.txt,2019_20,2019-20,19,64659,0000000,1964659,19646590000000,19646590000000,Los Angeles,La Canada Unified,4174
cenroll1920.txt,2019_20,2019-20,19,64667,0000000,1964667,19646670000000,19646670000000,Los Angeles,Lancaster Elementary,17103
cenroll1920.txt,2019_20,2019-20,19,64683,0000000,1964683,19646830000000,19646830000000,Los Angeles,Las Virgenes Unified,11144
cenroll1920.txt,2019_20,2019-20,19,64691,0000000,1964691,19646910000000,19646910000000,Los Angeles,Lawndale Elementary,5892
cenroll1920.txt,2019_20,2019-20,19,64709,0000000,1964709,19647090000000,19647090000000,Los Angeles,Lennox,7021
cenroll1920.txt,2019_20,2019-20,19,64717,0000000,1964717,19647170000000,19647170000000,Los Angeles,Little Lake City Elementary,4495
cenroll1920.txt,2019_20,2019-20,19,64725,0000000,1964725,19647250000000,19647250000000,Los Angeles,Long Beach Unified,74639
cenroll1920.txt,2019_20,2019-20,19,10199,0000000,1910199,19101990000000,19101990000000,Los Angeles,Los Angeles County Office of Education,11400
cenroll1920.txt,2019_20,2019-20,19,64733,0000000,1964733,19647330000000,19647330000000,Los Angeles,Los Angeles Unified,615648
cenroll1920.txt,2019_20,2019-20,19,64758,0000000,1964758,19647580000000,19647580000000,Los Angeles,Los Nietos,1594
cenroll1920.txt,2019_20,2019-20,19,64766,0000000,1964766,19647660000000,19647660000000,Los Angeles,Lowell Joint,3335
cenroll1920.txt,2019_20,2019-20,19,64774,0000000,1964774,19647740000000,19647740000000,Los Angeles,Lynwood Unified,13818
cenroll1920.txt,2019_20,2019-20,19,75333,0000000,1975333,19753330000000,19753330000000,Los Angeles,Manhattan Beach Unified,6610
cenroll1920.txt,2019_20,2019-20,19,64790,0000000,1964790,19647900000000,19647900000000,Los Angeles,Monrovia Unified,5586
cenroll1920.txt,2019_20,2019-20,19,64808,0000000,1964808,19648080000000,19648080000000,Los Angeles,Montebello Unified,25388
cenroll1920.txt,2019_20,2019-20,19,64816,0000000,1964816,19648160000000,19648160000000,Los Angeles,Mountain View Elementary,6473
cenroll1920.txt,2019_20,2019-20,19,64832,0000000,1964832,19648320000000,19648320000000,Los Angeles,Newhall,6494
cenroll1920.txt,2019_20,2019-20,19,64840,0000000,1964840,19648400000000,19648400000000,Los Angeles,Norwalk-La Mirada Unified,17590
cenroll1920.txt,2019_20,2019-20,19,64857,0000000,1964857,19648570000000,19648570000000,Los Angeles,Palmdale Elementary,24368
cenroll1920.txt,2019_20,2019-20,19,64865,0000000,1964865,19648650000000,19648650000000,Los Angeles,Palos Verdes Peninsula Unified,11257
cenroll1920.txt,2019_20,2019-20,19,64873,0000000,1964873,19648730000000,19648730000000,Los Angeles,Paramount Unified,15017
cenroll1920.txt,2019_20,2019-20,19,64881,0000000,1964881,19648810000000,19648810000000,Los Angeles,Pasadena Unified,18292
cenroll1920.txt,2019_20,2019-20,19,64907,0000000,1964907,19649070000000,19649070000000,Los Angeles,Pomona Unified,24279
cenroll1920.txt,2019_20,2019-20,19,75341,0000000,1975341,19753410000000,19753410000000,Los Angeles,Redondo Beach Unified,10334
cenroll1920.txt,2019_20,2019-20,19,64931,0000000,1964931,19649310000000,19649310000000,Los Angeles,Rosemead Elementary,2489
cenroll1920.txt,2019_20,2019-20,19,73452,0000000,1973452,19734520000000,19734520000000,Los Angeles,Rowland Unified,14822
cenroll1920.txt,2019_20,2019-20,19,75291,0000000,1975291,19752910000000,19752910000000,Los Angeles,San Gabriel Unified,7062
cenroll1920.txt,2019_20,2019-20,19,64964,0000000,1964964,19649640000000,19649640000000,Los Angeles,San Marino Unified,2999
cenroll1920.txt,2019_20,2019-20,19,64980,0000000,1964980,19649800000000,19649800000000,Los Angeles,Santa Monica-Malibu Unified,10582
cenroll1920.txt,2019_20,2019-20,19,64998,0000000,1964998,19649980000000,19649980000000,Los Angeles,Saugus Union,10095
cenroll1920.txt,2019_20,2019-20,19,76968,0000000,1976968,19769680000000,19769680000000,Los Angeles,SBE - Academia Avance Charter,347
cenroll1920.txt,2019_20,2019-20,19,77081,0000000,1977081,19770810000000,19770810000000,Los Angeles,SBE - Celerity Himalia,728
cenroll1920.txt,2019_20,2019-20,19,77289,0000000,1977289,19772890000000,19772890000000,Los Angeles,SBE - Los Angeles College Prep Academy,123
cenroll1920.txt,2019_20,2019-20,19,75663,0000000,1975663,19756630000000,19756630000000,Los Angeles,SBE - New West Charter,1010
cenroll1920.txt,2019_20,2019-20,19,76992,0000000,1976992,19769920000000,19769920000000,Los Angeles,SBE - Prepa Tec Los Angeles High,383
cenroll1920.txt,2019_20,2019-20,19,75697,0000000,1975697,19756970000000,19756970000000,Los Angeles,SBE - The School of Arts and Enterprise,846
cenroll1920.txt,2019_20,2019-20,19,65029,0000000,1965029,19650290000000,19650290000000,Los Angeles,South Pasadena Unified,5059
cenroll1920.txt,2019_20,2019-20,19,65037,0000000,1965037,19650370000000,19650370000000,Los Angeles,South Whittier Elementary,2720
cenroll1920.txt,2019_20,2019-20,19,65045,0000000,1965045,19650450000000,19650450000000,Los Angeles,Sulphur Springs Union,5560
cenroll1920.txt,2019_20,2019-20,19,65052,0000000,1965052,19650520000000,19650520000000,Los Angeles,Temple City Unified,5767
cenroll1920.txt,2019_20,2019-20,19,65060,0000000,1965060,19650600000000,19650600000000,Los Angeles,Torrance Unified,23699
cenroll1920.txt,2019_20,2019-20,19,65078,0000000,1965078,19650780000000,19650780000000,Los Angeles,Valle Lindo Elementary,1107
cenroll1920.txt,2019_20,2019-20,19,73460,0000000,1973460,19734600000000,19734600000000,Los Angeles,Walnut Valley Unified,14166
cenroll1920.txt,2019_20,2019-20,19,65094,0000000,1965094,19650940000000,19650940000000,Los Angeles,West Covina Unified,15343
cenroll1920.txt,2019_20,2019-20,19,65102,0000000,1965102,19651020000000,19651020000000,Los Angeles,Westside Union Elementary,10296
cenroll1920.txt,2019_20,2019-20,19,65110,0000000,1965110,19651100000000,19651100000000,Los Angeles,Whittier City Elementary,6284
cenroll1920.txt,2019_20,2019-20,19,65128,0000000,1965128,19651280000000,19651280000000,Los Angeles,Whittier Union High,11642
cenroll1920.txt,2019_20,2019-20,19,65136,0000000,1965136,19651360000000,19651360000000,Los Angeles,William S. Hart Union High,25088
cenroll1920.txt,2019_20,2019-20,19,65151,0000000,1965151,19651510000000,19651510000000,Los Angeles,Wilsona Elementary,1366
cenroll1920.txt,2019_20,2019-20,19,76869,0000000,1976869,19768690000000,19768690000000,Los Angeles,Wiseburn Unified,4697
cenroll1920.txt,2019_20,2019-20,20,65177,0000000,2065177,20651770000000,20651770000000,Madera,Alview-Dairyland Union Elementary,403
cenroll1920.txt,2019_20,2019-20,20,65185,0000000,2065185,20651850000000,20651850000000,Madera,Bass Lake Joint Union Elementary,975
cenroll1920.txt,2019_20,2019-20,20,75606,0000000,2075606,20756060000000,20756060000000,Madera,Chawanakee Unified,1521
cenroll1920.txt,2019_20,2019-20,20,65193,0000000,2065193,20651930000000,20651930000000,Madera,Chowchilla Elementary,2379
cenroll1920.txt,2019_20,2019-20,20,65201,0000000,2065201,20652010000000,20652010000000,Madera,Chowchilla Union High,1141
cenroll1920.txt,2019_20,2019-20,20,75580,0000000,2075580,20755800000000,20755800000000,Madera,Golden Valley Unified,2270
cenroll1920.txt,2019_20,2019-20,20,10207,0000000,2010207,20102070000000,20102070000000,Madera,Madera County Superintendent of Schools,1078
cenroll1920.txt,2019_20,2019-20,20,65243,0000000,2065243,20652430000000,20652430000000,Madera,Madera Unified,21940
cenroll1920.txt,2019_20,2019-20,20,65276,0000000,2065276,20652760000000,20652760000000,Madera,Raymond-Knowles Union Elementary,84
cenroll1920.txt,2019_20,2019-20,20,76414,0000000,2076414,20764140000000,20764140000000,Madera,Yosemite Unified,2193
cenroll1920.txt,2019_20,2019-20,21,65300,0000000,2165300,21653000000000,21653000000000,Marin,Bolinas-Stinson Union,96
cenroll1920.txt,2019_20,2019-20,21,65334,0000000,2165334,21653340000000,21653340000000,Marin,Kentfield Elementary,1207
cenroll1920.txt,2019_20,2019-20,21,65342,0000000,2165342,21653420000000,21653420000000,Marin,Laguna Joint Elementary,10
cenroll1920.txt,2019_20,2019-20,21,65359,0000000,2165359,21653590000000,21653590000000,Marin,Lagunitas Elementary,250
cenroll1920.txt,2019_20,2019-20,21,65367,0000000,2165367,21653670000000,21653670000000,Marin,Larkspur-Corte Madera,1562
cenroll1920.txt,2019_20,2019-20,21,65375,0000000,2165375,21653750000000,21653750000000,Marin,Lincoln Elementary,7
cenroll1920.txt,2019_20,2019-20,21,10215,0000000,2110215,21102150000000,21102150000000,Marin,Marin County Office of Education,436
cenroll1920.txt,2019_20,2019-20,21,65391,0000000,2165391,21653910000000,21653910000000,Marin,Mill Valley Elementary,2893
cenroll1920.txt,2019_20,2019-20,21,65318,0000000,2165318,21653180000000,21653180000000,Marin,Miller Creek Elementary,2079
cenroll1920.txt,2019_20,2019-20,21,65409,0000000,2165409,21654090000000,21654090000000,Marin,Nicasio,42
cenroll1920.txt,2019_20,2019-20,21,65417,0000000,2165417,21654170000000,21654170000000,Marin,Novato Unified,8002
cenroll1920.txt,2019_20,2019-20,21,65425,0000000,2165425,21654250000000,21654250000000,Marin,Reed Union Elementary,1327
cenroll1920.txt,2019_20,2019-20,21,65433,0000000,2165433,21654330000000,21654330000000,Marin,Ross Elementary,387
cenroll1920.txt,2019_20,2019-20,21,75002,0000000,2175002,21750020000000,21750020000000,Marin,Ross Valley Elementary,2083
cenroll1920.txt,2019_20,2019-20,21,65458,0000000,2165458,21654580000000,21654580000000,Marin,San Rafael City Elementary,4690
cenroll1920.txt,2019_20,2019-20,21,65466,0000000,2165466,21654660000000,21654660000000,Marin,San Rafael City High,2871
cenroll1920.txt,2019_20,2019-20,21,65474,0000000,2165474,21654740000000,21654740000000,Marin,Sausalito Marin City,506
cenroll1920.txt,2019_20,2019-20,21,77065,0000000,2177065,21770650000000,21770650000000,Marin,SBE - Ross Valley Elementary,203
cenroll1920.txt,2019_20,2019-20,21,73361,0000000,2173361,21733610000000,21733610000000,Marin,Shoreline Unified,533
cenroll1920.txt,2019_20,2019-20,21,65482,0000000,2165482,21654820000000,21654820000000,Marin,Tamalpais Union High,5239
cenroll1920.txt,2019_20,2019-20,22,10223,0000000,2210223,22102230000000,22102230000000,Mariposa,Mariposa County Office of Education,57
cenroll1920.txt,2019_20,2019-20,22,65532,0000000,2265532,22655320000000,22655320000000,Mariposa,Mariposa County Unified,1947
cenroll1920.txt,2019_20,2019-20,23,65540,0000000,2365540,23655400000000,23655400000000,Mendocino,Anderson Valley Unified,475
cenroll1920.txt,2019_20,2019-20,23,65557,0000000,2365557,23655570000000,23655570000000,Mendocino,Arena Union Elementary,328
cenroll1920.txt,2019_20,2019-20,23,65565,0000000,2365565,23655650000000,23655650000000,Mendocino,Fort Bragg Unified,1976
cenroll1920.txt,2019_20,2019-20,23,73916,0000000,2373916,23739160000000,23739160000000,Mendocino,Laytonville Unified,398
cenroll1920.txt,2019_20,2019-20,23,75218,0000000,2375218,23752180000000,23752180000000,Mendocino,Leggett Valley Unified,148
cenroll1920.txt,2019_20,2019-20,23,65573,0000000,2365573,23655730000000,23655730000000,Mendocino,Manchester Union Elementary,48
cenroll1920.txt,2019_20,2019-20,23,10231,0000000,2310231,23102310000000,23102310000000,Mendocino,Mendocino County Office of Education,135
cenroll1920.txt,2019_20,2019-20,23,65581,0000000,2365581,23655810000000,23655810000000,Mendocino,Mendocino Unified,569
cenroll1920.txt,2019_20,2019-20,23,65599,0000000,2365599,23655990000000,23655990000000,Mendocino,Point Arena Joint Union High,160
cenroll1920.txt,2019_20,2019-20,23,73866,0000000,2373866,23738660000000,23738660000000,Mendocino,Potter Valley Community Unified,309
cenroll1920.txt,2019_20,2019-20,23,65607,0000000,2365607,23656070000000,23656070000000,Mendocino,Round Valley Unified,527
cenroll1920.txt,2019_20,2019-20,23,65615,0000000,2365615,23656150000000,23656150000000,Mendocino,Ukiah Unified,6859
cenroll1920.txt,2019_20,2019-20,23,65623,0000000,2365623,23656230000000,23656230000000,Mendocino,Willits Unified,2032
cenroll1920.txt,2019_20,2019-20,24,65631,0000000,2465631,24656310000000,24656310000000,Merced,Atwater Elementary,5261
cenroll1920.txt,2019_20,2019-20,24,65649,0000000,2465649,24656490000000,24656490000000,Merced,Ballico-Cressey Elementary,397
cenroll1920.txt,2019_20,2019-20,24,75366,0000000,2475366,24753660000000,24753660000000,Merced,Delhi Unified,2729
cenroll1920.txt,2019_20,2019-20,24,75317,0000000,2475317,24753170000000,24753170000000,Merced,Dos Palos Oro Loma Joint Unified,2470
cenroll1920.txt,2019_20,2019-20,24,65680,0000000,2465680,24656800000000,24656800000000,Merced,El Nido Elementary,182
cenroll1920.txt,2019_20,2019-20,24,73619,0000000,2473619,24736190000000,24736190000000,Merced,Gustine Unified,1937
cenroll1920.txt,2019_20,2019-20,24,65698,0000000,2465698,24656980000000,24656980000000,Merced,Hilmar Unified,2495
cenroll1920.txt,2019_20,2019-20,24,65722,0000000,2465722,24657220000000,24657220000000,Merced,Le Grand Union Elementary,371
cenroll1920.txt,2019_20,2019-20,24,65730,0000000,2465730,24657300000000,24657300000000,Merced,Le Grand Union High,551
cenroll1920.txt,2019_20,2019-20,24,65748,0000000,2465748,24657480000000,24657480000000,Merced,Livingston Union,2615
cenroll1920.txt,2019_20,2019-20,24,65755,0000000,2465755,24657550000000,24657550000000,Merced,Los Banos Unified,11748
cenroll1920.txt,2019_20,2019-20,24,65763,0000000,2465763,24657630000000,24657630000000,Merced,McSwain Union Elementary,900
cenroll1920.txt,2019_20,2019-20,24,65771,0000000,2465771,24657710000000,24657710000000,Merced,Merced City Elementary,11818
cenroll1920.txt,2019_20,2019-20,24,10249,0000000,2410249,24102490000000,24102490000000,Merced,Merced County Office of Education,2028
cenroll1920.txt,2019_20,2019-20,24,73726,0000000,2473726,24737260000000,24737260000000,Merced,Merced River Union Elementary,220
cenroll1920.txt,2019_20,2019-20,24,65789,0000000,2465789,24657890000000,24657890000000,Merced,Merced Union High,11143
cenroll1920.txt,2019_20,2019-20,24,65813,0000000,2465813,24658130000000,24658130000000,Merced,Plainsburg Union Elementary,111
cenroll1920.txt,2019_20,2019-20,24,65821,0000000,2465821,24658210000000,24658210000000,Merced,Planada Elementary,906
cenroll1920.txt,2019_20,2019-20,24,65839,0000000,2465839,24658390000000,24658390000000,Merced,Snelling-Merced Falls Union Elementary,86
cenroll1920.txt,2019_20,2019-20,24,65862,0000000,2465862,24658620000000,24658620000000,Merced,Weaver Union,3182
cenroll1920.txt,2019_20,2019-20,24,65870,0000000,2465870,24658700000000,24658700000000,Merced,Winton,2187
cenroll1920.txt,2019_20,2019-20,25,10256,0000000,2510256,25102560000000,25102560000000,Modoc,Modoc County Office of Education,26
cenroll1920.txt,2019_20,2019-20,25,73585,0000000,2573585,25735850000000,25735850000000,Modoc,Modoc Joint Unified,904
cenroll1920.txt,2019_20,2019-20,25,65896,0000000,2565896,25658960000000,25658960000000,Modoc,Surprise Valley Joint Unified,123
cenroll1920.txt,2019_20,2019-20,25,73593,0000000,2573593,25735930000000,25735930000000,Modoc,Tulelake Basin Joint Unified,429
cenroll1920.txt,2019_20,2019-20,26,73668,0000000,2673668,26736680000000,26736680000000,Mono,Eastern Sierra Unified,455
cenroll1920.txt,2019_20,2019-20,26,73692,0000000,2673692,26736920000000,26736920000000,Mono,Mammoth Unified,1232
cenroll1920.txt,2019_20,2019-20,26,10264,0000000,2610264,26102640000000,26102640000000,Mono,Mono County Office of Education,545
cenroll1920.txt,2019_20,2019-20,27,65961,0000000,2765961,27659610000000,27659610000000,Monterey,Alisal Union,9003
cenroll1920.txt,2019_20,2019-20,27,75150,0000000,2775150,27751500000000,27751500000000,Monterey,Big Sur Unified,113
cenroll1920.txt,2019_20,2019-20,27,65979,0000000,2765979,27659790000000,27659790000000,Monterey,Bradley Union Elementary,72
cenroll1920.txt,2019_20,2019-20,27,65987,0000000,2765987,27659870000000,27659870000000,Monterey,Carmel Unified,2569
cenroll1920.txt,2019_20,2019-20,27,65995,0000000,2765995,27659950000000,27659950000000,Monterey,Chualar Union,319
cenroll1920.txt,2019_20,2019-20,27,75473,0000000,2775473,27754730000000,27754730000000,Monterey,Gonzales Unified,2422
cenroll1920.txt,2019_20,2019-20,27,66027,0000000,2766027,27660270000000,27660270000000,Monterey,Graves Elementary,42
cenroll1920.txt,2019_20,2019-20,27,66035,0000000,2766035,27660350000000,27660350000000,Monterey,Greenfield Union Elementary,3681
cenroll1920.txt,2019_20,2019-20,27,66050,0000000,2766050,27660500000000,27660500000000,Monterey,King City Union,2754
cenroll1920.txt,2019_20,2019-20,27,66076,0000000,2766076,27660760000000,27660760000000,Monterey,Lagunita Elementary,97
cenroll1920.txt,2019_20,2019-20,27,66084,0000000,2766084,27660840000000,27660840000000,Monterey,Mission Union Elementary,127
cenroll1920.txt,2019_20,2019-20,27,10272,0000000,2710272,27102720000000,27102720000000,Monterey,Monterey County Office of Education,2269
cenroll1920.txt,2019_20,2019-20,27,66092,0000000,2766092,27660920000000,27660920000000,Monterey,Monterey Peninsula Unified,11078
cenroll1920.txt,2019_20,2019-20,27,73825,0000000,2773825,27738250000000,27738250000000,Monterey,North Monterey County Unified,4820
cenroll1920.txt,2019_20,2019-20,27,66134,0000000,2766134,27661340000000,27661340000000,Monterey,Pacific Grove Unified,2064
cenroll1920.txt,2019_20,2019-20,27,66142,0000000,2766142,27661420000000,27661420000000,Monterey,Salinas City Elementary,8853
cenroll1920.txt,2019_20,2019-20,27,66159,0000000,2766159,27661590000000,27661590000000,Monterey,Salinas Union High,16821
cenroll1920.txt,2019_20,2019-20,27,66167,0000000,2766167,27661670000000,27661670000000,Monterey,San Antonio Union Elementary,142
cenroll1920.txt,2019_20,2019-20,27,66175,0000000,2766175,27661750000000,27661750000000,Monterey,San Ardo Union Elementary,116
cenroll1920.txt,2019_20,2019-20,27,66183,0000000,2766183,27661830000000,27661830000000,Monterey,San Lucas Union Elementary,83
cenroll1920.txt,2019_20,2019-20,27,66191,0000000,2766191,27661910000000,27661910000000,Monterey,Santa Rita Union Elementary,3827
cenroll1920.txt,2019_20,2019-20,27,75440,0000000,2775440,27754400000000,27754400000000,Monterey,Soledad Unified,5081
cenroll1920.txt,2019_20,2019-20,27,66068,0000000,2766068,27660680000000,27660680000000,Monterey,South Monterey County Joint Union High,2685
cenroll1920.txt,2019_20,2019-20,27,66225,0000000,2766225,27662250000000,27662250000000,Monterey,Spreckels Union Elementary,1019
cenroll1920.txt,2019_20,2019-20,27,66233,0000000,2766233,27662330000000,27662330000000,Monterey,Washington Union Elementary,889
cenroll1920.txt,2019_20,2019-20,28,66241,0000000,2866241,28662410000000,28662410000000,Napa,Calistoga Joint Unified,894
cenroll1920.txt,2019_20,2019-20,28,66258,0000000,2866258,28662580000000,28662580000000,Napa,Howell Mountain Elementary,103
cenroll1920.txt,2019_20,2019-20,28,10280,0000000,2810280,28102800000000,28102800000000,Napa,Napa County Office of Education,223
cenroll1920.txt,2019_20,2019-20,28,66266,0000000,2866266,28662660000000,28662660000000,Napa,Napa Valley Unified,18163
cenroll1920.txt,2019_20,2019-20,28,66282,0000000,2866282,28662820000000,28662820000000,Napa,Pope Valley Union Elementary,49
cenroll1920.txt,2019_20,2019-20,28,66290,0000000,2866290,28662900000000,28662900000000,Napa,Saint Helena Unified,1290
cenroll1920.txt,2019_20,2019-20,29,66316,0000000,2966316,29663160000000,29663160000000,Nevada,Chicago Park Elementary,187
cenroll1920.txt,2019_20,2019-20,29,66324,0000000,2966324,29663240000000,29663240000000,Nevada,Clear Creek Elementary,187
cenroll1920.txt,2019_20,2019-20,29,66332,0000000,2966332,29663320000000,29663320000000,Nevada,Grass Valley Elementary,1894
cenroll1920.txt,2019_20,2019-20,29,66340,0000000,2966340,29663400000000,29663400000000,Nevada,Nevada City Elementary,797
cenroll1920.txt,2019_20,2019-20,29,10298,0000000,2910298,29102980000000,29102980000000,Nevada,Nevada County Office of Education,4801
cenroll1920.txt,2019_20,2019-20,29,66357,0000000,2966357,29663570000000,29663570000000,Nevada,Nevada Joint Union High,2910
cenroll1920.txt,2019_20,2019-20,29,76877,0000000,2976877,29768770000000,29768770000000,Nevada,Penn Valley Union Elementary,641
cenroll1920.txt,2019_20,2019-20,29,66373,0000000,2966373,29663730000000,29663730000000,Nevada,Pleasant Ridge Union Elementary,1371
cenroll1920.txt,2019_20,2019-20,29,66415,0000000,2966415,29664150000000,29664150000000,Nevada,Twin Ridges Elementary,105
cenroll1920.txt,2019_20,2019-20,29,66407,0000000,2966407,29664070000000,29664070000000,Nevada,Union Hill Elementary,765
cenroll1920.txt,2019_20,2019-20,30,66423,0000000,3066423,30664230000000,30664230000000,Orange,Anaheim Elementary,17908
cenroll1920.txt,2019_20,2019-20,30,66431,0000000,3066431,30664310000000,30664310000000,Orange,Anaheim Union High,30911
cenroll1920.txt,2019_20,2019-20,30,66449,0000000,3066449,30664490000000,30664490000000,Orange,Brea-Olinda Unified,6274
cenroll1920.txt,2019_20,2019-20,30,66456,0000000,3066456,30664560000000,30664560000000,Orange,Buena Park Elementary,4721
cenroll1920.txt,2019_20,2019-20,30,66464,0000000,3066464,30664640000000,30664640000000,Orange,Capistrano Unified,55773
cenroll1920.txt,2019_20,2019-20,30,66472,0000000,3066472,30664720000000,30664720000000,Orange,Centralia Elementary,4456
cenroll1920.txt,2019_20,2019-20,30,66480,0000000,3066480,30664800000000,30664800000000,Orange,Cypress Elementary,3942
cenroll1920.txt,2019_20,2019-20,30,66498,0000000,3066498,30664980000000,30664980000000,Orange,Fountain Valley Elementary,6524
cenroll1920.txt,2019_20,2019-20,30,66506,0000000,3066506,30665060000000,30665060000000,Orange,Fullerton Elementary,13244
cenroll1920.txt,2019_20,2019-20,30,66514,0000000,3066514,30665140000000,30665140000000,Orange,Fullerton Joint Union High,14221
cenroll1920.txt,2019_20,2019-20,30,66522,0000000,3066522,30665220000000,30665220000000,Orange,Garden Grove Unified,42909
cenroll1920.txt,2019_20,2019-20,30,66530,0000000,3066530,30665300000000,30665300000000,Orange,Huntington Beach City Elementary,6944
cenroll1920.txt,2019_20,2019-20,30,66548,0000000,3066548,30665480000000,30665480000000,Orange,Huntington Beach Union High,16239
cenroll1920.txt,2019_20,2019-20,30,73650,0000000,3073650,30736500000000,30736500000000,Orange,Irvine Unified,37889
cenroll1920.txt,2019_20,2019-20,30,66563,0000000,3066563,30665630000000,30665630000000,Orange,La Habra City Elementary,4850
cenroll1920.txt,2019_20,2019-20,30,66555,0000000,3066555,30665550000000,30665550000000,Orange,Laguna Beach Unified,2864
cenroll1920.txt,2019_20,2019-20,30,73924,0000000,3073924,30739240000000,30739240000000,Orange,Los Alamitos Unified,9909
cenroll1920.txt,2019_20,2019-20,30,66589,0000000,3066589,30665890000000,30665890000000,Orange,Magnolia Elementary,5931
cenroll1920.txt,2019_20,2019-20,30,66597,0000000,3066597,30665970000000,30665970000000,Orange,Newport-Mesa Unified,20645
cenroll1920.txt,2019_20,2019-20,30,66613,0000000,3066613,30666130000000,30666130000000,Orange,Ocean View,8018
cenroll1920.txt,2019_20,2019-20,30,10306,0000000,3010306,30103060000000,30103060000000,Orange,Orange County Department of Education,11136
cenroll1920.txt,2019_20,2019-20,30,66621,0000000,3066621,30666210000000,30666210000000,Orange,Orange Unified,28212
cenroll1920.txt,2019_20,2019-20,30,66647,0000000,3066647,30666470000000,30666470000000,Orange,Placentia-Yorba Linda Unified,25884
cenroll1920.txt,2019_20,2019-20,30,73635,0000000,3073635,30736350000000,30736350000000,Orange,Saddleback Valley Unified,27038
cenroll1920.txt,2019_20,2019-20,30,66670,0000000,3066670,30666700000000,30666700000000,Orange,Santa Ana Unified,51587
cenroll1920.txt,2019_20,2019-20,30,66696,0000000,3066696,30666960000000,30666960000000,Orange,Savanna Elementary,2210
cenroll1920.txt,2019_20,2019-20,30,76893,0000000,3076893,30768930000000,30768930000000,Orange,SBE - Magnolia Science Academy Santa Ana,582
cenroll1920.txt,2019_20,2019-20,30,73643,0000000,3073643,30736430000000,30736430000000,Orange,Tustin Unified,24280
cenroll1920.txt,2019_20,2019-20,30,66746,0000000,3066746,30667460000000,30667460000000,Orange,Westminster,9342
cenroll1920.txt,2019_20,2019-20,31,66761,0000000,3166761,31667610000000,31667610000000,Placer,Ackerman Charter,613
cenroll1920.txt,2019_20,2019-20,31,66779,0000000,3166779,31667790000000,31667790000000,Placer,Alta-Dutch Flat Union Elementary,120
cenroll1920.txt,2019_20,2019-20,31,66787,0000000,3166787,31667870000000,31667870000000,Placer,Auburn Union Elementary,1993
cenroll1920.txt,2019_20,2019-20,31,66795,0000000,3166795,31667950000000,31667950000000,Placer,Colfax Elementary,406
cenroll1920.txt,2019_20,2019-20,31,66803,0000000,3166803,31668030000000,31668030000000,Placer,Dry Creek Joint Elementary,6990
cenroll1920.txt,2019_20,2019-20,31,66829,0000000,3166829,31668290000000,31668290000000,Placer,Eureka Union,3478
cenroll1920.txt,2019_20,2019-20,31,66837,0000000,3166837,31668370000000,31668370000000,Placer,Foresthill Union Elementary,451
cenroll1920.txt,2019_20,2019-20,31,66845,0000000,3166845,31668450000000,31668450000000,Placer,Loomis Union Elementary,3078
cenroll1920.txt,2019_20,2019-20,31,66852,0000000,3166852,31668520000000,31668520000000,Placer,Newcastle Elementary,2152
cenroll1920.txt,2019_20,2019-20,31,10314,0000000,3110314,31103140000000,31103140000000,Placer,Placer County Office of Education,805
cenroll1920.txt,2019_20,2019-20,31,66886,0000000,3166886,31668860000000,31668860000000,Placer,Placer Hills Union Elementary,820
cenroll1920.txt,2019_20,2019-20,31,66894,0000000,3166894,31668940000000,31668940000000,Placer,Placer Union High,4130
cenroll1920.txt,2019_20,2019-20,31,75085,0000000,3175085,31750850000000,31750850000000,Placer,Rocklin Unified,14606
cenroll1920.txt,2019_20,2019-20,31,66910,0000000,3166910,31669100000000,31669100000000,Placer,Roseville City Elementary,11982
cenroll1920.txt,2019_20,2019-20,31,66928,0000000,3166928,31669280000000,31669280000000,Placer,Roseville Joint Union High,12383
cenroll1920.txt,2019_20,2019-20,31,66944,0000000,3166944,31669440000000,31669440000000,Placer,Tahoe-Truckee Unified,4303
cenroll1920.txt,2019_20,2019-20,31,66951,0000000,3166951,31669510000000,31669510000000,Placer,Western Placer Unified,10418
cenroll1920.txt,2019_20,2019-20,32,10322,0000000,3210322,32103220000000,32103220000000,Plumas,Plumas County Office of Education,43
cenroll1920.txt,2019_20,2019-20,32,66969,0000000,3266969,32669690000000,32669690000000,Plumas,Plumas Unified,2298
cenroll1920.txt,2019_20,2019-20,33,66977,0000000,3366977,33669770000000,33669770000000,Riverside,Alvord Unified,19270
cenroll1920.txt,2019_20,2019-20,33,66985,0000000,3366985,33669850000000,33669850000000,Riverside,Banning Unified,4973
cenroll1920.txt,2019_20,2019-20,33,66993,0000000,3366993,33669930000000,33669930000000,Riverside,Beaumont Unified,16173
cenroll1920.txt,2019_20,2019-20,33,31625,0000000,3331625,33316250000000,33316250000000,Riverside,California School for the Deaf-Riverside (State Special Schl),355
cenroll1920.txt,2019_20,2019-20,33,73676,0000000,3373676,33736760000000,33736760000000,Riverside,Coachella Valley Unified,18665
cenroll1920.txt,2019_20,2019-20,33,67033,0000000,3367033,33670330000000,33670330000000,Riverside,Corona-Norco Unified,54802
cenroll1920.txt,2019_20,2019-20,33,67041,0000000,3367041,33670410000000,33670410000000,Riverside,Desert Center Unified,36
cenroll1920.txt,2019_20,2019-20,33,67058,0000000,3367058,33670580000000,33670580000000,Riverside,Desert Sands Unified,28904
cenroll1920.txt,2019_20,2019-20,33,67082,0000000,3367082,33670820000000,33670820000000,Riverside,Hemet Unified,23990
cenroll1920.txt,2019_20,2019-20,33,67090,0000000,3367090,33670900000000,33670900000000,Riverside,Jurupa Unified,20178
cenroll1920.txt,2019_20,2019-20,33,75176,0000000,3375176,33751760000000,33751760000000,Riverside,Lake Elsinore Unified,22834
cenroll1920.txt,2019_20,2019-20,33,67116,0000000,3367116,33671160000000,33671160000000,Riverside,Menifee Union Elementary,13229
cenroll1920.txt,2019_20,2019-20,33,67124,0000000,3367124,33671240000000,33671240000000,Riverside,Moreno Valley Unified,34505
cenroll1920.txt,2019_20,2019-20,33,75200,0000000,3375200,33752000000000,33752000000000,Riverside,Murrieta Valley Unified,24548
cenroll1920.txt,2019_20,2019-20,33,67157,0000000,3367157,33671570000000,33671570000000,Riverside,Nuview Union,2303
cenroll1920.txt,2019_20,2019-20,33,67173,0000000,3367173,33671730000000,33671730000000,Riverside,Palm Springs Unified,23326
cenroll1920.txt,2019_20,2019-20,33,67181,0000000,3367181,33671810000000,33671810000000,Riverside,Palo Verde Unified,4851
cenroll1920.txt,2019_20,2019-20,33,67199,0000000,3367199,33671990000000,33671990000000,Riverside,Perris Elementary,6050
cenroll1920.txt,2019_20,2019-20,33,67207,0000000,3367207,33672070000000,33672070000000,Riverside,Perris Union High,11587
cenroll1920.txt,2019_20,2019-20,33,10330,0000000,3310330,33103300000000,33103300000000,Riverside,Riverside County Office of Education,14587
cenroll1920.txt,2019_20,2019-20,33,67215,0000000,3367215,33672150000000,33672150000000,Riverside,Riverside Unified,43503
cenroll1920.txt,2019_20,2019-20,33,67231,0000000,3367231,33672310000000,33672310000000,Riverside,Romoland Elementary,4529
cenroll1920.txt,2019_20,2019-20,33,67249,0000000,3367249,33672490000000,33672490000000,Riverside,San Jacinto Unified,12468
cenroll1920.txt,2019_20,2019-20,33,76943,0000000,3376943,33769430000000,33769430000000,Riverside,SBE - Baypoint Preparatory Academy,402
cenroll1920.txt,2019_20,2019-20,33,75192,0000000,3375192,33751920000000,33751920000000,Riverside,Temecula Valley Unified,30853
cenroll1920.txt,2019_20,2019-20,33,75242,0000000,3375242,33752420000000,33752420000000,Riverside,Val Verde Unified,21258
cenroll1920.txt,2019_20,2019-20,34,67280,0000000,3467280,34672800000000,34672800000000,Sacramento,Arcohe Union Elementary,502
cenroll1920.txt,2019_20,2019-20,34,77040,0000000,3477040,34770400000000,34770400000000,Sacramento,California Department of Developmental Services (CDDS),11
cenroll1920.txt,2019_20,2019-20,34,32276,0000000,3432276,34322760000000,34322760000000,Sacramento,California Education Authority (CEA) Headquarters,448
cenroll1920.txt,2019_20,2019-20,34,73973,0000000,3473973,34739730000000,34739730000000,Sacramento,Center Joint Unified,4598
cenroll1920.txt,2019_20,2019-20,34,67314,0000000,3467314,34673140000000,34673140000000,Sacramento,Elk Grove Unified,67284
cenroll1920.txt,2019_20,2019-20,34,67322,0000000,3467322,34673220000000,34673220000000,Sacramento,Elverta Joint Elementary,343
cenroll1920.txt,2019_20,2019-20,34,67330,0000000,3467330,34673300000000,34673300000000,Sacramento,Folsom-Cordova Unified,21621
cenroll1920.txt,2019_20,2019-20,34,67348,0000000,3467348,34673480000000,34673480000000,Sacramento,Galt Joint Union Elementary,3656
cenroll1920.txt,2019_20,2019-20,34,67355,0000000,3467355,34673550000000,34673550000000,Sacramento,Galt Joint Union High,2290
cenroll1920.txt,2019_20,2019-20,34,75283,0000000,3475283,34752830000000,34752830000000,Sacramento,Natomas Unified,16559
cenroll1920.txt,2019_20,2019-20,34,67413,0000000,3467413,34674130000000,34674130000000,Sacramento,River Delta Joint Unified,2592
cenroll1920.txt,2019_20,2019-20,34,67421,0000000,3467421,34674210000000,34674210000000,Sacramento,Robla Elementary,2733
cenroll1920.txt,2019_20,2019-20,34,67439,0000000,3467439,34674390000000,34674390000000,Sacramento,Sacramento City Unified,49112
cenroll1920.txt,2019_20,2019-20,34,10348,0000000,3410348,34103480000000,34103480000000,Sacramento,Sacramento County Office of Education,3587
cenroll1920.txt,2019_20,2019-20,34,67447,0000000,3467447,34674470000000,34674470000000,Sacramento,San Juan Unified,55448
cenroll1920.txt,2019_20,2019-20,34,76505,0000000,3476505,34765050000000,34765050000000,Sacramento,Twin Rivers Unified,36397
cenroll1920.txt,2019_20,2019-20,35,75259,0000000,3575259,35752590000000,35752590000000,San Benito,Aromas - San Juan Unified,1070
cenroll1920.txt,2019_20,2019-20,35,67454,0000000,3567454,35674540000000,35674540000000,San Benito,Bitterwater-Tully Elementary,41
cenroll1920.txt,2019_20,2019-20,35,67462,0000000,3567462,35674620000000,35674620000000,San Benito,Cienega Union Elementary,35
cenroll1920.txt,2019_20,2019-20,35,67470,0000000,3567470,35674700000000,35674700000000,San Benito,Hollister,6388
cenroll1920.txt,2019_20,2019-20,35,67488,0000000,3567488,35674880000000,35674880000000,San Benito,Jefferson Elementary,9
cenroll1920.txt,2019_20,2019-20,35,67504,0000000,3567504,35675040000000,35675040000000,San Benito,North County Joint Union Elementary,786
cenroll1920.txt,2019_20,2019-20,35,67520,0000000,3567520,35675200000000,35675200000000,San Benito,Panoche Elementary,6
cenroll1920.txt,2019_20,2019-20,35,10355,0000000,3510355,35103550000000,35103550000000,San Benito,San Benito County Office of Education,94
cenroll1920.txt,2019_20,2019-20,35,67538,0000000,3567538,35675380000000,35675380000000,San Benito,San Benito High,3315
cenroll1920.txt,2019_20,2019-20,35,67553,0000000,3567553,35675530000000,35675530000000,San Benito,Southside Elementary,225
cenroll1920.txt,2019_20,2019-20,35,67561,0000000,3567561,35675610000000,35675610000000,San Benito,Tres Pinos Union Elementary,94
cenroll1920.txt,2019_20,2019-20,35,67579,0000000,3567579,35675790000000,35675790000000,San Benito,Willow Grove Union Elementary,14
cenroll1920.txt,2019_20,2019-20,36,67587,0000000,3667587,36675870000000,36675870000000,San Bernardino,Adelanto Elementary,9578
cenroll1920.txt,2019_20,2019-20,36,67595,0000000,3667595,36675950000000,36675950000000,San Bernardino,Alta Loma Elementary,6275
cenroll1920.txt,2019_20,2019-20,36,75077,0000000,3675077,36750770000000,36750770000000,San Bernardino,Apple Valley Unified,15832
cenroll1920.txt,2019_20,2019-20,36,73858,0000000,3673858,36738580000000,36738580000000,San Bernardino,Baker Valley Unified,138
cenroll1920.txt,2019_20,2019-20,36,67611,0000000,3667611,36676110000000,36676110000000,San Bernardino,Barstow Unified,7177
cenroll1920.txt,2019_20,2019-20,36,67637,0000000,3667637,36676370000000,36676370000000,San Bernardino,Bear Valley Unified,2527
cenroll1920.txt,2019_20,2019-20,36,67645,0000000,3667645,36676450000000,36676450000000,San Bernardino,Central Elementary,4779
cenroll1920.txt,2019_20,2019-20,36,67652,0000000,3667652,36676520000000,36676520000000,San Bernardino,Chaffey Joint Union High,25073
cenroll1920.txt,2019_20,2019-20,36,67678,0000000,3667678,36676780000000,36676780000000,San Bernardino,Chino Valley Unified,29623
cenroll1920.txt,2019_20,2019-20,36,67686,0000000,3667686,36676860000000,36676860000000,San Bernardino,Colton Joint Unified,23659
cenroll1920.txt,2019_20,2019-20,36,67694,0000000,3667694,36676940000000,36676940000000,San Bernardino,Cucamonga Elementary,2666
cenroll1920.txt,2019_20,2019-20,36,67702,0000000,3667702,36677020000000,36677020000000,San Bernardino,Etiwanda Elementary,14663
cenroll1920.txt,2019_20,2019-20,36,67710,0000000,3667710,36677100000000,36677100000000,San Bernardino,Fontana Unified,38195
cenroll1920.txt,2019_20,2019-20,36,67736,0000000,3667736,36677360000000,36677360000000,San Bernardino,Helendale Elementary,7022
cenroll1920.txt,2019_20,2019-20,36,75044,0000000,3675044,36750440000000,36750440000000,San Bernardino,Hesperia Unified,27132
cenroll1920.txt,2019_20,2019-20,36,75051,0000000,3675051,36750510000000,36750510000000,San Bernardino,Lucerne Valley Unified,13306
cenroll1920.txt,2019_20,2019-20,36,67777,0000000,3667777,36677770000000,36677770000000,San Bernardino,Morongo Unified,9187
cenroll1920.txt,2019_20,2019-20,36,67785,0000000,3667785,36677850000000,36677850000000,San Bernardino,Mountain View Elementary,2745
cenroll1920.txt,2019_20,2019-20,36,67793,0000000,3667793,36677930000000,36677930000000,San Bernardino,Mt. Baldy Joint Elementary,110
cenroll1920.txt,2019_20,2019-20,36,67801,0000000,3667801,36678010000000,36678010000000,San Bernardino,Needles Unified,1139
cenroll1920.txt,2019_20,2019-20,36,67819,0000000,3667819,36678190000000,36678190000000,San Bernardino,Ontario-Montclair,21289
cenroll1920.txt,2019_20,2019-20,36,67827,0000000,3667827,36678270000000,36678270000000,San Bernardino,Oro Grande,6313
cenroll1920.txt,2019_20,2019-20,36,67843,0000000,3667843,36678430000000,36678430000000,San Bernardino,Redlands Unified,22077
cenroll1920.txt,2019_20,2019-20,36,67850,0000000,3667850,36678500000000,36678500000000,San Bernardino,Rialto Unified,26722
cenroll1920.txt,2019_20,2019-20,36,67868,0000000,3667868,36678680000000,36678680000000,San Bernardino,Rim of the World Unified,3331
cenroll1920.txt,2019_20,2019-20,36,67876,0000000,3667876,36678760000000,36678760000000,San Bernardino,San Bernardino City Unified,57926
cenroll1920.txt,2019_20,2019-20,36,10363,0000000,3610363,36103630000000,36103630000000,San Bernardino,San Bernardino County Office of Education,7351
cenroll1920.txt,2019_20,2019-20,36,73890,0000000,3673890,36738900000000,36738900000000,San Bernardino,Silver Valley Unified,2486
cenroll1920.txt,2019_20,2019-20,36,73957,0000000,3673957,36739570000000,36739570000000,San Bernardino,Snowline Joint Unified,8066
cenroll1920.txt,2019_20,2019-20,36,67892,0000000,3667892,36678920000000,36678920000000,San Bernardino,Trona Joint Unified,299
cenroll1920.txt,2019_20,2019-20,36,75069,0000000,3675069,36750690000000,36750690000000,San Bernardino,Upland Unified,11102
cenroll1920.txt,2019_20,2019-20,36,67918,0000000,3667918,36679180000000,36679180000000,San Bernardino,Victor Elementary,14182
cenroll1920.txt,2019_20,2019-20,36,67934,0000000,3667934,36679340000000,36679340000000,San Bernardino,Victor Valley Union High,13542
cenroll1920.txt,2019_20,2019-20,36,67959,0000000,3667959,36679590000000,36679590000000,San Bernardino,Yucaipa-Calimesa Joint Unified,10394
cenroll1920.txt,2019_20,2019-20,37,67967,0000000,3767967,37679670000000,37679670000000,San Diego,Alpine Union Elementary,1748
cenroll1920.txt,2019_20,2019-20,37,76851,0000000,3776851,37768510000000,37768510000000,San Diego,Bonsall Unified,2575
cenroll1920.txt,2019_20,2019-20,37,67983,0000000,3767983,37679830000000,37679830000000,San Diego,Borrego Springs Unified,4444
cenroll1920.txt,2019_20,2019-20,37,67991,0000000,3767991,37679910000000,37679910000000,San Diego,Cajon Valley Union,18375
cenroll1920.txt,2019_20,2019-20,37,68007,0000000,3768007,37680070000000,37680070000000,San Diego,Cardiff Elementary,682
cenroll1920.txt,2019_20,2019-20,37,73551,0000000,3773551,37735510000000,37735510000000,San Diego,Carlsbad Unified,11784
cenroll1920.txt,2019_20,2019-20,37,68023,0000000,3768023,37680230000000,37680230000000,San Diego,Chula Vista Elementary,31849
cenroll1920.txt,2019_20,2019-20,37,68031,0000000,3768031,37680310000000,37680310000000,San Diego,Coronado Unified,3212
cenroll1920.txt,2019_20,2019-20,37,68049,0000000,3768049,37680490000000,37680490000000,San Diego,Dehesa Elementary,11568
cenroll1920.txt,2019_20,2019-20,37,68056,0000000,3768056,37680560000000,37680560000000,San Diego,Del Mar Union Elementary,4351
cenroll1920.txt,2019_20,2019-20,37,68080,0000000,3768080,37680800000000,37680800000000,San Diego,Encinitas Union Elementary,5462
cenroll1920.txt,2019_20,2019-20,37,68098,0000000,3768098,37680980000000,37680980000000,San Diego,Escondido Union,18963
cenroll1920.txt,2019_20,2019-20,37,68106,0000000,3768106,37681060000000,37681060000000,San Diego,Escondido Union High,9935
cenroll1920.txt,2019_20,2019-20,37,68114,0000000,3768114,37681140000000,37681140000000,San Diego,Fallbrook Union Elementary,5619
cenroll1920.txt,2019_20,2019-20,37,68122,0000000,3768122,37681220000000,37681220000000,San Diego,Fallbrook Union High,2254
cenroll1920.txt,2019_20,2019-20,37,68130,0000000,3768130,37681300000000,37681300000000,San Diego,Grossmont Union High,22606
cenroll1920.txt,2019_20,2019-20,37,68155,0000000,3768155,37681550000000,37681550000000,San Diego,Jamul-Dulzura Union Elementary,829
cenroll1920.txt,2019_20,2019-20,37,68163,0000000,3768163,37681630000000,37681630000000,San Diego,Julian Union Elementary,2163
cenroll1920.txt,2019_20,2019-20,37,68171,0000000,3768171,37681710000000,37681710000000,San Diego,Julian Union High,122
cenroll1920.txt,2019_20,2019-20,37,68197,0000000,3768197,37681970000000,37681970000000,San Diego,La Mesa-Spring Valley,13313
cenroll1920.txt,2019_20,2019-20,37,68189,0000000,3768189,37681890000000,37681890000000,San Diego,Lakeside Union Elementary,5718
cenroll1920.txt,2019_20,2019-20,37,68205,0000000,3768205,37682050000000,37682050000000,San Diego,Lemon Grove,3646
cenroll1920.txt,2019_20,2019-20,37,68213,0000000,3768213,37682130000000,37682130000000,San Diego,Mountain Empire Unified,6004
cenroll1920.txt,2019_20,2019-20,37,68221,0000000,3768221,37682210000000,37682210000000,San Diego,National Elementary,5746
cenroll1920.txt,2019_20,2019-20,37,73569,0000000,3773569,37735690000000,37735690000000,San Diego,Oceanside Unified,21113
cenroll1920.txt,2019_20,2019-20,37,68296,0000000,3768296,37682960000000,37682960000000,San Diego,Poway Unified,37330
cenroll1920.txt,2019_20,2019-20,37,68304,0000000,3768304,37683040000000,37683040000000,San Diego,Ramona City Unified,5654
cenroll1920.txt,2019_20,2019-20,37,68312,0000000,3768312,37683120000000,37683120000000,San Diego,Rancho Santa Fe Elementary,580
cenroll1920.txt,2019_20,2019-20,37,10371,0000000,3710371,37103710000000,37103710000000,San Diego,San Diego County Office of Education,7848
cenroll1920.txt,2019_20,2019-20,37,68338,0000000,3768338,37683380000000,37683380000000,San Diego,San Diego Unified,129460
cenroll1920.txt,2019_20,2019-20,37,68346,0000000,3768346,37683460000000,37683460000000,San Diego,San Dieguito Union High,13441
cenroll1920.txt,2019_20,2019-20,37,73791,0000000,3773791,37737910000000,37737910000000,San Diego,San Marcos Unified,21609
cenroll1920.txt,2019_20,2019-20,37,68353,0000000,3768353,37683530000000,37683530000000,San Diego,San Pasqual Union Elementary,585
cenroll1920.txt,2019_20,2019-20,37,68379,0000000,3768379,37683790000000,37683790000000,San Diego,San Ysidro Elementary,4811
cenroll1920.txt,2019_20,2019-20,37,68361,0000000,3768361,37683610000000,37683610000000,San Diego,Santee,7181
cenroll1920.txt,2019_20,2019-20,37,76471,0000000,3776471,37764710000000,37764710000000,San Diego,SBC - High Tech High,3118
cenroll1920.txt,2019_20,2019-20,37,77032,0000000,3777032,37770320000000,37770320000000,San Diego,SBE - Audeo Charter II,745
cenroll1920.txt,2019_20,2019-20,37,77172,0000000,3777172,37771720000000,37771720000000,San Diego,SBE - Baypoint Preparatory Academy San Diego,183
cenroll1920.txt,2019_20,2019-20,37,77164,0000000,3777164,37771640000000,37771640000000,San Diego,SBE - College Preparatory Middle,405
cenroll1920.txt,2019_20,2019-20,37,77099,0000000,3777099,37770990000000,37770990000000,San Diego,SBE - Grossmont Secondary,669
cenroll1920.txt,2019_20,2019-20,37,77107,0000000,3777107,37771070000000,37771070000000,San Diego,SBE - Sweetwater Secondary,517
cenroll1920.txt,2019_20,2019-20,37,77156,0000000,3777156,37771560000000,37771560000000,San Diego,SBE - Vista Springs Charter,255
cenroll1920.txt,2019_20,2019-20,37,68387,0000000,3768387,37683870000000,37683870000000,San Diego,Solana Beach Elementary,3166
cenroll1920.txt,2019_20,2019-20,37,68395,0000000,3768395,37683950000000,37683950000000,San Diego,South Bay Union,7403
cenroll1920.txt,2019_20,2019-20,37,68403,0000000,3768403,37684030000000,37684030000000,San Diego,Spencer Valley Elementary,3751
cenroll1920.txt,2019_20,2019-20,37,68411,0000000,3768411,37684110000000,37684110000000,San Diego,Sweetwater Union High,41887
cenroll1920.txt,2019_20,2019-20,37,68437,0000000,3768437,37684370000000,37684370000000,San Diego,Vallecitos Elementary,214
cenroll1920.txt,2019_20,2019-20,37,75614,0000000,3775614,37756140000000,37756140000000,San Diego,Valley Center-Pauma Unified,4114
cenroll1920.txt,2019_20,2019-20,37,68452,0000000,3768452,37684520000000,37684520000000,San Diego,Vista Unified,26023
cenroll1920.txt,2019_20,2019-20,37,75416,0000000,3775416,37754160000000,37754160000000,San Diego,Warner Unified,2790
cenroll1920.txt,2019_20,2019-20,38,10389,0000000,3810389,38103890000000,38103890000000,San Francisco,San Francisco County Office of Education,670
cenroll1920.txt,2019_20,2019-20,38,68478,0000000,3868478,38684780000000,38684780000000,San Francisco,San Francisco Unified,71506
cenroll1920.txt,2019_20,2019-20,38,77131,0000000,3877131,38771310000000,38771310000000,San Francisco,SBE - KIPP Bayview Elementary,117
cenroll1920.txt,2019_20,2019-20,38,77230,0000000,3877230,38772300000000,38772300000000,San Francisco,SBE - Mary L. Booker Leadership Academy,62
cenroll1920.txt,2019_20,2019-20,38,76919,0000000,3876919,38769190000000,38769190000000,San Francisco,SBE - OnePurpose,109
cenroll1920.txt,2019_20,2019-20,38,76927,0000000,3876927,38769270000000,38769270000000,San Francisco,SBE - The New School of San Francisco,290
cenroll1920.txt,2019_20,2019-20,39,68486,0000000,3968486,39684860000000,39684860000000,San Joaquin,Banta Elementary,920
cenroll1920.txt,2019_20,2019-20,39,68502,0000000,3968502,39685020000000,39685020000000,San Joaquin,Escalon Unified,3156
cenroll1920.txt,2019_20,2019-20,39,68544,0000000,3968544,39685440000000,39685440000000,San Joaquin,Jefferson Elementary,2391
cenroll1920.txt,2019_20,2019-20,39,76760,0000000,3976760,39767600000000,39767600000000,San Joaquin,Lammersville Joint Unified,6315
cenroll1920.txt,2019_20,2019-20,39,68569,0000000,3968569,39685690000000,39685690000000,San Joaquin,Lincoln Unified,9910
cenroll1920.txt,2019_20,2019-20,39,68577,0000000,3968577,39685770000000,39685770000000,San Joaquin,Linden Unified,2446
cenroll1920.txt,2019_20,2019-20,39,68585,0000000,3968585,39685850000000,39685850000000,San Joaquin,Lodi Unified,33029
cenroll1920.txt,2019_20,2019-20,39,68593,0000000,3968593,39685930000000,39685930000000,San Joaquin,Manteca Unified,25200
cenroll1920.txt,2019_20,2019-20,39,68619,0000000,3968619,39686190000000,39686190000000,San Joaquin,New Hope Elementary,199
cenroll1920.txt,2019_20,2019-20,39,68627,0000000,3968627,39686270000000,39686270000000,San Joaquin,New Jerusalem Elementary,6767
cenroll1920.txt,2019_20,2019-20,39,68635,0000000,3968635,39686350000000,39686350000000,San Joaquin,Oak View Union Elementary,407
cenroll1920.txt,2019_20,2019-20,39,68650,0000000,3968650,39686500000000,39686500000000,San Joaquin,Ripon Unified,5422
cenroll1920.txt,2019_20,2019-20,39,10397,0000000,3910397,39103970000000,39103970000000,San Joaquin,San Joaquin County Office of Education,6963
cenroll1920.txt,2019_20,2019-20,39,68676,0000000,3968676,39686760000000,39686760000000,San Joaquin,Stockton Unified,44141
cenroll1920.txt,2019_20,2019-20,39,75499,0000000,3975499,39754990000000,39754990000000,San Joaquin,Tracy Joint Unified,16750
cenroll1920.txt,2019_20,2019-20,40,68700,0000000,4068700,40687000000000,40687000000000,San Luis Obispo,Atascadero Unified,4816
cenroll1920.txt,2019_20,2019-20,40,68726,0000000,4068726,40687260000000,40687260000000,San Luis Obispo,Cayucos Elementary,194
cenroll1920.txt,2019_20,2019-20,40,75465,0000000,4075465,40754650000000,40754650000000,San Luis Obispo,Coast Unified,601
cenroll1920.txt,2019_20,2019-20,40,68759,0000000,4068759,40687590000000,40687590000000,San Luis Obispo,Lucia Mar Unified,10633
cenroll1920.txt,2019_20,2019-20,40,75457,0000000,4075457,40754570000000,40754570000000,San Luis Obispo,Paso Robles Joint Unified,7125
cenroll1920.txt,2019_20,2019-20,40,68791,0000000,4068791,40687910000000,40687910000000,San Luis Obispo,Pleasant Valley Joint Union Elementary,63
cenroll1920.txt,2019_20,2019-20,40,68809,0000000,4068809,40688090000000,40688090000000,San Luis Obispo,San Luis Coastal Unified,8032
cenroll1920.txt,2019_20,2019-20,40,10405,0000000,4010405,40104050000000,40104050000000,San Luis Obispo,San Luis Obispo County Office of Education,782
cenroll1920.txt,2019_20,2019-20,40,68825,0000000,4068825,40688250000000,40688250000000,San Luis Obispo,San Miguel Joint Union,943
cenroll1920.txt,2019_20,2019-20,40,68833,0000000,4068833,40688330000000,40688330000000,San Luis Obispo,Shandon Joint Unified,310
cenroll1920.txt,2019_20,2019-20,40,68841,0000000,4068841,40688410000000,40688410000000,San Luis Obispo,Templeton Unified,2493
cenroll1920.txt,2019_20,2019-20,41,68858,0000000,4168858,41688580000000,41688580000000,San Mateo,Bayshore Elementary,408
cenroll1920.txt,2019_20,2019-20,41,68866,0000000,4168866,41688660000000,41688660000000,San Mateo,Belmont-Redwood Shores Elementary,4415
cenroll1920.txt,2019_20,2019-20,41,68874,0000000,4168874,41688740000000,41688740000000,San Mateo,Brisbane Elementary,493
cenroll1920.txt,2019_20,2019-20,41,68882,0000000,4168882,41688820000000,41688820000000,San Mateo,Burlingame Elementary,3628
cenroll1920.txt,2019_20,2019-20,41,68890,0000000,4168890,41688900000000,41688900000000,San Mateo,Cabrillo Unified,3182
cenroll1920.txt,2019_20,2019-20,41,68908,0000000,4168908,41689080000000,41689080000000,San Mateo,Hillsborough City Elementary,1314
cenroll1920.txt,2019_20,2019-20,41,68916,0000000,4168916,41689160000000,41689160000000,San Mateo,Jefferson Elementary,7192
cenroll1920.txt,2019_20,2019-20,41,68924,0000000,4168924,41689240000000,41689240000000,San Mateo,Jefferson Union High,4967
cenroll1920.txt,2019_20,2019-20,41,68940,0000000,4168940,41689400000000,41689400000000,San Mateo,La Honda-Pescadero Unified,320
cenroll1920.txt,2019_20,2019-20,41,68957,0000000,4168957,41689570000000,41689570000000,San Mateo,Las Lomitas Elementary,1244
cenroll1920.txt,2019_20,2019-20,41,68965,0000000,4168965,41689650000000,41689650000000,San Mateo,Menlo Park City Elementary,2968
cenroll1920.txt,2019_20,2019-20,41,68973,0000000,4168973,41689730000000,41689730000000,San Mateo,Millbrae Elementary,2415
cenroll1920.txt,2019_20,2019-20,41,68932,0000000,4168932,41689320000000,41689320000000,San Mateo,Pacifica,3183
cenroll1920.txt,2019_20,2019-20,41,68981,0000000,4168981,41689810000000,41689810000000,San Mateo,Portola Valley Elementary,558
cenroll1920.txt,2019_20,2019-20,41,68999,0000000,4168999,41689990000000,41689990000000,San Mateo,Ravenswood City Elementary,3453
cenroll1920.txt,2019_20,2019-20,41,69005,0000000,4169005,41690050000000,41690050000000,San Mateo,Redwood City Elementary,8752
cenroll1920.txt,2019_20,2019-20,41,69013,0000000,4169013,41690130000000,41690130000000,San Mateo,San Bruno Park Elementary,2515
cenroll1920.txt,2019_20,2019-20,41,69021,0000000,4169021,41690210000000,41690210000000,San Mateo,San Carlos Elementary,3457
cenroll1920.txt,2019_20,2019-20,41,10413,0000000,4110413,41104130000000,41104130000000,San Mateo,San Mateo County Office of Education,562
cenroll1920.txt,2019_20,2019-20,41,69047,0000000,4169047,41690470000000,41690470000000,San Mateo,San Mateo Union High,10042
cenroll1920.txt,2019_20,2019-20,41,69039,0000000,4169039,41690390000000,41690390000000,San Mateo,San Mateo-Foster City,11950
cenroll1920.txt,2019_20,2019-20,41,69062,0000000,4169062,41690620000000,41690620000000,San Mateo,Sequoia Union High,10561
cenroll1920.txt,2019_20,2019-20,41,69070,0000000,4169070,41690700000000,41690700000000,San Mateo,South San Francisco Unified,8643
cenroll1920.txt,2019_20,2019-20,41,69088,0000000,4169088,41690880000000,41690880000000,San Mateo,Woodside Elementary,386
cenroll1920.txt,2019_20,2019-20,42,69104,0000000,4269104,42691040000000,42691040000000,Santa Barbara,Ballard Elementary,146
cenroll1920.txt,2019_20,2019-20,42,69112,0000000,4269112,42691120000000,42691120000000,Santa Barbara,Blochman Union Elementary,1522
cenroll1920.txt,2019_20,2019-20,42,69138,0000000,4269138,42691380000000,42691380000000,Santa Barbara,Buellton Union Elementary,668
cenroll1920.txt,2019_20,2019-20,42,69146,0000000,4269146,42691460000000,42691460000000,Santa Barbara,Carpinteria Unified,2216
cenroll1920.txt,2019_20,2019-20,42,69161,0000000,4269161,42691610000000,42691610000000,Santa Barbara,Cold Spring Elementary,171
cenroll1920.txt,2019_20,2019-20,42,69179,0000000,4269179,42691790000000,42691790000000,Santa Barbara,College Elementary,397
cenroll1920.txt,2019_20,2019-20,42,75010,0000000,4275010,42750100000000,42750100000000,Santa Barbara,Cuyama Joint Unified,307
cenroll1920.txt,2019_20,2019-20,42,69195,0000000,4269195,42691950000000,42691950000000,Santa Barbara,Goleta Union Elementary,3743
cenroll1920.txt,2019_20,2019-20,42,69203,0000000,4269203,42692030000000,42692030000000,Santa Barbara,Guadalupe Union Elementary,1339
cenroll1920.txt,2019_20,2019-20,42,69211,0000000,4269211,42692110000000,42692110000000,Santa Barbara,Hope Elementary,968
cenroll1920.txt,2019_20,2019-20,42,69229,0000000,4269229,42692290000000,42692290000000,Santa Barbara,Lompoc Unified,10553
cenroll1920.txt,2019_20,2019-20,42,69245,0000000,4269245,42692450000000,42692450000000,Santa Barbara,Los Olivos Elementary,150
cenroll1920.txt,2019_20,2019-20,42,69252,0000000,4269252,42692520000000,42692520000000,Santa Barbara,Montecito Union Elementary,392
cenroll1920.txt,2019_20,2019-20,42,69260,0000000,4269260,42692600000000,42692600000000,Santa Barbara,Orcutt Union Elementary,5272
cenroll1920.txt,2019_20,2019-20,42,10421,0000000,4210421,42104210000000,42104210000000,Santa Barbara,Santa Barbara County Office of Education,361
cenroll1920.txt,2019_20,2019-20,42,76786,0000000,4276786,42767860000000,42767860000000,Santa Barbara,Santa Barbara Unified,14870
cenroll1920.txt,2019_20,2019-20,42,69310,0000000,4269310,42693100000000,42693100000000,Santa Barbara,Santa Maria Joint Union High,8985
cenroll1920.txt,2019_20,2019-20,42,69120,0000000,4269120,42691200000000,42691200000000,Santa Barbara,Santa Maria-Bonita,17426
cenroll1920.txt,2019_20,2019-20,42,69328,0000000,4269328,42693280000000,42693280000000,Santa Barbara,Santa Ynez Valley Union High,925
cenroll1920.txt,2019_20,2019-20,42,76950,0000000,4276950,42769500000000,42769500000000,Santa Barbara,SBE - Olive Grove Charter,37
cenroll1920.txt,2019_20,2019-20,42,77214,0000000,4277214,42772140000000,42772140000000,Santa Barbara,SBE - Olive Grove Charter - Buellton,90
cenroll1920.txt,2019_20,2019-20,42,77206,0000000,4277206,42772060000000,42772060000000,Santa Barbara,SBE - Olive Grove Charter - Lompoc,225
cenroll1920.txt,2019_20,2019-20,42,77198,0000000,4277198,42771980000000,42771980000000,Santa Barbara,SBE - Olive Grove Charter - Orcutt/Santa Maria,429
cenroll1920.txt,2019_20,2019-20,42,77222,0000000,4277222,42772220000000,42772220000000,Santa Barbara,SBE - Olive Grove Charter - Santa Barbara,266
cenroll1920.txt,2019_20,2019-20,42,69336,0000000,4269336,42693360000000,42693360000000,Santa Barbara,Solvang Elementary,662
cenroll1920.txt,2019_20,2019-20,42,69344,0000000,4269344,42693440000000,42693440000000,Santa Barbara,Vista del Mar Union,28
cenroll1920.txt,2019_20,2019-20,43,69369,0000000,4369369,43693690000000,43693690000000,Santa Clara,Alum Rock Union Elementary,11030
cenroll1920.txt,2019_20,2019-20,43,69377,0000000,4369377,43693770000000,43693770000000,Santa Clara,Berryessa Union Elementary,7070
cenroll1920.txt,2019_20,2019-20,43,69385,0000000,4369385,43693850000000,43693850000000,Santa Clara,Cambrian,3436
cenroll1920.txt,2019_20,2019-20,43,69393,0000000,4369393,43693930000000,43693930000000,Santa Clara,Campbell Union,7259
cenroll1920.txt,2019_20,2019-20,43,69401,0000000,4369401,43694010000000,43694010000000,Santa Clara,Campbell Union High,8848
cenroll1920.txt,2019_20,2019-20,43,69419,0000000,4369419,43694190000000,43694190000000,Santa Clara,Cupertino Union,17449
cenroll1920.txt,2019_20,2019-20,43,69427,0000000,4369427,43694270000000,43694270000000,Santa Clara,East Side Union High,28247
cenroll1920.txt,2019_20,2019-20,43,69435,0000000,4369435,43694350000000,43694350000000,Santa Clara,Evergreen Elementary,10741
cenroll1920.txt,2019_20,2019-20,43,69450,0000000,4369450,43694500000000,43694500000000,Santa Clara,Franklin-McKinley Elementary,10247
cenroll1920.txt,2019_20,2019-20,43,69468,0000000,4369468,43694680000000,43694680000000,Santa Clara,Fremont Union High,11252
cenroll1920.txt,2019_20,2019-20,43,69484,0000000,4369484,43694840000000,43694840000000,Santa Clara,Gilroy Unified,12252
cenroll1920.txt,2019_20,2019-20,43,69492,0000000,4369492,43694920000000,43694920000000,Santa Clara,Lakeside Joint,81
cenroll1920.txt,2019_20,2019-20,43,69500,0000000,4369500,43695000000000,43695000000000,Santa Clara,Loma Prieta Joint Union Elementary,497
cenroll1920.txt,2019_20,2019-20,43,69518,0000000,4369518,43695180000000,43695180000000,Santa Clara,Los Altos Elementary,4136
cenroll1920.txt,2019_20,2019-20,43,69526,0000000,4369526,43695260000000,43695260000000,Santa Clara,Los Gatos Union Elementary,3065
cenroll1920.txt,2019_20,2019-20,43,69534,0000000,4369534,43695340000000,43695340000000,Santa Clara,Los Gatos-Saratoga Union High,3584
cenroll1920.txt,2019_20,2019-20,43,69542,0000000,4369542,43695420000000,43695420000000,Santa Clara,Luther Burbank,533
cenroll1920.txt,2019_20,2019-20,43,73387,0000000,4373387,43733870000000,43733870000000,Santa Clara,Milpitas Unified,10684
cenroll1920.txt,2019_20,2019-20,43,69575,0000000,4369575,43695750000000,43695750000000,Santa Clara,Moreland,4842
cenroll1920.txt,2019_20,2019-20,43,69583,0000000,4369583,43695830000000,43695830000000,Santa Clara,Morgan Hill Unified,9459
cenroll1920.txt,2019_20,2019-20,43,69617,0000000,4369617,43696170000000,43696170000000,Santa Clara,Mount Pleasant Elementary,2185
cenroll1920.txt,2019_20,2019-20,43,69591,0000000,4369591,43695910000000,43695910000000,Santa Clara,Mountain View Whisman,5276
cenroll1920.txt,2019_20,2019-20,43,69609,0000000,4369609,43696090000000,43696090000000,Santa Clara,Mountain View-Los Altos Union High,4670
cenroll1920.txt,2019_20,2019-20,43,69625,0000000,4369625,43696250000000,43696250000000,Santa Clara,Oak Grove Elementary,10239
cenroll1920.txt,2019_20,2019-20,43,69633,0000000,4369633,43696330000000,43696330000000,Santa Clara,Orchard Elementary,921
cenroll1920.txt,2019_20,2019-20,43,69641,0000000,4369641,43696410000000,43696410000000,Santa Clara,Palo Alto Unified,12023
cenroll1920.txt,2019_20,2019-20,43,69666,0000000,4369666,43696660000000,43696660000000,Santa Clara,San Jose Unified,31330
cenroll1920.txt,2019_20,2019-20,43,10439,0000000,4310439,43104390000000,43104390000000,Santa Clara,Santa Clara County Office of Education,13233
cenroll1920.txt,2019_20,2019-20,43,69674,0000000,4369674,43696740000000,43696740000000,Santa Clara,Santa Clara Unified,15911
cenroll1920.txt,2019_20,2019-20,43,69682,0000000,4369682,43696820000000,43696820000000,Santa Clara,Saratoga Union Elementary,1764
cenroll1920.txt,2019_20,2019-20,43,77149,0000000,4377149,43771490000000,43771490000000,Santa Clara,SBE - KIPP Navigate College Prep,173
cenroll1920.txt,2019_20,2019-20,43,77115,0000000,4377115,43771150000000,43771150000000,Santa Clara,SBE - Perseverance Preparatory,37
cenroll1920.txt,2019_20,2019-20,43,69690,0000000,4369690,43696900000000,43696900000000,Santa Clara,Sunnyvale,6641
cenroll1920.txt,2019_20,2019-20,43,69708,0000000,4369708,43697080000000,43697080000000,Santa Clara,Union Elementary,6051
cenroll1920.txt,2019_20,2019-20,44,69732,0000000,4469732,44697320000000,44697320000000,Santa Cruz,Bonny Doon Union Elementary,145
cenroll1920.txt,2019_20,2019-20,44,69757,0000000,4469757,44697570000000,44697570000000,Santa Cruz,Happy Valley Elementary,119
cenroll1920.txt,2019_20,2019-20,44,69765,0000000,4469765,44697650000000,44697650000000,Santa Cruz,Live Oak Elementary,1885
cenroll1920.txt,2019_20,2019-20,44,69773,0000000,4469773,44697730000000,44697730000000,Santa Cruz,Mountain Elementary,154
cenroll1920.txt,2019_20,2019-20,44,69781,0000000,4469781,44697810000000,44697810000000,Santa Cruz,Pacific Elementary,121
cenroll1920.txt,2019_20,2019-20,44,69799,0000000,4469799,44697990000000,44697990000000,Santa Cruz,Pajaro Valley Unified,20372
cenroll1920.txt,2019_20,2019-20,44,69807,0000000,4469807,44698070000000,44698070000000,Santa Cruz,San Lorenzo Valley Unified,5760
cenroll1920.txt,2019_20,2019-20,44,69815,0000000,4469815,44698150000000,44698150000000,Santa Cruz,Santa Cruz City Elementary,2023
cenroll1920.txt,2019_20,2019-20,44,69823,0000000,4469823,44698230000000,44698230000000,Santa Cruz,Santa Cruz City High,4731
cenroll1920.txt,2019_20,2019-20,44,10447,0000000,4410447,44104470000000,44104470000000,Santa Cruz,Santa Cruz County Office of Education,2120
cenroll1920.txt,2019_20,2019-20,44,77248,0000000,4477248,44772480000000,44772480000000,Santa Cruz,SBE - Watsonville Prep,198
cenroll1920.txt,2019_20,2019-20,44,75432,0000000,4475432,44754320000000,44754320000000,Santa Cruz,Scotts Valley Unified,2928
cenroll1920.txt,2019_20,2019-20,44,69849,0000000,4469849,44698490000000,44698490000000,Santa Cruz,Soquel Union Elementary,1948
cenroll1920.txt,2019_20,2019-20,45,69856,0000000,4569856,45698560000000,45698560000000,Shasta,Anderson Union High,1784
cenroll1920.txt,2019_20,2019-20,45,69872,0000000,4569872,45698720000000,45698720000000,Shasta,Bella Vista Elementary,369
cenroll1920.txt,2019_20,2019-20,45,69880,0000000,4569880,45698800000000,45698800000000,Shasta,Black Butte Union Elementary,262
cenroll1920.txt,2019_20,2019-20,45,69914,0000000,4569914,45699140000000,45699140000000,Shasta,Cascade Union Elementary,1473
cenroll1920.txt,2019_20,2019-20,45,69922,0000000,4569922,45699220000000,45699220000000,Shasta,Castle Rock Union Elementary,68
cenroll1920.txt,2019_20,2019-20,45,69948,0000000,4569948,45699480000000,45699480000000,Shasta,Columbia Elementary,1546
cenroll1920.txt,2019_20,2019-20,45,69955,0000000,4569955,45699550000000,45699550000000,Shasta,Cottonwood Union Elementary,1234
cenroll1920.txt,2019_20,2019-20,45,69971,0000000,4569971,45699710000000,45699710000000,Shasta,Enterprise Elementary,4133
cenroll1920.txt,2019_20,2019-20,45,69989,0000000,4569989,45699890000000,45699890000000,Shasta,Fall River Joint Unified,1264
cenroll1920.txt,2019_20,2019-20,45,69997,0000000,4569997,45699970000000,45699970000000,Shasta,French Gulch-Whiskeytown Elementary,27
cenroll1920.txt,2019_20,2019-20,45,75267,0000000,4575267,45752670000000,45752670000000,Shasta,Gateway Unified,2670
cenroll1920.txt,2019_20,2019-20,45,70003,0000000,4570003,45700030000000,45700030000000,Shasta,Grant Elementary,643
cenroll1920.txt,2019_20,2019-20,45,70011,0000000,4570011,45700110000000,45700110000000,Shasta,Happy Valley Union Elementary,563
cenroll1920.txt,2019_20,2019-20,45,70029,0000000,4570029,45700290000000,45700290000000,Shasta,"Igo, Ono, Platina Union Elementary",45
cenroll1920.txt,2019_20,2019-20,45,70037,0000000,4570037,45700370000000,45700370000000,Shasta,Indian Springs Elementary,20
cenroll1920.txt,2019_20,2019-20,45,70045,0000000,4570045,45700450000000,45700450000000,Shasta,Junction Elementary,350
cenroll1920.txt,2019_20,2019-20,45,70052,0000000,4570052,45700520000000,45700520000000,Shasta,Millville Elementary,286
cenroll1920.txt,2019_20,2019-20,45,73700,0000000,4573700,45737000000000,45737000000000,Shasta,Mountain Union Elementary,88
cenroll1920.txt,2019_20,2019-20,45,70078,0000000,4570078,45700780000000,45700780000000,Shasta,North Cow Creek Elementary,273
cenroll1920.txt,2019_20,2019-20,45,70086,0000000,4570086,45700860000000,45700860000000,Shasta,Oak Run Elementary,61
cenroll1920.txt,2019_20,2019-20,45,70094,0000000,4570094,45700940000000,45700940000000,Shasta,Pacheco Union Elementary,727
cenroll1920.txt,2019_20,2019-20,45,70110,0000000,4570110,45701100000000,45701100000000,Shasta,Redding Elementary,3535
cenroll1920.txt,2019_20,2019-20,45,10454,0000000,4510454,45104540000000,45104540000000,Shasta,Shasta County Office of Education,1087
cenroll1920.txt,2019_20,2019-20,45,70128,0000000,4570128,45701280000000,45701280000000,Shasta,Shasta Union Elementary,156
cenroll1920.txt,2019_20,2019-20,45,70136,0000000,4570136,45701360000000,45701360000000,Shasta,Shasta Union High,5852
cenroll1920.txt,2019_20,2019-20,45,70169,0000000,4570169,45701690000000,45701690000000,Shasta,Whitmore Union Elementary,852
cenroll1920.txt,2019_20,2019-20,46,70177,0000000,4670177,46701770000000,46701770000000,Sierra,Sierra-Plumas Joint Unified,443
cenroll1920.txt,2019_20,2019-20,47,70185,0000000,4770185,47701850000000,47701850000000,Siskiyou,Big Springs Union Elementary,209
cenroll1920.txt,2019_20,2019-20,47,70193,0000000,4770193,47701930000000,47701930000000,Siskiyou,Bogus Elementary,17
cenroll1920.txt,2019_20,2019-20,47,73684,0000000,4773684,47736840000000,47736840000000,Siskiyou,Butte Valley Unified,314
cenroll1920.txt,2019_20,2019-20,47,70201,0000000,4770201,47702010000000,47702010000000,Siskiyou,Butteville Union Elementary,198
cenroll1920.txt,2019_20,2019-20,47,70227,0000000,4770227,47702270000000,47702270000000,Siskiyou,Delphic Elementary,71
cenroll1920.txt,2019_20,2019-20,47,70243,0000000,4770243,47702430000000,47702430000000,Siskiyou,Dunsmuir Elementary,103
cenroll1920.txt,2019_20,2019-20,47,70250,0000000,4770250,47702500000000,47702500000000,Siskiyou,Dunsmuir Joint Union High,70
cenroll1920.txt,2019_20,2019-20,47,70292,0000000,4770292,47702920000000,47702920000000,Siskiyou,Forks of Salmon Elementary,9
cenroll1920.txt,2019_20,2019-20,47,70318,0000000,4770318,47703180000000,47703180000000,Siskiyou,Gazelle Union Elementary,44
cenroll1920.txt,2019_20,2019-20,47,70326,0000000,4770326,47703260000000,47703260000000,Siskiyou,Grenada Elementary,228
cenroll1920.txt,2019_20,2019-20,47,70334,0000000,4770334,47703340000000,47703340000000,Siskiyou,Happy Camp Union Elementary,146
cenroll1920.txt,2019_20,2019-20,47,70359,0000000,4770359,47703590000000,47703590000000,Siskiyou,Hornbrook Elementary,64
cenroll1920.txt,2019_20,2019-20,47,70367,0000000,4770367,47703670000000,47703670000000,Siskiyou,Junction Elementary,22
cenroll1920.txt,2019_20,2019-20,47,70375,0000000,4770375,47703750000000,47703750000000,Siskiyou,Klamath River Union Elementary,13
cenroll1920.txt,2019_20,2019-20,47,70383,0000000,4770383,47703830000000,47703830000000,Siskiyou,Little Shasta Elementary,25
cenroll1920.txt,2019_20,2019-20,47,70409,0000000,4770409,47704090000000,47704090000000,Siskiyou,McCloud Union Elementary,60
cenroll1920.txt,2019_20,2019-20,47,70417,0000000,4770417,47704170000000,47704170000000,Siskiyou,Montague Elementary,188
cenroll1920.txt,2019_20,2019-20,47,70425,0000000,4770425,47704250000000,47704250000000,Siskiyou,Mt. Shasta Union Elementary,573
cenroll1920.txt,2019_20,2019-20,47,76455,0000000,4776455,47764550000000,47764550000000,Siskiyou,Scott Valley Unified,725
cenroll1920.txt,2019_20,2019-20,47,70458,0000000,4770458,47704580000000,47704580000000,Siskiyou,Seiad Elementary,11
cenroll1920.txt,2019_20,2019-20,47,10470,0000000,4710470,47104700000000,47104700000000,Siskiyou,Siskiyou County Office of Education,893
cenroll1920.txt,2019_20,2019-20,47,70466,0000000,4770466,47704660000000,47704660000000,Siskiyou,Siskiyou Union High,581
cenroll1920.txt,2019_20,2019-20,47,70482,0000000,4770482,47704820000000,47704820000000,Siskiyou,Weed Union Elementary,312
cenroll1920.txt,2019_20,2019-20,47,70490,0000000,4770490,47704900000000,47704900000000,Siskiyou,Willow Creek Elementary,37
cenroll1920.txt,2019_20,2019-20,47,70508,0000000,4770508,47705080000000,47705080000000,Siskiyou,Yreka Union Elementary,1079
cenroll1920.txt,2019_20,2019-20,47,70516,0000000,4770516,47705160000000,47705160000000,Siskiyou,Yreka Union High,699
cenroll1920.txt,2019_20,2019-20,48,70524,0000000,4870524,48705240000000,48705240000000,Solano,Benicia Unified,4748
cenroll1920.txt,2019_20,2019-20,48,70532,0000000,4870532,48705320000000,48705320000000,Solano,Dixon Unified,3651
cenroll1920.txt,2019_20,2019-20,48,70540,0000000,4870540,48705400000000,48705400000000,Solano,Fairfield-Suisun Unified,22108
cenroll1920.txt,2019_20,2019-20,48,10488,0000000,4810488,48104880000000,48104880000000,Solano,Solano County Office of Education,1195
cenroll1920.txt,2019_20,2019-20,48,70565,0000000,4870565,48705650000000,48705650000000,Solano,Travis Unified,5776
cenroll1920.txt,2019_20,2019-20,48,70573,0000000,4870573,48705730000000,48705730000000,Solano,Vacaville Unified,14028
cenroll1920.txt,2019_20,2019-20,48,70581,0000000,4870581,48705810000000,48705810000000,Solano,Vallejo City Unified,14576
cenroll1920.txt,2019_20,2019-20,49,70599,0000000,4970599,49705990000000,49705990000000,Sonoma,Alexander Valley Union Elementary,115
cenroll1920.txt,2019_20,2019-20,49,70615,0000000,4970615,49706150000000,49706150000000,Sonoma,Bellevue Union,1701
cenroll1920.txt,2019_20,2019-20,49,70623,0000000,4970623,49706230000000,49706230000000,Sonoma,Bennett Valley Union Elementary,1038
cenroll1920.txt,2019_20,2019-20,49,70649,0000000,4970649,49706490000000,49706490000000,Sonoma,Cinnabar Elementary,274
cenroll1920.txt,2019_20,2019-20,49,70656,0000000,4970656,49706560000000,49706560000000,Sonoma,Cloverdale Unified,1470
cenroll1920.txt,2019_20,2019-20,49,73882,0000000,4973882,49738820000000,49738820000000,Sonoma,Cotati-Rohnert Park Unified,6381
cenroll1920.txt,2019_20,2019-20,49,70672,0000000,4970672,49706720000000,49706720000000,Sonoma,Dunham Elementary,181
cenroll1920.txt,2019_20,2019-20,49,70680,0000000,4970680,49706800000000,49706800000000,Sonoma,Forestville Union Elementary,307
cenroll1920.txt,2019_20,2019-20,49,70698,0000000,4970698,49706980000000,49706980000000,Sonoma,Fort Ross Elementary,19
cenroll1920.txt,2019_20,2019-20,49,70706,0000000,4970706,49707060000000,49707060000000,Sonoma,Geyserville Unified,235
cenroll1920.txt,2019_20,2019-20,49,70714,0000000,4970714,49707140000000,49707140000000,Sonoma,Gravenstein Union Elementary,799
cenroll1920.txt,2019_20,2019-20,49,70722,0000000,4970722,49707220000000,49707220000000,Sonoma,Guerneville Elementary,574
cenroll1920.txt,2019_20,2019-20,49,70730,0000000,4970730,49707300000000,49707300000000,Sonoma,Harmony Union Elementary,729
cenroll1920.txt,2019_20,2019-20,49,75390,0000000,4975390,49753900000000,49753900000000,Sonoma,Healdsburg Unified,1444
cenroll1920.txt,2019_20,2019-20,49,70763,0000000,4970763,49707630000000,49707630000000,Sonoma,Horicon Elementary,66
cenroll1920.txt,2019_20,2019-20,49,70888,0000000,4970888,49708880000000,49708880000000,Sonoma,Kashia Elementary,15
cenroll1920.txt,2019_20,2019-20,49,70789,0000000,4970789,49707890000000,49707890000000,Sonoma,Kenwood,149
cenroll1920.txt,2019_20,2019-20,49,70797,0000000,4970797,49707970000000,49707970000000,Sonoma,Liberty Elementary,1352
cenroll1920.txt,2019_20,2019-20,49,70805,0000000,4970805,49708050000000,49708050000000,Sonoma,Mark West Union Elementary,1471
cenroll1920.txt,2019_20,2019-20,49,70813,0000000,4970813,49708130000000,49708130000000,Sonoma,Monte Rio Union Elementary,84
cenroll1920.txt,2019_20,2019-20,49,70821,0000000,4970821,49708210000000,49708210000000,Sonoma,Montgomery Elementary,35
cenroll1920.txt,2019_20,2019-20,49,70839,0000000,4970839,49708390000000,49708390000000,Sonoma,Oak Grove Union Elementary,1487
cenroll1920.txt,2019_20,2019-20,49,70847,0000000,4970847,49708470000000,49708470000000,Sonoma,Old Adobe Union,2195
cenroll1920.txt,2019_20,2019-20,49,70854,0000000,4970854,49708540000000,49708540000000,Sonoma,Petaluma City Elementary,2610
cenroll1920.txt,2019_20,2019-20,49,70862,0000000,4970862,49708620000000,49708620000000,Sonoma,Petaluma Joint Union High,5448
cenroll1920.txt,2019_20,2019-20,49,70870,0000000,4970870,49708700000000,49708700000000,Sonoma,Piner-Olivet Union Elementary,1347
cenroll1920.txt,2019_20,2019-20,49,70896,0000000,4970896,49708960000000,49708960000000,Sonoma,Rincon Valley Union Elementary,3377
cenroll1920.txt,2019_20,2019-20,49,70904,0000000,4970904,49709040000000,49709040000000,Sonoma,Roseland,2963
cenroll1920.txt,2019_20,2019-20,49,70912,0000000,4970912,49709120000000,49709120000000,Sonoma,Santa Rosa Elementary,5198
cenroll1920.txt,2019_20,2019-20,49,70920,0000000,4970920,49709200000000,49709200000000,Sonoma,Santa Rosa High,11404
cenroll1920.txt,2019_20,2019-20,49,70938,0000000,4970938,49709380000000,49709380000000,Sonoma,Sebastopol Union Elementary,921
cenroll1920.txt,2019_20,2019-20,49,10496,0000000,4910496,49104960000000,49104960000000,Sonoma,Sonoma County Office of Education,799
cenroll1920.txt,2019_20,2019-20,49,70953,0000000,4970953,49709530000000,49709530000000,Sonoma,Sonoma Valley Unified,4286
cenroll1920.txt,2019_20,2019-20,49,70961,0000000,4970961,49709610000000,49709610000000,Sonoma,Twin Hills Union Elementary,1211
cenroll1920.txt,2019_20,2019-20,49,70979,0000000,4970979,49709790000000,49709790000000,Sonoma,Two Rock Union,178
cenroll1920.txt,2019_20,2019-20,49,70995,0000000,4970995,49709950000000,49709950000000,Sonoma,Waugh Elementary,861
cenroll1920.txt,2019_20,2019-20,49,71001,0000000,4971001,49710010000000,49710010000000,Sonoma,West Side Union Elementary,177
cenroll1920.txt,2019_20,2019-20,49,70607,0000000,4970607,49706070000000,49706070000000,Sonoma,West Sonoma County Union High,1912
cenroll1920.txt,2019_20,2019-20,49,71019,0000000,4971019,49710190000000,49710190000000,Sonoma,Wilmar Union Elementary,252
cenroll1920.txt,2019_20,2019-20,49,75358,0000000,4975358,49753580000000,49753580000000,Sonoma,Windsor Unified,5117
cenroll1920.txt,2019_20,2019-20,49,71035,0000000,4971035,49710350000000,49710350000000,Sonoma,Wright Elementary,1523
cenroll1920.txt,2019_20,2019-20,50,71043,0000000,5071043,50710430000000,50710430000000,Stanislaus,Ceres Unified,15684
cenroll1920.txt,2019_20,2019-20,50,71050,0000000,5071050,50710500000000,50710500000000,Stanislaus,Chatom Union,634
cenroll1920.txt,2019_20,2019-20,50,71068,0000000,5071068,50710680000000,50710680000000,Stanislaus,Denair Unified,1478
cenroll1920.txt,2019_20,2019-20,50,71076,0000000,5071076,50710760000000,50710760000000,Stanislaus,Empire Union Elementary,3286
cenroll1920.txt,2019_20,2019-20,50,71084,0000000,5071084,50710840000000,50710840000000,Stanislaus,Gratton Elementary,154
cenroll1920.txt,2019_20,2019-20,50,71092,0000000,5071092,50710920000000,50710920000000,Stanislaus,Hart-Ransom Union Elementary,1266
cenroll1920.txt,2019_20,2019-20,50,71100,0000000,5071100,50711000000000,50711000000000,Stanislaus,Hickman Community Charter,1091
cenroll1920.txt,2019_20,2019-20,50,75549,0000000,5075549,50755490000000,50755490000000,Stanislaus,Hughson Unified,2203
cenroll1920.txt,2019_20,2019-20,50,71134,0000000,5071134,50711340000000,50711340000000,Stanislaus,Keyes Union,1199
cenroll1920.txt,2019_20,2019-20,50,71142,0000000,5071142,50711420000000,50711420000000,Stanislaus,Knights Ferry Elementary,161
cenroll1920.txt,2019_20,2019-20,50,71167,0000000,5071167,50711670000000,50711670000000,Stanislaus,Modesto City Elementary,18917
cenroll1920.txt,2019_20,2019-20,50,71175,0000000,5071175,50711750000000,50711750000000,Stanislaus,Modesto City High,19787
cenroll1920.txt,2019_20,2019-20,50,73601,0000000,5073601,50736010000000,50736010000000,Stanislaus,Newman-Crows Landing Unified,3373
cenroll1920.txt,2019_20,2019-20,50,75564,0000000,5075564,50755640000000,50755640000000,Stanislaus,Oakdale Joint Unified,5679
cenroll1920.txt,2019_20,2019-20,50,71209,0000000,5071209,50712090000000,50712090000000,Stanislaus,Paradise Elementary,202
cenroll1920.txt,2019_20,2019-20,50,71217,0000000,5071217,50712170000000,50712170000000,Stanislaus,Patterson Joint Unified,6517
cenroll1920.txt,2019_20,2019-20,50,75556,0000000,5075556,50755560000000,50755560000000,Stanislaus,Riverbank Unified,3215
cenroll1920.txt,2019_20,2019-20,50,71233,0000000,5071233,50712330000000,50712330000000,Stanislaus,Roberts Ferry Union Elementary,190
cenroll1920.txt,2019_20,2019-20,50,71266,0000000,5071266,50712660000000,50712660000000,Stanislaus,Salida Union Elementary,3412
cenroll1920.txt,2019_20,2019-20,50,71274,0000000,5071274,50712740000000,50712740000000,Stanislaus,Shiloh Elementary,195
cenroll1920.txt,2019_20,2019-20,50,10504,0000000,5010504,50105040000000,50105040000000,Stanislaus,Stanislaus County Office of Education,3895
cenroll1920.txt,2019_20,2019-20,50,71282,0000000,5071282,50712820000000,50712820000000,Stanislaus,Stanislaus Union Elementary,3834
cenroll1920.txt,2019_20,2019-20,50,71290,0000000,5071290,50712900000000,50712900000000,Stanislaus,Sylvan Union Elementary,8828
cenroll1920.txt,2019_20,2019-20,50,75739,0000000,5075739,50757390000000,50757390000000,Stanislaus,Turlock Unified,15269
cenroll1920.txt,2019_20,2019-20,50,71324,0000000,5071324,50713240000000,50713240000000,Stanislaus,Valley Home Joint Elementary,184
cenroll1920.txt,2019_20,2019-20,50,75572,0000000,5075572,50755720000000,50755720000000,Stanislaus,Waterford Unified,3661
cenroll1920.txt,2019_20,2019-20,51,71357,0000000,5171357,51713570000000,51713570000000,Sutter,Brittan Elementary,471
cenroll1920.txt,2019_20,2019-20,51,71365,0000000,5171365,51713650000000,51713650000000,Sutter,Browns Elementary,149
cenroll1920.txt,2019_20,2019-20,51,71373,0000000,5171373,51713730000000,51713730000000,Sutter,East Nicolaus Joint Union High,325
cenroll1920.txt,2019_20,2019-20,51,71381,0000000,5171381,51713810000000,51713810000000,Sutter,Franklin Elementary,508
cenroll1920.txt,2019_20,2019-20,51,71399,0000000,5171399,51713990000000,51713990000000,Sutter,Live Oak Unified,2014
cenroll1920.txt,2019_20,2019-20,51,71407,0000000,5171407,51714070000000,51714070000000,Sutter,Marcum-Illinois Union Elementary,2644
cenroll1920.txt,2019_20,2019-20,51,71415,0000000,5171415,51714150000000,51714150000000,Sutter,Meridian Elementary,1661
cenroll1920.txt,2019_20,2019-20,51,71423,0000000,5171423,51714230000000,51714230000000,Sutter,Nuestro Elementary,823
cenroll1920.txt,2019_20,2019-20,51,71431,0000000,5171431,51714310000000,51714310000000,Sutter,Pleasant Grove Joint Union,174
cenroll1920.txt,2019_20,2019-20,51,10512,0000000,5110512,51105120000000,51105120000000,Sutter,Sutter County Office of Education,562
cenroll1920.txt,2019_20,2019-20,51,71449,0000000,5171449,51714490000000,51714490000000,Sutter,Sutter Union High,837
cenroll1920.txt,2019_20,2019-20,51,71456,0000000,5171456,51714560000000,51714560000000,Sutter,Winship-Robbins,1519
cenroll1920.txt,2019_20,2019-20,51,71464,0000000,5171464,51714640000000,51714640000000,Sutter,Yuba City Unified,14006
cenroll1920.txt,2019_20,2019-20,52,71472,0000000,5271472,52714720000000,52714720000000,Tehama,Antelope Elementary,924
cenroll1920.txt,2019_20,2019-20,52,71498,0000000,5271498,52714980000000,52714980000000,Tehama,Corning Union Elementary,2193
cenroll1920.txt,2019_20,2019-20,52,71506,0000000,5271506,52715060000000,52715060000000,Tehama,Corning Union High,1134
cenroll1920.txt,2019_20,2019-20,52,71514,0000000,5271514,52715140000000,52715140000000,Tehama,Elkins Elementary,10
cenroll1920.txt,2019_20,2019-20,52,71522,0000000,5271522,52715220000000,52715220000000,Tehama,Evergreen Union,1366
cenroll1920.txt,2019_20,2019-20,52,71530,0000000,5271530,52715300000000,52715300000000,Tehama,Flournoy Union Elementary,31
cenroll1920.txt,2019_20,2019-20,52,71555,0000000,5271555,52715550000000,52715550000000,Tehama,Kirkwood Elementary,110
cenroll1920.txt,2019_20,2019-20,52,71563,0000000,5271563,52715630000000,52715630000000,Tehama,Lassen View Union Elementary,411
cenroll1920.txt,2019_20,2019-20,52,71571,0000000,5271571,52715710000000,52715710000000,Tehama,Los Molinos Unified,642
cenroll1920.txt,2019_20,2019-20,52,71639,0000000,5271639,52716390000000,52716390000000,Tehama,Red Bluff Joint Union High,1848
cenroll1920.txt,2019_20,2019-20,52,71621,0000000,5271621,52716210000000,52716210000000,Tehama,Red Bluff Union Elementary,2267
cenroll1920.txt,2019_20,2019-20,52,71647,0000000,5271647,52716470000000,52716470000000,Tehama,Reeds Creek Elementary,196
cenroll1920.txt,2019_20,2019-20,52,71654,0000000,5271654,52716540000000,52716540000000,Tehama,Richfield Elementary,258
cenroll1920.txt,2019_20,2019-20,52,10520,0000000,5210520,52105200000000,52105200000000,Tehama,Tehama County Department of Education,443
cenroll1920.txt,2019_20,2019-20,53,71662,0000000,5371662,53716620000000,53716620000000,Trinity,Burnt Ranch Elementary,93
cenroll1920.txt,2019_20,2019-20,53,71670,0000000,5371670,53716700000000,53716700000000,Trinity,Coffee Creek Elementary,9
cenroll1920.txt,2019_20,2019-20,53,71696,0000000,5371696,53716960000000,53716960000000,Trinity,Douglas City Elementary,187
cenroll1920.txt,2019_20,2019-20,53,71738,0000000,5371738,53717380000000,53717380000000,Trinity,Junction City Elementary,82
cenroll1920.txt,2019_20,2019-20,53,71746,0000000,5371746,53717460000000,53717460000000,Trinity,Lewiston Elementary,71
cenroll1920.txt,2019_20,2019-20,53,75028,0000000,5375028,53750280000000,53750280000000,Trinity,Mountain Valley Unified,314
cenroll1920.txt,2019_20,2019-20,53,73833,0000000,5373833,53738330000000,53738330000000,Trinity,Southern Trinity Joint Unified,95
cenroll1920.txt,2019_20,2019-20,53,76513,0000000,5376513,53765130000000,53765130000000,Trinity,Trinity Alps Unified,717
cenroll1920.txt,2019_20,2019-20,53,71761,0000000,5371761,53717610000000,53717610000000,Trinity,Trinity Center Elementary,17
cenroll1920.txt,2019_20,2019-20,53,10538,0000000,5310538,53105380000000,53105380000000,Trinity,Trinity County Office of Education,165
cenroll1920.txt,2019_20,2019-20,54,71795,0000000,5471795,54717950000000,54717950000000,Tulare,Allensworth Elementary,90
cenroll1920.txt,2019_20,2019-20,54,71803,0000000,5471803,54718030000000,54718030000000,Tulare,Alpaugh Unified,1244
cenroll1920.txt,2019_20,2019-20,54,71811,0000000,5471811,54718110000000,54718110000000,Tulare,Alta Vista Elementary,1564
cenroll1920.txt,2019_20,2019-20,54,71829,0000000,5471829,54718290000000,54718290000000,Tulare,Buena Vista Elementary,216
cenroll1920.txt,2019_20,2019-20,54,71837,0000000,5471837,54718370000000,54718370000000,Tulare,Burton Elementary,4953
cenroll1920.txt,2019_20,2019-20,54,71852,0000000,5471852,54718520000000,54718520000000,Tulare,Columbine Elementary,205
cenroll1920.txt,2019_20,2019-20,54,71860,0000000,5471860,54718600000000,54718600000000,Tulare,Cutler-Orosi Joint Unified,4263
cenroll1920.txt,2019_20,2019-20,54,75531,0000000,5475531,54755310000000,54755310000000,Tulare,Dinuba Unified,6934
cenroll1920.txt,2019_20,2019-20,54,71894,0000000,5471894,54718940000000,54718940000000,Tulare,Ducor Union Elementary,168
cenroll1920.txt,2019_20,2019-20,54,71902,0000000,5471902,54719020000000,54719020000000,Tulare,Earlimart Elementary,1766
cenroll1920.txt,2019_20,2019-20,54,76836,0000000,5476836,54768360000000,54768360000000,Tulare,Exeter Unified,2972
cenroll1920.txt,2019_20,2019-20,54,75325,0000000,5475325,54753250000000,54753250000000,Tulare,Farmersville Unified,2641
cenroll1920.txt,2019_20,2019-20,54,71944,0000000,5471944,54719440000000,54719440000000,Tulare,Hope Elementary,241
cenroll1920.txt,2019_20,2019-20,54,71951,0000000,5471951,54719510000000,54719510000000,Tulare,Hot Springs Elementary,25
cenroll1920.txt,2019_20,2019-20,54,71969,0000000,5471969,54719690000000,54719690000000,Tulare,Kings River Union Elementary,445
cenroll1920.txt,2019_20,2019-20,54,71985,0000000,5471985,54719850000000,54719850000000,Tulare,Liberty Elementary,662
cenroll1920.txt,2019_20,2019-20,54,71993,0000000,5471993,54719930000000,54719930000000,Tulare,Lindsay Unified,4267
cenroll1920.txt,2019_20,2019-20,54,72009,0000000,5472009,54720090000000,54720090000000,Tulare,Monson-Sultana Joint Union Elementary,487
cenroll1920.txt,2019_20,2019-20,54,72017,0000000,5472017,54720170000000,54720170000000,Tulare,Oak Valley Union Elementary,593
cenroll1920.txt,2019_20,2019-20,54,72025,0000000,5472025,54720250000000,54720250000000,Tulare,Outside Creek Elementary,113
cenroll1920.txt,2019_20,2019-20,54,72033,0000000,5472033,54720330000000,54720330000000,Tulare,Palo Verde Union Elementary,595
cenroll1920.txt,2019_20,2019-20,54,72041,0000000,5472041,54720410000000,54720410000000,Tulare,Pixley Union Elementary,1054
cenroll1920.txt,2019_20,2019-20,54,72058,0000000,5472058,54720580000000,54720580000000,Tulare,Pleasant View Elementary,501
cenroll1920.txt,2019_20,2019-20,54,75523,0000000,5475523,54755230000000,54755230000000,Tulare,Porterville Unified,15021
cenroll1920.txt,2019_20,2019-20,54,72082,0000000,5472082,54720820000000,54720820000000,Tulare,Richgrove Elementary,606
cenroll1920.txt,2019_20,2019-20,54,72090,0000000,5472090,54720900000000,54720900000000,Tulare,Rockford Elementary,351
cenroll1920.txt,2019_20,2019-20,54,72108,0000000,5472108,54721080000000,54721080000000,Tulare,Saucelito Elementary,84
cenroll1920.txt,2019_20,2019-20,54,72116,0000000,5472116,54721160000000,54721160000000,Tulare,Sequoia Union Elementary,369
cenroll1920.txt,2019_20,2019-20,54,72132,0000000,5472132,54721320000000,54721320000000,Tulare,Springville Union Elementary,342
cenroll1920.txt,2019_20,2019-20,54,72140,0000000,5472140,54721400000000,54721400000000,Tulare,Stone Corral Elementary,902
cenroll1920.txt,2019_20,2019-20,54,72157,0000000,5472157,54721570000000,54721570000000,Tulare,Strathmore Union Elementary,792
cenroll1920.txt,2019_20,2019-20,54,72173,0000000,5472173,54721730000000,54721730000000,Tulare,Sundale Union Elementary,835
cenroll1920.txt,2019_20,2019-20,54,72181,0000000,5472181,54721810000000,54721810000000,Tulare,Sunnyside Union Elementary,406
cenroll1920.txt,2019_20,2019-20,54,72199,0000000,5472199,54721990000000,54721990000000,Tulare,Terra Bella Union Elementary,889
cenroll1920.txt,2019_20,2019-20,54,72207,0000000,5472207,54722070000000,54722070000000,Tulare,Three Rivers Union Elementary,146
cenroll1920.txt,2019_20,2019-20,54,72215,0000000,5472215,54722150000000,54722150000000,Tulare,Tipton Elementary,571
cenroll1920.txt,2019_20,2019-20,54,72223,0000000,5472223,54722230000000,54722230000000,Tulare,Traver Joint Elementary,245
cenroll1920.txt,2019_20,2019-20,54,72231,0000000,5472231,54722310000000,54722310000000,Tulare,Tulare City,10010
cenroll1920.txt,2019_20,2019-20,54,10546,0000000,5410546,54105460000000,54105460000000,Tulare,Tulare County Office of Education,3686
cenroll1920.txt,2019_20,2019-20,54,72249,0000000,5472249,54722490000000,54722490000000,Tulare,Tulare Joint Union High,5895
cenroll1920.txt,2019_20,2019-20,54,72256,0000000,5472256,54722560000000,54722560000000,Tulare,Visalia Unified,30541
cenroll1920.txt,2019_20,2019-20,54,72264,0000000,5472264,54722640000000,54722640000000,Tulare,Waukena Joint Union Elementary,229
cenroll1920.txt,2019_20,2019-20,54,76794,0000000,5476794,54767940000000,54767940000000,Tulare,Woodlake Unified,2211
cenroll1920.txt,2019_20,2019-20,54,72298,0000000,5472298,54722980000000,54722980000000,Tulare,Woodville Union Elementary,453
cenroll1920.txt,2019_20,2019-20,55,72306,0000000,5572306,55723060000000,55723060000000,Tuolumne,Belleview Elementary,187
cenroll1920.txt,2019_20,2019-20,55,75184,0000000,5575184,55751840000000,55751840000000,Tuolumne,Big Oak Flat-Groveland Unified,333
cenroll1920.txt,2019_20,2019-20,55,72348,0000000,5572348,55723480000000,55723480000000,Tuolumne,Columbia Union,501
cenroll1920.txt,2019_20,2019-20,55,72355,0000000,5572355,55723550000000,55723550000000,Tuolumne,Curtis Creek Elementary,522
cenroll1920.txt,2019_20,2019-20,55,72363,0000000,5572363,55723630000000,55723630000000,Tuolumne,Jamestown Elementary,408
cenroll1920.txt,2019_20,2019-20,55,72371,0000000,5572371,55723710000000,55723710000000,Tuolumne,Sonora Elementary,774
cenroll1920.txt,2019_20,2019-20,55,72389,0000000,5572389,55723890000000,55723890000000,Tuolumne,Sonora Union High,1135
cenroll1920.txt,2019_20,2019-20,55,72397,0000000,5572397,55723970000000,55723970000000,Tuolumne,Soulsbyville Elementary,585
cenroll1920.txt,2019_20,2019-20,55,72405,0000000,5572405,55724050000000,55724050000000,Tuolumne,Summerville Elementary,421
cenroll1920.txt,2019_20,2019-20,55,72413,0000000,5572413,55724130000000,55724130000000,Tuolumne,Summerville Union High,1207
cenroll1920.txt,2019_20,2019-20,55,10553,0000000,5510553,55105530000000,55105530000000,Tuolumne,Tuolumne County Superintendent of Schools,177
cenroll1920.txt,2019_20,2019-20,55,72421,0000000,5572421,55724210000000,55724210000000,Tuolumne,Twain Harte,300
cenroll1920.txt,2019_20,2019-20,56,72447,0000000,5672447,56724470000000,56724470000000,Ventura,Briggs Elementary,541
cenroll1920.txt,2019_20,2019-20,56,73759,0000000,5673759,56737590000000,56737590000000,Ventura,Conejo Valley Unified,18797
cenroll1920.txt,2019_20,2019-20,56,72454,0000000,5672454,56724540000000,56724540000000,Ventura,Fillmore Unified,3854
cenroll1920.txt,2019_20,2019-20,56,72462,0000000,5672462,56724620000000,56724620000000,Ventura,Hueneme Elementary,8262
cenroll1920.txt,2019_20,2019-20,56,72470,0000000,5672470,56724700000000,56724700000000,Ventura,Mesa Union Elementary,1172
cenroll1920.txt,2019_20,2019-20,56,73940,0000000,5673940,56739400000000,56739400000000,Ventura,Moorpark Unified,6870
cenroll1920.txt,2019_20,2019-20,56,72504,0000000,5672504,56725040000000,56725040000000,Ventura,Mupu Elementary,174
cenroll1920.txt,2019_20,2019-20,56,73874,0000000,5673874,56738740000000,56738740000000,Ventura,Oak Park Unified,4635
cenroll1920.txt,2019_20,2019-20,56,72512,0000000,5672512,56725120000000,56725120000000,Ventura,Ocean View,2561
cenroll1920.txt,2019_20,2019-20,56,72520,0000000,5672520,56725200000000,56725200000000,Ventura,Ojai Unified,2529
cenroll1920.txt,2019_20,2019-20,56,72538,0000000,5672538,56725380000000,56725380000000,Ventura,Oxnard,16197
cenroll1920.txt,2019_20,2019-20,56,72546,0000000,5672546,56725460000000,56725460000000,Ventura,Oxnard Union High,18304
cenroll1920.txt,2019_20,2019-20,56,72553,0000000,5672553,56725530000000,56725530000000,Ventura,Pleasant Valley,8005
cenroll1920.txt,2019_20,2019-20,56,72561,0000000,5672561,56725610000000,56725610000000,Ventura,Rio Elementary,5476
cenroll1920.txt,2019_20,2019-20,56,72579,0000000,5672579,56725790000000,56725790000000,Ventura,Santa Clara Elementary,58
cenroll1920.txt,2019_20,2019-20,56,76828,0000000,5676828,56768280000000,56768280000000,Ventura,Santa Paula Unified,5321
cenroll1920.txt,2019_20,2019-20,56,72603,0000000,5672603,56726030000000,56726030000000,Ventura,Simi Valley Unified,17052
cenroll1920.txt,2019_20,2019-20,56,72611,0000000,5672611,56726110000000,56726110000000,Ventura,Somis Union,259
cenroll1920.txt,2019_20,2019-20,56,10561,0000000,5610561,56105610000000,56105610000000,Ventura,Ventura County Office of Education,4819
cenroll1920.txt,2019_20,2019-20,56,72652,0000000,5672652,56726520000000,56726520000000,Ventura,Ventura Unified,16673
cenroll1920.txt,2019_20,2019-20,57,72678,0000000,5772678,57726780000000,57726780000000,Yolo,Davis Joint Unified,8821
cenroll1920.txt,2019_20,2019-20,57,72686,0000000,5772686,57726860000000,57726860000000,Yolo,Esparto Unified,1069
cenroll1920.txt,2019_20,2019-20,57,72694,0000000,5772694,57726940000000,57726940000000,Yolo,Washington Unified,8755
cenroll1920.txt,2019_20,2019-20,57,72702,0000000,5772702,57727020000000,57727020000000,Yolo,Winters Joint Unified,2447
cenroll1920.txt,2019_20,2019-20,57,72710,0000000,5772710,57727100000000,57727100000000,Yolo,Woodland Joint Unified,10247
cenroll1920.txt,2019_20,2019-20,57,10579,0000000,5710579,57105790000000,57105790000000,Yolo,Yolo County Office of Education,807
cenroll1920.txt,2019_20,2019-20,58,72728,0000000,5872728,58727280000000,58727280000000,Yuba,Camptonville Elementary,588
cenroll1920.txt,2019_20,2019-20,58,72736,0000000,5872736,58727360000000,58727360000000,Yuba,Marysville Joint Unified,10983
cenroll1920.txt,2019_20,2019-20,58,72744,0000000,5872744,58727440000000,58727440000000,Yuba,Plumas Lake Elementary,1497
cenroll1920.txt,2019_20,2019-20,58,72751,0000000,5872751,58727510000000,58727510000000,Yuba,Wheatland,1496
cenroll1920.txt,2019_20,2019-20,58,72769,0000000,5872769,58727690000000,58727690000000,Yuba,Wheatland Union High,974
cenroll1920.txt,2019_20,2019-20,58,10587,0000000,5810587,58105870000000,58105870000000,Yuba,Yuba County Office of Education,866
cenroll2021.txt,2020_21,2020-21,01,10017,0000000,0110017,01100170000000,01100170000000,Alameda,Alameda County Office of Education,4540
cenroll2021.txt,2020_21,2020-21,01,61119,0000000,0161119,01611190000000,01611190000000,Alameda,Alameda Unified,11174
cenroll2021.txt,2020_21,2020-21,01,61127,0000000,0161127,01611270000000,01611270000000,Alameda,Albany City Unified,3568
cenroll2021.txt,2020_21,2020-21,01,61143,0000000,0161143,01611430000000,01611430000000,Alameda,Berkeley Unified,9559
cenroll2021.txt,2020_21,2020-21,01,31609,0000000,0131609,01316090000000,01316090000000,Alameda,California School for the Blind (State Special Schl),68
cenroll2021.txt,2020_21,2020-21,01,31617,0000000,0131617,01316170000000,01316170000000,Alameda,California School for the Deaf-Fremont (State Special Schl),332
cenroll2021.txt,2020_21,2020-21,01,61150,0000000,0161150,01611500000000,01611500000000,Alameda,Castro Valley Unified,9390
cenroll2021.txt,2020_21,2020-21,01,75093,0000000,0175093,01750930000000,01750930000000,Alameda,Dublin Unified,13004
cenroll2021.txt,2020_21,2020-21,01,61168,0000000,0161168,01611680000000,01611680000000,Alameda,Emery Unified,711
cenroll2021.txt,2020_21,2020-21,01,61176,0000000,0161176,01611760000000,01611760000000,Alameda,Fremont Unified,36169
cenroll2021.txt,2020_21,2020-21,01,61192,0000000,0161192,01611920000000,01611920000000,Alameda,Hayward Unified,22202
cenroll2021.txt,2020_21,2020-21,01,61200,0000000,0161200,01612000000000,01612000000000,Alameda,Livermore Valley Joint Unified,13588
cenroll2021.txt,2020_21,2020-21,01,61218,0000000,0161218,01612180000000,01612180000000,Alameda,Mountain House Elementary,22
cenroll2021.txt,2020_21,2020-21,01,61242,0000000,0161242,01612420000000,01612420000000,Alameda,New Haven Unified,11086
cenroll2021.txt,2020_21,2020-21,01,61234,0000000,0161234,01612340000000,01612340000000,Alameda,Newark Unified,5641
cenroll2021.txt,2020_21,2020-21,01,61259,0000000,0161259,01612590000000,01612590000000,Alameda,Oakland Unified,50315
cenroll2021.txt,2020_21,2020-21,01,61275,0000000,0161275,01612750000000,01612750000000,Alameda,Piedmont City Unified,2506
cenroll2021.txt,2020_21,2020-21,01,75101,0000000,0175101,01751010000000,01751010000000,Alameda,Pleasanton Unified,14961
cenroll2021.txt,2020_21,2020-21,01,61291,0000000,0161291,01612910000000,01612910000000,Alameda,San Leandro Unified,9029
cenroll2021.txt,2020_21,2020-21,01,61309,0000000,0161309,01613090000000,01613090000000,Alameda,San Lorenzo Unified,10732
cenroll2021.txt,2020_21,2020-21,01,77180,0000000,0177180,01771800000000,01771800000000,Alameda,SBE - Latitude 37.8 High,144
cenroll2021.txt,2020_21,2020-21,01,75119,0000000,0175119,01751190000000,01751190000000,Alameda,Sunol Glen Unified,274
cenroll2021.txt,2020_21,2020-21,02,10025,0000000,0210025,02100250000000,02100250000000,Alpine,Alpine County Office of Education,1
cenroll2021.txt,2020_21,2020-21,02,61333,0000000,0261333,02613330000000,02613330000000,Alpine,Alpine County Unified,91
cenroll2021.txt,2020_21,2020-21,03,10033,0000000,0310033,03100330000000,03100330000000,Amador,Amador County Office of Education,37
cenroll2021.txt,2020_21,2020-21,03,73981,0000000,0373981,03739810000000,03739810000000,Amador,Amador County Unified,4144
cenroll2021.txt,2020_21,2020-21,04,61382,0000000,0461382,04613820000000,04613820000000,Butte,Bangor Union Elementary,115
cenroll2021.txt,2020_21,2020-21,04,61408,0000000,0461408,04614080000000,04614080000000,Butte,Biggs Unified,610
cenroll2021.txt,2020_21,2020-21,04,10041,0000000,0410041,04100410000000,04100410000000,Butte,Butte County Office of Education,1498
cenroll2021.txt,2020_21,2020-21,04,61424,0000000,0461424,04614240000000,04614240000000,Butte,Chico Unified,14604
cenroll2021.txt,2020_21,2020-21,04,61432,0000000,0461432,04614320000000,04614320000000,Butte,Durham Unified,1050
cenroll2021.txt,2020_21,2020-21,04,61457,0000000,0461457,04614570000000,04614570000000,Butte,Golden Feather Union Elementary,82
cenroll2021.txt,2020_21,2020-21,04,75507,0000000,0475507,04755070000000,04755070000000,Butte,Gridley Unified,2209
cenroll2021.txt,2020_21,2020-21,04,61499,0000000,0461499,04614990000000,04614990000000,Butte,Manzanita Elementary,291
cenroll2021.txt,2020_21,2020-21,04,61507,0000000,0461507,04615070000000,04615070000000,Butte,Oroville City Elementary,2765
cenroll2021.txt,2020_21,2020-21,04,61515,0000000,0461515,04615150000000,04615150000000,Butte,Oroville Union High,2495
cenroll2021.txt,2020_21,2020-21,04,61523,0000000,0461523,04615230000000,04615230000000,Butte,Palermo Union Elementary,1363
cenroll2021.txt,2020_21,2020-21,04,61531,0000000,0461531,04615310000000,04615310000000,Butte,Paradise Unified,2378
cenroll2021.txt,2020_21,2020-21,04,73379,0000000,0473379,04733790000000,04733790000000,Butte,Pioneer Union Elementary,58
cenroll2021.txt,2020_21,2020-21,04,61549,0000000,0461549,04615490000000,04615490000000,Butte,Thermalito Union Elementary,1627
cenroll2021.txt,2020_21,2020-21,05,61556,0000000,0561556,05615560000000,05615560000000,Calaveras,Bret Harte Union High,645
cenroll2021.txt,2020_21,2020-21,05,10058,0000000,0510058,05100580000000,05100580000000,Calaveras,Calaveras County Office of Education,562
cenroll2021.txt,2020_21,2020-21,05,61564,0000000,0561564,05615640000000,05615640000000,Calaveras,Calaveras Unified,2953
cenroll2021.txt,2020_21,2020-21,05,61572,0000000,0561572,05615720000000,05615720000000,Calaveras,Mark Twain Union Elementary,782
cenroll2021.txt,2020_21,2020-21,05,61580,0000000,0561580,05615800000000,05615800000000,Calaveras,Vallecito Union,604
cenroll2021.txt,2020_21,2020-21,06,10066,0000000,0610066,06100660000000,06100660000000,Colusa,Colusa County Office of Education,27
cenroll2021.txt,2020_21,2020-21,06,61598,0000000,0661598,06615980000000,06615980000000,Colusa,Colusa Unified,1606
cenroll2021.txt,2020_21,2020-21,06,61606,0000000,0661606,06616060000000,06616060000000,Colusa,Maxwell Unified,372
cenroll2021.txt,2020_21,2020-21,06,61614,0000000,0661614,06616140000000,06616140000000,Colusa,Pierce Joint Unified,1522
cenroll2021.txt,2020_21,2020-21,06,61622,0000000,0661622,06616220000000,06616220000000,Colusa,Williams Unified,1382
cenroll2021.txt,2020_21,2020-21,07,61630,0000000,0761630,07616300000000,07616300000000,Contra Costa,Acalanes Union High,5629
cenroll2021.txt,2020_21,2020-21,07,61648,0000000,0761648,07616480000000,07616480000000,Contra Costa,Antioch Unified,17197
cenroll2021.txt,2020_21,2020-21,07,61655,0000000,0761655,07616550000000,07616550000000,Contra Costa,Brentwood Union Elementary,9467
cenroll2021.txt,2020_21,2020-21,07,61663,0000000,0761663,07616630000000,07616630000000,Contra Costa,Byron Union Elementary,2290
cenroll2021.txt,2020_21,2020-21,07,61671,0000000,0761671,07616710000000,07616710000000,Contra Costa,Canyon Elementary,73
cenroll2021.txt,2020_21,2020-21,07,10074,0000000,0710074,07100740000000,07100740000000,Contra Costa,Contra Costa County Office of Education,6207
cenroll2021.txt,2020_21,2020-21,07,61697,0000000,0761697,07616970000000,07616970000000,Contra Costa,John Swett Unified,1347
cenroll2021.txt,2020_21,2020-21,07,61705,0000000,0761705,07617050000000,07617050000000,Contra Costa,Knightsen Elementary,626
cenroll2021.txt,2020_21,2020-21,07,61713,0000000,0761713,07617130000000,07617130000000,Contra Costa,Lafayette Elementary,3379
cenroll2021.txt,2020_21,2020-21,07,61721,0000000,0761721,07617210000000,07617210000000,Contra Costa,Liberty Union High,8414
cenroll2021.txt,2020_21,2020-21,07,61739,0000000,0761739,07617390000000,07617390000000,Contra Costa,Martinez Unified,4104
cenroll2021.txt,2020_21,2020-21,07,61747,0000000,0761747,07617470000000,07617470000000,Contra Costa,Moraga Elementary,1847
cenroll2021.txt,2020_21,2020-21,07,61754,0000000,0761754,07617540000000,07617540000000,Contra Costa,Mt. Diablo Unified,30836
cenroll2021.txt,2020_21,2020-21,07,61762,0000000,0761762,07617620000000,07617620000000,Contra Costa,Oakley Union Elementary,5167
cenroll2021.txt,2020_21,2020-21,07,61770,0000000,0761770,07617700000000,07617700000000,Contra Costa,Orinda Union Elementary,2581
cenroll2021.txt,2020_21,2020-21,07,61788,0000000,0761788,07617880000000,07617880000000,Contra Costa,Pittsburg Unified,11291
cenroll2021.txt,2020_21,2020-21,07,61804,0000000,0761804,07618040000000,07618040000000,Contra Costa,San Ramon Valley Unified,31507
cenroll2021.txt,2020_21,2020-21,07,77354,0000000,0777354,07773540000000,07773540000000,Contra Costa,SBE - John Henry High,298
cenroll2021.txt,2020_21,2020-21,07,77024,0000000,0777024,07770240000000,07770240000000,Contra Costa,SBE - Rocketship Futuro Academy,633
cenroll2021.txt,2020_21,2020-21,07,61812,0000000,0761812,07618120000000,07618120000000,Contra Costa,Walnut Creek Elementary,3585
cenroll2021.txt,2020_21,2020-21,07,61796,0000000,0761796,07617960000000,07617960000000,Contra Costa,West Contra Costa Unified,31896
cenroll2021.txt,2020_21,2020-21,08,10082,0000000,0810082,08100820000000,08100820000000,Del Norte,Del Norte County Office of Education,489
cenroll2021.txt,2020_21,2020-21,08,61820,0000000,0861820,08618200000000,08618200000000,Del Norte,Del Norte County Unified,3965
cenroll2021.txt,2020_21,2020-21,09,73783,0000000,0973783,09737830000000,09737830000000,El Dorado,Black Oak Mine Unified,1399
cenroll2021.txt,2020_21,2020-21,09,61838,0000000,0961838,09618380000000,09618380000000,El Dorado,Buckeye Union Elementary,9144
cenroll2021.txt,2020_21,2020-21,09,61846,0000000,0961846,09618460000000,09618460000000,El Dorado,Camino Union Elementary,473
cenroll2021.txt,2020_21,2020-21,09,10090,0000000,0910090,09100900000000,09100900000000,El Dorado,El Dorado County Office of Education,2123
cenroll2021.txt,2020_21,2020-21,09,61853,0000000,0961853,09618530000000,09618530000000,El Dorado,El Dorado Union High,7124
cenroll2021.txt,2020_21,2020-21,09,61879,0000000,0961879,09618790000000,09618790000000,El Dorado,Gold Oak Union Elementary,459
cenroll2021.txt,2020_21,2020-21,09,61887,0000000,0961887,09618870000000,09618870000000,El Dorado,Gold Trail Union Elementary,634
cenroll2021.txt,2020_21,2020-21,09,61895,0000000,0961895,09618950000000,09618950000000,El Dorado,Indian Diggings Elementary,21
cenroll2021.txt,2020_21,2020-21,09,61903,0000000,0961903,09619030000000,09619030000000,El Dorado,Lake Tahoe Unified,3889
cenroll2021.txt,2020_21,2020-21,09,61911,0000000,0961911,09619110000000,09619110000000,El Dorado,Latrobe,159
cenroll2021.txt,2020_21,2020-21,09,61929,0000000,0961929,09619290000000,09619290000000,El Dorado,Mother Lode Union Elementary,997
cenroll2021.txt,2020_21,2020-21,09,61945,0000000,0961945,09619450000000,09619450000000,El Dorado,Pioneer Union Elementary,328
cenroll2021.txt,2020_21,2020-21,09,61952,0000000,0961952,09619520000000,09619520000000,El Dorado,Placerville Union Elementary,1289
cenroll2021.txt,2020_21,2020-21,09,61960,0000000,0961960,09619600000000,09619600000000,El Dorado,Pollock Pines Elementary,686
cenroll2021.txt,2020_21,2020-21,09,61978,0000000,0961978,09619780000000,09619780000000,El Dorado,Rescue Union Elementary,3684
cenroll2021.txt,2020_21,2020-21,09,61986,0000000,0961986,09619860000000,09619860000000,El Dorado,Silver Fork Elementary,21
cenroll2021.txt,2020_21,2020-21,10,61994,0000000,1061994,10619940000000,10619940000000,Fresno,Alvina Elementary,192
cenroll2021.txt,2020_21,2020-21,10,62026,0000000,1062026,10620260000000,10620260000000,Fresno,Big Creek Elementary,56
cenroll2021.txt,2020_21,2020-21,10,62042,0000000,1062042,10620420000000,10620420000000,Fresno,Burrel Union Elementary,143
cenroll2021.txt,2020_21,2020-21,10,75598,0000000,1075598,10755980000000,10755980000000,Fresno,Caruthers Unified,1648
cenroll2021.txt,2020_21,2020-21,10,73965,0000000,1073965,10739650000000,10739650000000,Fresno,Central Unified,16490
cenroll2021.txt,2020_21,2020-21,10,62109,0000000,1062109,10621090000000,10621090000000,Fresno,Clay Joint Elementary,223
cenroll2021.txt,2020_21,2020-21,10,62117,0000000,1062117,10621170000000,10621170000000,Fresno,Clovis Unified,44258
cenroll2021.txt,2020_21,2020-21,10,62125,0000000,1062125,10621250000000,10621250000000,Fresno,Coalinga-Huron Unified,4624
cenroll2021.txt,2020_21,2020-21,10,73809,0000000,1073809,10738090000000,10738090000000,Fresno,Firebaugh-Las Deltas Unified,2283
cenroll2021.txt,2020_21,2020-21,10,62158,0000000,1062158,10621580000000,10621580000000,Fresno,Fowler Unified,2710
cenroll2021.txt,2020_21,2020-21,10,10108,0000000,1010108,10101080000000,10101080000000,Fresno,Fresno County Office of Education,5788
cenroll2021.txt,2020_21,2020-21,10,62166,0000000,1062166,10621660000000,10621660000000,Fresno,Fresno Unified,76050
cenroll2021.txt,2020_21,2020-21,10,75234,0000000,1075234,10752340000000,10752340000000,Fresno,Golden Plains Unified,1591
cenroll2021.txt,2020_21,2020-21,10,73999,0000000,1073999,10739990000000,10739990000000,Fresno,Kerman Unified,5478
cenroll2021.txt,2020_21,2020-21,10,62265,0000000,1062265,10622650000000,10622650000000,Fresno,Kings Canyon Joint Unified,10013
cenroll2021.txt,2020_21,2020-21,10,62240,0000000,1062240,10622400000000,10622400000000,Fresno,Kingsburg Elementary Charter,2276
cenroll2021.txt,2020_21,2020-21,10,62257,0000000,1062257,10622570000000,10622570000000,Fresno,Kingsburg Joint Union High,1240
cenroll2021.txt,2020_21,2020-21,10,62281,0000000,1062281,10622810000000,10622810000000,Fresno,Laton Joint Unified,678
cenroll2021.txt,2020_21,2020-21,10,75127,0000000,1075127,10751270000000,10751270000000,Fresno,Mendota Unified,3797
cenroll2021.txt,2020_21,2020-21,10,62323,0000000,1062323,10623230000000,10623230000000,Fresno,Monroe Elementary,157
cenroll2021.txt,2020_21,2020-21,10,62331,0000000,1062331,10623310000000,10623310000000,Fresno,Orange Center,1607
cenroll2021.txt,2020_21,2020-21,10,62356,0000000,1062356,10623560000000,10623560000000,Fresno,Pacific Union Elementary,385
cenroll2021.txt,2020_21,2020-21,10,62364,0000000,1062364,10623640000000,10623640000000,Fresno,Parlier Unified,3562
cenroll2021.txt,2020_21,2020-21,10,62372,0000000,1062372,10623720000000,10623720000000,Fresno,Pine Ridge Elementary,106
cenroll2021.txt,2020_21,2020-21,10,62380,0000000,1062380,10623800000000,10623800000000,Fresno,Raisin City Elementary,671
cenroll2021.txt,2020_21,2020-21,10,75408,0000000,1075408,10754080000000,10754080000000,Fresno,Riverdale Joint Unified,1551
cenroll2021.txt,2020_21,2020-21,10,62414,0000000,1062414,10624140000000,10624140000000,Fresno,Sanger Unified,13174
cenroll2021.txt,2020_21,2020-21,10,62430,0000000,1062430,10624300000000,10624300000000,Fresno,Selma Unified,6262
cenroll2021.txt,2020_21,2020-21,10,75275,0000000,1075275,10752750000000,10752750000000,Fresno,Sierra Unified,1340
cenroll2021.txt,2020_21,2020-21,10,62513,0000000,1062513,10625130000000,10625130000000,Fresno,Washington Colony Elementary,466
cenroll2021.txt,2020_21,2020-21,10,76778,0000000,1076778,10767780000000,10767780000000,Fresno,Washington Unified,3062
cenroll2021.txt,2020_21,2020-21,10,62539,0000000,1062539,10625390000000,10625390000000,Fresno,West Park Elementary,756
cenroll2021.txt,2020_21,2020-21,10,62547,0000000,1062547,10625470000000,10625470000000,Fresno,Westside Elementary,4250
cenroll2021.txt,2020_21,2020-21,11,62554,0000000,1162554,11625540000000,11625540000000,Glenn,Capay Joint Union Elementary,198
cenroll2021.txt,2020_21,2020-21,11,10116,0000000,1110116,11101160000000,11101160000000,Glenn,Glenn County Office of Education,695
cenroll2021.txt,2020_21,2020-21,11,76562,0000000,1176562,11765620000000,11765620000000,Glenn,Hamilton Unified,752
cenroll2021.txt,2020_21,2020-21,11,62596,0000000,1162596,11625960000000,11625960000000,Glenn,Lake Elementary,687
cenroll2021.txt,2020_21,2020-21,11,75481,0000000,1175481,11754810000000,11754810000000,Glenn,Orland Joint Unified,2373
cenroll2021.txt,2020_21,2020-21,11,62638,0000000,1162638,11626380000000,11626380000000,Glenn,Plaza Elementary,199
cenroll2021.txt,2020_21,2020-21,11,62646,0000000,1162646,11626460000000,11626460000000,Glenn,Princeton Joint Unified,158
cenroll2021.txt,2020_21,2020-21,11,62653,0000000,1162653,11626530000000,11626530000000,Glenn,Stony Creek Joint Unified,102
cenroll2021.txt,2020_21,2020-21,11,62661,0000000,1162661,11626610000000,11626610000000,Glenn,Willows Unified,1472
cenroll2021.txt,2020_21,2020-21,12,62679,0000000,1262679,12626790000000,12626790000000,Humboldt,Arcata Elementary,1201
cenroll2021.txt,2020_21,2020-21,12,62695,0000000,1262695,12626950000000,12626950000000,Humboldt,Big Lagoon Union Elementary,24
cenroll2021.txt,2020_21,2020-21,12,62703,0000000,1262703,12627030000000,12627030000000,Humboldt,Blue Lake Union Elementary,198
cenroll2021.txt,2020_21,2020-21,12,62729,0000000,1262729,12627290000000,12627290000000,Humboldt,Bridgeville Elementary,49
cenroll2021.txt,2020_21,2020-21,12,62737,0000000,1262737,12627370000000,12627370000000,Humboldt,Cuddeback Union Elementary,138
cenroll2021.txt,2020_21,2020-21,12,62745,0000000,1262745,12627450000000,12627450000000,Humboldt,Cutten Elementary,602
cenroll2021.txt,2020_21,2020-21,12,75515,0000000,1275515,12755150000000,12755150000000,Humboldt,Eureka City Schools,3947
cenroll2021.txt,2020_21,2020-21,12,75374,0000000,1275374,12753740000000,12753740000000,Humboldt,Ferndale Unified,486
cenroll2021.txt,2020_21,2020-21,12,62794,0000000,1262794,12627940000000,12627940000000,Humboldt,Fieldbrook Elementary,117
cenroll2021.txt,2020_21,2020-21,12,76802,0000000,1276802,12768020000000,12768020000000,Humboldt,Fortuna Elementary,1356
cenroll2021.txt,2020_21,2020-21,12,62810,0000000,1262810,12628100000000,12628100000000,Humboldt,Fortuna Union High,1178
cenroll2021.txt,2020_21,2020-21,12,62828,0000000,1262828,12628280000000,12628280000000,Humboldt,Freshwater Elementary,328
cenroll2021.txt,2020_21,2020-21,12,62836,0000000,1262836,12628360000000,12628360000000,Humboldt,Garfield Elementary,58
cenroll2021.txt,2020_21,2020-21,12,62851,0000000,1262851,12628510000000,12628510000000,Humboldt,Green Point Elementary,11
cenroll2021.txt,2020_21,2020-21,12,10124,0000000,1210124,12101240000000,12101240000000,Humboldt,Humboldt County Office of Education,1066
cenroll2021.txt,2020_21,2020-21,12,62885,0000000,1262885,12628850000000,12628850000000,Humboldt,Hydesville Elementary,187
cenroll2021.txt,2020_21,2020-21,12,62893,0000000,1262893,12628930000000,12628930000000,Humboldt,Jacoby Creek Elementary,469
cenroll2021.txt,2020_21,2020-21,12,62901,0000000,1262901,12629010000000,12629010000000,Humboldt,Klamath-Trinity Joint Unified,1065
cenroll2021.txt,2020_21,2020-21,12,62919,0000000,1262919,12629190000000,12629190000000,Humboldt,Kneeland Elementary,38
cenroll2021.txt,2020_21,2020-21,12,62927,0000000,1262927,12629270000000,12629270000000,Humboldt,Loleta Union Elementary,115
cenroll2021.txt,2020_21,2020-21,12,62935,0000000,1262935,12629350000000,12629350000000,Humboldt,Maple Creek Elementary,11
cenroll2021.txt,2020_21,2020-21,12,75382,0000000,1275382,12753820000000,12753820000000,Humboldt,Mattole Unified,53
cenroll2021.txt,2020_21,2020-21,12,62950,0000000,1262950,12629500000000,12629500000000,Humboldt,McKinleyville Union Elementary,1037
cenroll2021.txt,2020_21,2020-21,12,62687,0000000,1262687,12626870000000,12626870000000,Humboldt,Northern Humboldt Union High,1878
cenroll2021.txt,2020_21,2020-21,12,62968,0000000,1262968,12629680000000,12629680000000,Humboldt,Orick Elementary,26
cenroll2021.txt,2020_21,2020-21,12,62976,0000000,1262976,12629760000000,12629760000000,Humboldt,Pacific Union Elementary,614
cenroll2021.txt,2020_21,2020-21,12,62984,0000000,1262984,12629840000000,12629840000000,Humboldt,Peninsula Union,50
cenroll2021.txt,2020_21,2020-21,12,63008,0000000,1263008,12630080000000,12630080000000,Humboldt,Rio Dell Elementary,327
cenroll2021.txt,2020_21,2020-21,12,63024,0000000,1263024,12630240000000,12630240000000,Humboldt,Scotia Union Elementary,203
cenroll2021.txt,2020_21,2020-21,12,63032,0000000,1263032,12630320000000,12630320000000,Humboldt,South Bay Union Elementary,1030
cenroll2021.txt,2020_21,2020-21,12,63040,0000000,1263040,12630400000000,12630400000000,Humboldt,Southern Humboldt Joint Unified,717
cenroll2021.txt,2020_21,2020-21,12,63057,0000000,1263057,12630570000000,12630570000000,Humboldt,Trinidad Union Elementary,198
cenroll2021.txt,2020_21,2020-21,13,63073,0000000,1363073,13630730000000,13630730000000,Imperial,Brawley Elementary,4000
cenroll2021.txt,2020_21,2020-21,13,63081,0000000,1363081,13630810000000,13630810000000,Imperial,Brawley Union High,2077
cenroll2021.txt,2020_21,2020-21,13,63099,0000000,1363099,13630990000000,13630990000000,Imperial,Calexico Unified,9053
cenroll2021.txt,2020_21,2020-21,13,63107,0000000,1363107,13631070000000,13631070000000,Imperial,Calipatria Unified,1168
cenroll2021.txt,2020_21,2020-21,13,63115,0000000,1363115,13631150000000,13631150000000,Imperial,Central Union High,4285
cenroll2021.txt,2020_21,2020-21,13,63123,0000000,1363123,13631230000000,13631230000000,Imperial,El Centro Elementary,5708
cenroll2021.txt,2020_21,2020-21,13,63131,0000000,1363131,13631310000000,13631310000000,Imperial,Heber Elementary,1209
cenroll2021.txt,2020_21,2020-21,13,63149,0000000,1363149,13631490000000,13631490000000,Imperial,Holtville Unified,1667
cenroll2021.txt,2020_21,2020-21,13,10132,0000000,1310132,13101320000000,13101320000000,Imperial,Imperial County Office of Education,989
cenroll2021.txt,2020_21,2020-21,13,63164,0000000,1363164,13631640000000,13631640000000,Imperial,Imperial Unified,4430
cenroll2021.txt,2020_21,2020-21,13,63172,0000000,1363172,13631720000000,13631720000000,Imperial,Magnolia Union Elementary,138
cenroll2021.txt,2020_21,2020-21,13,63180,0000000,1363180,13631800000000,13631800000000,Imperial,McCabe Union Elementary,1335
cenroll2021.txt,2020_21,2020-21,13,63198,0000000,1363198,13631980000000,13631980000000,Imperial,Meadows Union Elementary,432
cenroll2021.txt,2020_21,2020-21,13,63206,0000000,1363206,13632060000000,13632060000000,Imperial,Mulberry Elementary,83
cenroll2021.txt,2020_21,2020-21,13,63214,0000000,1363214,13632140000000,13632140000000,Imperial,San Pasqual Valley Unified,651
cenroll2021.txt,2020_21,2020-21,13,63222,0000000,1363222,13632220000000,13632220000000,Imperial,Seeley Union Elementary,422
cenroll2021.txt,2020_21,2020-21,13,63230,0000000,1363230,13632300000000,13632300000000,Imperial,Westmorland Union Elementary,379
cenroll2021.txt,2020_21,2020-21,14,63248,0000000,1463248,14632480000000,14632480000000,Inyo,Big Pine Unified,187
cenroll2021.txt,2020_21,2020-21,14,76687,0000000,1476687,14766870000000,14766870000000,Inyo,Bishop Unified,2091
cenroll2021.txt,2020_21,2020-21,14,63271,0000000,1463271,14632710000000,14632710000000,Inyo,Death Valley Unified,25
cenroll2021.txt,2020_21,2020-21,14,10140,0000000,1410140,14101400000000,14101400000000,Inyo,Inyo County Office of Education,2416
cenroll2021.txt,2020_21,2020-21,14,63289,0000000,1463289,14632890000000,14632890000000,Inyo,Lone Pine Unified,337
cenroll2021.txt,2020_21,2020-21,14,63297,0000000,1463297,14632970000000,14632970000000,Inyo,Owens Valley Unified,73
cenroll2021.txt,2020_21,2020-21,14,63305,0000000,1463305,14633050000000,14633050000000,Inyo,Round Valley Joint Elementary,73
cenroll2021.txt,2020_21,2020-21,15,63313,0000000,1563313,15633130000000,15633130000000,Kern,Arvin Union,3122
cenroll2021.txt,2020_21,2020-21,15,63321,0000000,1563321,15633210000000,15633210000000,Kern,Bakersfield City,30891
cenroll2021.txt,2020_21,2020-21,15,63339,0000000,1563339,15633390000000,15633390000000,Kern,Beardsley Elementary,2072
cenroll2021.txt,2020_21,2020-21,15,63347,0000000,1563347,15633470000000,15633470000000,Kern,Belridge Elementary,25
cenroll2021.txt,2020_21,2020-21,15,63354,0000000,1563354,15633540000000,15633540000000,Kern,Blake Elementary,22
cenroll2021.txt,2020_21,2020-21,15,63370,0000000,1563370,15633700000000,15633700000000,Kern,Buttonwillow Union Elementary,335
cenroll2021.txt,2020_21,2020-21,15,63388,0000000,1563388,15633880000000,15633880000000,Kern,Caliente Union Elementary,59
cenroll2021.txt,2020_21,2020-21,15,63412,0000000,1563412,15634120000000,15634120000000,Kern,Delano Joint Union High,4320
cenroll2021.txt,2020_21,2020-21,15,63404,0000000,1563404,15634040000000,15634040000000,Kern,Delano Union Elementary,6592
cenroll2021.txt,2020_21,2020-21,15,63420,0000000,1563420,15634200000000,15634200000000,Kern,Di Giorgio Elementary,207
cenroll2021.txt,2020_21,2020-21,15,63438,0000000,1563438,15634380000000,15634380000000,Kern,Edison Elementary,1079
cenroll2021.txt,2020_21,2020-21,15,75168,0000000,1575168,15751680000000,15751680000000,Kern,El Tejon Unified,753
cenroll2021.txt,2020_21,2020-21,15,63446,0000000,1563446,15634460000000,15634460000000,Kern,Elk Hills Elementary,183
cenroll2021.txt,2020_21,2020-21,15,63461,0000000,1563461,15634610000000,15634610000000,Kern,Fairfax Elementary,2877
cenroll2021.txt,2020_21,2020-21,15,63479,0000000,1563479,15634790000000,15634790000000,Kern,Fruitvale Elementary,3234
cenroll2021.txt,2020_21,2020-21,15,63487,0000000,1563487,15634870000000,15634870000000,Kern,General Shafter Elementary,190
cenroll2021.txt,2020_21,2020-21,15,63503,0000000,1563503,15635030000000,15635030000000,Kern,Greenfield Union,9818
cenroll2021.txt,2020_21,2020-21,15,10157,0000000,1510157,15101570000000,15101570000000,Kern,Kern County Office of Education,7061
cenroll2021.txt,2020_21,2020-21,15,63529,0000000,1563529,15635290000000,15635290000000,Kern,Kern High,43487
cenroll2021.txt,2020_21,2020-21,15,63545,0000000,1563545,15635450000000,15635450000000,Kern,Kernville Union Elementary,911
cenroll2021.txt,2020_21,2020-21,15,63552,0000000,1563552,15635520000000,15635520000000,Kern,Lakeside Union,1532
cenroll2021.txt,2020_21,2020-21,15,63560,0000000,1563560,15635600000000,15635600000000,Kern,Lamont Elementary,2939
cenroll2021.txt,2020_21,2020-21,15,63586,0000000,1563586,15635860000000,15635860000000,Kern,Linns Valley-Poso Flat Union,18
cenroll2021.txt,2020_21,2020-21,15,63594,0000000,1563594,15635940000000,15635940000000,Kern,Lost Hills Union Elementary,312
cenroll2021.txt,2020_21,2020-21,15,63610,0000000,1563610,15636100000000,15636100000000,Kern,Maple Elementary,292
cenroll2021.txt,2020_21,2020-21,15,63628,0000000,1563628,15636280000000,15636280000000,Kern,Maricopa Unified,13845
cenroll2021.txt,2020_21,2020-21,15,73908,0000000,1573908,15739080000000,15739080000000,Kern,McFarland Unified,3588
cenroll2021.txt,2020_21,2020-21,15,63651,0000000,1563651,15636510000000,15636510000000,Kern,McKittrick Elementary,68
cenroll2021.txt,2020_21,2020-21,15,63669,0000000,1563669,15636690000000,15636690000000,Kern,Midway Elementary,85
cenroll2021.txt,2020_21,2020-21,15,63677,0000000,1563677,15636770000000,15636770000000,Kern,Mojave Unified,3109
cenroll2021.txt,2020_21,2020-21,15,63685,0000000,1563685,15636850000000,15636850000000,Kern,Muroc Joint Unified,1853
cenroll2021.txt,2020_21,2020-21,15,63693,0000000,1563693,15636930000000,15636930000000,Kern,Norris Elementary,4112
cenroll2021.txt,2020_21,2020-21,15,63362,0000000,1563362,15633620000000,15633620000000,Kern,Panama-Buena Vista Union,19182
cenroll2021.txt,2020_21,2020-21,15,63719,0000000,1563719,15637190000000,15637190000000,Kern,Pond Union Elementary,182
cenroll2021.txt,2020_21,2020-21,15,63578,0000000,1563578,15635780000000,15635780000000,Kern,Richland Union Elementary,3520
cenroll2021.txt,2020_21,2020-21,15,73544,0000000,1573544,15735440000000,15735440000000,Kern,Rio Bravo-Greeley Union Elementary,1053
cenroll2021.txt,2020_21,2020-21,15,63750,0000000,1563750,15637500000000,15637500000000,Kern,Rosedale Union Elementary,6144
cenroll2021.txt,2020_21,2020-21,15,63768,0000000,1563768,15637680000000,15637680000000,Kern,Semitropic Elementary,184
cenroll2021.txt,2020_21,2020-21,15,73742,0000000,1573742,15737420000000,15737420000000,Kern,Sierra Sands Unified,5404
cenroll2021.txt,2020_21,2020-21,15,63784,0000000,1563784,15637840000000,15637840000000,Kern,South Fork Union,325
cenroll2021.txt,2020_21,2020-21,15,63776,0000000,1563776,15637760000000,15637760000000,Kern,Southern Kern Unified,3601
cenroll2021.txt,2020_21,2020-21,15,63792,0000000,1563792,15637920000000,15637920000000,Kern,Standard Elementary,3173
cenroll2021.txt,2020_21,2020-21,15,63800,0000000,1563800,15638000000000,15638000000000,Kern,Taft City,2518
cenroll2021.txt,2020_21,2020-21,15,63818,0000000,1563818,15638180000000,15638180000000,Kern,Taft Union High,1143
cenroll2021.txt,2020_21,2020-21,15,63826,0000000,1563826,15638260000000,15638260000000,Kern,Tehachapi Unified,4268
cenroll2021.txt,2020_21,2020-21,15,63834,0000000,1563834,15638340000000,15638340000000,Kern,Vineland Elementary,705
cenroll2021.txt,2020_21,2020-21,15,63842,0000000,1563842,15638420000000,15638420000000,Kern,Wasco Union Elementary,3624
cenroll2021.txt,2020_21,2020-21,15,63859,0000000,1563859,15638590000000,15638590000000,Kern,Wasco Union High,1974
cenroll2021.txt,2020_21,2020-21,16,63875,0000000,1663875,16638750000000,16638750000000,Kings,Armona Union Elementary,1907
cenroll2021.txt,2020_21,2020-21,16,63883,0000000,1663883,16638830000000,16638830000000,Kings,Central Union Elementary,1968
cenroll2021.txt,2020_21,2020-21,16,63891,0000000,1663891,16638910000000,16638910000000,Kings,Corcoran Joint Unified,3454
cenroll2021.txt,2020_21,2020-21,16,63917,0000000,1663917,16639170000000,16639170000000,Kings,Hanford Elementary,6034
cenroll2021.txt,2020_21,2020-21,16,63925,0000000,1663925,16639250000000,16639250000000,Kings,Hanford Joint Union High,4219
cenroll2021.txt,2020_21,2020-21,16,63933,0000000,1663933,16639330000000,16639330000000,Kings,Island Union Elementary,419
cenroll2021.txt,2020_21,2020-21,16,10165,0000000,1610165,16101650000000,16101650000000,Kings,Kings County Office of Education,426
cenroll2021.txt,2020_21,2020-21,16,63941,0000000,1663941,16639410000000,16639410000000,Kings,Kings River-Hardwick Union Elementary,845
cenroll2021.txt,2020_21,2020-21,16,63958,0000000,1663958,16639580000000,16639580000000,Kings,Kit Carson Union Elementary,2078
cenroll2021.txt,2020_21,2020-21,16,63966,0000000,1663966,16639660000000,16639660000000,Kings,Lakeside Union Elementary,292
cenroll2021.txt,2020_21,2020-21,16,63974,0000000,1663974,16639740000000,16639740000000,Kings,Lemoore Union Elementary,3473
cenroll2021.txt,2020_21,2020-21,16,63982,0000000,1663982,16639820000000,16639820000000,Kings,Lemoore Union High,2459
cenroll2021.txt,2020_21,2020-21,16,63990,0000000,1663990,16639900000000,16639900000000,Kings,Pioneer Union Elementary,1646
cenroll2021.txt,2020_21,2020-21,16,73932,0000000,1673932,16739320000000,16739320000000,Kings,Reef-Sunset Unified,2860
cenroll2021.txt,2020_21,2020-21,17,64014,0000000,1764014,17640140000000,17640140000000,Lake,Kelseyville Unified,1871
cenroll2021.txt,2020_21,2020-21,17,64022,0000000,1764022,17640220000000,17640220000000,Lake,Konocti Unified,3859
cenroll2021.txt,2020_21,2020-21,17,10173,0000000,1710173,17101730000000,17101730000000,Lake,Lake County Office of Education,32
cenroll2021.txt,2020_21,2020-21,17,64030,0000000,1764030,17640300000000,17640300000000,Lake,Lakeport Unified,1488
cenroll2021.txt,2020_21,2020-21,17,64048,0000000,1764048,17640480000000,17640480000000,Lake,Lucerne Elementary,307
cenroll2021.txt,2020_21,2020-21,17,64055,0000000,1764055,17640550000000,17640550000000,Lake,Middletown Unified,1771
cenroll2021.txt,2020_21,2020-21,17,76976,0000000,1776976,17769760000000,17769760000000,Lake,Upper Lake Unified,919
cenroll2021.txt,2020_21,2020-21,18,64089,0000000,1864089,18640890000000,18640890000000,Lassen,Big Valley Joint Unified,138
cenroll2021.txt,2020_21,2020-21,18,75036,0000000,1875036,18750360000000,18750360000000,Lassen,Fort Sage Unified,580
cenroll2021.txt,2020_21,2020-21,18,64105,0000000,1864105,18641050000000,18641050000000,Lassen,Janesville Union Elementary,417
cenroll2021.txt,2020_21,2020-21,18,64113,0000000,1864113,18641130000000,18641130000000,Lassen,Johnstonville Elementary,204
cenroll2021.txt,2020_21,2020-21,18,10181,0000000,1810181,18101810000000,18101810000000,Lassen,Lassen County Office of Education,12
cenroll2021.txt,2020_21,2020-21,18,64139,0000000,1864139,18641390000000,18641390000000,Lassen,Lassen Union High,897
cenroll2021.txt,2020_21,2020-21,18,64162,0000000,1864162,18641620000000,18641620000000,Lassen,Ravendale-Termo Elementary,16
cenroll2021.txt,2020_21,2020-21,18,64170,0000000,1864170,18641700000000,18641700000000,Lassen,Richmond Elementary,216
cenroll2021.txt,2020_21,2020-21,18,64188,0000000,1864188,18641880000000,18641880000000,Lassen,Shaffer Union Elementary,207
cenroll2021.txt,2020_21,2020-21,18,64196,0000000,1864196,18641960000000,18641960000000,Lassen,Susanville Elementary,1365
cenroll2021.txt,2020_21,2020-21,18,64204,0000000,1864204,18642040000000,18642040000000,Lassen,Westwood Unified,222
cenroll2021.txt,2020_21,2020-21,19,64212,0000000,1964212,19642120000000,19642120000000,Los Angeles,ABC Unified,19940
cenroll2021.txt,2020_21,2020-21,19,75309,0000000,1975309,19753090000000,19753090000000,Los Angeles,Acton-Agua Dulce Unified,17344
cenroll2021.txt,2020_21,2020-21,19,75713,0000000,1975713,19757130000000,19757130000000,Los Angeles,Alhambra Unified,16017
cenroll2021.txt,2020_21,2020-21,19,64246,0000000,1964246,19642460000000,19642460000000,Los Angeles,Antelope Valley Union High,24018
cenroll2021.txt,2020_21,2020-21,19,64261,0000000,1964261,19642610000000,19642610000000,Los Angeles,Arcadia Unified,9204
cenroll2021.txt,2020_21,2020-21,19,64279,0000000,1964279,19642790000000,19642790000000,Los Angeles,Azusa Unified,7604
cenroll2021.txt,2020_21,2020-21,19,64287,0000000,1964287,19642870000000,19642870000000,Los Angeles,Baldwin Park Unified,20436
cenroll2021.txt,2020_21,2020-21,19,64295,0000000,1964295,19642950000000,19642950000000,Los Angeles,Bassett Unified,3301
cenroll2021.txt,2020_21,2020-21,19,64303,0000000,1964303,19643030000000,19643030000000,Los Angeles,Bellflower Unified,11049
cenroll2021.txt,2020_21,2020-21,19,64311,0000000,1964311,19643110000000,19643110000000,Los Angeles,Beverly Hills Unified,3406
cenroll2021.txt,2020_21,2020-21,19,64329,0000000,1964329,19643290000000,19643290000000,Los Angeles,Bonita Unified,9974
cenroll2021.txt,2020_21,2020-21,19,64337,0000000,1964337,19643370000000,19643370000000,Los Angeles,Burbank Unified,15055
cenroll2021.txt,2020_21,2020-21,19,64345,0000000,1964345,19643450000000,19643450000000,Los Angeles,Castaic Union,1948
cenroll2021.txt,2020_21,2020-21,19,64352,0000000,1964352,19643520000000,19643520000000,Los Angeles,Centinela Valley Union High,7449
cenroll2021.txt,2020_21,2020-21,19,64378,0000000,1964378,19643780000000,19643780000000,Los Angeles,Charter Oak Unified,4691
cenroll2021.txt,2020_21,2020-21,19,64394,0000000,1964394,19643940000000,19643940000000,Los Angeles,Claremont Unified,6872
cenroll2021.txt,2020_21,2020-21,19,73437,0000000,1973437,19734370000000,19734370000000,Los Angeles,Compton Unified,23174
cenroll2021.txt,2020_21,2020-21,19,64436,0000000,1964436,19644360000000,19644360000000,Los Angeles,Covina-Valley Unified,11775
cenroll2021.txt,2020_21,2020-21,19,64444,0000000,1964444,19644440000000,19644440000000,Los Angeles,Culver City Unified,7172
cenroll2021.txt,2020_21,2020-21,19,64451,0000000,1964451,19644510000000,19644510000000,Los Angeles,Downey Unified,22731
cenroll2021.txt,2020_21,2020-21,19,64469,0000000,1964469,19644690000000,19644690000000,Los Angeles,Duarte Unified,10109
cenroll2021.txt,2020_21,2020-21,19,64485,0000000,1964485,19644850000000,19644850000000,Los Angeles,East Whittier City Elementary,8479
cenroll2021.txt,2020_21,2020-21,19,64477,0000000,1964477,19644770000000,19644770000000,Los Angeles,Eastside Union Elementary,3320
cenroll2021.txt,2020_21,2020-21,19,64501,0000000,1964501,19645010000000,19645010000000,Los Angeles,El Monte City,7825
cenroll2021.txt,2020_21,2020-21,19,64519,0000000,1964519,19645190000000,19645190000000,Los Angeles,El Monte Union High,8610
cenroll2021.txt,2020_21,2020-21,19,64527,0000000,1964527,19645270000000,19645270000000,Los Angeles,El Rancho Unified,8162
cenroll2021.txt,2020_21,2020-21,19,64535,0000000,1964535,19645350000000,19645350000000,Los Angeles,El Segundo Unified,3522
cenroll2021.txt,2020_21,2020-21,19,64550,0000000,1964550,19645500000000,19645500000000,Los Angeles,Garvey Elementary,4610
cenroll2021.txt,2020_21,2020-21,19,64568,0000000,1964568,19645680000000,19645680000000,Los Angeles,Glendale Unified,25507
cenroll2021.txt,2020_21,2020-21,19,64576,0000000,1964576,19645760000000,19645760000000,Los Angeles,Glendora Unified,7007
cenroll2021.txt,2020_21,2020-21,19,64584,0000000,1964584,19645840000000,19645840000000,Los Angeles,Gorman Joint,1406
cenroll2021.txt,2020_21,2020-21,19,73445,0000000,1973445,19734450000000,19734450000000,Los Angeles,Hacienda la Puente Unified,17797
cenroll2021.txt,2020_21,2020-21,19,64592,0000000,1964592,19645920000000,19645920000000,Los Angeles,Hawthorne,7841
cenroll2021.txt,2020_21,2020-21,19,64600,0000000,1964600,19646000000000,19646000000000,Los Angeles,Hermosa Beach City Elementary,1258
cenroll2021.txt,2020_21,2020-21,19,64626,0000000,1964626,19646260000000,19646260000000,Los Angeles,Hughes-Elizabeth Lakes Union Elementary,180
cenroll2021.txt,2020_21,2020-21,19,64634,0000000,1964634,19646340000000,19646340000000,Los Angeles,Inglewood Unified,10083
cenroll2021.txt,2020_21,2020-21,19,64642,0000000,1964642,19646420000000,19646420000000,Los Angeles,Keppel Union Elementary,2971
cenroll2021.txt,2020_21,2020-21,19,64659,0000000,1964659,19646590000000,19646590000000,Los Angeles,La Canada Unified,4061
cenroll2021.txt,2020_21,2020-21,19,64667,0000000,1964667,19646670000000,19646670000000,Los Angeles,Lancaster Elementary,15750
cenroll2021.txt,2020_21,2020-21,19,64683,0000000,1964683,19646830000000,19646830000000,Los Angeles,Las Virgenes Unified,10557
cenroll2021.txt,2020_21,2020-21,19,64691,0000000,1964691,19646910000000,19646910000000,Los Angeles,Lawndale Elementary,5581
cenroll2021.txt,2020_21,2020-21,19,64709,0000000,1964709,19647090000000,19647090000000,Los Angeles,Lennox,6555
cenroll2021.txt,2020_21,2020-21,19,64717,0000000,1964717,19647170000000,19647170000000,Los Angeles,Little Lake City Elementary,4174
cenroll2021.txt,2020_21,2020-21,19,64725,0000000,1964725,19647250000000,19647250000000,Los Angeles,Long Beach Unified,71652
cenroll2021.txt,2020_21,2020-21,19,10199,0000000,1910199,19101990000000,19101990000000,Los Angeles,Los Angeles County Office of Education,10133
cenroll2021.txt,2020_21,2020-21,19,64733,0000000,1964733,19647330000000,19647330000000,Los Angeles,Los Angeles Unified,589601
cenroll2021.txt,2020_21,2020-21,19,64758,0000000,1964758,19647580000000,19647580000000,Los Angeles,Los Nietos,1414
cenroll2021.txt,2020_21,2020-21,19,64766,0000000,1964766,19647660000000,19647660000000,Los Angeles,Lowell Joint,3293
cenroll2021.txt,2020_21,2020-21,19,64774,0000000,1964774,19647740000000,19647740000000,Los Angeles,Lynwood Unified,13036
cenroll2021.txt,2020_21,2020-21,19,75333,0000000,1975333,19753330000000,19753330000000,Los Angeles,Manhattan Beach Unified,6174
cenroll2021.txt,2020_21,2020-21,19,64790,0000000,1964790,19647900000000,19647900000000,Los Angeles,Monrovia Unified,5394
cenroll2021.txt,2020_21,2020-21,19,64808,0000000,1964808,19648080000000,19648080000000,Los Angeles,Montebello Unified,23682
cenroll2021.txt,2020_21,2020-21,19,64816,0000000,1964816,19648160000000,19648160000000,Los Angeles,Mountain View Elementary,5959
cenroll2021.txt,2020_21,2020-21,19,64832,0000000,1964832,19648320000000,19648320000000,Los Angeles,Newhall,6202
cenroll2021.txt,2020_21,2020-21,19,64840,0000000,1964840,19648400000000,19648400000000,Los Angeles,Norwalk-La Mirada Unified,16596
cenroll2021.txt,2020_21,2020-21,19,64857,0000000,1964857,19648570000000,19648570000000,Los Angeles,Palmdale Elementary,22795
cenroll2021.txt,2020_21,2020-21,19,64865,0000000,1964865,19648650000000,19648650000000,Los Angeles,Palos Verdes Peninsula Unified,10751
cenroll2021.txt,2020_21,2020-21,19,64873,0000000,1964873,19648730000000,19648730000000,Los Angeles,Paramount Unified,14071
cenroll2021.txt,2020_21,2020-21,19,64881,0000000,1964881,19648810000000,19648810000000,Los Angeles,Pasadena Unified,17530
cenroll2021.txt,2020_21,2020-21,19,64907,0000000,1964907,19649070000000,19649070000000,Los Angeles,Pomona Unified,23301
cenroll2021.txt,2020_21,2020-21,19,75341,0000000,1975341,19753410000000,19753410000000,Los Angeles,Redondo Beach Unified,10017
cenroll2021.txt,2020_21,2020-21,19,64931,0000000,1964931,19649310000000,19649310000000,Los Angeles,Rosemead Elementary,2386
cenroll2021.txt,2020_21,2020-21,19,73452,0000000,1973452,19734520000000,19734520000000,Los Angeles,Rowland Unified,14234
cenroll2021.txt,2020_21,2020-21,19,75291,0000000,1975291,19752910000000,19752910000000,Los Angeles,San Gabriel Unified,6820
cenroll2021.txt,2020_21,2020-21,19,64964,0000000,1964964,19649640000000,19649640000000,Los Angeles,San Marino Unified,2899
cenroll2021.txt,2020_21,2020-21,19,64980,0000000,1964980,19649800000000,19649800000000,Los Angeles,Santa Monica-Malibu Unified,9933
cenroll2021.txt,2020_21,2020-21,19,64998,0000000,1964998,19649980000000,19649980000000,Los Angeles,Saugus Union,9443
cenroll2021.txt,2020_21,2020-21,19,76968,0000000,1976968,19769680000000,19769680000000,Los Angeles,SBE - Academia Avance Charter,301
cenroll2021.txt,2020_21,2020-21,19,77081,0000000,1977081,19770810000000,19770810000000,Los Angeles,SBE - Celerity Himalia,710
cenroll2021.txt,2020_21,2020-21,19,77289,0000000,1977289,19772890000000,19772890000000,Los Angeles,SBE - Los Angeles College Prep Academy,69
cenroll2021.txt,2020_21,2020-21,19,75663,0000000,1975663,19756630000000,19756630000000,Los Angeles,SBE - New West Charter,1051
cenroll2021.txt,2020_21,2020-21,19,76992,0000000,1976992,19769920000000,19769920000000,Los Angeles,SBE - Prepa Tec Los Angeles High,326
cenroll2021.txt,2020_21,2020-21,19,75697,0000000,1975697,19756970000000,19756970000000,Los Angeles,SBE - The School of Arts and Enterprise,753
cenroll2021.txt,2020_21,2020-21,19,65029,0000000,1965029,19650290000000,19650290000000,Los Angeles,South Pasadena Unified,4870
cenroll2021.txt,2020_21,2020-21,19,65037,0000000,1965037,19650370000000,19650370000000,Los Angeles,South Whittier Elementary,2534
cenroll2021.txt,2020_21,2020-21,19,65045,0000000,1965045,19650450000000,19650450000000,Los Angeles,Sulphur Springs Union,5309
cenroll2021.txt,2020_21,2020-21,19,65052,0000000,1965052,19650520000000,19650520000000,Los Angeles,Temple City Unified,5560
cenroll2021.txt,2020_21,2020-21,19,65060,0000000,1965060,19650600000000,19650600000000,Los Angeles,Torrance Unified,23043
cenroll2021.txt,2020_21,2020-21,19,65078,0000000,1965078,19650780000000,19650780000000,Los Angeles,Valle Lindo Elementary,1026
cenroll2021.txt,2020_21,2020-21,19,73460,0000000,1973460,19734600000000,19734600000000,Los Angeles,Walnut Valley Unified,13784
cenroll2021.txt,2020_21,2020-21,19,65094,0000000,1965094,19650940000000,19650940000000,Los Angeles,West Covina Unified,15172
cenroll2021.txt,2020_21,2020-21,19,65102,0000000,1965102,19651020000000,19651020000000,Los Angeles,Westside Union Elementary,9603
cenroll2021.txt,2020_21,2020-21,19,65110,0000000,1965110,19651100000000,19651100000000,Los Angeles,Whittier City Elementary,6071
cenroll2021.txt,2020_21,2020-21,19,65128,0000000,1965128,19651280000000,19651280000000,Los Angeles,Whittier Union High,11474
cenroll2021.txt,2020_21,2020-21,19,65136,0000000,1965136,19651360000000,19651360000000,Los Angeles,William S. Hart Union High,24544
cenroll2021.txt,2020_21,2020-21,19,65151,0000000,1965151,19651510000000,19651510000000,Los Angeles,Wilsona Elementary,1306
cenroll2021.txt,2020_21,2020-21,19,76869,0000000,1976869,19768690000000,19768690000000,Los Angeles,Wiseburn Unified,4845
cenroll2021.txt,2020_21,2020-21,20,65177,0000000,2065177,20651770000000,20651770000000,Madera,Alview-Dairyland Union Elementary,395
cenroll2021.txt,2020_21,2020-21,20,65185,0000000,2065185,20651850000000,20651850000000,Madera,Bass Lake Joint Union Elementary,952
cenroll2021.txt,2020_21,2020-21,20,75606,0000000,2075606,20756060000000,20756060000000,Madera,Chawanakee Unified,1679
cenroll2021.txt,2020_21,2020-21,20,65193,0000000,2065193,20651930000000,20651930000000,Madera,Chowchilla Elementary,2326
cenroll2021.txt,2020_21,2020-21,20,65201,0000000,2065201,20652010000000,20652010000000,Madera,Chowchilla Union High,1156
cenroll2021.txt,2020_21,2020-21,20,75580,0000000,2075580,20755800000000,20755800000000,Madera,Golden Valley Unified,2330
cenroll2021.txt,2020_21,2020-21,20,10207,0000000,2010207,20102070000000,20102070000000,Madera,Madera County Superintendent of Schools,951
cenroll2021.txt,2020_21,2020-21,20,65243,0000000,2065243,20652430000000,20652430000000,Madera,Madera Unified,21566
cenroll2021.txt,2020_21,2020-21,20,65276,0000000,2065276,20652760000000,20652760000000,Madera,Raymond-Knowles Union Elementary,81
cenroll2021.txt,2020_21,2020-21,20,76414,0000000,2076414,20764140000000,20764140000000,Madera,Yosemite Unified,1861
cenroll2021.txt,2020_21,2020-21,21,65300,0000000,2165300,21653000000000,21653000000000,Marin,Bolinas-Stinson Union,92
cenroll2021.txt,2020_21,2020-21,21,65334,0000000,2165334,21653340000000,21653340000000,Marin,Kentfield Elementary,1122
cenroll2021.txt,2020_21,2020-21,21,65342,0000000,2165342,21653420000000,21653420000000,Marin,Laguna Joint Elementary,20
cenroll2021.txt,2020_21,2020-21,21,65359,0000000,2165359,21653590000000,21653590000000,Marin,Lagunitas Elementary,239
cenroll2021.txt,2020_21,2020-21,21,65367,0000000,2165367,21653670000000,21653670000000,Marin,Larkspur-Corte Madera,1491
cenroll2021.txt,2020_21,2020-21,21,65375,0000000,2165375,21653750000000,21653750000000,Marin,Lincoln Elementary,10
cenroll2021.txt,2020_21,2020-21,21,10215,0000000,2110215,21102150000000,21102150000000,Marin,Marin County Office of Education,421
cenroll2021.txt,2020_21,2020-21,21,65391,0000000,2165391,21653910000000,21653910000000,Marin,Mill Valley Elementary,2745
cenroll2021.txt,2020_21,2020-21,21,65318,0000000,2165318,21653180000000,21653180000000,Marin,Miller Creek Elementary,1918
cenroll2021.txt,2020_21,2020-21,21,65409,0000000,2165409,21654090000000,21654090000000,Marin,Nicasio,37
cenroll2021.txt,2020_21,2020-21,21,65417,0000000,2165417,21654170000000,21654170000000,Marin,Novato Unified,7744
cenroll2021.txt,2020_21,2020-21,21,65425,0000000,2165425,21654250000000,21654250000000,Marin,Reed Union Elementary,1205
cenroll2021.txt,2020_21,2020-21,21,65433,0000000,2165433,21654330000000,21654330000000,Marin,Ross Elementary,395
cenroll2021.txt,2020_21,2020-21,21,75002,0000000,2175002,21750020000000,21750020000000,Marin,Ross Valley Elementary,1844
cenroll2021.txt,2020_21,2020-21,21,65458,0000000,2165458,21654580000000,21654580000000,Marin,San Rafael City Elementary,4541
cenroll2021.txt,2020_21,2020-21,21,65466,0000000,2165466,21654660000000,21654660000000,Marin,San Rafael City High,2746
cenroll2021.txt,2020_21,2020-21,21,65474,0000000,2165474,21654740000000,21654740000000,Marin,Sausalito Marin City,488
cenroll2021.txt,2020_21,2020-21,21,77065,0000000,2177065,21770650000000,21770650000000,Marin,SBE - Ross Valley Elementary,227
cenroll2021.txt,2020_21,2020-21,21,73361,0000000,2173361,21733610000000,21733610000000,Marin,Shoreline Unified,519
cenroll2021.txt,2020_21,2020-21,21,65482,0000000,2165482,21654820000000,21654820000000,Marin,Tamalpais Union High,5237
cenroll2021.txt,2020_21,2020-21,22,10223,0000000,2210223,22102230000000,22102230000000,Mariposa,Mariposa County Office of Education,46
cenroll2021.txt,2020_21,2020-21,22,65532,0000000,2265532,22655320000000,22655320000000,Mariposa,Mariposa County Unified,1923
cenroll2021.txt,2020_21,2020-21,23,65540,0000000,2365540,23655400000000,23655400000000,Mendocino,Anderson Valley Unified,460
cenroll2021.txt,2020_21,2020-21,23,65557,0000000,2365557,23655570000000,23655570000000,Mendocino,Arena Union Elementary,299
cenroll2021.txt,2020_21,2020-21,23,65565,0000000,2365565,23655650000000,23655650000000,Mendocino,Fort Bragg Unified,1835
cenroll2021.txt,2020_21,2020-21,23,73916,0000000,2373916,23739160000000,23739160000000,Mendocino,Laytonville Unified,380
cenroll2021.txt,2020_21,2020-21,23,75218,0000000,2375218,23752180000000,23752180000000,Mendocino,Leggett Valley Unified,151
cenroll2021.txt,2020_21,2020-21,23,65573,0000000,2365573,23655730000000,23655730000000,Mendocino,Manchester Union Elementary,44
cenroll2021.txt,2020_21,2020-21,23,10231,0000000,2310231,23102310000000,23102310000000,Mendocino,Mendocino County Office of Education,138
cenroll2021.txt,2020_21,2020-21,23,65581,0000000,2365581,23655810000000,23655810000000,Mendocino,Mendocino Unified,521
cenroll2021.txt,2020_21,2020-21,23,65599,0000000,2365599,23655990000000,23655990000000,Mendocino,Point Arena Joint Union High,152
cenroll2021.txt,2020_21,2020-21,23,73866,0000000,2373866,23738660000000,23738660000000,Mendocino,Potter Valley Community Unified,280
cenroll2021.txt,2020_21,2020-21,23,65607,0000000,2365607,23656070000000,23656070000000,Mendocino,Round Valley Unified,532
cenroll2021.txt,2020_21,2020-21,23,65615,0000000,2365615,23656150000000,23656150000000,Mendocino,Ukiah Unified,6764
cenroll2021.txt,2020_21,2020-21,23,65623,0000000,2365623,23656230000000,23656230000000,Mendocino,Willits Unified,1941
cenroll2021.txt,2020_21,2020-21,24,65631,0000000,2465631,24656310000000,24656310000000,Merced,Atwater Elementary,5077
cenroll2021.txt,2020_21,2020-21,24,65649,0000000,2465649,24656490000000,24656490000000,Merced,Ballico-Cressey Elementary,358
cenroll2021.txt,2020_21,2020-21,24,75366,0000000,2475366,24753660000000,24753660000000,Merced,Delhi Unified,2616
cenroll2021.txt,2020_21,2020-21,24,75317,0000000,2475317,24753170000000,24753170000000,Merced,Dos Palos Oro Loma Joint Unified,2424
cenroll2021.txt,2020_21,2020-21,24,65680,0000000,2465680,24656800000000,24656800000000,Merced,El Nido Elementary,170
cenroll2021.txt,2020_21,2020-21,24,73619,0000000,2473619,24736190000000,24736190000000,Merced,Gustine Unified,1867
cenroll2021.txt,2020_21,2020-21,24,65698,0000000,2465698,24656980000000,24656980000000,Merced,Hilmar Unified,2433
cenroll2021.txt,2020_21,2020-21,24,65722,0000000,2465722,24657220000000,24657220000000,Merced,Le Grand Union Elementary,372
cenroll2021.txt,2020_21,2020-21,24,65730,0000000,2465730,24657300000000,24657300000000,Merced,Le Grand Union High,550
cenroll2021.txt,2020_21,2020-21,24,65748,0000000,2465748,24657480000000,24657480000000,Merced,Livingston Union,2613
cenroll2021.txt,2020_21,2020-21,24,65755,0000000,2465755,24657550000000,24657550000000,Merced,Los Banos Unified,11338
cenroll2021.txt,2020_21,2020-21,24,65763,0000000,2465763,24657630000000,24657630000000,Merced,McSwain Union Elementary,885
cenroll2021.txt,2020_21,2020-21,24,65771,0000000,2465771,24657710000000,24657710000000,Merced,Merced City Elementary,11549
cenroll2021.txt,2020_21,2020-21,24,10249,0000000,2410249,24102490000000,24102490000000,Merced,Merced County Office of Education,1964
cenroll2021.txt,2020_21,2020-21,24,73726,0000000,2473726,24737260000000,24737260000000,Merced,Merced River Union Elementary,267
cenroll2021.txt,2020_21,2020-21,24,65789,0000000,2465789,24657890000000,24657890000000,Merced,Merced Union High,11318
cenroll2021.txt,2020_21,2020-21,24,65813,0000000,2465813,24658130000000,24658130000000,Merced,Plainsburg Union Elementary,110
cenroll2021.txt,2020_21,2020-21,24,65821,0000000,2465821,24658210000000,24658210000000,Merced,Planada Elementary,867
cenroll2021.txt,2020_21,2020-21,24,65839,0000000,2465839,24658390000000,24658390000000,Merced,Snelling-Merced Falls Union Elementary,85
cenroll2021.txt,2020_21,2020-21,24,65862,0000000,2465862,24658620000000,24658620000000,Merced,Weaver Union,3159
cenroll2021.txt,2020_21,2020-21,24,65870,0000000,2465870,24658700000000,24658700000000,Merced,Winton,2054
cenroll2021.txt,2020_21,2020-21,25,10256,0000000,2510256,25102560000000,25102560000000,Modoc,Modoc County Office of Education,24
cenroll2021.txt,2020_21,2020-21,25,73585,0000000,2573585,25735850000000,25735850000000,Modoc,Modoc Joint Unified,891
cenroll2021.txt,2020_21,2020-21,25,65896,0000000,2565896,25658960000000,25658960000000,Modoc,Surprise Valley Joint Unified,129
cenroll2021.txt,2020_21,2020-21,25,73593,0000000,2573593,25735930000000,25735930000000,Modoc,Tulelake Basin Joint Unified,438
cenroll2021.txt,2020_21,2020-21,26,73668,0000000,2673668,26736680000000,26736680000000,Mono,Eastern Sierra Unified,446
cenroll2021.txt,2020_21,2020-21,26,73692,0000000,2673692,26736920000000,26736920000000,Mono,Mammoth Unified,1199
cenroll2021.txt,2020_21,2020-21,26,10264,0000000,2610264,26102640000000,26102640000000,Mono,Mono County Office of Education,395
cenroll2021.txt,2020_21,2020-21,27,65961,0000000,2765961,27659610000000,27659610000000,Monterey,Alisal Union,8583
cenroll2021.txt,2020_21,2020-21,27,75150,0000000,2775150,27751500000000,27751500000000,Monterey,Big Sur Unified,117
cenroll2021.txt,2020_21,2020-21,27,65979,0000000,2765979,27659790000000,27659790000000,Monterey,Bradley Union Elementary,72
cenroll2021.txt,2020_21,2020-21,27,65987,0000000,2765987,27659870000000,27659870000000,Monterey,Carmel Unified,2454
cenroll2021.txt,2020_21,2020-21,27,65995,0000000,2765995,27659950000000,27659950000000,Monterey,Chualar Union,325
cenroll2021.txt,2020_21,2020-21,27,75473,0000000,2775473,27754730000000,27754730000000,Monterey,Gonzales Unified,2299
cenroll2021.txt,2020_21,2020-21,27,66027,0000000,2766027,27660270000000,27660270000000,Monterey,Graves Elementary,40
cenroll2021.txt,2020_21,2020-21,27,66035,0000000,2766035,27660350000000,27660350000000,Monterey,Greenfield Union Elementary,3574
cenroll2021.txt,2020_21,2020-21,27,66050,0000000,2766050,27660500000000,27660500000000,Monterey,King City Union,2638
cenroll2021.txt,2020_21,2020-21,27,66076,0000000,2766076,27660760000000,27660760000000,Monterey,Lagunita Elementary,96
cenroll2021.txt,2020_21,2020-21,27,66084,0000000,2766084,27660840000000,27660840000000,Monterey,Mission Union Elementary,123
cenroll2021.txt,2020_21,2020-21,27,10272,0000000,2710272,27102720000000,27102720000000,Monterey,Monterey County Office of Education,1993
cenroll2021.txt,2020_21,2020-21,27,66092,0000000,2766092,27660920000000,27660920000000,Monterey,Monterey Peninsula Unified,10532
cenroll2021.txt,2020_21,2020-21,27,73825,0000000,2773825,27738250000000,27738250000000,Monterey,North Monterey County Unified,4750
cenroll2021.txt,2020_21,2020-21,27,66134,0000000,2766134,27661340000000,27661340000000,Monterey,Pacific Grove Unified,1979
cenroll2021.txt,2020_21,2020-21,27,66142,0000000,2766142,27661420000000,27661420000000,Monterey,Salinas City Elementary,8548
cenroll2021.txt,2020_21,2020-21,27,66159,0000000,2766159,27661590000000,27661590000000,Monterey,Salinas Union High,17054
cenroll2021.txt,2020_21,2020-21,27,66167,0000000,2766167,27661670000000,27661670000000,Monterey,San Antonio Union Elementary,138
cenroll2021.txt,2020_21,2020-21,27,66175,0000000,2766175,27661750000000,27661750000000,Monterey,San Ardo Union Elementary,119
cenroll2021.txt,2020_21,2020-21,27,66183,0000000,2766183,27661830000000,27661830000000,Monterey,San Lucas Union Elementary,75
cenroll2021.txt,2020_21,2020-21,27,66191,0000000,2766191,27661910000000,27661910000000,Monterey,Santa Rita Union Elementary,3588
cenroll2021.txt,2020_21,2020-21,27,75440,0000000,2775440,27754400000000,27754400000000,Monterey,Soledad Unified,4981
cenroll2021.txt,2020_21,2020-21,27,66068,0000000,2766068,27660680000000,27660680000000,Monterey,South Monterey County Joint Union High,2760
cenroll2021.txt,2020_21,2020-21,27,66225,0000000,2766225,27662250000000,27662250000000,Monterey,Spreckels Union Elementary,993
cenroll2021.txt,2020_21,2020-21,27,66233,0000000,2766233,27662330000000,27662330000000,Monterey,Washington Union Elementary,817
cenroll2021.txt,2020_21,2020-21,28,66241,0000000,2866241,28662410000000,28662410000000,Napa,Calistoga Joint Unified,882
cenroll2021.txt,2020_21,2020-21,28,66258,0000000,2866258,28662580000000,28662580000000,Napa,Howell Mountain Elementary,105
cenroll2021.txt,2020_21,2020-21,28,10280,0000000,2810280,28102800000000,28102800000000,Napa,Napa County Office of Education,146
cenroll2021.txt,2020_21,2020-21,28,66266,0000000,2866266,28662660000000,28662660000000,Napa,Napa Valley Unified,17604
cenroll2021.txt,2020_21,2020-21,28,66282,0000000,2866282,28662820000000,28662820000000,Napa,Pope Valley Union Elementary,58
cenroll2021.txt,2020_21,2020-21,28,66290,0000000,2866290,28662900000000,28662900000000,Napa,Saint Helena Unified,1246
cenroll2021.txt,2020_21,2020-21,29,66316,0000000,2966316,29663160000000,29663160000000,Nevada,Chicago Park Elementary,175
cenroll2021.txt,2020_21,2020-21,29,66324,0000000,2966324,29663240000000,29663240000000,Nevada,Clear Creek Elementary,179
cenroll2021.txt,2020_21,2020-21,29,66332,0000000,2966332,29663320000000,29663320000000,Nevada,Grass Valley Elementary,1806
cenroll2021.txt,2020_21,2020-21,29,66340,0000000,2966340,29663400000000,29663400000000,Nevada,Nevada City Elementary,751
cenroll2021.txt,2020_21,2020-21,29,10298,0000000,2910298,29102980000000,29102980000000,Nevada,Nevada County Office of Education,4187
cenroll2021.txt,2020_21,2020-21,29,66357,0000000,2966357,29663570000000,29663570000000,Nevada,Nevada Joint Union High,2810
cenroll2021.txt,2020_21,2020-21,29,76877,0000000,2976877,29768770000000,29768770000000,Nevada,Penn Valley Union Elementary,642
cenroll2021.txt,2020_21,2020-21,29,66373,0000000,2966373,29663730000000,29663730000000,Nevada,Pleasant Ridge Union Elementary,1348
cenroll2021.txt,2020_21,2020-21,29,66415,0000000,2966415,29664150000000,29664150000000,Nevada,Twin Ridges Elementary,99
cenroll2021.txt,2020_21,2020-21,29,66407,0000000,2966407,29664070000000,29664070000000,Nevada,Union Hill Elementary,748
cenroll2021.txt,2020_21,2020-21,30,66423,0000000,3066423,30664230000000,30664230000000,Orange,Anaheim Elementary,16816
cenroll2021.txt,2020_21,2020-21,30,66431,0000000,3066431,30664310000000,30664310000000,Orange,Anaheim Union High,29828
cenroll2021.txt,2020_21,2020-21,30,66449,0000000,3066449,30664490000000,30664490000000,Orange,Brea-Olinda Unified,6194
cenroll2021.txt,2020_21,2020-21,30,66456,0000000,3066456,30664560000000,30664560000000,Orange,Buena Park Elementary,4345
cenroll2021.txt,2020_21,2020-21,30,66464,0000000,3066464,30664640000000,30664640000000,Orange,Capistrano Unified,52717
cenroll2021.txt,2020_21,2020-21,30,66472,0000000,3066472,30664720000000,30664720000000,Orange,Centralia Elementary,4233
cenroll2021.txt,2020_21,2020-21,30,66480,0000000,3066480,30664800000000,30664800000000,Orange,Cypress Elementary,3660
cenroll2021.txt,2020_21,2020-21,30,66498,0000000,3066498,30664980000000,30664980000000,Orange,Fountain Valley Elementary,6355
cenroll2021.txt,2020_21,2020-21,30,66506,0000000,3066506,30665060000000,30665060000000,Orange,Fullerton Elementary,12676
cenroll2021.txt,2020_21,2020-21,30,66514,0000000,3066514,30665140000000,30665140000000,Orange,Fullerton Joint Union High,13864
cenroll2021.txt,2020_21,2020-21,30,66522,0000000,3066522,30665220000000,30665220000000,Orange,Garden Grove Unified,41156
cenroll2021.txt,2020_21,2020-21,30,66530,0000000,3066530,30665300000000,30665300000000,Orange,Huntington Beach City Elementary,5818
cenroll2021.txt,2020_21,2020-21,30,66548,0000000,3066548,30665480000000,30665480000000,Orange,Huntington Beach Union High,15757
cenroll2021.txt,2020_21,2020-21,30,73650,0000000,3073650,30736500000000,30736500000000,Orange,Irvine Unified,37618
cenroll2021.txt,2020_21,2020-21,30,66563,0000000,3066563,30665630000000,30665630000000,Orange,La Habra City Elementary,4708
cenroll2021.txt,2020_21,2020-21,30,66555,0000000,3066555,30665550000000,30665550000000,Orange,Laguna Beach Unified,2756
cenroll2021.txt,2020_21,2020-21,30,73924,0000000,3073924,30739240000000,30739240000000,Orange,Los Alamitos Unified,9577
cenroll2021.txt,2020_21,2020-21,30,66589,0000000,3066589,30665890000000,30665890000000,Orange,Magnolia Elementary,5574
cenroll2021.txt,2020_21,2020-21,30,66597,0000000,3066597,30665970000000,30665970000000,Orange,Newport-Mesa Unified,19395
cenroll2021.txt,2020_21,2020-21,30,66613,0000000,3066613,30666130000000,30666130000000,Orange,Ocean View,7590
cenroll2021.txt,2020_21,2020-21,30,10306,0000000,3010306,30103060000000,30103060000000,Orange,Orange County Department of Education,12016
cenroll2021.txt,2020_21,2020-21,30,66621,0000000,3066621,30666210000000,30666210000000,Orange,Orange Unified,28039
cenroll2021.txt,2020_21,2020-21,30,66647,0000000,3066647,30666470000000,30666470000000,Orange,Placentia-Yorba Linda Unified,25057
cenroll2021.txt,2020_21,2020-21,30,73635,0000000,3073635,30736350000000,30736350000000,Orange,Saddleback Valley Unified,25874
cenroll2021.txt,2020_21,2020-21,30,66670,0000000,3066670,30666700000000,30666700000000,Orange,Santa Ana Unified,47530
cenroll2021.txt,2020_21,2020-21,30,66696,0000000,3066696,30666960000000,30666960000000,Orange,Savanna Elementary,2046
cenroll2021.txt,2020_21,2020-21,30,76893,0000000,3076893,30768930000000,30768930000000,Orange,SBE - Magnolia Science Academy Santa Ana,553
cenroll2021.txt,2020_21,2020-21,30,73643,0000000,3073643,30736430000000,30736430000000,Orange,Tustin Unified,23662
cenroll2021.txt,2020_21,2020-21,30,66746,0000000,3066746,30667460000000,30667460000000,Orange,Westminster,8869
cenroll2021.txt,2020_21,2020-21,31,66761,0000000,3166761,31667610000000,31667610000000,Placer,Ackerman Charter,598
cenroll2021.txt,2020_21,2020-21,31,66779,0000000,3166779,31667790000000,31667790000000,Placer,Alta-Dutch Flat Union Elementary,97
cenroll2021.txt,2020_21,2020-21,31,66787,0000000,3166787,31667870000000,31667870000000,Placer,Auburn Union Elementary,1871
cenroll2021.txt,2020_21,2020-21,31,66795,0000000,3166795,31667950000000,31667950000000,Placer,Colfax Elementary,392
cenroll2021.txt,2020_21,2020-21,31,66803,0000000,3166803,31668030000000,31668030000000,Placer,Dry Creek Joint Elementary,6749
cenroll2021.txt,2020_21,2020-21,31,66829,0000000,3166829,31668290000000,31668290000000,Placer,Eureka Union,3387
cenroll2021.txt,2020_21,2020-21,31,66837,0000000,3166837,31668370000000,31668370000000,Placer,Foresthill Union Elementary,434
cenroll2021.txt,2020_21,2020-21,31,66845,0000000,3166845,31668450000000,31668450000000,Placer,Loomis Union Elementary,2983
cenroll2021.txt,2020_21,2020-21,31,66852,0000000,3166852,31668520000000,31668520000000,Placer,Newcastle Elementary,2126
cenroll2021.txt,2020_21,2020-21,31,10314,0000000,3110314,31103140000000,31103140000000,Placer,Placer County Office of Education,770
cenroll2021.txt,2020_21,2020-21,31,66886,0000000,3166886,31668860000000,31668860000000,Placer,Placer Hills Union Elementary,791
cenroll2021.txt,2020_21,2020-21,31,66894,0000000,3166894,31668940000000,31668940000000,Placer,Placer Union High,4188
cenroll2021.txt,2020_21,2020-21,31,75085,0000000,3175085,31750850000000,31750850000000,Placer,Rocklin Unified,14009
cenroll2021.txt,2020_21,2020-21,31,66910,0000000,3166910,31669100000000,31669100000000,Placer,Roseville City Elementary,11714
cenroll2021.txt,2020_21,2020-21,31,66928,0000000,3166928,31669280000000,31669280000000,Placer,Roseville Joint Union High,12467
cenroll2021.txt,2020_21,2020-21,31,66944,0000000,3166944,31669440000000,31669440000000,Placer,Tahoe-Truckee Unified,4334
cenroll2021.txt,2020_21,2020-21,31,66951,0000000,3166951,31669510000000,31669510000000,Placer,Western Placer Unified,11125
cenroll2021.txt,2020_21,2020-21,32,10322,0000000,3210322,32103220000000,32103220000000,Plumas,Plumas County Office of Education,36
cenroll2021.txt,2020_21,2020-21,32,66969,0000000,3266969,32669690000000,32669690000000,Plumas,Plumas Unified,2242
cenroll2021.txt,2020_21,2020-21,33,66977,0000000,3366977,33669770000000,33669770000000,Riverside,Alvord Unified,18394
cenroll2021.txt,2020_21,2020-21,33,66985,0000000,3366985,33669850000000,33669850000000,Riverside,Banning Unified,4690
cenroll2021.txt,2020_21,2020-21,33,66993,0000000,3366993,33669930000000,33669930000000,Riverside,Beaumont Unified,15682
cenroll2021.txt,2020_21,2020-21,33,31625,0000000,3331625,33316250000000,33316250000000,Riverside,California School for the Deaf-Riverside (State Special Schl),349
cenroll2021.txt,2020_21,2020-21,33,73676,0000000,3373676,33736760000000,33736760000000,Riverside,Coachella Valley Unified,18071
cenroll2021.txt,2020_21,2020-21,33,67033,0000000,3367033,33670330000000,33670330000000,Riverside,Corona-Norco Unified,53342
cenroll2021.txt,2020_21,2020-21,33,67041,0000000,3367041,33670410000000,33670410000000,Riverside,Desert Center Unified,26
cenroll2021.txt,2020_21,2020-21,33,67058,0000000,3367058,33670580000000,33670580000000,Riverside,Desert Sands Unified,27751
cenroll2021.txt,2020_21,2020-21,33,67082,0000000,3367082,33670820000000,33670820000000,Riverside,Hemet Unified,22931
cenroll2021.txt,2020_21,2020-21,33,67090,0000000,3367090,33670900000000,33670900000000,Riverside,Jurupa Unified,19397
cenroll2021.txt,2020_21,2020-21,33,75176,0000000,3375176,33751760000000,33751760000000,Riverside,Lake Elsinore Unified,22075
cenroll2021.txt,2020_21,2020-21,33,67116,0000000,3367116,33671160000000,33671160000000,Riverside,Menifee Union Elementary,12954
cenroll2021.txt,2020_21,2020-21,33,67124,0000000,3367124,33671240000000,33671240000000,Riverside,Moreno Valley Unified,33031
cenroll2021.txt,2020_21,2020-21,33,75200,0000000,3375200,33752000000000,33752000000000,Riverside,Murrieta Valley Unified,24007
cenroll2021.txt,2020_21,2020-21,33,67157,0000000,3367157,33671570000000,33671570000000,Riverside,Nuview Union,2228
cenroll2021.txt,2020_21,2020-21,33,67173,0000000,3367173,33671730000000,33671730000000,Riverside,Palm Springs Unified,22504
cenroll2021.txt,2020_21,2020-21,33,67181,0000000,3367181,33671810000000,33671810000000,Riverside,Palo Verde Unified,4356
cenroll2021.txt,2020_21,2020-21,33,67199,0000000,3367199,33671990000000,33671990000000,Riverside,Perris Elementary,5651
cenroll2021.txt,2020_21,2020-21,33,67207,0000000,3367207,33672070000000,33672070000000,Riverside,Perris Union High,11501
cenroll2021.txt,2020_21,2020-21,33,10330,0000000,3310330,33103300000000,33103300000000,Riverside,Riverside County Office of Education,13603
cenroll2021.txt,2020_21,2020-21,33,67215,0000000,3367215,33672150000000,33672150000000,Riverside,Riverside Unified,41751
cenroll2021.txt,2020_21,2020-21,33,67231,0000000,3367231,33672310000000,33672310000000,Riverside,Romoland Elementary,4294
cenroll2021.txt,2020_21,2020-21,33,67249,0000000,3367249,33672490000000,33672490000000,Riverside,San Jacinto Unified,12070
cenroll2021.txt,2020_21,2020-21,33,75192,0000000,3375192,33751920000000,33751920000000,Riverside,Temecula Valley Unified,29750
cenroll2021.txt,2020_21,2020-21,33,75242,0000000,3375242,33752420000000,33752420000000,Riverside,Val Verde Unified,20144
cenroll2021.txt,2020_21,2020-21,34,67280,0000000,3467280,34672800000000,34672800000000,Sacramento,Arcohe Union Elementary,500
cenroll2021.txt,2020_21,2020-21,34,32276,0000000,3432276,34322760000000,34322760000000,Sacramento,California Education Authority (CEA) Headquarters,400
cenroll2021.txt,2020_21,2020-21,34,73973,0000000,3473973,34739730000000,34739730000000,Sacramento,Center Joint Unified,4429
cenroll2021.txt,2020_21,2020-21,34,67314,0000000,3467314,34673140000000,34673140000000,Sacramento,Elk Grove Unified,66005
cenroll2021.txt,2020_21,2020-21,34,67322,0000000,3467322,34673220000000,34673220000000,Sacramento,Elverta Joint Elementary,287
cenroll2021.txt,2020_21,2020-21,34,67330,0000000,3467330,34673300000000,34673300000000,Sacramento,Folsom-Cordova Unified,20999
cenroll2021.txt,2020_21,2020-21,34,67348,0000000,3467348,34673480000000,34673480000000,Sacramento,Galt Joint Union Elementary,3484
cenroll2021.txt,2020_21,2020-21,34,67355,0000000,3467355,34673550000000,34673550000000,Sacramento,Galt Joint Union High,2262
cenroll2021.txt,2020_21,2020-21,34,75283,0000000,3475283,34752830000000,34752830000000,Sacramento,Natomas Unified,16226
cenroll2021.txt,2020_21,2020-21,34,67413,0000000,3467413,34674130000000,34674130000000,Sacramento,River Delta Joint Unified,2376
cenroll2021.txt,2020_21,2020-21,34,67421,0000000,3467421,34674210000000,34674210000000,Sacramento,Robla Elementary,2549
cenroll2021.txt,2020_21,2020-21,34,67439,0000000,3467439,34674390000000,34674390000000,Sacramento,Sacramento City Unified,46817
cenroll2021.txt,2020_21,2020-21,34,10348,0000000,3410348,34103480000000,34103480000000,Sacramento,Sacramento County Office of Education,3861
cenroll2021.txt,2020_21,2020-21,34,67447,0000000,3467447,34674470000000,34674470000000,Sacramento,San Juan Unified,54362
cenroll2021.txt,2020_21,2020-21,34,76505,0000000,3476505,34765050000000,34765050000000,Sacramento,Twin Rivers Unified,35800
cenroll2021.txt,2020_21,2020-21,35,75259,0000000,3575259,35752590000000,35752590000000,San Benito,Aromas - San Juan Unified,1082
cenroll2021.txt,2020_21,2020-21,35,67454,0000000,3567454,35674540000000,35674540000000,San Benito,Bitterwater-Tully Elementary,35
cenroll2021.txt,2020_21,2020-21,35,67462,0000000,3567462,35674620000000,35674620000000,San Benito,Cienega Union Elementary,30
cenroll2021.txt,2020_21,2020-21,35,67470,0000000,3567470,35674700000000,35674700000000,San Benito,Hollister,6173
cenroll2021.txt,2020_21,2020-21,35,67488,0000000,3567488,35674880000000,35674880000000,San Benito,Jefferson Elementary,6
cenroll2021.txt,2020_21,2020-21,35,67504,0000000,3567504,35675040000000,35675040000000,San Benito,North County Joint Union Elementary,763
cenroll2021.txt,2020_21,2020-21,35,67520,0000000,3567520,35675200000000,35675200000000,San Benito,Panoche Elementary,9
cenroll2021.txt,2020_21,2020-21,35,10355,0000000,3510355,35103550000000,35103550000000,San Benito,San Benito County Office of Education,48
cenroll2021.txt,2020_21,2020-21,35,67538,0000000,3567538,35675380000000,35675380000000,San Benito,San Benito High,3427
cenroll2021.txt,2020_21,2020-21,35,67553,0000000,3567553,35675530000000,35675530000000,San Benito,Southside Elementary,223
cenroll2021.txt,2020_21,2020-21,35,67561,0000000,3567561,35675610000000,35675610000000,San Benito,Tres Pinos Union Elementary,67
cenroll2021.txt,2020_21,2020-21,35,67579,0000000,3567579,35675790000000,35675790000000,San Benito,Willow Grove Union Elementary,14
cenroll2021.txt,2020_21,2020-21,36,67587,0000000,3667587,36675870000000,36675870000000,San Bernardino,Adelanto Elementary,8632
cenroll2021.txt,2020_21,2020-21,36,67595,0000000,3667595,36675950000000,36675950000000,San Bernardino,Alta Loma Elementary,5891
cenroll2021.txt,2020_21,2020-21,36,75077,0000000,3675077,36750770000000,36750770000000,San Bernardino,Apple Valley Unified,15224
cenroll2021.txt,2020_21,2020-21,36,73858,0000000,3673858,36738580000000,36738580000000,San Bernardino,Baker Valley Unified,131
cenroll2021.txt,2020_21,2020-21,36,67611,0000000,3667611,36676110000000,36676110000000,San Bernardino,Barstow Unified,6680
cenroll2021.txt,2020_21,2020-21,36,67637,0000000,3667637,36676370000000,36676370000000,San Bernardino,Bear Valley Unified,2382
cenroll2021.txt,2020_21,2020-21,36,67645,0000000,3667645,36676450000000,36676450000000,San Bernardino,Central Elementary,4465
cenroll2021.txt,2020_21,2020-21,36,67652,0000000,3667652,36676520000000,36676520000000,San Bernardino,Chaffey Joint Union High,24740
cenroll2021.txt,2020_21,2020-21,36,67678,0000000,3667678,36676780000000,36676780000000,San Bernardino,Chino Valley Unified,28423
cenroll2021.txt,2020_21,2020-21,36,67686,0000000,3667686,36676860000000,36676860000000,San Bernardino,Colton Joint Unified,21995
cenroll2021.txt,2020_21,2020-21,36,67694,0000000,3667694,36676940000000,36676940000000,San Bernardino,Cucamonga Elementary,2510
cenroll2021.txt,2020_21,2020-21,36,67702,0000000,3667702,36677020000000,36677020000000,San Bernardino,Etiwanda Elementary,14058
cenroll2021.txt,2020_21,2020-21,36,67710,0000000,3667710,36677100000000,36677100000000,San Bernardino,Fontana Unified,36685
cenroll2021.txt,2020_21,2020-21,36,67736,0000000,3667736,36677360000000,36677360000000,San Bernardino,Helendale Elementary,6870
cenroll2021.txt,2020_21,2020-21,36,75044,0000000,3675044,36750440000000,36750440000000,San Bernardino,Hesperia Unified,26208
cenroll2021.txt,2020_21,2020-21,36,75051,0000000,3675051,36750510000000,36750510000000,San Bernardino,Lucerne Valley Unified,12641
cenroll2021.txt,2020_21,2020-21,36,67777,0000000,3667777,36677770000000,36677770000000,San Bernardino,Morongo Unified,8574
cenroll2021.txt,2020_21,2020-21,36,67785,0000000,3667785,36677850000000,36677850000000,San Bernardino,Mountain View Elementary,2755
cenroll2021.txt,2020_21,2020-21,36,67793,0000000,3667793,36677930000000,36677930000000,San Bernardino,Mt. Baldy Joint Elementary,91
cenroll2021.txt,2020_21,2020-21,36,67801,0000000,3667801,36678010000000,36678010000000,San Bernardino,Needles Unified,1080
cenroll2021.txt,2020_21,2020-21,36,67819,0000000,3667819,36678190000000,36678190000000,San Bernardino,Ontario-Montclair,19911
cenroll2021.txt,2020_21,2020-21,36,67827,0000000,3667827,36678270000000,36678270000000,San Bernardino,Oro Grande,6766
cenroll2021.txt,2020_21,2020-21,36,67843,0000000,3667843,36678430000000,36678430000000,San Bernardino,Redlands Unified,21150
cenroll2021.txt,2020_21,2020-21,36,67850,0000000,3667850,36678500000000,36678500000000,San Bernardino,Rialto Unified,25347
cenroll2021.txt,2020_21,2020-21,36,67868,0000000,3667868,36678680000000,36678680000000,San Bernardino,Rim of the World Unified,3141
cenroll2021.txt,2020_21,2020-21,36,67876,0000000,3667876,36678760000000,36678760000000,San Bernardino,San Bernardino City Unified,54841
cenroll2021.txt,2020_21,2020-21,36,10363,0000000,3610363,36103630000000,36103630000000,San Bernardino,San Bernardino County Office of Education,6699
cenroll2021.txt,2020_21,2020-21,36,73890,0000000,3673890,36738900000000,36738900000000,San Bernardino,Silver Valley Unified,2346
cenroll2021.txt,2020_21,2020-21,36,73957,0000000,3673957,36739570000000,36739570000000,San Bernardino,Snowline Joint Unified,7861
cenroll2021.txt,2020_21,2020-21,36,67892,0000000,3667892,36678920000000,36678920000000,San Bernardino,Trona Joint Unified,291
cenroll2021.txt,2020_21,2020-21,36,75069,0000000,3675069,36750690000000,36750690000000,San Bernardino,Upland Unified,10569
cenroll2021.txt,2020_21,2020-21,36,67918,0000000,3667918,36679180000000,36679180000000,San Bernardino,Victor Elementary,13269
cenroll2021.txt,2020_21,2020-21,36,67934,0000000,3667934,36679340000000,36679340000000,San Bernardino,Victor Valley Union High,12777
cenroll2021.txt,2020_21,2020-21,36,67959,0000000,3667959,36679590000000,36679590000000,San Bernardino,Yucaipa-Calimesa Joint Unified,10155
cenroll2021.txt,2020_21,2020-21,37,67967,0000000,3767967,37679670000000,37679670000000,San Diego,Alpine Union Elementary,1661
cenroll2021.txt,2020_21,2020-21,37,76851,0000000,3776851,37768510000000,37768510000000,San Diego,Bonsall Unified,2305
cenroll2021.txt,2020_21,2020-21,37,67983,0000000,3767983,37679830000000,37679830000000,San Diego,Borrego Springs Unified,4260
cenroll2021.txt,2020_21,2020-21,37,67991,0000000,3767991,37679910000000,37679910000000,San Diego,Cajon Valley Union,17936
cenroll2021.txt,2020_21,2020-21,37,68007,0000000,3768007,37680070000000,37680070000000,San Diego,Cardiff Elementary,668
cenroll2021.txt,2020_21,2020-21,37,73551,0000000,3773551,37735510000000,37735510000000,San Diego,Carlsbad Unified,11408
cenroll2021.txt,2020_21,2020-21,37,68023,0000000,3768023,37680230000000,37680230000000,San Diego,Chula Vista Elementary,30703
cenroll2021.txt,2020_21,2020-21,37,68031,0000000,3768031,37680310000000,37680310000000,San Diego,Coronado Unified,2842
cenroll2021.txt,2020_21,2020-21,37,68049,0000000,3768049,37680490000000,37680490000000,San Diego,Dehesa Elementary,11187
cenroll2021.txt,2020_21,2020-21,37,68056,0000000,3768056,37680560000000,37680560000000,San Diego,Del Mar Union Elementary,4126
cenroll2021.txt,2020_21,2020-21,37,68080,0000000,3768080,37680800000000,37680800000000,San Diego,Encinitas Union Elementary,5168
cenroll2021.txt,2020_21,2020-21,37,68098,0000000,3768098,37680980000000,37680980000000,San Diego,Escondido Union,18601
cenroll2021.txt,2020_21,2020-21,37,68106,0000000,3768106,37681060000000,37681060000000,San Diego,Escondido Union High,9844
cenroll2021.txt,2020_21,2020-21,37,68114,0000000,3768114,37681140000000,37681140000000,San Diego,Fallbrook Union Elementary,5247
cenroll2021.txt,2020_21,2020-21,37,68122,0000000,3768122,37681220000000,37681220000000,San Diego,Fallbrook Union High,2215
cenroll2021.txt,2020_21,2020-21,37,68130,0000000,3768130,37681300000000,37681300000000,San Diego,Grossmont Union High,22738
cenroll2021.txt,2020_21,2020-21,37,68155,0000000,3768155,37681550000000,37681550000000,San Diego,Jamul-Dulzura Union Elementary,789
cenroll2021.txt,2020_21,2020-21,37,68163,0000000,3768163,37681630000000,37681630000000,San Diego,Julian Union Elementary,2184
cenroll2021.txt,2020_21,2020-21,37,68171,0000000,3768171,37681710000000,37681710000000,San Diego,Julian Union High,117
cenroll2021.txt,2020_21,2020-21,37,68197,0000000,3768197,37681970000000,37681970000000,San Diego,La Mesa-Spring Valley,12196
cenroll2021.txt,2020_21,2020-21,37,68189,0000000,3768189,37681890000000,37681890000000,San Diego,Lakeside Union Elementary,5420
cenroll2021.txt,2020_21,2020-21,37,68205,0000000,3768205,37682050000000,37682050000000,San Diego,Lemon Grove,3403
cenroll2021.txt,2020_21,2020-21,37,68213,0000000,3768213,37682130000000,37682130000000,San Diego,Mountain Empire Unified,4759
cenroll2021.txt,2020_21,2020-21,37,68221,0000000,3768221,37682210000000,37682210000000,San Diego,National Elementary,5373
cenroll2021.txt,2020_21,2020-21,37,73569,0000000,3773569,37735690000000,37735690000000,San Diego,Oceanside Unified,20495
cenroll2021.txt,2020_21,2020-21,37,68296,0000000,3768296,37682960000000,37682960000000,San Diego,Poway Unified,36545
cenroll2021.txt,2020_21,2020-21,37,68304,0000000,3768304,37683040000000,37683040000000,San Diego,Ramona City Unified,5370
cenroll2021.txt,2020_21,2020-21,37,68312,0000000,3768312,37683120000000,37683120000000,San Diego,Rancho Santa Fe Elementary,596
cenroll2021.txt,2020_21,2020-21,37,10371,0000000,3710371,37103710000000,37103710000000,San Diego,San Diego County Office of Education,7790
cenroll2021.txt,2020_21,2020-21,37,68338,0000000,3768338,37683380000000,37683380000000,San Diego,San Diego Unified,125143
cenroll2021.txt,2020_21,2020-21,37,68346,0000000,3768346,37683460000000,37683460000000,San Diego,San Dieguito Union High,13279
cenroll2021.txt,2020_21,2020-21,37,73791,0000000,3773791,37737910000000,37737910000000,San Diego,San Marcos Unified,20671
cenroll2021.txt,2020_21,2020-21,37,68353,0000000,3768353,37683530000000,37683530000000,San Diego,San Pasqual Union Elementary,523
cenroll2021.txt,2020_21,2020-21,37,68379,0000000,3768379,37683790000000,37683790000000,San Diego,San Ysidro Elementary,4558
cenroll2021.txt,2020_21,2020-21,37,68361,0000000,3768361,37683610000000,37683610000000,San Diego,Santee,6918
cenroll2021.txt,2020_21,2020-21,37,76471,0000000,3776471,37764710000000,37764710000000,San Diego,SBC - High Tech High,3511
cenroll2021.txt,2020_21,2020-21,37,77032,0000000,3777032,37770320000000,37770320000000,San Diego,SBE - Audeo Charter II,681
cenroll2021.txt,2020_21,2020-21,37,77172,0000000,3777172,37771720000000,37771720000000,San Diego,SBE - Baypoint Preparatory Academy San Diego,161
cenroll2021.txt,2020_21,2020-21,37,77164,0000000,3777164,37771640000000,37771640000000,San Diego,SBE - College Preparatory Middle,402
cenroll2021.txt,2020_21,2020-21,37,77099,0000000,3777099,37770990000000,37770990000000,San Diego,SBE - Grossmont Secondary,640
cenroll2021.txt,2020_21,2020-21,37,77107,0000000,3777107,37771070000000,37771070000000,San Diego,SBE - Sweetwater Secondary,546
cenroll2021.txt,2020_21,2020-21,37,77156,0000000,3777156,37771560000000,37771560000000,San Diego,SBE - Vista Springs Charter,257
cenroll2021.txt,2020_21,2020-21,37,68387,0000000,3768387,37683870000000,37683870000000,San Diego,Solana Beach Elementary,3080
cenroll2021.txt,2020_21,2020-21,37,68395,0000000,3768395,37683950000000,37683950000000,San Diego,South Bay Union,6720
cenroll2021.txt,2020_21,2020-21,37,68403,0000000,3768403,37684030000000,37684030000000,San Diego,Spencer Valley Elementary,4215
cenroll2021.txt,2020_21,2020-21,37,68411,0000000,3768411,37684110000000,37684110000000,San Diego,Sweetwater Union High,39801
cenroll2021.txt,2020_21,2020-21,37,68437,0000000,3768437,37684370000000,37684370000000,San Diego,Vallecitos Elementary,206
cenroll2021.txt,2020_21,2020-21,37,75614,0000000,3775614,37756140000000,37756140000000,San Diego,Valley Center-Pauma Unified,3999
cenroll2021.txt,2020_21,2020-21,37,68452,0000000,3768452,37684520000000,37684520000000,San Diego,Vista Unified,24135
cenroll2021.txt,2020_21,2020-21,37,75416,0000000,3775416,37754160000000,37754160000000,San Diego,Warner Unified,2646
cenroll2021.txt,2020_21,2020-21,38,10389,0000000,3810389,38103890000000,38103890000000,San Francisco,San Francisco County Office of Education,517
cenroll2021.txt,2020_21,2020-21,38,68478,0000000,3868478,38684780000000,38684780000000,San Francisco,San Francisco Unified,63980
cenroll2021.txt,2020_21,2020-21,38,77131,0000000,3877131,38771310000000,38771310000000,San Francisco,SBE - KIPP Bayview Elementary,144
cenroll2021.txt,2020_21,2020-21,38,76927,0000000,3876927,38769270000000,38769270000000,San Francisco,SBE - The New School of San Francisco,352
cenroll2021.txt,2020_21,2020-21,39,68486,0000000,3968486,39684860000000,39684860000000,San Joaquin,Banta Elementary,2028
cenroll2021.txt,2020_21,2020-21,39,68502,0000000,3968502,39685020000000,39685020000000,San Joaquin,Escalon Unified,3095
cenroll2021.txt,2020_21,2020-21,39,68544,0000000,3968544,39685440000000,39685440000000,San Joaquin,Jefferson Elementary,2363
cenroll2021.txt,2020_21,2020-21,39,76760,0000000,3976760,39767600000000,39767600000000,San Joaquin,Lammersville Joint Unified,6701
cenroll2021.txt,2020_21,2020-21,39,68569,0000000,3968569,39685690000000,39685690000000,San Joaquin,Lincoln Unified,9376
cenroll2021.txt,2020_21,2020-21,39,68577,0000000,3968577,39685770000000,39685770000000,San Joaquin,Linden Unified,2413
cenroll2021.txt,2020_21,2020-21,39,68585,0000000,3968585,39685850000000,39685850000000,San Joaquin,Lodi Unified,32006
cenroll2021.txt,2020_21,2020-21,39,68593,0000000,3968593,39685930000000,39685930000000,San Joaquin,Manteca Unified,24740
cenroll2021.txt,2020_21,2020-21,39,68619,0000000,3968619,39686190000000,39686190000000,San Joaquin,New Hope Elementary,190
cenroll2021.txt,2020_21,2020-21,39,68627,0000000,3968627,39686270000000,39686270000000,San Joaquin,New Jerusalem Elementary,7087
cenroll2021.txt,2020_21,2020-21,39,68635,0000000,3968635,39686350000000,39686350000000,San Joaquin,Oak View Union Elementary,392
cenroll2021.txt,2020_21,2020-21,39,68650,0000000,3968650,39686500000000,39686500000000,San Joaquin,Ripon Unified,5034
cenroll2021.txt,2020_21,2020-21,39,10397,0000000,3910397,39103970000000,39103970000000,San Joaquin,San Joaquin County Office of Education,5456
cenroll2021.txt,2020_21,2020-21,39,68676,0000000,3968676,39686760000000,39686760000000,San Joaquin,Stockton Unified,42427
cenroll2021.txt,2020_21,2020-21,39,75499,0000000,3975499,39754990000000,39754990000000,San Joaquin,Tracy Joint Unified,16114
cenroll2021.txt,2020_21,2020-21,40,68700,0000000,4068700,40687000000000,40687000000000,San Luis Obispo,Atascadero Unified,4623
cenroll2021.txt,2020_21,2020-21,40,68726,0000000,4068726,40687260000000,40687260000000,San Luis Obispo,Cayucos Elementary,197
cenroll2021.txt,2020_21,2020-21,40,75465,0000000,4075465,40754650000000,40754650000000,San Luis Obispo,Coast Unified,544
cenroll2021.txt,2020_21,2020-21,40,68759,0000000,4068759,40687590000000,40687590000000,San Luis Obispo,Lucia Mar Unified,10381
cenroll2021.txt,2020_21,2020-21,40,75457,0000000,4075457,40754570000000,40754570000000,San Luis Obispo,Paso Robles Joint Unified,6921
cenroll2021.txt,2020_21,2020-21,40,68791,0000000,4068791,40687910000000,40687910000000,San Luis Obispo,Pleasant Valley Joint Union Elementary,67
cenroll2021.txt,2020_21,2020-21,40,68809,0000000,4068809,40688090000000,40688090000000,San Luis Obispo,San Luis Coastal Unified,7777
cenroll2021.txt,2020_21,2020-21,40,10405,0000000,4010405,40104050000000,40104050000000,San Luis Obispo,San Luis Obispo County Office of Education,539
cenroll2021.txt,2020_21,2020-21,40,68825,0000000,4068825,40688250000000,40688250000000,San Luis Obispo,San Miguel Joint Union,991
cenroll2021.txt,2020_21,2020-21,40,68833,0000000,4068833,40688330000000,40688330000000,San Luis Obispo,Shandon Joint Unified,303
cenroll2021.txt,2020_21,2020-21,40,68841,0000000,4068841,40688410000000,40688410000000,San Luis Obispo,Templeton Unified,2395
cenroll2021.txt,2020_21,2020-21,41,68858,0000000,4168858,41688580000000,41688580000000,San Mateo,Bayshore Elementary,378
cenroll2021.txt,2020_21,2020-21,41,68866,0000000,4168866,41688660000000,41688660000000,San Mateo,Belmont-Redwood Shores Elementary,4289
cenroll2021.txt,2020_21,2020-21,41,68874,0000000,4168874,41688740000000,41688740000000,San Mateo,Brisbane Elementary,485
cenroll2021.txt,2020_21,2020-21,41,68882,0000000,4168882,41688820000000,41688820000000,San Mateo,Burlingame Elementary,3492
cenroll2021.txt,2020_21,2020-21,41,68890,0000000,4168890,41688900000000,41688900000000,San Mateo,Cabrillo Unified,3008
cenroll2021.txt,2020_21,2020-21,41,68908,0000000,4168908,41689080000000,41689080000000,San Mateo,Hillsborough City Elementary,1302
cenroll2021.txt,2020_21,2020-21,41,68916,0000000,4168916,41689160000000,41689160000000,San Mateo,Jefferson Elementary,6892
cenroll2021.txt,2020_21,2020-21,41,68924,0000000,4168924,41689240000000,41689240000000,San Mateo,Jefferson Union High,4772
cenroll2021.txt,2020_21,2020-21,41,68940,0000000,4168940,41689400000000,41689400000000,San Mateo,La Honda-Pescadero Unified,297
cenroll2021.txt,2020_21,2020-21,41,68957,0000000,4168957,41689570000000,41689570000000,San Mateo,Las Lomitas Elementary,1154
cenroll2021.txt,2020_21,2020-21,41,68965,0000000,4168965,41689650000000,41689650000000,San Mateo,Menlo Park City Elementary,2880
cenroll2021.txt,2020_21,2020-21,41,68973,0000000,4168973,41689730000000,41689730000000,San Mateo,Millbrae Elementary,2278
cenroll2021.txt,2020_21,2020-21,41,68932,0000000,4168932,41689320000000,41689320000000,San Mateo,Pacifica,3065
cenroll2021.txt,2020_21,2020-21,41,68981,0000000,4168981,41689810000000,41689810000000,San Mateo,Portola Valley Elementary,507
cenroll2021.txt,2020_21,2020-21,41,68999,0000000,4168999,41689990000000,41689990000000,San Mateo,Ravenswood City Elementary,3123
cenroll2021.txt,2020_21,2020-21,41,69005,0000000,4169005,41690050000000,41690050000000,San Mateo,Redwood City Elementary,8267
cenroll2021.txt,2020_21,2020-21,41,69013,0000000,4169013,41690130000000,41690130000000,San Mateo,San Bruno Park Elementary,2295
cenroll2021.txt,2020_21,2020-21,41,69021,0000000,4169021,41690210000000,41690210000000,San Mateo,San Carlos Elementary,3328
cenroll2021.txt,2020_21,2020-21,41,10413,0000000,4110413,41104130000000,41104130000000,San Mateo,San Mateo County Office of Education,379
cenroll2021.txt,2020_21,2020-21,41,69047,0000000,4169047,41690470000000,41690470000000,San Mateo,San Mateo Union High,9923
cenroll2021.txt,2020_21,2020-21,41,69039,0000000,4169039,41690390000000,41690390000000,San Mateo,San Mateo-Foster City,11338
cenroll2021.txt,2020_21,2020-21,41,69062,0000000,4169062,41690620000000,41690620000000,San Mateo,Sequoia Union High,10519
cenroll2021.txt,2020_21,2020-21,41,69070,0000000,4169070,41690700000000,41690700000000,San Mateo,South San Francisco Unified,8330
cenroll2021.txt,2020_21,2020-21,41,69088,0000000,4169088,41690880000000,41690880000000,San Mateo,Woodside Elementary,383
cenroll2021.txt,2020_21,2020-21,42,69104,0000000,4269104,42691040000000,42691040000000,Santa Barbara,Ballard Elementary,141
cenroll2021.txt,2020_21,2020-21,42,69112,0000000,4269112,42691120000000,42691120000000,Santa Barbara,Blochman Union Elementary,1572
cenroll2021.txt,2020_21,2020-21,42,69138,0000000,4269138,42691380000000,42691380000000,Santa Barbara,Buellton Union Elementary,599
cenroll2021.txt,2020_21,2020-21,42,69146,0000000,4269146,42691460000000,42691460000000,Santa Barbara,Carpinteria Unified,2174
cenroll2021.txt,2020_21,2020-21,42,69161,0000000,4269161,42691610000000,42691610000000,Santa Barbara,Cold Spring Elementary,184
cenroll2021.txt,2020_21,2020-21,42,69179,0000000,4269179,42691790000000,42691790000000,Santa Barbara,College Elementary,377
cenroll2021.txt,2020_21,2020-21,42,75010,0000000,4275010,42750100000000,42750100000000,Santa Barbara,Cuyama Joint Unified,287
cenroll2021.txt,2020_21,2020-21,42,69195,0000000,4269195,42691950000000,42691950000000,Santa Barbara,Goleta Union Elementary,3550
cenroll2021.txt,2020_21,2020-21,42,69203,0000000,4269203,42692030000000,42692030000000,Santa Barbara,Guadalupe Union Elementary,1305
cenroll2021.txt,2020_21,2020-21,42,69211,0000000,4269211,42692110000000,42692110000000,Santa Barbara,Hope Elementary,853
cenroll2021.txt,2020_21,2020-21,42,69229,0000000,4269229,42692290000000,42692290000000,Santa Barbara,Lompoc Unified,10029
cenroll2021.txt,2020_21,2020-21,42,69245,0000000,4269245,42692450000000,42692450000000,Santa Barbara,Los Olivos Elementary,164
cenroll2021.txt,2020_21,2020-21,42,69252,0000000,4269252,42692520000000,42692520000000,Santa Barbara,Montecito Union Elementary,413
cenroll2021.txt,2020_21,2020-21,42,69260,0000000,4269260,42692600000000,42692600000000,Santa Barbara,Orcutt Union Elementary,5039
cenroll2021.txt,2020_21,2020-21,42,10421,0000000,4210421,42104210000000,42104210000000,Santa Barbara,Santa Barbara County Office of Education,208
cenroll2021.txt,2020_21,2020-21,42,76786,0000000,4276786,42767860000000,42767860000000,Santa Barbara,Santa Barbara Unified,14448
cenroll2021.txt,2020_21,2020-21,42,69310,0000000,4269310,42693100000000,42693100000000,Santa Barbara,Santa Maria Joint Union High,9243
cenroll2021.txt,2020_21,2020-21,42,69120,0000000,4269120,42691200000000,42691200000000,Santa Barbara,Santa Maria-Bonita,17152
cenroll2021.txt,2020_21,2020-21,42,69328,0000000,4269328,42693280000000,42693280000000,Santa Barbara,Santa Ynez Valley Union High,902
cenroll2021.txt,2020_21,2020-21,42,77214,0000000,4277214,42772140000000,42772140000000,Santa Barbara,SBE - Olive Grove Charter - Buellton,65
cenroll2021.txt,2020_21,2020-21,42,77206,0000000,4277206,42772060000000,42772060000000,Santa Barbara,SBE - Olive Grove Charter - Lompoc,156
cenroll2021.txt,2020_21,2020-21,42,77198,0000000,4277198,42771980000000,42771980000000,Santa Barbara,SBE - Olive Grove Charter - Orcutt/Santa Maria,266
cenroll2021.txt,2020_21,2020-21,42,77222,0000000,4277222,42772220000000,42772220000000,Santa Barbara,SBE - Olive Grove Charter - Santa Barbara,169
cenroll2021.txt,2020_21,2020-21,42,69336,0000000,4269336,42693360000000,42693360000000,Santa Barbara,Solvang Elementary,641
cenroll2021.txt,2020_21,2020-21,42,69344,0000000,4269344,42693440000000,42693440000000,Santa Barbara,Vista del Mar Union,31
cenroll2021.txt,2020_21,2020-21,43,69369,0000000,4369369,43693690000000,43693690000000,Santa Clara,Alum Rock Union Elementary,10299
cenroll2021.txt,2020_21,2020-21,43,69377,0000000,4369377,43693770000000,43693770000000,Santa Clara,Berryessa Union Elementary,6747
cenroll2021.txt,2020_21,2020-21,43,69385,0000000,4369385,43693850000000,43693850000000,Santa Clara,Cambrian,3286
cenroll2021.txt,2020_21,2020-21,43,69393,0000000,4369393,43693930000000,43693930000000,Santa Clara,Campbell Union,6880
cenroll2021.txt,2020_21,2020-21,43,69401,0000000,4369401,43694010000000,43694010000000,Santa Clara,Campbell Union High,8922
cenroll2021.txt,2020_21,2020-21,43,69419,0000000,4369419,43694190000000,43694190000000,Santa Clara,Cupertino Union,16377
cenroll2021.txt,2020_21,2020-21,43,69427,0000000,4369427,43694270000000,43694270000000,Santa Clara,East Side Union High,27583
cenroll2021.txt,2020_21,2020-21,43,69435,0000000,4369435,43694350000000,43694350000000,Santa Clara,Evergreen Elementary,9992
cenroll2021.txt,2020_21,2020-21,43,69450,0000000,4369450,43694500000000,43694500000000,Santa Clara,Franklin-McKinley Elementary,9241
cenroll2021.txt,2020_21,2020-21,43,69468,0000000,4369468,43694680000000,43694680000000,Santa Clara,Fremont Union High,10951
cenroll2021.txt,2020_21,2020-21,43,69484,0000000,4369484,43694840000000,43694840000000,Santa Clara,Gilroy Unified,11826
cenroll2021.txt,2020_21,2020-21,43,69492,0000000,4369492,43694920000000,43694920000000,Santa Clara,Lakeside Joint,70
cenroll2021.txt,2020_21,2020-21,43,69500,0000000,4369500,43695000000000,43695000000000,Santa Clara,Loma Prieta Joint Union Elementary,467
cenroll2021.txt,2020_21,2020-21,43,69518,0000000,4369518,43695180000000,43695180000000,Santa Clara,Los Altos Elementary,3762
cenroll2021.txt,2020_21,2020-21,43,69526,0000000,4369526,43695260000000,43695260000000,Santa Clara,Los Gatos Union Elementary,2821
cenroll2021.txt,2020_21,2020-21,43,69534,0000000,4369534,43695340000000,43695340000000,Santa Clara,Los Gatos-Saratoga Union High,3529
cenroll2021.txt,2020_21,2020-21,43,69542,0000000,4369542,43695420000000,43695420000000,Santa Clara,Luther Burbank,491
cenroll2021.txt,2020_21,2020-21,43,73387,0000000,4373387,43733870000000,43733870000000,Santa Clara,Milpitas Unified,10718
cenroll2021.txt,2020_21,2020-21,43,69575,0000000,4369575,43695750000000,43695750000000,Santa Clara,Moreland,4544
cenroll2021.txt,2020_21,2020-21,43,69583,0000000,4369583,43695830000000,43695830000000,Santa Clara,Morgan Hill Unified,9211
cenroll2021.txt,2020_21,2020-21,43,69617,0000000,4369617,43696170000000,43696170000000,Santa Clara,Mount Pleasant Elementary,1978
cenroll2021.txt,2020_21,2020-21,43,69591,0000000,4369591,43695910000000,43695910000000,Santa Clara,Mountain View Whisman,5018
cenroll2021.txt,2020_21,2020-21,43,69609,0000000,4369609,43696090000000,43696090000000,Santa Clara,Mountain View-Los Altos Union High,4693
cenroll2021.txt,2020_21,2020-21,43,69625,0000000,4369625,43696250000000,43696250000000,Santa Clara,Oak Grove Elementary,9736
cenroll2021.txt,2020_21,2020-21,43,69633,0000000,4369633,43696330000000,43696330000000,Santa Clara,Orchard Elementary,855
cenroll2021.txt,2020_21,2020-21,43,69641,0000000,4369641,43696410000000,43696410000000,Santa Clara,Palo Alto Unified,11182
cenroll2021.txt,2020_21,2020-21,43,69666,0000000,4369666,43696660000000,43696660000000,Santa Clara,San Jose Unified,29520
cenroll2021.txt,2020_21,2020-21,43,10439,0000000,4310439,43104390000000,43104390000000,Santa Clara,Santa Clara County Office of Education,13312
cenroll2021.txt,2020_21,2020-21,43,69674,0000000,4369674,43696740000000,43696740000000,Santa Clara,Santa Clara Unified,15369
cenroll2021.txt,2020_21,2020-21,43,69682,0000000,4369682,43696820000000,43696820000000,Santa Clara,Saratoga Union Elementary,1702
cenroll2021.txt,2020_21,2020-21,43,77149,0000000,4377149,43771490000000,43771490000000,Santa Clara,SBE - KIPP Navigate College Prep,279
cenroll2021.txt,2020_21,2020-21,43,77115,0000000,4377115,43771150000000,43771150000000,Santa Clara,SBE - Perseverance Preparatory,57
cenroll2021.txt,2020_21,2020-21,43,69690,0000000,4369690,43696900000000,43696900000000,Santa Clara,Sunnyvale,6203
cenroll2021.txt,2020_21,2020-21,43,69708,0000000,4369708,43697080000000,43697080000000,Santa Clara,Union Elementary,5925
cenroll2021.txt,2020_21,2020-21,44,69732,0000000,4469732,44697320000000,44697320000000,Santa Cruz,Bonny Doon Union Elementary,123
cenroll2021.txt,2020_21,2020-21,44,69757,0000000,4469757,44697570000000,44697570000000,Santa Cruz,Happy Valley Elementary,113
cenroll2021.txt,2020_21,2020-21,44,69765,0000000,4469765,44697650000000,44697650000000,Santa Cruz,Live Oak Elementary,1814
cenroll2021.txt,2020_21,2020-21,44,69773,0000000,4469773,44697730000000,44697730000000,Santa Cruz,Mountain Elementary,148
cenroll2021.txt,2020_21,2020-21,44,69781,0000000,4469781,44697810000000,44697810000000,Santa Cruz,Pacific Elementary,151
cenroll2021.txt,2020_21,2020-21,44,69799,0000000,4469799,44697990000000,44697990000000,Santa Cruz,Pajaro Valley Unified,19812
cenroll2021.txt,2020_21,2020-21,44,69807,0000000,4469807,44698070000000,44698070000000,Santa Cruz,San Lorenzo Valley Unified,5895
cenroll2021.txt,2020_21,2020-21,44,69815,0000000,4469815,44698150000000,44698150000000,Santa Cruz,Santa Cruz City Elementary,1770
cenroll2021.txt,2020_21,2020-21,44,69823,0000000,4469823,44698230000000,44698230000000,Santa Cruz,Santa Cruz City High,4780
cenroll2021.txt,2020_21,2020-21,44,10447,0000000,4410447,44104470000000,44104470000000,Santa Cruz,Santa Cruz County Office of Education,1951
cenroll2021.txt,2020_21,2020-21,44,77248,0000000,4477248,44772480000000,44772480000000,Santa Cruz,SBE - Watsonville Prep,247
cenroll2021.txt,2020_21,2020-21,44,75432,0000000,4475432,44754320000000,44754320000000,Santa Cruz,Scotts Valley Unified,2757
cenroll2021.txt,2020_21,2020-21,44,69849,0000000,4469849,44698490000000,44698490000000,Santa Cruz,Soquel Union Elementary,1829
cenroll2021.txt,2020_21,2020-21,45,69856,0000000,4569856,45698560000000,45698560000000,Shasta,Anderson Union High,1752
cenroll2021.txt,2020_21,2020-21,45,69872,0000000,4569872,45698720000000,45698720000000,Shasta,Bella Vista Elementary,373
cenroll2021.txt,2020_21,2020-21,45,69880,0000000,4569880,45698800000000,45698800000000,Shasta,Black Butte Union Elementary,284
cenroll2021.txt,2020_21,2020-21,45,69914,0000000,4569914,45699140000000,45699140000000,Shasta,Cascade Union Elementary,1472
cenroll2021.txt,2020_21,2020-21,45,69922,0000000,4569922,45699220000000,45699220000000,Shasta,Castle Rock Union Elementary,61
cenroll2021.txt,2020_21,2020-21,45,69948,0000000,4569948,45699480000000,45699480000000,Shasta,Columbia Elementary,1713
cenroll2021.txt,2020_21,2020-21,45,69955,0000000,4569955,45699550000000,45699550000000,Shasta,Cottonwood Union Elementary,1263
cenroll2021.txt,2020_21,2020-21,45,69971,0000000,4569971,45699710000000,45699710000000,Shasta,Enterprise Elementary,4066
cenroll2021.txt,2020_21,2020-21,45,69989,0000000,4569989,45699890000000,45699890000000,Shasta,Fall River Joint Unified,1264
cenroll2021.txt,2020_21,2020-21,45,69997,0000000,4569997,45699970000000,45699970000000,Shasta,French Gulch-Whiskeytown Elementary,33
cenroll2021.txt,2020_21,2020-21,45,75267,0000000,4575267,45752670000000,45752670000000,Shasta,Gateway Unified,2681
cenroll2021.txt,2020_21,2020-21,45,70003,0000000,4570003,45700030000000,45700030000000,Shasta,Grant Elementary,678
cenroll2021.txt,2020_21,2020-21,45,70011,0000000,4570011,45700110000000,45700110000000,Shasta,Happy Valley Union Elementary,564
cenroll2021.txt,2020_21,2020-21,45,70029,0000000,4570029,45700290000000,45700290000000,Shasta,"Igo, Ono, Platina Union Elementary",55
cenroll2021.txt,2020_21,2020-21,45,70037,0000000,4570037,45700370000000,45700370000000,Shasta,Indian Springs Elementary,22
cenroll2021.txt,2020_21,2020-21,45,70045,0000000,4570045,45700450000000,45700450000000,Shasta,Junction Elementary,408
cenroll2021.txt,2020_21,2020-21,45,70052,0000000,4570052,45700520000000,45700520000000,Shasta,Millville Elementary,266
cenroll2021.txt,2020_21,2020-21,45,73700,0000000,4573700,45737000000000,45737000000000,Shasta,Mountain Union Elementary,87
cenroll2021.txt,2020_21,2020-21,45,70078,0000000,4570078,45700780000000,45700780000000,Shasta,North Cow Creek Elementary,268
cenroll2021.txt,2020_21,2020-21,45,70086,0000000,4570086,45700860000000,45700860000000,Shasta,Oak Run Elementary,68
cenroll2021.txt,2020_21,2020-21,45,70094,0000000,4570094,45700940000000,45700940000000,Shasta,Pacheco Union Elementary,735
cenroll2021.txt,2020_21,2020-21,45,70110,0000000,4570110,45701100000000,45701100000000,Shasta,Redding Elementary,3400
cenroll2021.txt,2020_21,2020-21,45,10454,0000000,4510454,45104540000000,45104540000000,Shasta,Shasta County Office of Education,1075
cenroll2021.txt,2020_21,2020-21,45,70128,0000000,4570128,45701280000000,45701280000000,Shasta,Shasta Union Elementary,136
cenroll2021.txt,2020_21,2020-21,45,70136,0000000,4570136,45701360000000,45701360000000,Shasta,Shasta Union High,5760
cenroll2021.txt,2020_21,2020-21,45,70169,0000000,4570169,45701690000000,45701690000000,Shasta,Whitmore Union Elementary,583
cenroll2021.txt,2020_21,2020-21,47,70185,0000000,4770185,47701850000000,47701850000000,Siskiyou,Big Springs Union Elementary,204
cenroll2021.txt,2020_21,2020-21,47,70193,0000000,4770193,47701930000000,47701930000000,Siskiyou,Bogus Elementary,22
cenroll2021.txt,2020_21,2020-21,47,73684,0000000,4773684,47736840000000,47736840000000,Siskiyou,Butte Valley Unified,296
cenroll2021.txt,2020_21,2020-21,47,70201,0000000,4770201,47702010000000,47702010000000,Siskiyou,Butteville Union Elementary,184
cenroll2021.txt,2020_21,2020-21,47,70227,0000000,4770227,47702270000000,47702270000000,Siskiyou,Delphic Elementary,63
cenroll2021.txt,2020_21,2020-21,47,70243,0000000,4770243,47702430000000,47702430000000,Siskiyou,Dunsmuir Elementary,107
cenroll2021.txt,2020_21,2020-21,47,70250,0000000,4770250,47702500000000,47702500000000,Siskiyou,Dunsmuir Joint Union High,62
cenroll2021.txt,2020_21,2020-21,47,70292,0000000,4770292,47702920000000,47702920000000,Siskiyou,Forks of Salmon Elementary,10
cenroll2021.txt,2020_21,2020-21,47,70318,0000000,4770318,47703180000000,47703180000000,Siskiyou,Gazelle Union Elementary,41
cenroll2021.txt,2020_21,2020-21,47,70326,0000000,4770326,47703260000000,47703260000000,Siskiyou,Grenada Elementary,218
cenroll2021.txt,2020_21,2020-21,47,70334,0000000,4770334,47703340000000,47703340000000,Siskiyou,Happy Camp Union Elementary,112
cenroll2021.txt,2020_21,2020-21,47,70359,0000000,4770359,47703590000000,47703590000000,Siskiyou,Hornbrook Elementary,60
cenroll2021.txt,2020_21,2020-21,47,70367,0000000,4770367,47703670000000,47703670000000,Siskiyou,Junction Elementary,24
cenroll2021.txt,2020_21,2020-21,47,70375,0000000,4770375,47703750000000,47703750000000,Siskiyou,Klamath River Union Elementary,10
cenroll2021.txt,2020_21,2020-21,47,70383,0000000,4770383,47703830000000,47703830000000,Siskiyou,Little Shasta Elementary,17
cenroll2021.txt,2020_21,2020-21,47,70409,0000000,4770409,47704090000000,47704090000000,Siskiyou,McCloud Union Elementary,72
cenroll2021.txt,2020_21,2020-21,47,70417,0000000,4770417,47704170000000,47704170000000,Siskiyou,Montague Elementary,213
cenroll2021.txt,2020_21,2020-21,47,70425,0000000,4770425,47704250000000,47704250000000,Siskiyou,Mt. Shasta Union Elementary,523
cenroll2021.txt,2020_21,2020-21,47,76455,0000000,4776455,47764550000000,47764550000000,Siskiyou,Scott Valley Unified,647
cenroll2021.txt,2020_21,2020-21,47,70458,0000000,4770458,47704580000000,47704580000000,Siskiyou,Seiad Elementary,15
cenroll2021.txt,2020_21,2020-21,47,10470,0000000,4710470,47104700000000,47104700000000,Siskiyou,Siskiyou County Office of Education,898
cenroll2021.txt,2020_21,2020-21,47,70466,0000000,4770466,47704660000000,47704660000000,Siskiyou,Siskiyou Union High,579
cenroll2021.txt,2020_21,2020-21,47,70482,0000000,4770482,47704820000000,47704820000000,Siskiyou,Weed Union Elementary,374
cenroll2021.txt,2020_21,2020-21,47,70490,0000000,4770490,47704900000000,47704900000000,Siskiyou,Willow Creek Elementary,50
cenroll2021.txt,2020_21,2020-21,47,70508,0000000,4770508,47705080000000,47705080000000,Siskiyou,Yreka Union Elementary,993
cenroll2021.txt,2020_21,2020-21,47,70516,0000000,4770516,47705160000000,47705160000000,Siskiyou,Yreka Union High,748
cenroll2021.txt,2020_21,2020-21,48,70524,0000000,4870524,48705240000000,48705240000000,Solano,Benicia Unified,4623
cenroll2021.txt,2020_21,2020-21,48,70532,0000000,4870532,48705320000000,48705320000000,Solano,Dixon Unified,3512
cenroll2021.txt,2020_21,2020-21,48,70540,0000000,4870540,48705400000000,48705400000000,Solano,Fairfield-Suisun Unified,21373
cenroll2021.txt,2020_21,2020-21,48,10488,0000000,4810488,48104880000000,48104880000000,Solano,Solano County Office of Education,1025
cenroll2021.txt,2020_21,2020-21,48,70565,0000000,4870565,48705650000000,48705650000000,Solano,Travis Unified,5572
cenroll2021.txt,2020_21,2020-21,48,70573,0000000,4870573,48705730000000,48705730000000,Solano,Vacaville Unified,13466
cenroll2021.txt,2020_21,2020-21,48,70581,0000000,4870581,48705810000000,48705810000000,Solano,Vallejo City Unified,13732
cenroll2021.txt,2020_21,2020-21,49,70599,0000000,4970599,49705990000000,49705990000000,Sonoma,Alexander Valley Union Elementary,120
cenroll2021.txt,2020_21,2020-21,49,70615,0000000,4970615,49706150000000,49706150000000,Sonoma,Bellevue Union,1603
cenroll2021.txt,2020_21,2020-21,49,70623,0000000,4970623,49706230000000,49706230000000,Sonoma,Bennett Valley Union Elementary,1027
cenroll2021.txt,2020_21,2020-21,49,70649,0000000,4970649,49706490000000,49706490000000,Sonoma,Cinnabar Elementary,260
cenroll2021.txt,2020_21,2020-21,49,70656,0000000,4970656,49706560000000,49706560000000,Sonoma,Cloverdale Unified,1467
cenroll2021.txt,2020_21,2020-21,49,73882,0000000,4973882,49738820000000,49738820000000,Sonoma,Cotati-Rohnert Park Unified,6334
cenroll2021.txt,2020_21,2020-21,49,70672,0000000,4970672,49706720000000,49706720000000,Sonoma,Dunham Elementary,166
cenroll2021.txt,2020_21,2020-21,49,70680,0000000,4970680,49706800000000,49706800000000,Sonoma,Forestville Union Elementary,279
cenroll2021.txt,2020_21,2020-21,49,70698,0000000,4970698,49706980000000,49706980000000,Sonoma,Fort Ross Elementary,12
cenroll2021.txt,2020_21,2020-21,49,70706,0000000,4970706,49707060000000,49707060000000,Sonoma,Geyserville Unified,217
cenroll2021.txt,2020_21,2020-21,49,70714,0000000,4970714,49707140000000,49707140000000,Sonoma,Gravenstein Union Elementary,783
cenroll2021.txt,2020_21,2020-21,49,70722,0000000,4970722,49707220000000,49707220000000,Sonoma,Guerneville Elementary,493
cenroll2021.txt,2020_21,2020-21,49,70730,0000000,4970730,49707300000000,49707300000000,Sonoma,Harmony Union Elementary,649
cenroll2021.txt,2020_21,2020-21,49,75390,0000000,4975390,49753900000000,49753900000000,Sonoma,Healdsburg Unified,1366
cenroll2021.txt,2020_21,2020-21,49,70763,0000000,4970763,49707630000000,49707630000000,Sonoma,Horicon Elementary,66
cenroll2021.txt,2020_21,2020-21,49,70888,0000000,4970888,49708880000000,49708880000000,Sonoma,Kashia Elementary,17
cenroll2021.txt,2020_21,2020-21,49,70789,0000000,4970789,49707890000000,49707890000000,Sonoma,Kenwood,138
cenroll2021.txt,2020_21,2020-21,49,70797,0000000,4970797,49707970000000,49707970000000,Sonoma,Liberty Elementary,1582
cenroll2021.txt,2020_21,2020-21,49,70805,0000000,4970805,49708050000000,49708050000000,Sonoma,Mark West Union Elementary,1346
cenroll2021.txt,2020_21,2020-21,49,70813,0000000,4970813,49708130000000,49708130000000,Sonoma,Monte Rio Union Elementary,77
cenroll2021.txt,2020_21,2020-21,49,70821,0000000,4970821,49708210000000,49708210000000,Sonoma,Montgomery Elementary,26
cenroll2021.txt,2020_21,2020-21,49,70839,0000000,4970839,49708390000000,49708390000000,Sonoma,Oak Grove Union Elementary,1378
cenroll2021.txt,2020_21,2020-21,49,70847,0000000,4970847,49708470000000,49708470000000,Sonoma,Old Adobe Union,2106
cenroll2021.txt,2020_21,2020-21,49,70854,0000000,4970854,49708540000000,49708540000000,Sonoma,Petaluma City Elementary,2542
cenroll2021.txt,2020_21,2020-21,49,70862,0000000,4970862,49708620000000,49708620000000,Sonoma,Petaluma Joint Union High,5353
cenroll2021.txt,2020_21,2020-21,49,70870,0000000,4970870,49708700000000,49708700000000,Sonoma,Piner-Olivet Union Elementary,1295
cenroll2021.txt,2020_21,2020-21,49,70896,0000000,4970896,49708960000000,49708960000000,Sonoma,Rincon Valley Union Elementary,3197
cenroll2021.txt,2020_21,2020-21,49,70904,0000000,4970904,49709040000000,49709040000000,Sonoma,Roseland,2945
cenroll2021.txt,2020_21,2020-21,49,70912,0000000,4970912,49709120000000,49709120000000,Sonoma,Santa Rosa Elementary,4831
cenroll2021.txt,2020_21,2020-21,49,70920,0000000,4970920,49709200000000,49709200000000,Sonoma,Santa Rosa High,11161
cenroll2021.txt,2020_21,2020-21,49,70938,0000000,4970938,49709380000000,49709380000000,Sonoma,Sebastopol Union Elementary,881
cenroll2021.txt,2020_21,2020-21,49,10496,0000000,4910496,49104960000000,49104960000000,Sonoma,Sonoma County Office of Education,548
cenroll2021.txt,2020_21,2020-21,49,70953,0000000,4970953,49709530000000,49709530000000,Sonoma,Sonoma Valley Unified,4044
cenroll2021.txt,2020_21,2020-21,49,70961,0000000,4970961,49709610000000,49709610000000,Sonoma,Twin Hills Union Elementary,1138
cenroll2021.txt,2020_21,2020-21,49,70979,0000000,4970979,49709790000000,49709790000000,Sonoma,Two Rock Union,133
cenroll2021.txt,2020_21,2020-21,49,70995,0000000,4970995,49709950000000,49709950000000,Sonoma,Waugh Elementary,829
cenroll2021.txt,2020_21,2020-21,49,71001,0000000,4971001,49710010000000,49710010000000,Sonoma,West Side Union Elementary,159
cenroll2021.txt,2020_21,2020-21,49,70607,0000000,4970607,49706070000000,49706070000000,Sonoma,West Sonoma County Union High,1902
cenroll2021.txt,2020_21,2020-21,49,71019,0000000,4971019,49710190000000,49710190000000,Sonoma,Wilmar Union Elementary,234
cenroll2021.txt,2020_21,2020-21,49,75358,0000000,4975358,49753580000000,49753580000000,Sonoma,Windsor Unified,4920
cenroll2021.txt,2020_21,2020-21,49,71035,0000000,4971035,49710350000000,49710350000000,Sonoma,Wright Elementary,1343
cenroll2021.txt,2020_21,2020-21,50,71043,0000000,5071043,50710430000000,50710430000000,Stanislaus,Ceres Unified,15241
cenroll2021.txt,2020_21,2020-21,50,71050,0000000,5071050,50710500000000,50710500000000,Stanislaus,Chatom Union,632
cenroll2021.txt,2020_21,2020-21,50,71068,0000000,5071068,50710680000000,50710680000000,Stanislaus,Denair Unified,1429
cenroll2021.txt,2020_21,2020-21,50,71076,0000000,5071076,50710760000000,50710760000000,Stanislaus,Empire Union Elementary,3110
cenroll2021.txt,2020_21,2020-21,50,71084,0000000,5071084,50710840000000,50710840000000,Stanislaus,Gratton Elementary,152
cenroll2021.txt,2020_21,2020-21,50,71092,0000000,5071092,50710920000000,50710920000000,Stanislaus,Hart-Ransom Union Elementary,1262
cenroll2021.txt,2020_21,2020-21,50,71100,0000000,5071100,50711000000000,50711000000000,Stanislaus,Hickman Community Charter,1077
cenroll2021.txt,2020_21,2020-21,50,75549,0000000,5075549,50755490000000,50755490000000,Stanislaus,Hughson Unified,2161
cenroll2021.txt,2020_21,2020-21,50,71134,0000000,5071134,50711340000000,50711340000000,Stanislaus,Keyes Union,1135
cenroll2021.txt,2020_21,2020-21,50,71142,0000000,5071142,50711420000000,50711420000000,Stanislaus,Knights Ferry Elementary,146
cenroll2021.txt,2020_21,2020-21,50,71167,0000000,5071167,50711670000000,50711670000000,Stanislaus,Modesto City Elementary,16162
cenroll2021.txt,2020_21,2020-21,50,71175,0000000,5071175,50711750000000,50711750000000,Stanislaus,Modesto City High,16572
cenroll2021.txt,2020_21,2020-21,50,73601,0000000,5073601,50736010000000,50736010000000,Stanislaus,Newman-Crows Landing Unified,3356
cenroll2021.txt,2020_21,2020-21,50,75564,0000000,5075564,50755640000000,50755640000000,Stanislaus,Oakdale Joint Unified,5632
cenroll2021.txt,2020_21,2020-21,50,71209,0000000,5071209,50712090000000,50712090000000,Stanislaus,Paradise Elementary,200
cenroll2021.txt,2020_21,2020-21,50,71217,0000000,5071217,50712170000000,50712170000000,Stanislaus,Patterson Joint Unified,6296
cenroll2021.txt,2020_21,2020-21,50,75556,0000000,5075556,50755560000000,50755560000000,Stanislaus,Riverbank Unified,3136
cenroll2021.txt,2020_21,2020-21,50,71233,0000000,5071233,50712330000000,50712330000000,Stanislaus,Roberts Ferry Union Elementary,207
cenroll2021.txt,2020_21,2020-21,50,71266,0000000,5071266,50712660000000,50712660000000,Stanislaus,Salida Union Elementary,3218
cenroll2021.txt,2020_21,2020-21,50,71274,0000000,5071274,50712740000000,50712740000000,Stanislaus,Shiloh Elementary,191
cenroll2021.txt,2020_21,2020-21,50,10504,0000000,5010504,50105040000000,50105040000000,Stanislaus,Stanislaus County Office of Education,3261
cenroll2021.txt,2020_21,2020-21,50,71282,0000000,5071282,50712820000000,50712820000000,Stanislaus,Stanislaus Union Elementary,3664
cenroll2021.txt,2020_21,2020-21,50,71290,0000000,5071290,50712900000000,50712900000000,Stanislaus,Sylvan Union Elementary,8480
cenroll2021.txt,2020_21,2020-21,50,75739,0000000,5075739,50757390000000,50757390000000,Stanislaus,Turlock Unified,14822
cenroll2021.txt,2020_21,2020-21,50,71324,0000000,5071324,50713240000000,50713240000000,Stanislaus,Valley Home Joint Elementary,179
cenroll2021.txt,2020_21,2020-21,50,75572,0000000,5075572,50755720000000,50755720000000,Stanislaus,Waterford Unified,3246
cenroll2021.txt,2020_21,2020-21,51,71357,0000000,5171357,51713570000000,51713570000000,Sutter,Brittan Elementary,463
cenroll2021.txt,2020_21,2020-21,51,71365,0000000,5171365,51713650000000,51713650000000,Sutter,Browns Elementary,131
cenroll2021.txt,2020_21,2020-21,51,71373,0000000,5171373,51713730000000,51713730000000,Sutter,East Nicolaus Joint Union High,314
cenroll2021.txt,2020_21,2020-21,51,71381,0000000,5171381,51713810000000,51713810000000,Sutter,Franklin Elementary,483
cenroll2021.txt,2020_21,2020-21,51,71399,0000000,5171399,51713990000000,51713990000000,Sutter,Live Oak Unified,2006
cenroll2021.txt,2020_21,2020-21,51,71407,0000000,5171407,51714070000000,51714070000000,Sutter,Marcum-Illinois Union Elementary,2901
cenroll2021.txt,2020_21,2020-21,51,71415,0000000,5171415,51714150000000,51714150000000,Sutter,Meridian Elementary,1624
cenroll2021.txt,2020_21,2020-21,51,71423,0000000,5171423,51714230000000,51714230000000,Sutter,Nuestro Elementary,813
cenroll2021.txt,2020_21,2020-21,51,71431,0000000,5171431,51714310000000,51714310000000,Sutter,Pleasant Grove Joint Union,164
cenroll2021.txt,2020_21,2020-21,51,10512,0000000,5110512,51105120000000,51105120000000,Sutter,Sutter County Office of Education,551
cenroll2021.txt,2020_21,2020-21,51,71449,0000000,5171449,51714490000000,51714490000000,Sutter,Sutter Union High,819
cenroll2021.txt,2020_21,2020-21,51,71456,0000000,5171456,51714560000000,51714560000000,Sutter,Winship-Robbins,1421
cenroll2021.txt,2020_21,2020-21,51,71464,0000000,5171464,51714640000000,51714640000000,Sutter,Yuba City Unified,13610
cenroll2021.txt,2020_21,2020-21,52,71472,0000000,5271472,52714720000000,52714720000000,Tehama,Antelope Elementary,868
cenroll2021.txt,2020_21,2020-21,52,71498,0000000,5271498,52714980000000,52714980000000,Tehama,Corning Union Elementary,2138
cenroll2021.txt,2020_21,2020-21,52,71506,0000000,5271506,52715060000000,52715060000000,Tehama,Corning Union High,1127
cenroll2021.txt,2020_21,2020-21,52,71522,0000000,5271522,52715220000000,52715220000000,Tehama,Evergreen Union,1327
cenroll2021.txt,2020_21,2020-21,52,71530,0000000,5271530,52715300000000,52715300000000,Tehama,Flournoy Union Elementary,43
cenroll2021.txt,2020_21,2020-21,52,71548,0000000,5271548,52715480000000,52715480000000,Tehama,Gerber Union Elementary,422
cenroll2021.txt,2020_21,2020-21,52,71555,0000000,5271555,52715550000000,52715550000000,Tehama,Kirkwood Elementary,103
cenroll2021.txt,2020_21,2020-21,52,71563,0000000,5271563,52715630000000,52715630000000,Tehama,Lassen View Union Elementary,412
cenroll2021.txt,2020_21,2020-21,52,71571,0000000,5271571,52715710000000,52715710000000,Tehama,Los Molinos Unified,630
cenroll2021.txt,2020_21,2020-21,52,71639,0000000,5271639,52716390000000,52716390000000,Tehama,Red Bluff Joint Union High,1930
cenroll2021.txt,2020_21,2020-21,52,71621,0000000,5271621,52716210000000,52716210000000,Tehama,Red Bluff Union Elementary,2119
cenroll2021.txt,2020_21,2020-21,52,71647,0000000,5271647,52716470000000,52716470000000,Tehama,Reeds Creek Elementary,216
cenroll2021.txt,2020_21,2020-21,52,71654,0000000,5271654,52716540000000,52716540000000,Tehama,Richfield Elementary,246
cenroll2021.txt,2020_21,2020-21,52,10520,0000000,5210520,52105200000000,52105200000000,Tehama,Tehama County Department of Education,374
cenroll2021.txt,2020_21,2020-21,53,71662,0000000,5371662,53716620000000,53716620000000,Trinity,Burnt Ranch Elementary,80
cenroll2021.txt,2020_21,2020-21,53,71670,0000000,5371670,53716700000000,53716700000000,Trinity,Coffee Creek Elementary,10
cenroll2021.txt,2020_21,2020-21,53,71696,0000000,5371696,53716960000000,53716960000000,Trinity,Douglas City Elementary,176
cenroll2021.txt,2020_21,2020-21,53,71738,0000000,5371738,53717380000000,53717380000000,Trinity,Junction City Elementary,79
cenroll2021.txt,2020_21,2020-21,53,71746,0000000,5371746,53717460000000,53717460000000,Trinity,Lewiston Elementary,80
cenroll2021.txt,2020_21,2020-21,53,75028,0000000,5375028,53750280000000,53750280000000,Trinity,Mountain Valley Unified,337
cenroll2021.txt,2020_21,2020-21,53,73833,0000000,5373833,53738330000000,53738330000000,Trinity,Southern Trinity Joint Unified,99
cenroll2021.txt,2020_21,2020-21,53,76513,0000000,5376513,53765130000000,53765130000000,Trinity,Trinity Alps Unified,732
cenroll2021.txt,2020_21,2020-21,53,71761,0000000,5371761,53717610000000,53717610000000,Trinity,Trinity Center Elementary,21
cenroll2021.txt,2020_21,2020-21,53,10538,0000000,5310538,53105380000000,53105380000000,Trinity,Trinity County Office of Education,149
cenroll2021.txt,2020_21,2020-21,54,71795,0000000,5471795,54717950000000,54717950000000,Tulare,Allensworth Elementary,78
cenroll2021.txt,2020_21,2020-21,54,71803,0000000,5471803,54718030000000,54718030000000,Tulare,Alpaugh Unified,1038
cenroll2021.txt,2020_21,2020-21,54,71811,0000000,5471811,54718110000000,54718110000000,Tulare,Alta Vista Elementary,1482
cenroll2021.txt,2020_21,2020-21,54,71829,0000000,5471829,54718290000000,54718290000000,Tulare,Buena Vista Elementary,205
cenroll2021.txt,2020_21,2020-21,54,71837,0000000,5471837,54718370000000,54718370000000,Tulare,Burton Elementary,4994
cenroll2021.txt,2020_21,2020-21,54,71852,0000000,5471852,54718520000000,54718520000000,Tulare,Columbine Elementary,196
cenroll2021.txt,2020_21,2020-21,54,71860,0000000,5471860,54718600000000,54718600000000,Tulare,Cutler-Orosi Joint Unified,4113
cenroll2021.txt,2020_21,2020-21,54,75531,0000000,5475531,54755310000000,54755310000000,Tulare,Dinuba Unified,6863
cenroll2021.txt,2020_21,2020-21,54,71894,0000000,5471894,54718940000000,54718940000000,Tulare,Ducor Union Elementary,150
cenroll2021.txt,2020_21,2020-21,54,71902,0000000,5471902,54719020000000,54719020000000,Tulare,Earlimart Elementary,1656
cenroll2021.txt,2020_21,2020-21,54,76836,0000000,5476836,54768360000000,54768360000000,Tulare,Exeter Unified,2851
cenroll2021.txt,2020_21,2020-21,54,75325,0000000,5475325,54753250000000,54753250000000,Tulare,Farmersville Unified,2589
cenroll2021.txt,2020_21,2020-21,54,71944,0000000,5471944,54719440000000,54719440000000,Tulare,Hope Elementary,247
cenroll2021.txt,2020_21,2020-21,54,71951,0000000,5471951,54719510000000,54719510000000,Tulare,Hot Springs Elementary,22
cenroll2021.txt,2020_21,2020-21,54,71969,0000000,5471969,54719690000000,54719690000000,Tulare,Kings River Union Elementary,420
cenroll2021.txt,2020_21,2020-21,54,71985,0000000,5471985,54719850000000,54719850000000,Tulare,Liberty Elementary,715
cenroll2021.txt,2020_21,2020-21,54,71993,0000000,5471993,54719930000000,54719930000000,Tulare,Lindsay Unified,4210
cenroll2021.txt,2020_21,2020-21,54,72009,0000000,5472009,54720090000000,54720090000000,Tulare,Monson-Sultana Joint Union Elementary,459
cenroll2021.txt,2020_21,2020-21,54,72017,0000000,5472017,54720170000000,54720170000000,Tulare,Oak Valley Union Elementary,587
cenroll2021.txt,2020_21,2020-21,54,72025,0000000,5472025,54720250000000,54720250000000,Tulare,Outside Creek Elementary,135
cenroll2021.txt,2020_21,2020-21,54,72033,0000000,5472033,54720330000000,54720330000000,Tulare,Palo Verde Union Elementary,542
cenroll2021.txt,2020_21,2020-21,54,72041,0000000,5472041,54720410000000,54720410000000,Tulare,Pixley Union Elementary,935
cenroll2021.txt,2020_21,2020-21,54,72058,0000000,5472058,54720580000000,54720580000000,Tulare,Pleasant View Elementary,462
cenroll2021.txt,2020_21,2020-21,54,75523,0000000,5475523,54755230000000,54755230000000,Tulare,Porterville Unified,14910
cenroll2021.txt,2020_21,2020-21,54,72082,0000000,5472082,54720820000000,54720820000000,Tulare,Richgrove Elementary,587
cenroll2021.txt,2020_21,2020-21,54,72090,0000000,5472090,54720900000000,54720900000000,Tulare,Rockford Elementary,324
cenroll2021.txt,2020_21,2020-21,54,72108,0000000,5472108,54721080000000,54721080000000,Tulare,Saucelito Elementary,83
cenroll2021.txt,2020_21,2020-21,54,72116,0000000,5472116,54721160000000,54721160000000,Tulare,Sequoia Union Elementary,366
cenroll2021.txt,2020_21,2020-21,54,72132,0000000,5472132,54721320000000,54721320000000,Tulare,Springville Union Elementary,352
cenroll2021.txt,2020_21,2020-21,54,72140,0000000,5472140,54721400000000,54721400000000,Tulare,Stone Corral Elementary,931
cenroll2021.txt,2020_21,2020-21,54,72157,0000000,5472157,54721570000000,54721570000000,Tulare,Strathmore Union Elementary,759
cenroll2021.txt,2020_21,2020-21,54,72173,0000000,5472173,54721730000000,54721730000000,Tulare,Sundale Union Elementary,780
cenroll2021.txt,2020_21,2020-21,54,72181,0000000,5472181,54721810000000,54721810000000,Tulare,Sunnyside Union Elementary,379
cenroll2021.txt,2020_21,2020-21,54,72199,0000000,5472199,54721990000000,54721990000000,Tulare,Terra Bella Union Elementary,866
cenroll2021.txt,2020_21,2020-21,54,72207,0000000,5472207,54722070000000,54722070000000,Tulare,Three Rivers Union Elementary,132
cenroll2021.txt,2020_21,2020-21,54,72215,0000000,5472215,54722150000000,54722150000000,Tulare,Tipton Elementary,556
cenroll2021.txt,2020_21,2020-21,54,72223,0000000,5472223,54722230000000,54722230000000,Tulare,Traver Joint Elementary,239
cenroll2021.txt,2020_21,2020-21,54,72231,0000000,5472231,54722310000000,54722310000000,Tulare,Tulare City,9799
cenroll2021.txt,2020_21,2020-21,54,10546,0000000,5410546,54105460000000,54105460000000,Tulare,Tulare County Office of Education,3542
cenroll2021.txt,2020_21,2020-21,54,72249,0000000,5472249,54722490000000,54722490000000,Tulare,Tulare Joint Union High,5891
cenroll2021.txt,2020_21,2020-21,54,72256,0000000,5472256,54722560000000,54722560000000,Tulare,Visalia Unified,30104
cenroll2021.txt,2020_21,2020-21,54,72264,0000000,5472264,54722640000000,54722640000000,Tulare,Waukena Joint Union Elementary,239
cenroll2021.txt,2020_21,2020-21,54,76794,0000000,5476794,54767940000000,54767940000000,Tulare,Woodlake Unified,2167
cenroll2021.txt,2020_21,2020-21,54,72298,0000000,5472298,54722980000000,54722980000000,Tulare,Woodville Union Elementary,435
cenroll2021.txt,2020_21,2020-21,55,72306,0000000,5572306,55723060000000,55723060000000,Tuolumne,Belleview Elementary,170
cenroll2021.txt,2020_21,2020-21,55,75184,0000000,5575184,55751840000000,55751840000000,Tuolumne,Big Oak Flat-Groveland Unified,329
cenroll2021.txt,2020_21,2020-21,55,72348,0000000,5572348,55723480000000,55723480000000,Tuolumne,Columbia Union,492
cenroll2021.txt,2020_21,2020-21,55,72355,0000000,5572355,55723550000000,55723550000000,Tuolumne,Curtis Creek Elementary,498
cenroll2021.txt,2020_21,2020-21,55,72363,0000000,5572363,55723630000000,55723630000000,Tuolumne,Jamestown Elementary,398
cenroll2021.txt,2020_21,2020-21,55,72371,0000000,5572371,55723710000000,55723710000000,Tuolumne,Sonora Elementary,773
cenroll2021.txt,2020_21,2020-21,55,72389,0000000,5572389,55723890000000,55723890000000,Tuolumne,Sonora Union High,1096
cenroll2021.txt,2020_21,2020-21,55,72397,0000000,5572397,55723970000000,55723970000000,Tuolumne,Soulsbyville Elementary,542
cenroll2021.txt,2020_21,2020-21,55,72405,0000000,5572405,55724050000000,55724050000000,Tuolumne,Summerville Elementary,415
cenroll2021.txt,2020_21,2020-21,55,72413,0000000,5572413,55724130000000,55724130000000,Tuolumne,Summerville Union High,1183
cenroll2021.txt,2020_21,2020-21,55,10553,0000000,5510553,55105530000000,55105530000000,Tuolumne,Tuolumne County Superintendent of Schools,154
cenroll2021.txt,2020_21,2020-21,55,72421,0000000,5572421,55724210000000,55724210000000,Tuolumne,Twain Harte,303
cenroll2021.txt,2020_21,2020-21,56,72447,0000000,5672447,56724470000000,56724470000000,Ventura,Briggs Elementary,510
cenroll2021.txt,2020_21,2020-21,56,73759,0000000,5673759,56737590000000,56737590000000,Ventura,Conejo Valley Unified,17985
cenroll2021.txt,2020_21,2020-21,56,72454,0000000,5672454,56724540000000,56724540000000,Ventura,Fillmore Unified,3736
cenroll2021.txt,2020_21,2020-21,56,72462,0000000,5672462,56724620000000,56724620000000,Ventura,Hueneme Elementary,7730
cenroll2021.txt,2020_21,2020-21,56,72470,0000000,5672470,56724700000000,56724700000000,Ventura,Mesa Union Elementary,1137
cenroll2021.txt,2020_21,2020-21,56,73940,0000000,5673940,56739400000000,56739400000000,Ventura,Moorpark Unified,6734
cenroll2021.txt,2020_21,2020-21,56,72504,0000000,5672504,56725040000000,56725040000000,Ventura,Mupu Elementary,162
cenroll2021.txt,2020_21,2020-21,56,73874,0000000,5673874,56738740000000,56738740000000,Ventura,Oak Park Unified,4496
cenroll2021.txt,2020_21,2020-21,56,72512,0000000,5672512,56725120000000,56725120000000,Ventura,Ocean View,2376
cenroll2021.txt,2020_21,2020-21,56,72520,0000000,5672520,56725200000000,56725200000000,Ventura,Ojai Unified,2478
cenroll2021.txt,2020_21,2020-21,56,72538,0000000,5672538,56725380000000,56725380000000,Ventura,Oxnard,15464
cenroll2021.txt,2020_21,2020-21,56,72546,0000000,5672546,56725460000000,56725460000000,Ventura,Oxnard Union High,18625
cenroll2021.txt,2020_21,2020-21,56,72553,0000000,5672553,56725530000000,56725530000000,Ventura,Pleasant Valley,7171
cenroll2021.txt,2020_21,2020-21,56,72561,0000000,5672561,56725610000000,56725610000000,Ventura,Rio Elementary,5355
cenroll2021.txt,2020_21,2020-21,56,72579,0000000,5672579,56725790000000,56725790000000,Ventura,Santa Clara Elementary,55
cenroll2021.txt,2020_21,2020-21,56,76828,0000000,5676828,56768280000000,56768280000000,Ventura,Santa Paula Unified,5206
cenroll2021.txt,2020_21,2020-21,56,72603,0000000,5672603,56726030000000,56726030000000,Ventura,Simi Valley Unified,16413
cenroll2021.txt,2020_21,2020-21,56,72611,0000000,5672611,56726110000000,56726110000000,Ventura,Somis Union,239
cenroll2021.txt,2020_21,2020-21,56,10561,0000000,5610561,56105610000000,56105610000000,Ventura,Ventura County Office of Education,4445
cenroll2021.txt,2020_21,2020-21,56,72652,0000000,5672652,56726520000000,56726520000000,Ventura,Ventura Unified,16140
cenroll2021.txt,2020_21,2020-21,57,72678,0000000,5772678,57726780000000,57726780000000,Yolo,Davis Joint Unified,8537
cenroll2021.txt,2020_21,2020-21,57,72686,0000000,5772686,57726860000000,57726860000000,Yolo,Esparto Unified,977
cenroll2021.txt,2020_21,2020-21,57,72694,0000000,5772694,57726940000000,57726940000000,Yolo,Washington Unified,8628
cenroll2021.txt,2020_21,2020-21,57,72702,0000000,5772702,57727020000000,57727020000000,Yolo,Winters Joint Unified,2297
cenroll2021.txt,2020_21,2020-21,57,72710,0000000,5772710,57727100000000,57727100000000,Yolo,Woodland Joint Unified,9946
cenroll2021.txt,2020_21,2020-21,57,10579,0000000,5710579,57105790000000,57105790000000,Yolo,Yolo County Office of Education,649
cenroll2021.txt,2020_21,2020-21,58,72728,0000000,5872728,58727280000000,58727280000000,Yuba,Camptonville Elementary,595
cenroll2021.txt,2020_21,2020-21,58,72736,0000000,5872736,58727360000000,58727360000000,Yuba,Marysville Joint Unified,10652
cenroll2021.txt,2020_21,2020-21,58,72744,0000000,5872744,58727440000000,58727440000000,Yuba,Plumas Lake Elementary,1470
cenroll2021.txt,2020_21,2020-21,58,72751,0000000,5872751,58727510000000,58727510000000,Yuba,Wheatland,1391
cenroll2021.txt,2020_21,2020-21,58,72769,0000000,5872769,58727690000000,58727690000000,Yuba,Wheatland Union High,999
cenroll2021.txt,2020_21,2020-21,58,10587,0000000,5810587,58105870000000,58105870000000,Yuba,Yuba County Office of Education,793
cenroll2122.txt,2021_22,2021-22,01,10017,0000000,0110017,01100170000000,01100170000000,Alameda,Alameda County Office of Education,4809
cenroll2122.txt,2021_22,2021-22,01,61119,0000000,0161119,01611190000000,01611190000000,Alameda,Alameda Unified,10741
cenroll2122.txt,2021_22,2021-22,01,61127,0000000,0161127,01611270000000,01611270000000,Alameda,Albany City Unified,3637
cenroll2122.txt,2021_22,2021-22,01,61143,0000000,0161143,01611430000000,01611430000000,Alameda,Berkeley Unified,9437
cenroll2122.txt,2021_22,2021-22,01,31609,0000000,0131609,01316090000000,01316090000000,Alameda,California School for the Blind (State Special Schl),67
cenroll2122.txt,2021_22,2021-22,01,31617,0000000,0131617,01316170000000,01316170000000,Alameda,California School for the Deaf-Fremont (State Special Schl),332
cenroll2122.txt,2021_22,2021-22,01,61150,0000000,0161150,01611500000000,01611500000000,Alameda,Castro Valley Unified,9288
cenroll2122.txt,2021_22,2021-22,01,75093,0000000,0175093,01750930000000,01750930000000,Alameda,Dublin Unified,12976
cenroll2122.txt,2021_22,2021-22,01,61168,0000000,0161168,01611680000000,01611680000000,Alameda,Emery Unified,681
cenroll2122.txt,2021_22,2021-22,01,61176,0000000,0161176,01611760000000,01611760000000,Alameda,Fremont Unified,35542
cenroll2122.txt,2021_22,2021-22,01,61192,0000000,0161192,01611920000000,01611920000000,Alameda,Hayward Unified,21230
cenroll2122.txt,2021_22,2021-22,01,61200,0000000,0161200,01612000000000,01612000000000,Alameda,Livermore Valley Joint Unified,13424
cenroll2122.txt,2021_22,2021-22,01,61218,0000000,0161218,01612180000000,01612180000000,Alameda,Mountain House Elementary,21
cenroll2122.txt,2021_22,2021-22,01,61242,0000000,0161242,01612420000000,01612420000000,Alameda,New Haven Unified,10975
cenroll2122.txt,2021_22,2021-22,01,61234,0000000,0161234,01612340000000,01612340000000,Alameda,Newark Unified,5446
cenroll2122.txt,2021_22,2021-22,01,61259,0000000,0161259,01612590000000,01612590000000,Alameda,Oakland Unified,48785
cenroll2122.txt,2021_22,2021-22,01,61275,0000000,0161275,01612750000000,01612750000000,Alameda,Piedmont City Unified,2381
cenroll2122.txt,2021_22,2021-22,01,75101,0000000,0175101,01751010000000,01751010000000,Alameda,Pleasanton Unified,14695
cenroll2122.txt,2021_22,2021-22,01,61291,0000000,0161291,01612910000000,01612910000000,Alameda,San Leandro Unified,9164
cenroll2122.txt,2021_22,2021-22,01,61309,0000000,0161309,01613090000000,01613090000000,Alameda,San Lorenzo Unified,10396
cenroll2122.txt,2021_22,2021-22,01,77180,0000000,0177180,01771800000000,01771800000000,Alameda,SBE - Latitude 37.8 High,250
cenroll2122.txt,2021_22,2021-22,01,75119,0000000,0175119,01751190000000,01751190000000,Alameda,Sunol Glen Unified,276
cenroll2122.txt,2021_22,2021-22,02,61333,0000000,0261333,02613330000000,02613330000000,Alpine,Alpine County Unified,73
cenroll2122.txt,2021_22,2021-22,03,10033,0000000,0310033,03100330000000,03100330000000,Amador,Amador County Office of Education,44
cenroll2122.txt,2021_22,2021-22,03,73981,0000000,0373981,03739810000000,03739810000000,Amador,Amador County Unified,4274
cenroll2122.txt,2021_22,2021-22,04,61382,0000000,0461382,04613820000000,04613820000000,Butte,Bangor Union Elementary,105
cenroll2122.txt,2021_22,2021-22,04,61408,0000000,0461408,04614080000000,04614080000000,Butte,Biggs Unified,614
cenroll2122.txt,2021_22,2021-22,04,10041,0000000,0410041,04100410000000,04100410000000,Butte,Butte County Office of Education,1541
cenroll2122.txt,2021_22,2021-22,04,61424,0000000,0461424,04614240000000,04614240000000,Butte,Chico Unified,14782
cenroll2122.txt,2021_22,2021-22,04,61432,0000000,0461432,04614320000000,04614320000000,Butte,Durham Unified,1043
cenroll2122.txt,2021_22,2021-22,04,61457,0000000,0461457,04614570000000,04614570000000,Butte,Golden Feather Union Elementary,89
cenroll2122.txt,2021_22,2021-22,04,75507,0000000,0475507,04755070000000,04755070000000,Butte,Gridley Unified,2148
cenroll2122.txt,2021_22,2021-22,04,61499,0000000,0461499,04614990000000,04614990000000,Butte,Manzanita Elementary,303
cenroll2122.txt,2021_22,2021-22,04,61507,0000000,0461507,04615070000000,04615070000000,Butte,Oroville City Elementary,2790
cenroll2122.txt,2021_22,2021-22,04,61515,0000000,0461515,04615150000000,04615150000000,Butte,Oroville Union High,2547
cenroll2122.txt,2021_22,2021-22,04,61523,0000000,0461523,04615230000000,04615230000000,Butte,Palermo Union Elementary,1316
cenroll2122.txt,2021_22,2021-22,04,61531,0000000,0461531,04615310000000,04615310000000,Butte,Paradise Unified,2243
cenroll2122.txt,2021_22,2021-22,04,73379,0000000,0473379,04733790000000,04733790000000,Butte,Pioneer Union Elementary,41
cenroll2122.txt,2021_22,2021-22,04,61549,0000000,0461549,04615490000000,04615490000000,Butte,Thermalito Union Elementary,1600
cenroll2122.txt,2021_22,2021-22,05,61556,0000000,0561556,05615560000000,05615560000000,Calaveras,Bret Harte Union High,682
cenroll2122.txt,2021_22,2021-22,05,10058,0000000,0510058,05100580000000,05100580000000,Calaveras,Calaveras County Office of Education,568
cenroll2122.txt,2021_22,2021-22,05,61564,0000000,0561564,05615640000000,05615640000000,Calaveras,Calaveras Unified,3124
cenroll2122.txt,2021_22,2021-22,05,61572,0000000,0561572,05615720000000,05615720000000,Calaveras,Mark Twain Union Elementary,800
cenroll2122.txt,2021_22,2021-22,05,61580,0000000,0561580,05615800000000,05615800000000,Calaveras,Vallecito Union,620
cenroll2122.txt,2021_22,2021-22,06,10066,0000000,0610066,06100660000000,06100660000000,Colusa,Colusa County Office of Education,36
cenroll2122.txt,2021_22,2021-22,06,61598,0000000,0661598,06615980000000,06615980000000,Colusa,Colusa Unified,1612
cenroll2122.txt,2021_22,2021-22,06,61606,0000000,0661606,06616060000000,06616060000000,Colusa,Maxwell Unified,368
cenroll2122.txt,2021_22,2021-22,06,61614,0000000,0661614,06616140000000,06616140000000,Colusa,Pierce Joint Unified,1557
cenroll2122.txt,2021_22,2021-22,06,61622,0000000,0661622,06616220000000,06616220000000,Colusa,Williams Unified,1418
cenroll2122.txt,2021_22,2021-22,07,61630,0000000,0761630,07616300000000,07616300000000,Contra Costa,Acalanes Union High,5552
cenroll2122.txt,2021_22,2021-22,07,61648,0000000,0761648,07616480000000,07616480000000,Contra Costa,Antioch Unified,17564
cenroll2122.txt,2021_22,2021-22,07,61655,0000000,0761655,07616550000000,07616550000000,Contra Costa,Brentwood Union Elementary,9786
cenroll2122.txt,2021_22,2021-22,07,61663,0000000,0761663,07616630000000,07616630000000,Contra Costa,Byron Union Elementary,2370
cenroll2122.txt,2021_22,2021-22,07,61671,0000000,0761671,07616710000000,07616710000000,Contra Costa,Canyon Elementary,73
cenroll2122.txt,2021_22,2021-22,07,10074,0000000,0710074,07100740000000,07100740000000,Contra Costa,Contra Costa County Office of Education,6362
cenroll2122.txt,2021_22,2021-22,07,61697,0000000,0761697,07616970000000,07616970000000,Contra Costa,John Swett Unified,1309
cenroll2122.txt,2021_22,2021-22,07,61705,0000000,0761705,07617050000000,07617050000000,Contra Costa,Knightsen Elementary,620
cenroll2122.txt,2021_22,2021-22,07,61713,0000000,0761713,07617130000000,07617130000000,Contra Costa,Lafayette Elementary,3238
cenroll2122.txt,2021_22,2021-22,07,61721,0000000,0761721,07617210000000,07617210000000,Contra Costa,Liberty Union High,8615
cenroll2122.txt,2021_22,2021-22,07,61739,0000000,0761739,07617390000000,07617390000000,Contra Costa,Martinez Unified,4029
cenroll2122.txt,2021_22,2021-22,07,61747,0000000,0761747,07617470000000,07617470000000,Contra Costa,Moraga Elementary,1776
cenroll2122.txt,2021_22,2021-22,07,61754,0000000,0761754,07617540000000,07617540000000,Contra Costa,Mt. Diablo Unified,31324
cenroll2122.txt,2021_22,2021-22,07,61762,0000000,0761762,07617620000000,07617620000000,Contra Costa,Oakley Union Elementary,5218
cenroll2122.txt,2021_22,2021-22,07,61770,0000000,0761770,07617700000000,07617700000000,Contra Costa,Orinda Union Elementary,2541
cenroll2122.txt,2021_22,2021-22,07,61788,0000000,0761788,07617880000000,07617880000000,Contra Costa,Pittsburg Unified,11479
cenroll2122.txt,2021_22,2021-22,07,61804,0000000,0761804,07618040000000,07618040000000,Contra Costa,San Ramon Valley Unified,30885
cenroll2122.txt,2021_22,2021-22,07,77354,0000000,0777354,07773540000000,07773540000000,Contra Costa,SBE - John Henry High,357
cenroll2122.txt,2021_22,2021-22,07,61812,0000000,0761812,07618120000000,07618120000000,Contra Costa,Walnut Creek Elementary,3496
cenroll2122.txt,2021_22,2021-22,07,61796,0000000,0761796,07617960000000,07617960000000,Contra Costa,West Contra Costa Unified,31259
cenroll2122.txt,2021_22,2021-22,08,10082,0000000,0810082,08100820000000,08100820000000,Del Norte,Del Norte County Office of Education,549
cenroll2122.txt,2021_22,2021-22,08,61820,0000000,0861820,08618200000000,08618200000000,Del Norte,Del Norte County Unified,4026
cenroll2122.txt,2021_22,2021-22,09,73783,0000000,0973783,09737830000000,09737830000000,El Dorado,Black Oak Mine Unified,1412
cenroll2122.txt,2021_22,2021-22,09,61838,0000000,0961838,09618380000000,09618380000000,El Dorado,Buckeye Union Elementary,9525
cenroll2122.txt,2021_22,2021-22,09,61846,0000000,0961846,09618460000000,09618460000000,El Dorado,Camino Union Elementary,472
cenroll2122.txt,2021_22,2021-22,09,10090,0000000,0910090,09100900000000,09100900000000,El Dorado,El Dorado County Office of Education,2128
cenroll2122.txt,2021_22,2021-22,09,61853,0000000,0961853,09618530000000,09618530000000,El Dorado,El Dorado Union High,7147
cenroll2122.txt,2021_22,2021-22,09,61879,0000000,0961879,09618790000000,09618790000000,El Dorado,Gold Oak Union Elementary,475
cenroll2122.txt,2021_22,2021-22,09,61887,0000000,0961887,09618870000000,09618870000000,El Dorado,Gold Trail Union Elementary,578
cenroll2122.txt,2021_22,2021-22,09,61895,0000000,0961895,09618950000000,09618950000000,El Dorado,Indian Diggings Elementary,19
cenroll2122.txt,2021_22,2021-22,09,61903,0000000,0961903,09619030000000,09619030000000,El Dorado,Lake Tahoe Unified,3789
cenroll2122.txt,2021_22,2021-22,09,61911,0000000,0961911,09619110000000,09619110000000,El Dorado,Latrobe,169
cenroll2122.txt,2021_22,2021-22,09,61929,0000000,0961929,09619290000000,09619290000000,El Dorado,Mother Lode Union Elementary,943
cenroll2122.txt,2021_22,2021-22,09,61945,0000000,0961945,09619450000000,09619450000000,El Dorado,Pioneer Union Elementary,348
cenroll2122.txt,2021_22,2021-22,09,61952,0000000,0961952,09619520000000,09619520000000,El Dorado,Placerville Union Elementary,1249
cenroll2122.txt,2021_22,2021-22,09,61960,0000000,0961960,09619600000000,09619600000000,El Dorado,Pollock Pines Elementary,658
cenroll2122.txt,2021_22,2021-22,09,61978,0000000,0961978,09619780000000,09619780000000,El Dorado,Rescue Union Elementary,3747
cenroll2122.txt,2021_22,2021-22,09,61986,0000000,0961986,09619860000000,09619860000000,El Dorado,Silver Fork Elementary,20
cenroll2122.txt,2021_22,2021-22,10,61994,0000000,1061994,10619940000000,10619940000000,Fresno,Alvina Elementary,189
cenroll2122.txt,2021_22,2021-22,10,62026,0000000,1062026,10620260000000,10620260000000,Fresno,Big Creek Elementary,37
cenroll2122.txt,2021_22,2021-22,10,62042,0000000,1062042,10620420000000,10620420000000,Fresno,Burrel Union Elementary,138
cenroll2122.txt,2021_22,2021-22,10,75598,0000000,1075598,10755980000000,10755980000000,Fresno,Caruthers Unified,1661
cenroll2122.txt,2021_22,2021-22,10,73965,0000000,1073965,10739650000000,10739650000000,Fresno,Central Unified,16758
cenroll2122.txt,2021_22,2021-22,10,62109,0000000,1062109,10621090000000,10621090000000,Fresno,Clay Joint Elementary,256
cenroll2122.txt,2021_22,2021-22,10,62117,0000000,1062117,10621170000000,10621170000000,Fresno,Clovis Unified,44626
cenroll2122.txt,2021_22,2021-22,10,62125,0000000,1062125,10621250000000,10621250000000,Fresno,Coalinga-Huron Unified,4714
cenroll2122.txt,2021_22,2021-22,10,73809,0000000,1073809,10738090000000,10738090000000,Fresno,Firebaugh-Las Deltas Unified,2312
cenroll2122.txt,2021_22,2021-22,10,62158,0000000,1062158,10621580000000,10621580000000,Fresno,Fowler Unified,2675
cenroll2122.txt,2021_22,2021-22,10,10108,0000000,1010108,10101080000000,10101080000000,Fresno,Fresno County Office of Education,5964
cenroll2122.txt,2021_22,2021-22,10,62166,0000000,1062166,10621660000000,10621660000000,Fresno,Fresno Unified,77188
cenroll2122.txt,2021_22,2021-22,10,75234,0000000,1075234,10752340000000,10752340000000,Fresno,Golden Plains Unified,1514
cenroll2122.txt,2021_22,2021-22,10,73999,0000000,1073999,10739990000000,10739990000000,Fresno,Kerman Unified,5567
cenroll2122.txt,2021_22,2021-22,10,62265,0000000,1062265,10622650000000,10622650000000,Fresno,Kings Canyon Joint Unified,10085
cenroll2122.txt,2021_22,2021-22,10,62240,0000000,1062240,10622400000000,10622400000000,Fresno,Kingsburg Elementary Charter,2347
cenroll2122.txt,2021_22,2021-22,10,62257,0000000,1062257,10622570000000,10622570000000,Fresno,Kingsburg Joint Union High,1259
cenroll2122.txt,2021_22,2021-22,10,62281,0000000,1062281,10622810000000,10622810000000,Fresno,Laton Joint Unified,676
cenroll2122.txt,2021_22,2021-22,10,75127,0000000,1075127,10751270000000,10751270000000,Fresno,Mendota Unified,4012
cenroll2122.txt,2021_22,2021-22,10,62323,0000000,1062323,10623230000000,10623230000000,Fresno,Monroe Elementary,171
cenroll2122.txt,2021_22,2021-22,10,62331,0000000,1062331,10623310000000,10623310000000,Fresno,Orange Center,1728
cenroll2122.txt,2021_22,2021-22,10,62356,0000000,1062356,10623560000000,10623560000000,Fresno,Pacific Union Elementary,384
cenroll2122.txt,2021_22,2021-22,10,62364,0000000,1062364,10623640000000,10623640000000,Fresno,Parlier Unified,3525
cenroll2122.txt,2021_22,2021-22,10,62372,0000000,1062372,10623720000000,10623720000000,Fresno,Pine Ridge Elementary,89
cenroll2122.txt,2021_22,2021-22,10,62380,0000000,1062380,10623800000000,10623800000000,Fresno,Raisin City Elementary,686
cenroll2122.txt,2021_22,2021-22,10,75408,0000000,1075408,10754080000000,10754080000000,Fresno,Riverdale Joint Unified,1565
cenroll2122.txt,2021_22,2021-22,10,62414,0000000,1062414,10624140000000,10624140000000,Fresno,Sanger Unified,13681
cenroll2122.txt,2021_22,2021-22,10,62430,0000000,1062430,10624300000000,10624300000000,Fresno,Selma Unified,6288
cenroll2122.txt,2021_22,2021-22,10,75275,0000000,1075275,10752750000000,10752750000000,Fresno,Sierra Unified,1357
cenroll2122.txt,2021_22,2021-22,10,62513,0000000,1062513,10625130000000,10625130000000,Fresno,Washington Colony Elementary,502
cenroll2122.txt,2021_22,2021-22,10,76778,0000000,1076778,10767780000000,10767780000000,Fresno,Washington Unified,3147
cenroll2122.txt,2021_22,2021-22,10,62539,0000000,1062539,10625390000000,10625390000000,Fresno,West Park Elementary,693
cenroll2122.txt,2021_22,2021-22,10,62547,0000000,1062547,10625470000000,10625470000000,Fresno,Westside Elementary,4611
cenroll2122.txt,2021_22,2021-22,11,62554,0000000,1162554,11625540000000,11625540000000,Glenn,Capay Joint Union Elementary,208
cenroll2122.txt,2021_22,2021-22,11,10116,0000000,1110116,11101160000000,11101160000000,Glenn,Glenn County Office of Education,627
cenroll2122.txt,2021_22,2021-22,11,76562,0000000,1176562,11765620000000,11765620000000,Glenn,Hamilton Unified,739
cenroll2122.txt,2021_22,2021-22,11,62596,0000000,1162596,11625960000000,11625960000000,Glenn,Lake Elementary,893
cenroll2122.txt,2021_22,2021-22,11,75481,0000000,1175481,11754810000000,11754810000000,Glenn,Orland Joint Unified,2444
cenroll2122.txt,2021_22,2021-22,11,62638,0000000,1162638,11626380000000,11626380000000,Glenn,Plaza Elementary,205
cenroll2122.txt,2021_22,2021-22,11,62646,0000000,1162646,11626460000000,11626460000000,Glenn,Princeton Joint Unified,159
cenroll2122.txt,2021_22,2021-22,11,62653,0000000,1162653,11626530000000,11626530000000,Glenn,Stony Creek Joint Unified,102
cenroll2122.txt,2021_22,2021-22,11,62661,0000000,1162661,11626610000000,11626610000000,Glenn,Willows Unified,1498
cenroll2122.txt,2021_22,2021-22,12,62679,0000000,1262679,12626790000000,12626790000000,Humboldt,Arcata Elementary,1178
cenroll2122.txt,2021_22,2021-22,12,62695,0000000,1262695,12626950000000,12626950000000,Humboldt,Big Lagoon Union Elementary,23
cenroll2122.txt,2021_22,2021-22,12,62703,0000000,1262703,12627030000000,12627030000000,Humboldt,Blue Lake Union Elementary,184
cenroll2122.txt,2021_22,2021-22,12,62729,0000000,1262729,12627290000000,12627290000000,Humboldt,Bridgeville Elementary,47
cenroll2122.txt,2021_22,2021-22,12,62737,0000000,1262737,12627370000000,12627370000000,Humboldt,Cuddeback Union Elementary,151
cenroll2122.txt,2021_22,2021-22,12,62745,0000000,1262745,12627450000000,12627450000000,Humboldt,Cutten Elementary,571
cenroll2122.txt,2021_22,2021-22,12,75515,0000000,1275515,12755150000000,12755150000000,Humboldt,Eureka City Schools,4006
cenroll2122.txt,2021_22,2021-22,12,75374,0000000,1275374,12753740000000,12753740000000,Humboldt,Ferndale Unified,511
cenroll2122.txt,2021_22,2021-22,12,62794,0000000,1262794,12627940000000,12627940000000,Humboldt,Fieldbrook Elementary,120
cenroll2122.txt,2021_22,2021-22,12,76802,0000000,1276802,12768020000000,12768020000000,Humboldt,Fortuna Elementary,1445
cenroll2122.txt,2021_22,2021-22,12,62810,0000000,1262810,12628100000000,12628100000000,Humboldt,Fortuna Union High,1157
cenroll2122.txt,2021_22,2021-22,12,62828,0000000,1262828,12628280000000,12628280000000,Humboldt,Freshwater Elementary,317
cenroll2122.txt,2021_22,2021-22,12,62836,0000000,1262836,12628360000000,12628360000000,Humboldt,Garfield Elementary,68
cenroll2122.txt,2021_22,2021-22,12,62851,0000000,1262851,12628510000000,12628510000000,Humboldt,Green Point Elementary,10
cenroll2122.txt,2021_22,2021-22,12,10124,0000000,1210124,12101240000000,12101240000000,Humboldt,Humboldt County Office of Education,1028
cenroll2122.txt,2021_22,2021-22,12,62885,0000000,1262885,12628850000000,12628850000000,Humboldt,Hydesville Elementary,206
cenroll2122.txt,2021_22,2021-22,12,62893,0000000,1262893,12628930000000,12628930000000,Humboldt,Jacoby Creek Elementary,466
cenroll2122.txt,2021_22,2021-22,12,62901,0000000,1262901,12629010000000,12629010000000,Humboldt,Klamath-Trinity Joint Unified,1034
cenroll2122.txt,2021_22,2021-22,12,62919,0000000,1262919,12629190000000,12629190000000,Humboldt,Kneeland Elementary,35
cenroll2122.txt,2021_22,2021-22,12,62927,0000000,1262927,12629270000000,12629270000000,Humboldt,Loleta Union Elementary,122
cenroll2122.txt,2021_22,2021-22,12,62935,0000000,1262935,12629350000000,12629350000000,Humboldt,Maple Creek Elementary,6
cenroll2122.txt,2021_22,2021-22,12,75382,0000000,1275382,12753820000000,12753820000000,Humboldt,Mattole Unified,47
cenroll2122.txt,2021_22,2021-22,12,62950,0000000,1262950,12629500000000,12629500000000,Humboldt,McKinleyville Union Elementary,988
cenroll2122.txt,2021_22,2021-22,12,62687,0000000,1262687,12626870000000,12626870000000,Humboldt,Northern Humboldt Union High,1996
cenroll2122.txt,2021_22,2021-22,12,62968,0000000,1262968,12629680000000,12629680000000,Humboldt,Orick Elementary,18
cenroll2122.txt,2021_22,2021-22,12,62976,0000000,1262976,12629760000000,12629760000000,Humboldt,Pacific Union Elementary,608
cenroll2122.txt,2021_22,2021-22,12,62984,0000000,1262984,12629840000000,12629840000000,Humboldt,Peninsula Union,66
cenroll2122.txt,2021_22,2021-22,12,63008,0000000,1263008,12630080000000,12630080000000,Humboldt,Rio Dell Elementary,308
cenroll2122.txt,2021_22,2021-22,12,63024,0000000,1263024,12630240000000,12630240000000,Humboldt,Scotia Union Elementary,186
cenroll2122.txt,2021_22,2021-22,12,63032,0000000,1263032,12630320000000,12630320000000,Humboldt,South Bay Union Elementary,994
cenroll2122.txt,2021_22,2021-22,12,63040,0000000,1263040,12630400000000,12630400000000,Humboldt,Southern Humboldt Joint Unified,774
cenroll2122.txt,2021_22,2021-22,12,63057,0000000,1263057,12630570000000,12630570000000,Humboldt,Trinidad Union Elementary,205
cenroll2122.txt,2021_22,2021-22,13,63073,0000000,1363073,13630730000000,13630730000000,Imperial,Brawley Elementary,4047
cenroll2122.txt,2021_22,2021-22,13,63081,0000000,1363081,13630810000000,13630810000000,Imperial,Brawley Union High,2118
cenroll2122.txt,2021_22,2021-22,13,63099,0000000,1363099,13630990000000,13630990000000,Imperial,Calexico Unified,9111
cenroll2122.txt,2021_22,2021-22,13,63107,0000000,1363107,13631070000000,13631070000000,Imperial,Calipatria Unified,1244
cenroll2122.txt,2021_22,2021-22,13,63115,0000000,1363115,13631150000000,13631150000000,Imperial,Central Union High,4265
cenroll2122.txt,2021_22,2021-22,13,63123,0000000,1363123,13631230000000,13631230000000,Imperial,El Centro Elementary,5749
cenroll2122.txt,2021_22,2021-22,13,63131,0000000,1363131,13631310000000,13631310000000,Imperial,Heber Elementary,1207
cenroll2122.txt,2021_22,2021-22,13,63149,0000000,1363149,13631490000000,13631490000000,Imperial,Holtville Unified,1680
cenroll2122.txt,2021_22,2021-22,13,10132,0000000,1310132,13101320000000,13101320000000,Imperial,Imperial County Office of Education,1050
cenroll2122.txt,2021_22,2021-22,13,63164,0000000,1363164,13631640000000,13631640000000,Imperial,Imperial Unified,4581
cenroll2122.txt,2021_22,2021-22,13,63172,0000000,1363172,13631720000000,13631720000000,Imperial,Magnolia Union Elementary,129
cenroll2122.txt,2021_22,2021-22,13,63180,0000000,1363180,13631800000000,13631800000000,Imperial,McCabe Union Elementary,1296
cenroll2122.txt,2021_22,2021-22,13,63198,0000000,1363198,13631980000000,13631980000000,Imperial,Meadows Union Elementary,443
cenroll2122.txt,2021_22,2021-22,13,63206,0000000,1363206,13632060000000,13632060000000,Imperial,Mulberry Elementary,70
cenroll2122.txt,2021_22,2021-22,13,63214,0000000,1363214,13632140000000,13632140000000,Imperial,San Pasqual Valley Unified,669
cenroll2122.txt,2021_22,2021-22,13,63222,0000000,1363222,13632220000000,13632220000000,Imperial,Seeley Union Elementary,422
cenroll2122.txt,2021_22,2021-22,13,63230,0000000,1363230,13632300000000,13632300000000,Imperial,Westmorland Union Elementary,382
cenroll2122.txt,2021_22,2021-22,14,63248,0000000,1463248,14632480000000,14632480000000,Inyo,Big Pine Unified,174
cenroll2122.txt,2021_22,2021-22,14,76687,0000000,1476687,14766870000000,14766870000000,Inyo,Bishop Unified,2049
cenroll2122.txt,2021_22,2021-22,14,63271,0000000,1463271,14632710000000,14632710000000,Inyo,Death Valley Unified,35
cenroll2122.txt,2021_22,2021-22,14,10140,0000000,1410140,14101400000000,14101400000000,Inyo,Inyo County Office of Education,2171
cenroll2122.txt,2021_22,2021-22,14,63289,0000000,1463289,14632890000000,14632890000000,Inyo,Lone Pine Unified,345
cenroll2122.txt,2021_22,2021-22,14,63297,0000000,1463297,14632970000000,14632970000000,Inyo,Owens Valley Unified,82
cenroll2122.txt,2021_22,2021-22,14,63305,0000000,1463305,14633050000000,14633050000000,Inyo,Round Valley Joint Elementary,64
cenroll2122.txt,2021_22,2021-22,15,63313,0000000,1563313,15633130000000,15633130000000,Kern,Arvin Union,3203
cenroll2122.txt,2021_22,2021-22,15,63321,0000000,1563321,15633210000000,15633210000000,Kern,Bakersfield City,31265
cenroll2122.txt,2021_22,2021-22,15,63339,0000000,1563339,15633390000000,15633390000000,Kern,Beardsley Elementary,2121
cenroll2122.txt,2021_22,2021-22,15,63354,0000000,1563354,15633540000000,15633540000000,Kern,Blake Elementary,22
cenroll2122.txt,2021_22,2021-22,15,63370,0000000,1563370,15633700000000,15633700000000,Kern,Buttonwillow Union Elementary,351
cenroll2122.txt,2021_22,2021-22,15,63388,0000000,1563388,15633880000000,15633880000000,Kern,Caliente Union Elementary,67
cenroll2122.txt,2021_22,2021-22,15,63412,0000000,1563412,15634120000000,15634120000000,Kern,Delano Joint Union High,4307
cenroll2122.txt,2021_22,2021-22,15,63404,0000000,1563404,15634040000000,15634040000000,Kern,Delano Union Elementary,6596
cenroll2122.txt,2021_22,2021-22,15,63420,0000000,1563420,15634200000000,15634200000000,Kern,Di Giorgio Elementary,221
cenroll2122.txt,2021_22,2021-22,15,63438,0000000,1563438,15634380000000,15634380000000,Kern,Edison Elementary,1170
cenroll2122.txt,2021_22,2021-22,15,75168,0000000,1575168,15751680000000,15751680000000,Kern,El Tejon Unified,724
cenroll2122.txt,2021_22,2021-22,15,63446,0000000,1563446,15634460000000,15634460000000,Kern,Elk Hills Elementary,186
cenroll2122.txt,2021_22,2021-22,15,63461,0000000,1563461,15634610000000,15634610000000,Kern,Fairfax Elementary,2862
cenroll2122.txt,2021_22,2021-22,15,63479,0000000,1563479,15634790000000,15634790000000,Kern,Fruitvale Elementary,3312
cenroll2122.txt,2021_22,2021-22,15,63487,0000000,1563487,15634870000000,15634870000000,Kern,General Shafter Elementary,198
cenroll2122.txt,2021_22,2021-22,15,63503,0000000,1563503,15635030000000,15635030000000,Kern,Greenfield Union,9938
cenroll2122.txt,2021_22,2021-22,15,10157,0000000,1510157,15101570000000,15101570000000,Kern,Kern County Office of Education,7543
cenroll2122.txt,2021_22,2021-22,15,63529,0000000,1563529,15635290000000,15635290000000,Kern,Kern High,44525
cenroll2122.txt,2021_22,2021-22,15,63545,0000000,1563545,15635450000000,15635450000000,Kern,Kernville Union Elementary,888
cenroll2122.txt,2021_22,2021-22,15,63552,0000000,1563552,15635520000000,15635520000000,Kern,Lakeside Union,1630
cenroll2122.txt,2021_22,2021-22,15,63560,0000000,1563560,15635600000000,15635600000000,Kern,Lamont Elementary,2966
cenroll2122.txt,2021_22,2021-22,15,63586,0000000,1563586,15635860000000,15635860000000,Kern,Linns Valley-Poso Flat Union,28
cenroll2122.txt,2021_22,2021-22,15,63594,0000000,1563594,15635940000000,15635940000000,Kern,Lost Hills Union Elementary,283
cenroll2122.txt,2021_22,2021-22,15,63610,0000000,1563610,15636100000000,15636100000000,Kern,Maple Elementary,299
cenroll2122.txt,2021_22,2021-22,15,63628,0000000,1563628,15636280000000,15636280000000,Kern,Maricopa Unified,13541
cenroll2122.txt,2021_22,2021-22,15,73908,0000000,1573908,15739080000000,15739080000000,Kern,McFarland Unified,3651
cenroll2122.txt,2021_22,2021-22,15,63651,0000000,1563651,15636510000000,15636510000000,Kern,McKittrick Elementary,86
cenroll2122.txt,2021_22,2021-22,15,63669,0000000,1563669,15636690000000,15636690000000,Kern,Midway Elementary,74
cenroll2122.txt,2021_22,2021-22,15,63677,0000000,1563677,15636770000000,15636770000000,Kern,Mojave Unified,3455
cenroll2122.txt,2021_22,2021-22,15,63685,0000000,1563685,15636850000000,15636850000000,Kern,Muroc Joint Unified,1942
cenroll2122.txt,2021_22,2021-22,15,63693,0000000,1563693,15636930000000,15636930000000,Kern,Norris Elementary,4058
cenroll2122.txt,2021_22,2021-22,15,63362,0000000,1563362,15633620000000,15633620000000,Kern,Panama-Buena Vista Union,19901
cenroll2122.txt,2021_22,2021-22,15,63719,0000000,1563719,15637190000000,15637190000000,Kern,Pond Union Elementary,207
cenroll2122.txt,2021_22,2021-22,15,63578,0000000,1563578,15635780000000,15635780000000,Kern,Richland Union Elementary,3634
cenroll2122.txt,2021_22,2021-22,15,73544,0000000,1573544,15735440000000,15735440000000,Kern,Rio Bravo-Greeley Union Elementary,1068
cenroll2122.txt,2021_22,2021-22,15,63750,0000000,1563750,15637500000000,15637500000000,Kern,Rosedale Union Elementary,6273
cenroll2122.txt,2021_22,2021-22,15,63768,0000000,1563768,15637680000000,15637680000000,Kern,Semitropic Elementary,176
cenroll2122.txt,2021_22,2021-22,15,73742,0000000,1573742,15737420000000,15737420000000,Kern,Sierra Sands Unified,5594
cenroll2122.txt,2021_22,2021-22,15,63784,0000000,1563784,15637840000000,15637840000000,Kern,South Fork Union,334
cenroll2122.txt,2021_22,2021-22,15,63776,0000000,1563776,15637760000000,15637760000000,Kern,Southern Kern Unified,3890
cenroll2122.txt,2021_22,2021-22,15,63792,0000000,1563792,15637920000000,15637920000000,Kern,Standard Elementary,3316
cenroll2122.txt,2021_22,2021-22,15,63800,0000000,1563800,15638000000000,15638000000000,Kern,Taft City,2561
cenroll2122.txt,2021_22,2021-22,15,63818,0000000,1563818,15638180000000,15638180000000,Kern,Taft Union High,1218
cenroll2122.txt,2021_22,2021-22,15,63826,0000000,1563826,15638260000000,15638260000000,Kern,Tehachapi Unified,4496
cenroll2122.txt,2021_22,2021-22,15,63834,0000000,1563834,15638340000000,15638340000000,Kern,Vineland Elementary,741
cenroll2122.txt,2021_22,2021-22,15,63842,0000000,1563842,15638420000000,15638420000000,Kern,Wasco Union Elementary,3659
cenroll2122.txt,2021_22,2021-22,15,63859,0000000,1563859,15638590000000,15638590000000,Kern,Wasco Union High,1995
cenroll2122.txt,2021_22,2021-22,16,63875,0000000,1663875,16638750000000,16638750000000,Kings,Armona Union Elementary,1918
cenroll2122.txt,2021_22,2021-22,16,63883,0000000,1663883,16638830000000,16638830000000,Kings,Central Union Elementary,1944
cenroll2122.txt,2021_22,2021-22,16,63891,0000000,1663891,16638910000000,16638910000000,Kings,Corcoran Joint Unified,3407
cenroll2122.txt,2021_22,2021-22,16,63917,0000000,1663917,16639170000000,16639170000000,Kings,Hanford Elementary,5856
cenroll2122.txt,2021_22,2021-22,16,63925,0000000,1663925,16639250000000,16639250000000,Kings,Hanford Joint Union High,4334
cenroll2122.txt,2021_22,2021-22,16,63933,0000000,1663933,16639330000000,16639330000000,Kings,Island Union Elementary,425
cenroll2122.txt,2021_22,2021-22,16,10165,0000000,1610165,16101650000000,16101650000000,Kings,Kings County Office of Education,418
cenroll2122.txt,2021_22,2021-22,16,63941,0000000,1663941,16639410000000,16639410000000,Kings,Kings River-Hardwick Union Elementary,831
cenroll2122.txt,2021_22,2021-22,16,63958,0000000,1663958,16639580000000,16639580000000,Kings,Kit Carson Union Elementary,2105
cenroll2122.txt,2021_22,2021-22,16,63966,0000000,1663966,16639660000000,16639660000000,Kings,Lakeside Union Elementary,264
cenroll2122.txt,2021_22,2021-22,16,63974,0000000,1663974,16639740000000,16639740000000,Kings,Lemoore Union Elementary,3442
cenroll2122.txt,2021_22,2021-22,16,63982,0000000,1663982,16639820000000,16639820000000,Kings,Lemoore Union High,2453
cenroll2122.txt,2021_22,2021-22,16,63990,0000000,1663990,16639900000000,16639900000000,Kings,Pioneer Union Elementary,1638
cenroll2122.txt,2021_22,2021-22,16,73932,0000000,1673932,16739320000000,16739320000000,Kings,Reef-Sunset Unified,2831
cenroll2122.txt,2021_22,2021-22,17,64014,0000000,1764014,17640140000000,17640140000000,Lake,Kelseyville Unified,1977
cenroll2122.txt,2021_22,2021-22,17,64022,0000000,1764022,17640220000000,17640220000000,Lake,Konocti Unified,4058
cenroll2122.txt,2021_22,2021-22,17,10173,0000000,1710173,17101730000000,17101730000000,Lake,Lake County Office of Education,51
cenroll2122.txt,2021_22,2021-22,17,64030,0000000,1764030,17640300000000,17640300000000,Lake,Lakeport Unified,1507
cenroll2122.txt,2021_22,2021-22,17,64048,0000000,1764048,17640480000000,17640480000000,Lake,Lucerne Elementary,351
cenroll2122.txt,2021_22,2021-22,17,64055,0000000,1764055,17640550000000,17640550000000,Lake,Middletown Unified,1820
cenroll2122.txt,2021_22,2021-22,17,76976,0000000,1776976,17769760000000,17769760000000,Lake,Upper Lake Unified,999
cenroll2122.txt,2021_22,2021-22,18,64089,0000000,1864089,18640890000000,18640890000000,Lassen,Big Valley Joint Unified,142
cenroll2122.txt,2021_22,2021-22,18,75036,0000000,1875036,18750360000000,18750360000000,Lassen,Fort Sage Unified,585
cenroll2122.txt,2021_22,2021-22,18,64105,0000000,1864105,18641050000000,18641050000000,Lassen,Janesville Union Elementary,393
cenroll2122.txt,2021_22,2021-22,18,64113,0000000,1864113,18641130000000,18641130000000,Lassen,Johnstonville Elementary,219
cenroll2122.txt,2021_22,2021-22,18,10181,0000000,1810181,18101810000000,18101810000000,Lassen,Lassen County Office of Education,11
cenroll2122.txt,2021_22,2021-22,18,64139,0000000,1864139,18641390000000,18641390000000,Lassen,Lassen Union High,895
cenroll2122.txt,2021_22,2021-22,18,64162,0000000,1864162,18641620000000,18641620000000,Lassen,Ravendale-Termo Elementary,14
cenroll2122.txt,2021_22,2021-22,18,64170,0000000,1864170,18641700000000,18641700000000,Lassen,Richmond Elementary,199
cenroll2122.txt,2021_22,2021-22,18,64188,0000000,1864188,18641880000000,18641880000000,Lassen,Shaffer Union Elementary,216
cenroll2122.txt,2021_22,2021-22,18,64196,0000000,1864196,18641960000000,18641960000000,Lassen,Susanville Elementary,1343
cenroll2122.txt,2021_22,2021-22,18,64204,0000000,1864204,18642040000000,18642040000000,Lassen,Westwood Unified,196
cenroll2122.txt,2021_22,2021-22,19,64212,0000000,1964212,19642120000000,19642120000000,Los Angeles,ABC Unified,19528
cenroll2122.txt,2021_22,2021-22,19,75309,0000000,1975309,19753090000000,19753090000000,Los Angeles,Acton-Agua Dulce Unified,18175
cenroll2122.txt,2021_22,2021-22,19,75713,0000000,1975713,19757130000000,19757130000000,Los Angeles,Alhambra Unified,15858
cenroll2122.txt,2021_22,2021-22,19,64246,0000000,1964246,19642460000000,19642460000000,Los Angeles,Antelope Valley Union High,24854
cenroll2122.txt,2021_22,2021-22,19,64261,0000000,1964261,19642610000000,19642610000000,Los Angeles,Arcadia Unified,9021
cenroll2122.txt,2021_22,2021-22,19,64279,0000000,1964279,19642790000000,19642790000000,Los Angeles,Azusa Unified,7623
cenroll2122.txt,2021_22,2021-22,19,64287,0000000,1964287,19642870000000,19642870000000,Los Angeles,Baldwin Park Unified,17791
cenroll2122.txt,2021_22,2021-22,19,64295,0000000,1964295,19642950000000,19642950000000,Los Angeles,Bassett Unified,3223
cenroll2122.txt,2021_22,2021-22,19,64303,0000000,1964303,19643030000000,19643030000000,Los Angeles,Bellflower Unified,10747
cenroll2122.txt,2021_22,2021-22,19,64311,0000000,1964311,19643110000000,19643110000000,Los Angeles,Beverly Hills Unified,3274
cenroll2122.txt,2021_22,2021-22,19,64329,0000000,1964329,19643290000000,19643290000000,Los Angeles,Bonita Unified,9987
cenroll2122.txt,2021_22,2021-22,19,64337,0000000,1964337,19643370000000,19643370000000,Los Angeles,Burbank Unified,14865
cenroll2122.txt,2021_22,2021-22,19,64345,0000000,1964345,19643450000000,19643450000000,Los Angeles,Castaic Union,2010
cenroll2122.txt,2021_22,2021-22,19,64352,0000000,1964352,19643520000000,19643520000000,Los Angeles,Centinela Valley Union High,8053
cenroll2122.txt,2021_22,2021-22,19,64378,0000000,1964378,19643780000000,19643780000000,Los Angeles,Charter Oak Unified,4531
cenroll2122.txt,2021_22,2021-22,19,64394,0000000,1964394,19643940000000,19643940000000,Los Angeles,Claremont Unified,6822
cenroll2122.txt,2021_22,2021-22,19,73437,0000000,1973437,19734370000000,19734370000000,Los Angeles,Compton Unified,22786
cenroll2122.txt,2021_22,2021-22,19,64436,0000000,1964436,19644360000000,19644360000000,Los Angeles,Covina-Valley Unified,11794
cenroll2122.txt,2021_22,2021-22,19,64444,0000000,1964444,19644440000000,19644440000000,Los Angeles,Culver City Unified,7022
cenroll2122.txt,2021_22,2021-22,19,64451,0000000,1964451,19644510000000,19644510000000,Los Angeles,Downey Unified,23286
cenroll2122.txt,2021_22,2021-22,19,64469,0000000,1964469,19644690000000,19644690000000,Los Angeles,Duarte Unified,8926
cenroll2122.txt,2021_22,2021-22,19,64485,0000000,1964485,19644850000000,19644850000000,Los Angeles,East Whittier City Elementary,8293
cenroll2122.txt,2021_22,2021-22,19,64477,0000000,1964477,19644770000000,19644770000000,Los Angeles,Eastside Union Elementary,3504
cenroll2122.txt,2021_22,2021-22,19,64501,0000000,1964501,19645010000000,19645010000000,Los Angeles,El Monte City,7664
cenroll2122.txt,2021_22,2021-22,19,64519,0000000,1964519,19645190000000,19645190000000,Los Angeles,El Monte Union High,8472
cenroll2122.txt,2021_22,2021-22,19,64527,0000000,1964527,19645270000000,19645270000000,Los Angeles,El Rancho Unified,7969
cenroll2122.txt,2021_22,2021-22,19,64535,0000000,1964535,19645350000000,19645350000000,Los Angeles,El Segundo Unified,3508
cenroll2122.txt,2021_22,2021-22,19,64550,0000000,1964550,19645500000000,19645500000000,Los Angeles,Garvey Elementary,4533
cenroll2122.txt,2021_22,2021-22,19,64568,0000000,1964568,19645680000000,19645680000000,Los Angeles,Glendale Unified,25320
cenroll2122.txt,2021_22,2021-22,19,64576,0000000,1964576,19645760000000,19645760000000,Los Angeles,Glendora Unified,6891
cenroll2122.txt,2021_22,2021-22,19,64584,0000000,1964584,19645840000000,19645840000000,Los Angeles,Gorman Joint,1373
cenroll2122.txt,2021_22,2021-22,19,73445,0000000,1973445,19734450000000,19734450000000,Los Angeles,Hacienda la Puente Unified,17319
cenroll2122.txt,2021_22,2021-22,19,64592,0000000,1964592,19645920000000,19645920000000,Los Angeles,Hawthorne,7752
cenroll2122.txt,2021_22,2021-22,19,64600,0000000,1964600,19646000000000,19646000000000,Los Angeles,Hermosa Beach City Elementary,1268
cenroll2122.txt,2021_22,2021-22,19,64626,0000000,1964626,19646260000000,19646260000000,Los Angeles,Hughes-Elizabeth Lakes Union Elementary,176
cenroll2122.txt,2021_22,2021-22,19,64634,0000000,1964634,19646340000000,19646340000000,Los Angeles,Inglewood Unified,10039
cenroll2122.txt,2021_22,2021-22,19,64642,0000000,1964642,19646420000000,19646420000000,Los Angeles,Keppel Union Elementary,3103
cenroll2122.txt,2021_22,2021-22,19,64659,0000000,1964659,19646590000000,19646590000000,Los Angeles,La Canada Unified,3986
cenroll2122.txt,2021_22,2021-22,19,64667,0000000,1964667,19646670000000,19646670000000,Los Angeles,Lancaster Elementary,16581
cenroll2122.txt,2021_22,2021-22,19,64683,0000000,1964683,19646830000000,19646830000000,Los Angeles,Las Virgenes Unified,10377
cenroll2122.txt,2021_22,2021-22,19,64691,0000000,1964691,19646910000000,19646910000000,Los Angeles,Lawndale Elementary,5403
cenroll2122.txt,2021_22,2021-22,19,64709,0000000,1964709,19647090000000,19647090000000,Los Angeles,Lennox,6223
cenroll2122.txt,2021_22,2021-22,19,64717,0000000,1964717,19647170000000,19647170000000,Los Angeles,Little Lake City Elementary,3984
cenroll2122.txt,2021_22,2021-22,19,64725,0000000,1964725,19647250000000,19647250000000,Los Angeles,Long Beach Unified,70309
cenroll2122.txt,2021_22,2021-22,19,10199,0000000,1910199,19101990000000,19101990000000,Los Angeles,Los Angeles County Office of Education,10368
cenroll2122.txt,2021_22,2021-22,19,64733,0000000,1964733,19647330000000,19647330000000,Los Angeles,Los Angeles Unified,575428
cenroll2122.txt,2021_22,2021-22,19,64758,0000000,1964758,19647580000000,19647580000000,Los Angeles,Los Nietos,1419
cenroll2122.txt,2021_22,2021-22,19,64774,0000000,1964774,19647740000000,19647740000000,Los Angeles,Lynwood Unified,12824
cenroll2122.txt,2021_22,2021-22,19,75333,0000000,1975333,19753330000000,19753330000000,Los Angeles,Manhattan Beach Unified,5962
cenroll2122.txt,2021_22,2021-22,19,64790,0000000,1964790,19647900000000,19647900000000,Los Angeles,Monrovia Unified,5342
cenroll2122.txt,2021_22,2021-22,19,64808,0000000,1964808,19648080000000,19648080000000,Los Angeles,Montebello Unified,22917
cenroll2122.txt,2021_22,2021-22,19,64816,0000000,1964816,19648160000000,19648160000000,Los Angeles,Mountain View Elementary,5625
cenroll2122.txt,2021_22,2021-22,19,64832,0000000,1964832,19648320000000,19648320000000,Los Angeles,Newhall,6120
cenroll2122.txt,2021_22,2021-22,19,64840,0000000,1964840,19648400000000,19648400000000,Los Angeles,Norwalk-La Mirada Unified,16311
cenroll2122.txt,2021_22,2021-22,19,64857,0000000,1964857,19648570000000,19648570000000,Los Angeles,Palmdale Elementary,22966
cenroll2122.txt,2021_22,2021-22,19,64865,0000000,1964865,19648650000000,19648650000000,Los Angeles,Palos Verdes Peninsula Unified,10713
cenroll2122.txt,2021_22,2021-22,19,64873,0000000,1964873,19648730000000,19648730000000,Los Angeles,Paramount Unified,13876
cenroll2122.txt,2021_22,2021-22,19,64881,0000000,1964881,19648810000000,19648810000000,Los Angeles,Pasadena Unified,16722
cenroll2122.txt,2021_22,2021-22,19,64907,0000000,1964907,19649070000000,19649070000000,Los Angeles,Pomona Unified,24089
cenroll2122.txt,2021_22,2021-22,19,75341,0000000,1975341,19753410000000,19753410000000,Los Angeles,Redondo Beach Unified,9837
cenroll2122.txt,2021_22,2021-22,19,64931,0000000,1964931,19649310000000,19649310000000,Los Angeles,Rosemead Elementary,2401
cenroll2122.txt,2021_22,2021-22,19,73452,0000000,1973452,19734520000000,19734520000000,Los Angeles,Rowland Unified,14414
cenroll2122.txt,2021_22,2021-22,19,75291,0000000,1975291,19752910000000,19752910000000,Los Angeles,San Gabriel Unified,6076
cenroll2122.txt,2021_22,2021-22,19,64964,0000000,1964964,19649640000000,19649640000000,Los Angeles,San Marino Unified,2778
cenroll2122.txt,2021_22,2021-22,19,64980,0000000,1964980,19649800000000,19649800000000,Los Angeles,Santa Monica-Malibu Unified,9431
cenroll2122.txt,2021_22,2021-22,19,64998,0000000,1964998,19649980000000,19649980000000,Los Angeles,Saugus Union,9646
cenroll2122.txt,2021_22,2021-22,19,76968,0000000,1976968,19769680000000,19769680000000,Los Angeles,SBE - Academia Avance Charter,299
cenroll2122.txt,2021_22,2021-22,19,77289,0000000,1977289,19772890000000,19772890000000,Los Angeles,SBE - Los Angeles College Prep Academy,61
cenroll2122.txt,2021_22,2021-22,19,75663,0000000,1975663,19756630000000,19756630000000,Los Angeles,SBE - New West Charter,1050
cenroll2122.txt,2021_22,2021-22,19,65029,0000000,1965029,19650290000000,19650290000000,Los Angeles,South Pasadena Unified,4779
cenroll2122.txt,2021_22,2021-22,19,65037,0000000,1965037,19650370000000,19650370000000,Los Angeles,South Whittier Elementary,2508
cenroll2122.txt,2021_22,2021-22,19,65045,0000000,1965045,19650450000000,19650450000000,Los Angeles,Sulphur Springs Union,5498
cenroll2122.txt,2021_22,2021-22,19,65052,0000000,1965052,19650520000000,19650520000000,Los Angeles,Temple City Unified,5506
cenroll2122.txt,2021_22,2021-22,19,65060,0000000,1965060,19650600000000,19650600000000,Los Angeles,Torrance Unified,22634
cenroll2122.txt,2021_22,2021-22,19,65078,0000000,1965078,19650780000000,19650780000000,Los Angeles,Valle Lindo Elementary,964
cenroll2122.txt,2021_22,2021-22,19,73460,0000000,1973460,19734600000000,19734600000000,Los Angeles,Walnut Valley Unified,13778
cenroll2122.txt,2021_22,2021-22,19,65094,0000000,1965094,19650940000000,19650940000000,Los Angeles,West Covina Unified,16563
cenroll2122.txt,2021_22,2021-22,19,65102,0000000,1965102,19651020000000,19651020000000,Los Angeles,Westside Union Elementary,9648
cenroll2122.txt,2021_22,2021-22,19,65110,0000000,1965110,19651100000000,19651100000000,Los Angeles,Whittier City Elementary,5862
cenroll2122.txt,2021_22,2021-22,19,65128,0000000,1965128,19651280000000,19651280000000,Los Angeles,Whittier Union High,11216
cenroll2122.txt,2021_22,2021-22,19,65136,0000000,1965136,19651360000000,19651360000000,Los Angeles,William S. Hart Union High,24759
cenroll2122.txt,2021_22,2021-22,19,65151,0000000,1965151,19651510000000,19651510000000,Los Angeles,Wilsona Elementary,1384
cenroll2122.txt,2021_22,2021-22,19,76869,0000000,1976869,19768690000000,19768690000000,Los Angeles,Wiseburn Unified,4911
cenroll2122.txt,2021_22,2021-22,20,65177,0000000,2065177,20651770000000,20651770000000,Madera,Alview-Dairyland Union Elementary,416
cenroll2122.txt,2021_22,2021-22,20,65185,0000000,2065185,20651850000000,20651850000000,Madera,Bass Lake Joint Union Elementary,935
cenroll2122.txt,2021_22,2021-22,20,75606,0000000,2075606,20756060000000,20756060000000,Madera,Chawanakee Unified,1662
cenroll2122.txt,2021_22,2021-22,20,65193,0000000,2065193,20651930000000,20651930000000,Madera,Chowchilla Elementary,2340
cenroll2122.txt,2021_22,2021-22,20,65201,0000000,2065201,20652010000000,20652010000000,Madera,Chowchilla Union High,1218
cenroll2122.txt,2021_22,2021-22,20,75580,0000000,2075580,20755800000000,20755800000000,Madera,Golden Valley Unified,2568
cenroll2122.txt,2021_22,2021-22,20,10207,0000000,2010207,20102070000000,20102070000000,Madera,Madera County Superintendent of Schools,1020
cenroll2122.txt,2021_22,2021-22,20,65243,0000000,2065243,20652430000000,20652430000000,Madera,Madera Unified,22038
cenroll2122.txt,2021_22,2021-22,20,65276,0000000,2065276,20652760000000,20652760000000,Madera,Raymond-Knowles Union Elementary,78
cenroll2122.txt,2021_22,2021-22,20,76414,0000000,2076414,20764140000000,20764140000000,Madera,Yosemite Unified,1825
cenroll2122.txt,2021_22,2021-22,21,65300,0000000,2165300,21653000000000,21653000000000,Marin,Bolinas-Stinson Union,105
cenroll2122.txt,2021_22,2021-22,21,65334,0000000,2165334,21653340000000,21653340000000,Marin,Kentfield Elementary,1061
cenroll2122.txt,2021_22,2021-22,21,65342,0000000,2165342,21653420000000,21653420000000,Marin,Laguna Joint Elementary,23
cenroll2122.txt,2021_22,2021-22,21,65359,0000000,2165359,21653590000000,21653590000000,Marin,Lagunitas Elementary,197
cenroll2122.txt,2021_22,2021-22,21,65367,0000000,2165367,21653670000000,21653670000000,Marin,Larkspur-Corte Madera,1380
cenroll2122.txt,2021_22,2021-22,21,10215,0000000,2110215,21102150000000,21102150000000,Marin,Marin County Office of Education,624
cenroll2122.txt,2021_22,2021-22,21,65391,0000000,2165391,21653910000000,21653910000000,Marin,Mill Valley Elementary,2458
cenroll2122.txt,2021_22,2021-22,21,65318,0000000,2165318,21653180000000,21653180000000,Marin,Miller Creek Elementary,1825
cenroll2122.txt,2021_22,2021-22,21,65409,0000000,2165409,21654090000000,21654090000000,Marin,Nicasio,36
cenroll2122.txt,2021_22,2021-22,21,65417,0000000,2165417,21654170000000,21654170000000,Marin,Novato Unified,7744
cenroll2122.txt,2021_22,2021-22,21,65425,0000000,2165425,21654250000000,21654250000000,Marin,Reed Union Elementary,1049
cenroll2122.txt,2021_22,2021-22,21,65433,0000000,2165433,21654330000000,21654330000000,Marin,Ross Elementary,372
cenroll2122.txt,2021_22,2021-22,21,75002,0000000,2175002,21750020000000,21750020000000,Marin,Ross Valley Elementary,1804
cenroll2122.txt,2021_22,2021-22,21,65458,0000000,2165458,21654580000000,21654580000000,Marin,San Rafael City Elementary,4379
cenroll2122.txt,2021_22,2021-22,21,65466,0000000,2165466,21654660000000,21654660000000,Marin,San Rafael City High,2809
cenroll2122.txt,2021_22,2021-22,21,65474,0000000,2165474,21654740000000,21654740000000,Marin,Sausalito Marin City,436
cenroll2122.txt,2021_22,2021-22,21,73361,0000000,2173361,21733610000000,21733610000000,Marin,Shoreline Unified,505
cenroll2122.txt,2021_22,2021-22,21,65482,0000000,2165482,21654820000000,21654820000000,Marin,Tamalpais Union High,5159
cenroll2122.txt,2021_22,2021-22,22,10223,0000000,2210223,22102230000000,22102230000000,Mariposa,Mariposa County Office of Education,59
cenroll2122.txt,2021_22,2021-22,22,65532,0000000,2265532,22655320000000,22655320000000,Mariposa,Mariposa County Unified,1963
cenroll2122.txt,2021_22,2021-22,23,65540,0000000,2365540,23655400000000,23655400000000,Mendocino,Anderson Valley Unified,476
cenroll2122.txt,2021_22,2021-22,23,65557,0000000,2365557,23655570000000,23655570000000,Mendocino,Arena Union Elementary,307
cenroll2122.txt,2021_22,2021-22,23,65565,0000000,2365565,23655650000000,23655650000000,Mendocino,Fort Bragg Unified,1837
cenroll2122.txt,2021_22,2021-22,23,73916,0000000,2373916,23739160000000,23739160000000,Mendocino,Laytonville Unified,375
cenroll2122.txt,2021_22,2021-22,23,75218,0000000,2375218,23752180000000,23752180000000,Mendocino,Leggett Valley Unified,133
cenroll2122.txt,2021_22,2021-22,23,65573,0000000,2365573,23655730000000,23655730000000,Mendocino,Manchester Union Elementary,35
cenroll2122.txt,2021_22,2021-22,23,10231,0000000,2310231,23102310000000,23102310000000,Mendocino,Mendocino County Office of Education,144
cenroll2122.txt,2021_22,2021-22,23,65581,0000000,2365581,23655810000000,23655810000000,Mendocino,Mendocino Unified,466
cenroll2122.txt,2021_22,2021-22,23,65599,0000000,2365599,23655990000000,23655990000000,Mendocino,Point Arena Joint Union High,147
cenroll2122.txt,2021_22,2021-22,23,73866,0000000,2373866,23738660000000,23738660000000,Mendocino,Potter Valley Community Unified,291
cenroll2122.txt,2021_22,2021-22,23,65607,0000000,2365607,23656070000000,23656070000000,Mendocino,Round Valley Unified,506
cenroll2122.txt,2021_22,2021-22,23,65615,0000000,2365615,23656150000000,23656150000000,Mendocino,Ukiah Unified,6841
cenroll2122.txt,2021_22,2021-22,23,65623,0000000,2365623,23656230000000,23656230000000,Mendocino,Willits Unified,1994
cenroll2122.txt,2021_22,2021-22,24,65631,0000000,2465631,24656310000000,24656310000000,Merced,Atwater Elementary,5186
cenroll2122.txt,2021_22,2021-22,24,65649,0000000,2465649,24656490000000,24656490000000,Merced,Ballico-Cressey Elementary,378
cenroll2122.txt,2021_22,2021-22,24,75366,0000000,2475366,24753660000000,24753660000000,Merced,Delhi Unified,2612
cenroll2122.txt,2021_22,2021-22,24,75317,0000000,2475317,24753170000000,24753170000000,Merced,Dos Palos Oro Loma Joint Unified,2437
cenroll2122.txt,2021_22,2021-22,24,65680,0000000,2465680,24656800000000,24656800000000,Merced,El Nido Elementary,167
cenroll2122.txt,2021_22,2021-22,24,73619,0000000,2473619,24736190000000,24736190000000,Merced,Gustine Unified,1871
cenroll2122.txt,2021_22,2021-22,24,65698,0000000,2465698,24656980000000,24656980000000,Merced,Hilmar Unified,2407
cenroll2122.txt,2021_22,2021-22,24,65722,0000000,2465722,24657220000000,24657220000000,Merced,Le Grand Union Elementary,368
cenroll2122.txt,2021_22,2021-22,24,65730,0000000,2465730,24657300000000,24657300000000,Merced,Le Grand Union High,579
cenroll2122.txt,2021_22,2021-22,24,65748,0000000,2465748,24657480000000,24657480000000,Merced,Livingston Union,2622
cenroll2122.txt,2021_22,2021-22,24,65755,0000000,2465755,24657550000000,24657550000000,Merced,Los Banos Unified,11774
cenroll2122.txt,2021_22,2021-22,24,65763,0000000,2465763,24657630000000,24657630000000,Merced,McSwain Union Elementary,881
cenroll2122.txt,2021_22,2021-22,24,65771,0000000,2465771,24657710000000,24657710000000,Merced,Merced City Elementary,11725
cenroll2122.txt,2021_22,2021-22,24,10249,0000000,2410249,24102490000000,24102490000000,Merced,Merced County Office of Education,2258
cenroll2122.txt,2021_22,2021-22,24,73726,0000000,2473726,24737260000000,24737260000000,Merced,Merced River Union Elementary,265
cenroll2122.txt,2021_22,2021-22,24,65789,0000000,2465789,24657890000000,24657890000000,Merced,Merced Union High,11650
cenroll2122.txt,2021_22,2021-22,24,65813,0000000,2465813,24658130000000,24658130000000,Merced,Plainsburg Union Elementary,111
cenroll2122.txt,2021_22,2021-22,24,65821,0000000,2465821,24658210000000,24658210000000,Merced,Planada Elementary,882
cenroll2122.txt,2021_22,2021-22,24,65839,0000000,2465839,24658390000000,24658390000000,Merced,Snelling-Merced Falls Union Elementary,63
cenroll2122.txt,2021_22,2021-22,24,65862,0000000,2465862,24658620000000,24658620000000,Merced,Weaver Union,3298
cenroll2122.txt,2021_22,2021-22,24,65870,0000000,2465870,24658700000000,24658700000000,Merced,Winton,2031
cenroll2122.txt,2021_22,2021-22,25,73585,0000000,2573585,25735850000000,25735850000000,Modoc,Modoc Joint Unified,917
cenroll2122.txt,2021_22,2021-22,25,65896,0000000,2565896,25658960000000,25658960000000,Modoc,Surprise Valley Joint Unified,121
cenroll2122.txt,2021_22,2021-22,25,73593,0000000,2573593,25735930000000,25735930000000,Modoc,Tulelake Basin Joint Unified,448
cenroll2122.txt,2021_22,2021-22,26,73668,0000000,2673668,26736680000000,26736680000000,Mono,Eastern Sierra Unified,428
cenroll2122.txt,2021_22,2021-22,26,73692,0000000,2673692,26736920000000,26736920000000,Mono,Mammoth Unified,1201
cenroll2122.txt,2021_22,2021-22,26,10264,0000000,2610264,26102640000000,26102640000000,Mono,Mono County Office of Education,437
cenroll2122.txt,2021_22,2021-22,27,65961,0000000,2765961,27659610000000,27659610000000,Monterey,Alisal Union,8174
cenroll2122.txt,2021_22,2021-22,27,75150,0000000,2775150,27751500000000,27751500000000,Monterey,Big Sur Unified,136
cenroll2122.txt,2021_22,2021-22,27,65979,0000000,2765979,27659790000000,27659790000000,Monterey,Bradley Union Elementary,58
cenroll2122.txt,2021_22,2021-22,27,65987,0000000,2765987,27659870000000,27659870000000,Monterey,Carmel Unified,2351
cenroll2122.txt,2021_22,2021-22,27,65995,0000000,2765995,27659950000000,27659950000000,Monterey,Chualar Union,296
cenroll2122.txt,2021_22,2021-22,27,75473,0000000,2775473,27754730000000,27754730000000,Monterey,Gonzales Unified,2268
cenroll2122.txt,2021_22,2021-22,27,66027,0000000,2766027,27660270000000,27660270000000,Monterey,Graves Elementary,35
cenroll2122.txt,2021_22,2021-22,27,66035,0000000,2766035,27660350000000,27660350000000,Monterey,Greenfield Union Elementary,3560
cenroll2122.txt,2021_22,2021-22,27,66050,0000000,2766050,27660500000000,27660500000000,Monterey,King City Union,2675
cenroll2122.txt,2021_22,2021-22,27,66076,0000000,2766076,27660760000000,27660760000000,Monterey,Lagunita Elementary,98
cenroll2122.txt,2021_22,2021-22,27,66084,0000000,2766084,27660840000000,27660840000000,Monterey,Mission Union Elementary,134
cenroll2122.txt,2021_22,2021-22,27,10272,0000000,2710272,27102720000000,27102720000000,Monterey,Monterey County Office of Education,2300
cenroll2122.txt,2021_22,2021-22,27,66092,0000000,2766092,27660920000000,27660920000000,Monterey,Monterey Peninsula Unified,10796
cenroll2122.txt,2021_22,2021-22,27,73825,0000000,2773825,27738250000000,27738250000000,Monterey,North Monterey County Unified,4743
cenroll2122.txt,2021_22,2021-22,27,66134,0000000,2766134,27661340000000,27661340000000,Monterey,Pacific Grove Unified,1932
cenroll2122.txt,2021_22,2021-22,27,66142,0000000,2766142,27661420000000,27661420000000,Monterey,Salinas City Elementary,8694
cenroll2122.txt,2021_22,2021-22,27,66159,0000000,2766159,27661590000000,27661590000000,Monterey,Salinas Union High,17386
cenroll2122.txt,2021_22,2021-22,27,66167,0000000,2766167,27661670000000,27661670000000,Monterey,San Antonio Union Elementary,155
cenroll2122.txt,2021_22,2021-22,27,66175,0000000,2766175,27661750000000,27661750000000,Monterey,San Ardo Union Elementary,94
cenroll2122.txt,2021_22,2021-22,27,66183,0000000,2766183,27661830000000,27661830000000,Monterey,San Lucas Union Elementary,76
cenroll2122.txt,2021_22,2021-22,27,66191,0000000,2766191,27661910000000,27661910000000,Monterey,Santa Rita Union Elementary,3542
cenroll2122.txt,2021_22,2021-22,27,75440,0000000,2775440,27754400000000,27754400000000,Monterey,Soledad Unified,5041
cenroll2122.txt,2021_22,2021-22,27,66068,0000000,2766068,27660680000000,27660680000000,Monterey,South Monterey County Joint Union High,2852
cenroll2122.txt,2021_22,2021-22,27,66225,0000000,2766225,27662250000000,27662250000000,Monterey,Spreckels Union Elementary,954
cenroll2122.txt,2021_22,2021-22,27,66233,0000000,2766233,27662330000000,27662330000000,Monterey,Washington Union Elementary,776
cenroll2122.txt,2021_22,2021-22,28,66241,0000000,2866241,28662410000000,28662410000000,Napa,Calistoga Joint Unified,857
cenroll2122.txt,2021_22,2021-22,28,66258,0000000,2866258,28662580000000,28662580000000,Napa,Howell Mountain Elementary,106
cenroll2122.txt,2021_22,2021-22,28,10280,0000000,2810280,28102800000000,28102800000000,Napa,Napa County Office of Education,189
cenroll2122.txt,2021_22,2021-22,28,66266,0000000,2866266,28662660000000,28662660000000,Napa,Napa Valley Unified,17222
cenroll2122.txt,2021_22,2021-22,28,66282,0000000,2866282,28662820000000,28662820000000,Napa,Pope Valley Union Elementary,64
cenroll2122.txt,2021_22,2021-22,28,66290,0000000,2866290,28662900000000,28662900000000,Napa,Saint Helena Unified,1181
cenroll2122.txt,2021_22,2021-22,29,66316,0000000,2966316,29663160000000,29663160000000,Nevada,Chicago Park Elementary,172
cenroll2122.txt,2021_22,2021-22,29,66324,0000000,2966324,29663240000000,29663240000000,Nevada,Clear Creek Elementary,162
cenroll2122.txt,2021_22,2021-22,29,66332,0000000,2966332,29663320000000,29663320000000,Nevada,Grass Valley Elementary,1732
cenroll2122.txt,2021_22,2021-22,29,66340,0000000,2966340,29663400000000,29663400000000,Nevada,Nevada City Elementary,711
cenroll2122.txt,2021_22,2021-22,29,10298,0000000,2910298,29102980000000,29102980000000,Nevada,Nevada County Office of Education,4339
cenroll2122.txt,2021_22,2021-22,29,66357,0000000,2966357,29663570000000,29663570000000,Nevada,Nevada Joint Union High,2822
cenroll2122.txt,2021_22,2021-22,29,76877,0000000,2976877,29768770000000,29768770000000,Nevada,Penn Valley Union Elementary,678
cenroll2122.txt,2021_22,2021-22,29,66373,0000000,2966373,29663730000000,29663730000000,Nevada,Pleasant Ridge Union Elementary,1456
cenroll2122.txt,2021_22,2021-22,29,66415,0000000,2966415,29664150000000,29664150000000,Nevada,Twin Ridges Elementary,116
cenroll2122.txt,2021_22,2021-22,29,66407,0000000,2966407,29664070000000,29664070000000,Nevada,Union Hill Elementary,749
cenroll2122.txt,2021_22,2021-22,30,66423,0000000,3066423,30664230000000,30664230000000,Orange,Anaheim Elementary,16386
cenroll2122.txt,2021_22,2021-22,30,66431,0000000,3066431,30664310000000,30664310000000,Orange,Anaheim Union High,29391
cenroll2122.txt,2021_22,2021-22,30,66449,0000000,3066449,30664490000000,30664490000000,Orange,Brea-Olinda Unified,6034
cenroll2122.txt,2021_22,2021-22,30,66456,0000000,3066456,30664560000000,30664560000000,Orange,Buena Park Elementary,4241
cenroll2122.txt,2021_22,2021-22,30,66464,0000000,3066464,30664640000000,30664640000000,Orange,Capistrano Unified,52023
cenroll2122.txt,2021_22,2021-22,30,66472,0000000,3066472,30664720000000,30664720000000,Orange,Centralia Elementary,4351
cenroll2122.txt,2021_22,2021-22,30,66480,0000000,3066480,30664800000000,30664800000000,Orange,Cypress Elementary,3543
cenroll2122.txt,2021_22,2021-22,30,66498,0000000,3066498,30664980000000,30664980000000,Orange,Fountain Valley Elementary,6202
cenroll2122.txt,2021_22,2021-22,30,66506,0000000,3066506,30665060000000,30665060000000,Orange,Fullerton Elementary,12126
cenroll2122.txt,2021_22,2021-22,30,66514,0000000,3066514,30665140000000,30665140000000,Orange,Fullerton Joint Union High,13902
cenroll2122.txt,2021_22,2021-22,30,66522,0000000,3066522,30665220000000,30665220000000,Orange,Garden Grove Unified,39948
cenroll2122.txt,2021_22,2021-22,30,66530,0000000,3066530,30665300000000,30665300000000,Orange,Huntington Beach City Elementary,5403
cenroll2122.txt,2021_22,2021-22,30,66548,0000000,3066548,30665480000000,30665480000000,Orange,Huntington Beach Union High,15477
cenroll2122.txt,2021_22,2021-22,30,73650,0000000,3073650,30736500000000,30736500000000,Orange,Irvine Unified,37828
cenroll2122.txt,2021_22,2021-22,30,66563,0000000,3066563,30665630000000,30665630000000,Orange,La Habra City Elementary,4687
cenroll2122.txt,2021_22,2021-22,30,66555,0000000,3066555,30665550000000,30665550000000,Orange,Laguna Beach Unified,2650
cenroll2122.txt,2021_22,2021-22,30,73924,0000000,3073924,30739240000000,30739240000000,Orange,Los Alamitos Unified,9361
cenroll2122.txt,2021_22,2021-22,30,64766,0000000,3064766,30647660000000,30647660000000,Orange,Lowell Joint,3229
cenroll2122.txt,2021_22,2021-22,30,66589,0000000,3066589,30665890000000,30665890000000,Orange,Magnolia Elementary,5410
cenroll2122.txt,2021_22,2021-22,30,66597,0000000,3066597,30665970000000,30665970000000,Orange,Newport-Mesa Unified,18573
cenroll2122.txt,2021_22,2021-22,30,66613,0000000,3066613,30666130000000,30666130000000,Orange,Ocean View,7235
cenroll2122.txt,2021_22,2021-22,30,10306,0000000,3010306,30103060000000,30103060000000,Orange,Orange County Department of Education,13660
cenroll2122.txt,2021_22,2021-22,30,66621,0000000,3066621,30666210000000,30666210000000,Orange,Orange Unified,27862
cenroll2122.txt,2021_22,2021-22,30,66647,0000000,3066647,30666470000000,30666470000000,Orange,Placentia-Yorba Linda Unified,24452
cenroll2122.txt,2021_22,2021-22,30,73635,0000000,3073635,30736350000000,30736350000000,Orange,Saddleback Valley Unified,25121
cenroll2122.txt,2021_22,2021-22,30,66670,0000000,3066670,30666700000000,30666700000000,Orange,Santa Ana Unified,45718
cenroll2122.txt,2021_22,2021-22,30,66696,0000000,3066696,30666960000000,30666960000000,Orange,Savanna Elementary,1956
cenroll2122.txt,2021_22,2021-22,30,76893,0000000,3076893,30768930000000,30768930000000,Orange,SBE - Magnolia Science Academy Santa Ana,538
cenroll2122.txt,2021_22,2021-22,30,73643,0000000,3073643,30736430000000,30736430000000,Orange,Tustin Unified,22999
cenroll2122.txt,2021_22,2021-22,30,66746,0000000,3066746,30667460000000,30667460000000,Orange,Westminster,8483
cenroll2122.txt,2021_22,2021-22,31,66761,0000000,3166761,31667610000000,31667610000000,Placer,Ackerman Charter,577
cenroll2122.txt,2021_22,2021-22,31,66779,0000000,3166779,31667790000000,31667790000000,Placer,Alta-Dutch Flat Union Elementary,104
cenroll2122.txt,2021_22,2021-22,31,66787,0000000,3166787,31667870000000,31667870000000,Placer,Auburn Union Elementary,1791
cenroll2122.txt,2021_22,2021-22,31,66795,0000000,3166795,31667950000000,31667950000000,Placer,Colfax Elementary,387
cenroll2122.txt,2021_22,2021-22,31,66803,0000000,3166803,31668030000000,31668030000000,Placer,Dry Creek Joint Elementary,6917
cenroll2122.txt,2021_22,2021-22,31,66829,0000000,3166829,31668290000000,31668290000000,Placer,Eureka Union,3251
cenroll2122.txt,2021_22,2021-22,31,66837,0000000,3166837,31668370000000,31668370000000,Placer,Foresthill Union Elementary,478
cenroll2122.txt,2021_22,2021-22,31,66845,0000000,3166845,31668450000000,31668450000000,Placer,Loomis Union Elementary,2980
cenroll2122.txt,2021_22,2021-22,31,66852,0000000,3166852,31668520000000,31668520000000,Placer,Newcastle Elementary,2261
cenroll2122.txt,2021_22,2021-22,31,10314,0000000,3110314,31103140000000,31103140000000,Placer,Placer County Office of Education,686
cenroll2122.txt,2021_22,2021-22,31,66886,0000000,3166886,31668860000000,31668860000000,Placer,Placer Hills Union Elementary,805
cenroll2122.txt,2021_22,2021-22,31,66894,0000000,3166894,31668940000000,31668940000000,Placer,Placer Union High,4246
cenroll2122.txt,2021_22,2021-22,31,75085,0000000,3175085,31750850000000,31750850000000,Placer,Rocklin Unified,13998
cenroll2122.txt,2021_22,2021-22,31,66910,0000000,3166910,31669100000000,31669100000000,Placer,Roseville City Elementary,12121
cenroll2122.txt,2021_22,2021-22,31,66928,0000000,3166928,31669280000000,31669280000000,Placer,Roseville Joint Union High,12670
cenroll2122.txt,2021_22,2021-22,31,66944,0000000,3166944,31669440000000,31669440000000,Placer,Tahoe-Truckee Unified,4317
cenroll2122.txt,2021_22,2021-22,31,66951,0000000,3166951,31669510000000,31669510000000,Placer,Western Placer Unified,11364
cenroll2122.txt,2021_22,2021-22,32,10322,0000000,3210322,32103220000000,32103220000000,Plumas,Plumas County Office of Education,31
cenroll2122.txt,2021_22,2021-22,32,66969,0000000,3266969,32669690000000,32669690000000,Plumas,Plumas Unified,2201
cenroll2122.txt,2021_22,2021-22,33,66977,0000000,3366977,33669770000000,33669770000000,Riverside,Alvord Unified,18687
cenroll2122.txt,2021_22,2021-22,33,66985,0000000,3366985,33669850000000,33669850000000,Riverside,Banning Unified,4924
cenroll2122.txt,2021_22,2021-22,33,66993,0000000,3366993,33669930000000,33669930000000,Riverside,Beaumont Unified,17340
cenroll2122.txt,2021_22,2021-22,33,31625,0000000,3331625,33316250000000,33316250000000,Riverside,California School for the Deaf-Riverside (State Special Schl),319
cenroll2122.txt,2021_22,2021-22,33,73676,0000000,3373676,33736760000000,33736760000000,Riverside,Coachella Valley Unified,17828
cenroll2122.txt,2021_22,2021-22,33,67033,0000000,3367033,33670330000000,33670330000000,Riverside,Corona-Norco Unified,53548
cenroll2122.txt,2021_22,2021-22,33,67041,0000000,3367041,33670410000000,33670410000000,Riverside,Desert Center Unified,33
cenroll2122.txt,2021_22,2021-22,33,67058,0000000,3367058,33670580000000,33670580000000,Riverside,Desert Sands Unified,27895
cenroll2122.txt,2021_22,2021-22,33,67082,0000000,3367082,33670820000000,33670820000000,Riverside,Hemet Unified,24214
cenroll2122.txt,2021_22,2021-22,33,67090,0000000,3367090,33670900000000,33670900000000,Riverside,Jurupa Unified,19816
cenroll2122.txt,2021_22,2021-22,33,75176,0000000,3375176,33751760000000,33751760000000,Riverside,Lake Elsinore Unified,22892
cenroll2122.txt,2021_22,2021-22,33,67116,0000000,3367116,33671160000000,33671160000000,Riverside,Menifee Union Elementary,13791
cenroll2122.txt,2021_22,2021-22,33,67124,0000000,3367124,33671240000000,33671240000000,Riverside,Moreno Valley Unified,34236
cenroll2122.txt,2021_22,2021-22,33,75200,0000000,3375200,33752000000000,33752000000000,Riverside,Murrieta Valley Unified,23965
cenroll2122.txt,2021_22,2021-22,33,67157,0000000,3367157,33671570000000,33671570000000,Riverside,Nuview Union,2266
cenroll2122.txt,2021_22,2021-22,33,67173,0000000,3367173,33671730000000,33671730000000,Riverside,Palm Springs Unified,22467
cenroll2122.txt,2021_22,2021-22,33,67181,0000000,3367181,33671810000000,33671810000000,Riverside,Palo Verde Unified,4474
cenroll2122.txt,2021_22,2021-22,33,67199,0000000,3367199,33671990000000,33671990000000,Riverside,Perris Elementary,5865
cenroll2122.txt,2021_22,2021-22,33,67207,0000000,3367207,33672070000000,33672070000000,Riverside,Perris Union High,12387
cenroll2122.txt,2021_22,2021-22,33,10330,0000000,3310330,33103300000000,33103300000000,Riverside,Riverside County Office of Education,14377
cenroll2122.txt,2021_22,2021-22,33,67215,0000000,3367215,33672150000000,33672150000000,Riverside,Riverside Unified,42750
cenroll2122.txt,2021_22,2021-22,33,67231,0000000,3367231,33672310000000,33672310000000,Riverside,Romoland Elementary,4745
cenroll2122.txt,2021_22,2021-22,33,67249,0000000,3367249,33672490000000,33672490000000,Riverside,San Jacinto Unified,12795
cenroll2122.txt,2021_22,2021-22,33,75192,0000000,3375192,33751920000000,33751920000000,Riverside,Temecula Valley Unified,29646
cenroll2122.txt,2021_22,2021-22,33,75242,0000000,3375242,33752420000000,33752420000000,Riverside,Val Verde Unified,20808
cenroll2122.txt,2021_22,2021-22,34,67280,0000000,3467280,34672800000000,34672800000000,Sacramento,Arcohe Union Elementary,491
cenroll2122.txt,2021_22,2021-22,34,32276,0000000,3432276,34322760000000,34322760000000,Sacramento,California Education Authority (CEA) Headquarters,254
cenroll2122.txt,2021_22,2021-22,34,73973,0000000,3473973,34739730000000,34739730000000,Sacramento,Center Joint Unified,4550
cenroll2122.txt,2021_22,2021-22,34,67314,0000000,3467314,34673140000000,34673140000000,Sacramento,Elk Grove Unified,66290
cenroll2122.txt,2021_22,2021-22,34,67322,0000000,3467322,34673220000000,34673220000000,Sacramento,Elverta Joint Elementary,281
cenroll2122.txt,2021_22,2021-22,34,67330,0000000,3467330,34673300000000,34673300000000,Sacramento,Folsom-Cordova Unified,21625
cenroll2122.txt,2021_22,2021-22,34,67348,0000000,3467348,34673480000000,34673480000000,Sacramento,Galt Joint Union Elementary,3482
cenroll2122.txt,2021_22,2021-22,34,67355,0000000,3467355,34673550000000,34673550000000,Sacramento,Galt Joint Union High,2306
cenroll2122.txt,2021_22,2021-22,34,75283,0000000,3475283,34752830000000,34752830000000,Sacramento,Natomas Unified,17155
cenroll2122.txt,2021_22,2021-22,34,67413,0000000,3467413,34674130000000,34674130000000,Sacramento,River Delta Joint Unified,2391
cenroll2122.txt,2021_22,2021-22,34,67421,0000000,3467421,34674210000000,34674210000000,Sacramento,Robla Elementary,2796
cenroll2122.txt,2021_22,2021-22,34,67439,0000000,3467439,34674390000000,34674390000000,Sacramento,Sacramento City Unified,47270
cenroll2122.txt,2021_22,2021-22,34,10348,0000000,3410348,34103480000000,34103480000000,Sacramento,Sacramento County Office of Education,3929
cenroll2122.txt,2021_22,2021-22,34,67447,0000000,3467447,34674470000000,34674470000000,Sacramento,San Juan Unified,54598
cenroll2122.txt,2021_22,2021-22,34,76505,0000000,3476505,34765050000000,34765050000000,Sacramento,Twin Rivers Unified,39242
cenroll2122.txt,2021_22,2021-22,35,75259,0000000,3575259,35752590000000,35752590000000,San Benito,Aromas - San Juan Unified,1078
cenroll2122.txt,2021_22,2021-22,35,67454,0000000,3567454,35674540000000,35674540000000,San Benito,Bitterwater-Tully Elementary,33
cenroll2122.txt,2021_22,2021-22,35,67462,0000000,3567462,35674620000000,35674620000000,San Benito,Cienega Union Elementary,31
cenroll2122.txt,2021_22,2021-22,35,67470,0000000,3567470,35674700000000,35674700000000,San Benito,Hollister,6555
cenroll2122.txt,2021_22,2021-22,35,67488,0000000,3567488,35674880000000,35674880000000,San Benito,Jefferson Elementary,6
cenroll2122.txt,2021_22,2021-22,35,67504,0000000,3567504,35675040000000,35675040000000,San Benito,North County Joint Union Elementary,751
cenroll2122.txt,2021_22,2021-22,35,67520,0000000,3567520,35675200000000,35675200000000,San Benito,Panoche Elementary,11
cenroll2122.txt,2021_22,2021-22,35,10355,0000000,3510355,35103550000000,35103550000000,San Benito,San Benito County Office of Education,76
cenroll2122.txt,2021_22,2021-22,35,67538,0000000,3567538,35675380000000,35675380000000,San Benito,San Benito High,3612
cenroll2122.txt,2021_22,2021-22,35,67553,0000000,3567553,35675530000000,35675530000000,San Benito,Southside Elementary,232
cenroll2122.txt,2021_22,2021-22,35,67561,0000000,3567561,35675610000000,35675610000000,San Benito,Tres Pinos Union Elementary,72
cenroll2122.txt,2021_22,2021-22,35,67579,0000000,3567579,35675790000000,35675790000000,San Benito,Willow Grove Union Elementary,19
cenroll2122.txt,2021_22,2021-22,36,67587,0000000,3667587,36675870000000,36675870000000,San Bernardino,Adelanto Elementary,9334
cenroll2122.txt,2021_22,2021-22,36,67595,0000000,3667595,36675950000000,36675950000000,San Bernardino,Alta Loma Elementary,5894
cenroll2122.txt,2021_22,2021-22,36,75077,0000000,3675077,36750770000000,36750770000000,San Bernardino,Apple Valley Unified,16123
cenroll2122.txt,2021_22,2021-22,36,73858,0000000,3673858,36738580000000,36738580000000,San Bernardino,Baker Valley Unified,141
cenroll2122.txt,2021_22,2021-22,36,67611,0000000,3667611,36676110000000,36676110000000,San Bernardino,Barstow Unified,7246
cenroll2122.txt,2021_22,2021-22,36,67637,0000000,3667637,36676370000000,36676370000000,San Bernardino,Bear Valley Unified,2335
cenroll2122.txt,2021_22,2021-22,36,67645,0000000,3667645,36676450000000,36676450000000,San Bernardino,Central Elementary,4676
cenroll2122.txt,2021_22,2021-22,36,67652,0000000,3667652,36676520000000,36676520000000,San Bernardino,Chaffey Joint Union High,24879
cenroll2122.txt,2021_22,2021-22,36,67678,0000000,3667678,36676780000000,36676780000000,San Bernardino,Chino Valley Unified,28336
cenroll2122.txt,2021_22,2021-22,36,67686,0000000,3667686,36676860000000,36676860000000,San Bernardino,Colton Joint Unified,22356
cenroll2122.txt,2021_22,2021-22,36,67694,0000000,3667694,36676940000000,36676940000000,San Bernardino,Cucamonga Elementary,2623
cenroll2122.txt,2021_22,2021-22,36,67702,0000000,3667702,36677020000000,36677020000000,San Bernardino,Etiwanda Elementary,14058
cenroll2122.txt,2021_22,2021-22,36,67710,0000000,3667710,36677100000000,36677100000000,San Bernardino,Fontana Unified,37528
cenroll2122.txt,2021_22,2021-22,36,67736,0000000,3667736,36677360000000,36677360000000,San Bernardino,Helendale Elementary,8138
cenroll2122.txt,2021_22,2021-22,36,75044,0000000,3675044,36750440000000,36750440000000,San Bernardino,Hesperia Unified,27651
cenroll2122.txt,2021_22,2021-22,36,75051,0000000,3675051,36750510000000,36750510000000,San Bernardino,Lucerne Valley Unified,13665
cenroll2122.txt,2021_22,2021-22,36,67777,0000000,3667777,36677770000000,36677770000000,San Bernardino,Morongo Unified,8268
cenroll2122.txt,2021_22,2021-22,36,67785,0000000,3667785,36677850000000,36677850000000,San Bernardino,Mountain View Elementary,2928
cenroll2122.txt,2021_22,2021-22,36,67793,0000000,3667793,36677930000000,36677930000000,San Bernardino,Mt. Baldy Joint Elementary,85
cenroll2122.txt,2021_22,2021-22,36,67801,0000000,3667801,36678010000000,36678010000000,San Bernardino,Needles Unified,1031
cenroll2122.txt,2021_22,2021-22,36,67819,0000000,3667819,36678190000000,36678190000000,San Bernardino,Ontario-Montclair,20170
cenroll2122.txt,2021_22,2021-22,36,67827,0000000,3667827,36678270000000,36678270000000,San Bernardino,Oro Grande,7021
cenroll2122.txt,2021_22,2021-22,36,67843,0000000,3667843,36678430000000,36678430000000,San Bernardino,Redlands Unified,21315
cenroll2122.txt,2021_22,2021-22,36,67850,0000000,3667850,36678500000000,36678500000000,San Bernardino,Rialto Unified,25775
cenroll2122.txt,2021_22,2021-22,36,67868,0000000,3667868,36678680000000,36678680000000,San Bernardino,Rim of the World Unified,3124
cenroll2122.txt,2021_22,2021-22,36,67876,0000000,3667876,36678760000000,36678760000000,San Bernardino,San Bernardino City Unified,56018
cenroll2122.txt,2021_22,2021-22,36,10363,0000000,3610363,36103630000000,36103630000000,San Bernardino,San Bernardino County Office of Education,7942
cenroll2122.txt,2021_22,2021-22,36,73890,0000000,3673890,36738900000000,36738900000000,San Bernardino,Silver Valley Unified,2316
cenroll2122.txt,2021_22,2021-22,36,73957,0000000,3673957,36739570000000,36739570000000,San Bernardino,Snowline Joint Unified,8622
cenroll2122.txt,2021_22,2021-22,36,67892,0000000,3667892,36678920000000,36678920000000,San Bernardino,Trona Joint Unified,299
cenroll2122.txt,2021_22,2021-22,36,75069,0000000,3675069,36750690000000,36750690000000,San Bernardino,Upland Unified,10841
cenroll2122.txt,2021_22,2021-22,36,67918,0000000,3667918,36679180000000,36679180000000,San Bernardino,Victor Elementary,13851
cenroll2122.txt,2021_22,2021-22,36,67934,0000000,3667934,36679340000000,36679340000000,San Bernardino,Victor Valley Union High,13862
cenroll2122.txt,2021_22,2021-22,36,67959,0000000,3667959,36679590000000,36679590000000,San Bernardino,Yucaipa-Calimesa Joint Unified,10196
cenroll2122.txt,2021_22,2021-22,37,67967,0000000,3767967,37679670000000,37679670000000,San Diego,Alpine Union Elementary,1631
cenroll2122.txt,2021_22,2021-22,37,76851,0000000,3776851,37768510000000,37768510000000,San Diego,Bonsall Unified,2320
cenroll2122.txt,2021_22,2021-22,37,67983,0000000,3767983,37679830000000,37679830000000,San Diego,Borrego Springs Unified,4359
cenroll2122.txt,2021_22,2021-22,37,67991,0000000,3767991,37679910000000,37679910000000,San Diego,Cajon Valley Union,18304
cenroll2122.txt,2021_22,2021-22,37,68007,0000000,3768007,37680070000000,37680070000000,San Diego,Cardiff Elementary,661
cenroll2122.txt,2021_22,2021-22,37,73551,0000000,3773551,37735510000000,37735510000000,San Diego,Carlsbad Unified,11435
cenroll2122.txt,2021_22,2021-22,37,68023,0000000,3768023,37680230000000,37680230000000,San Diego,Chula Vista Elementary,30898
cenroll2122.txt,2021_22,2021-22,37,68031,0000000,3768031,37680310000000,37680310000000,San Diego,Coronado Unified,2908
cenroll2122.txt,2021_22,2021-22,37,68049,0000000,3768049,37680490000000,37680490000000,San Diego,Dehesa Elementary,10969
cenroll2122.txt,2021_22,2021-22,37,68056,0000000,3768056,37680560000000,37680560000000,San Diego,Del Mar Union Elementary,4119
cenroll2122.txt,2021_22,2021-22,37,68080,0000000,3768080,37680800000000,37680800000000,San Diego,Encinitas Union Elementary,4949
cenroll2122.txt,2021_22,2021-22,37,68098,0000000,3768098,37680980000000,37680980000000,San Diego,Escondido Union,18089
cenroll2122.txt,2021_22,2021-22,37,68106,0000000,3768106,37681060000000,37681060000000,San Diego,Escondido Union High,9965
cenroll2122.txt,2021_22,2021-22,37,68114,0000000,3768114,37681140000000,37681140000000,San Diego,Fallbrook Union Elementary,5268
cenroll2122.txt,2021_22,2021-22,37,68122,0000000,3768122,37681220000000,37681220000000,San Diego,Fallbrook Union High,2241
cenroll2122.txt,2021_22,2021-22,37,68130,0000000,3768130,37681300000000,37681300000000,San Diego,Grossmont Union High,23234
cenroll2122.txt,2021_22,2021-22,37,68155,0000000,3768155,37681550000000,37681550000000,San Diego,Jamul-Dulzura Union Elementary,808
cenroll2122.txt,2021_22,2021-22,37,68163,0000000,3768163,37681630000000,37681630000000,San Diego,Julian Union Elementary,2523
cenroll2122.txt,2021_22,2021-22,37,68171,0000000,3768171,37681710000000,37681710000000,San Diego,Julian Union High,104
cenroll2122.txt,2021_22,2021-22,37,68197,0000000,3768197,37681970000000,37681970000000,San Diego,La Mesa-Spring Valley,11987
cenroll2122.txt,2021_22,2021-22,37,68189,0000000,3768189,37681890000000,37681890000000,San Diego,Lakeside Union Elementary,5187
cenroll2122.txt,2021_22,2021-22,37,68205,0000000,3768205,37682050000000,37682050000000,San Diego,Lemon Grove,3501
cenroll2122.txt,2021_22,2021-22,37,68213,0000000,3768213,37682130000000,37682130000000,San Diego,Mountain Empire Unified,4960
cenroll2122.txt,2021_22,2021-22,37,68221,0000000,3768221,37682210000000,37682210000000,San Diego,National Elementary,5177
cenroll2122.txt,2021_22,2021-22,37,73569,0000000,3773569,37735690000000,37735690000000,San Diego,Oceanside Unified,20492
cenroll2122.txt,2021_22,2021-22,37,68296,0000000,3768296,37682960000000,37682960000000,San Diego,Poway Unified,36171
cenroll2122.txt,2021_22,2021-22,37,68304,0000000,3768304,37683040000000,37683040000000,San Diego,Ramona City Unified,5384
cenroll2122.txt,2021_22,2021-22,37,68312,0000000,3768312,37683120000000,37683120000000,San Diego,Rancho Santa Fe Elementary,622
cenroll2122.txt,2021_22,2021-22,37,10371,0000000,3710371,37103710000000,37103710000000,San Diego,San Diego County Office of Education,8956
cenroll2122.txt,2021_22,2021-22,37,68338,0000000,3768338,37683380000000,37683380000000,San Diego,San Diego Unified,121699
cenroll2122.txt,2021_22,2021-22,37,68346,0000000,3768346,37683460000000,37683460000000,San Diego,San Dieguito Union High,13006
cenroll2122.txt,2021_22,2021-22,37,73791,0000000,3773791,37737910000000,37737910000000,San Diego,San Marcos Unified,20459
cenroll2122.txt,2021_22,2021-22,37,68353,0000000,3768353,37683530000000,37683530000000,San Diego,San Pasqual Union Elementary,513
cenroll2122.txt,2021_22,2021-22,37,68379,0000000,3768379,37683790000000,37683790000000,San Diego,San Ysidro Elementary,4681
cenroll2122.txt,2021_22,2021-22,37,68361,0000000,3768361,37683610000000,37683610000000,San Diego,Santee,6699
cenroll2122.txt,2021_22,2021-22,37,76471,0000000,3776471,37764710000000,37764710000000,San Diego,SBC - High Tech High,3819
cenroll2122.txt,2021_22,2021-22,37,77172,0000000,3777172,37771720000000,37771720000000,San Diego,SBE - Baypoint Preparatory Academy San Diego,194
cenroll2122.txt,2021_22,2021-22,37,77164,0000000,3777164,37771640000000,37771640000000,San Diego,SBE - College Preparatory Middle,399
cenroll2122.txt,2021_22,2021-22,37,77099,0000000,3777099,37770990000000,37770990000000,San Diego,SBE - Grossmont Secondary,605
cenroll2122.txt,2021_22,2021-22,37,77107,0000000,3777107,37771070000000,37771070000000,San Diego,SBE - Sweetwater Secondary,613
cenroll2122.txt,2021_22,2021-22,37,77156,0000000,3777156,37771560000000,37771560000000,San Diego,SBE - Vista Springs Charter,244
cenroll2122.txt,2021_22,2021-22,37,68387,0000000,3768387,37683870000000,37683870000000,San Diego,Solana Beach Elementary,2953
cenroll2122.txt,2021_22,2021-22,37,68395,0000000,3768395,37683950000000,37683950000000,San Diego,South Bay Union,6573
cenroll2122.txt,2021_22,2021-22,37,68403,0000000,3768403,37684030000000,37684030000000,San Diego,Spencer Valley Elementary,4412
cenroll2122.txt,2021_22,2021-22,37,68411,0000000,3768411,37684110000000,37684110000000,San Diego,Sweetwater Union High,39929
cenroll2122.txt,2021_22,2021-22,37,68437,0000000,3768437,37684370000000,37684370000000,San Diego,Vallecitos Elementary,189
cenroll2122.txt,2021_22,2021-22,37,75614,0000000,3775614,37756140000000,37756140000000,San Diego,Valley Center-Pauma Unified,4026
cenroll2122.txt,2021_22,2021-22,37,68452,0000000,3768452,37684520000000,37684520000000,San Diego,Vista Unified,23669
cenroll2122.txt,2021_22,2021-22,37,75416,0000000,3775416,37754160000000,37754160000000,San Diego,Warner Unified,2998
cenroll2122.txt,2021_22,2021-22,38,10389,0000000,3810389,38103890000000,38103890000000,San Francisco,San Francisco County Office of Education,563
cenroll2122.txt,2021_22,2021-22,38,68478,0000000,3868478,38684780000000,38684780000000,San Francisco,San Francisco Unified,63143
cenroll2122.txt,2021_22,2021-22,38,77131,0000000,3877131,38771310000000,38771310000000,San Francisco,SBE - KIPP Bayview Elementary,195
cenroll2122.txt,2021_22,2021-22,38,76927,0000000,3876927,38769270000000,38769270000000,San Francisco,SBE - The New School of San Francisco,402
cenroll2122.txt,2021_22,2021-22,39,77388,0000000,3977388,39773880000000,39773880000000,San Joaquin,Banta Unified,2308
cenroll2122.txt,2021_22,2021-22,39,68502,0000000,3968502,39685020000000,39685020000000,San Joaquin,Escalon Unified,3058
cenroll2122.txt,2021_22,2021-22,39,68544,0000000,3968544,39685440000000,39685440000000,San Joaquin,Jefferson Elementary,2607
cenroll2122.txt,2021_22,2021-22,39,76760,0000000,3976760,39767600000000,39767600000000,San Joaquin,Lammersville Joint Unified,7494
cenroll2122.txt,2021_22,2021-22,39,68569,0000000,3968569,39685690000000,39685690000000,San Joaquin,Lincoln Unified,9584
cenroll2122.txt,2021_22,2021-22,39,68577,0000000,3968577,39685770000000,39685770000000,San Joaquin,Linden Unified,2455
cenroll2122.txt,2021_22,2021-22,39,68585,0000000,3968585,39685850000000,39685850000000,San Joaquin,Lodi Unified,32417
cenroll2122.txt,2021_22,2021-22,39,68593,0000000,3968593,39685930000000,39685930000000,San Joaquin,Manteca Unified,25718
cenroll2122.txt,2021_22,2021-22,39,68619,0000000,3968619,39686190000000,39686190000000,San Joaquin,New Hope Elementary,191
cenroll2122.txt,2021_22,2021-22,39,68627,0000000,3968627,39686270000000,39686270000000,San Joaquin,New Jerusalem Elementary,7461
cenroll2122.txt,2021_22,2021-22,39,68635,0000000,3968635,39686350000000,39686350000000,San Joaquin,Oak View Union Elementary,385
cenroll2122.txt,2021_22,2021-22,39,68650,0000000,3968650,39686500000000,39686500000000,San Joaquin,Ripon Unified,5326
cenroll2122.txt,2021_22,2021-22,39,10397,0000000,3910397,39103970000000,39103970000000,San Joaquin,San Joaquin County Office of Education,6454
cenroll2122.txt,2021_22,2021-22,39,68676,0000000,3968676,39686760000000,39686760000000,San Joaquin,Stockton Unified,42427
cenroll2122.txt,2021_22,2021-22,39,75499,0000000,3975499,39754990000000,39754990000000,San Joaquin,Tracy Joint Unified,16378
cenroll2122.txt,2021_22,2021-22,40,68700,0000000,4068700,40687000000000,40687000000000,San Luis Obispo,Atascadero Unified,4587
cenroll2122.txt,2021_22,2021-22,40,68726,0000000,4068726,40687260000000,40687260000000,San Luis Obispo,Cayucos Elementary,183
cenroll2122.txt,2021_22,2021-22,40,75465,0000000,4075465,40754650000000,40754650000000,San Luis Obispo,Coast Unified,525
cenroll2122.txt,2021_22,2021-22,40,68759,0000000,4068759,40687590000000,40687590000000,San Luis Obispo,Lucia Mar Unified,10222
cenroll2122.txt,2021_22,2021-22,40,75457,0000000,4075457,40754570000000,40754570000000,San Luis Obispo,Paso Robles Joint Unified,6869
cenroll2122.txt,2021_22,2021-22,40,68791,0000000,4068791,40687910000000,40687910000000,San Luis Obispo,Pleasant Valley Joint Union Elementary,59
cenroll2122.txt,2021_22,2021-22,40,68809,0000000,4068809,40688090000000,40688090000000,San Luis Obispo,San Luis Coastal Unified,7855
cenroll2122.txt,2021_22,2021-22,40,10405,0000000,4010405,40104050000000,40104050000000,San Luis Obispo,San Luis Obispo County Office of Education,976
cenroll2122.txt,2021_22,2021-22,40,68825,0000000,4068825,40688250000000,40688250000000,San Luis Obispo,San Miguel Joint Union,687
cenroll2122.txt,2021_22,2021-22,40,68833,0000000,4068833,40688330000000,40688330000000,San Luis Obispo,Shandon Joint Unified,294
cenroll2122.txt,2021_22,2021-22,40,68841,0000000,4068841,40688410000000,40688410000000,San Luis Obispo,Templeton Unified,2368
cenroll2122.txt,2021_22,2021-22,41,68858,0000000,4168858,41688580000000,41688580000000,San Mateo,Bayshore Elementary,373
cenroll2122.txt,2021_22,2021-22,41,68866,0000000,4168866,41688660000000,41688660000000,San Mateo,Belmont-Redwood Shores Elementary,4100
cenroll2122.txt,2021_22,2021-22,41,68874,0000000,4168874,41688740000000,41688740000000,San Mateo,Brisbane Elementary,470
cenroll2122.txt,2021_22,2021-22,41,68882,0000000,4168882,41688820000000,41688820000000,San Mateo,Burlingame Elementary,3442
cenroll2122.txt,2021_22,2021-22,41,68890,0000000,4168890,41688900000000,41688900000000,San Mateo,Cabrillo Unified,2883
cenroll2122.txt,2021_22,2021-22,41,68908,0000000,4168908,41689080000000,41689080000000,San Mateo,Hillsborough City Elementary,1295
cenroll2122.txt,2021_22,2021-22,41,68916,0000000,4168916,41689160000000,41689160000000,San Mateo,Jefferson Elementary,6591
cenroll2122.txt,2021_22,2021-22,41,68924,0000000,4168924,41689240000000,41689240000000,San Mateo,Jefferson Union High,4605
cenroll2122.txt,2021_22,2021-22,41,68940,0000000,4168940,41689400000000,41689400000000,San Mateo,La Honda-Pescadero Unified,282
cenroll2122.txt,2021_22,2021-22,41,68957,0000000,4168957,41689570000000,41689570000000,San Mateo,Las Lomitas Elementary,1144
cenroll2122.txt,2021_22,2021-22,41,68965,0000000,4168965,41689650000000,41689650000000,San Mateo,Menlo Park City Elementary,2782
cenroll2122.txt,2021_22,2021-22,41,68973,0000000,4168973,41689730000000,41689730000000,San Mateo,Millbrae Elementary,2209
cenroll2122.txt,2021_22,2021-22,41,68932,0000000,4168932,41689320000000,41689320000000,San Mateo,Pacifica,2870
cenroll2122.txt,2021_22,2021-22,41,68981,0000000,4168981,41689810000000,41689810000000,San Mateo,Portola Valley Elementary,493
cenroll2122.txt,2021_22,2021-22,41,68999,0000000,4168999,41689990000000,41689990000000,San Mateo,Ravenswood City Elementary,2961
cenroll2122.txt,2021_22,2021-22,41,69005,0000000,4169005,41690050000000,41690050000000,San Mateo,Redwood City Elementary,7948
cenroll2122.txt,2021_22,2021-22,41,69013,0000000,4169013,41690130000000,41690130000000,San Mateo,San Bruno Park Elementary,2192
cenroll2122.txt,2021_22,2021-22,41,69021,0000000,4169021,41690210000000,41690210000000,San Mateo,San Carlos Elementary,3082
cenroll2122.txt,2021_22,2021-22,41,10413,0000000,4110413,41104130000000,41104130000000,San Mateo,San Mateo County Office of Education,338
cenroll2122.txt,2021_22,2021-22,41,69047,0000000,4169047,41690470000000,41690470000000,San Mateo,San Mateo Union High,9903
cenroll2122.txt,2021_22,2021-22,41,69039,0000000,4169039,41690390000000,41690390000000,San Mateo,San Mateo-Foster City,10777
cenroll2122.txt,2021_22,2021-22,41,69062,0000000,4169062,41690620000000,41690620000000,San Mateo,Sequoia Union High,10315
cenroll2122.txt,2021_22,2021-22,41,69070,0000000,4169070,41690700000000,41690700000000,San Mateo,South San Francisco Unified,8231
cenroll2122.txt,2021_22,2021-22,41,69088,0000000,4169088,41690880000000,41690880000000,San Mateo,Woodside Elementary,367
cenroll2122.txt,2021_22,2021-22,42,69104,0000000,4269104,42691040000000,42691040000000,Santa Barbara,Ballard Elementary,129
cenroll2122.txt,2021_22,2021-22,42,69112,0000000,4269112,42691120000000,42691120000000,Santa Barbara,Blochman Union Elementary,1588
cenroll2122.txt,2021_22,2021-22,42,69138,0000000,4269138,42691380000000,42691380000000,Santa Barbara,Buellton Union Elementary,573
cenroll2122.txt,2021_22,2021-22,42,69146,0000000,4269146,42691460000000,42691460000000,Santa Barbara,Carpinteria Unified,2157
cenroll2122.txt,2021_22,2021-22,42,69161,0000000,4269161,42691610000000,42691610000000,Santa Barbara,Cold Spring Elementary,194
cenroll2122.txt,2021_22,2021-22,42,69179,0000000,4269179,42691790000000,42691790000000,Santa Barbara,College Elementary,373
cenroll2122.txt,2021_22,2021-22,42,75010,0000000,4275010,42750100000000,42750100000000,Santa Barbara,Cuyama Joint Unified,319
cenroll2122.txt,2021_22,2021-22,42,69195,0000000,4269195,42691950000000,42691950000000,Santa Barbara,Goleta Union Elementary,3475
cenroll2122.txt,2021_22,2021-22,42,69203,0000000,4269203,42692030000000,42692030000000,Santa Barbara,Guadalupe Union Elementary,1360
cenroll2122.txt,2021_22,2021-22,42,69211,0000000,4269211,42692110000000,42692110000000,Santa Barbara,Hope Elementary,854
cenroll2122.txt,2021_22,2021-22,42,69229,0000000,4269229,42692290000000,42692290000000,Santa Barbara,Lompoc Unified,10120
cenroll2122.txt,2021_22,2021-22,42,69245,0000000,4269245,42692450000000,42692450000000,Santa Barbara,Los Olivos Elementary,167
cenroll2122.txt,2021_22,2021-22,42,69252,0000000,4269252,42692520000000,42692520000000,Santa Barbara,Montecito Union Elementary,385
cenroll2122.txt,2021_22,2021-22,42,69260,0000000,4269260,42692600000000,42692600000000,Santa Barbara,Orcutt Union Elementary,5040
cenroll2122.txt,2021_22,2021-22,42,10421,0000000,4210421,42104210000000,42104210000000,Santa Barbara,Santa Barbara County Office of Education,182
cenroll2122.txt,2021_22,2021-22,42,76786,0000000,4276786,42767860000000,42767860000000,Santa Barbara,Santa Barbara Unified,14182
cenroll2122.txt,2021_22,2021-22,42,69310,0000000,4269310,42693100000000,42693100000000,Santa Barbara,Santa Maria Joint Union High,9581
cenroll2122.txt,2021_22,2021-22,42,69120,0000000,4269120,42691200000000,42691200000000,Santa Barbara,Santa Maria-Bonita,17225
cenroll2122.txt,2021_22,2021-22,42,69328,0000000,4269328,42693280000000,42693280000000,Santa Barbara,Santa Ynez Valley Union High,888
cenroll2122.txt,2021_22,2021-22,42,77214,0000000,4277214,42772140000000,42772140000000,Santa Barbara,SBE - Olive Grove Charter - Buellton,57
cenroll2122.txt,2021_22,2021-22,42,77206,0000000,4277206,42772060000000,42772060000000,Santa Barbara,SBE - Olive Grove Charter - Lompoc,147
cenroll2122.txt,2021_22,2021-22,42,77198,0000000,4277198,42771980000000,42771980000000,Santa Barbara,SBE - Olive Grove Charter - Orcutt/Santa Maria,285
cenroll2122.txt,2021_22,2021-22,42,77222,0000000,4277222,42772220000000,42772220000000,Santa Barbara,SBE - Olive Grove Charter - Santa Barbara,151
cenroll2122.txt,2021_22,2021-22,42,69336,0000000,4269336,42693360000000,42693360000000,Santa Barbara,Solvang Elementary,616
cenroll2122.txt,2021_22,2021-22,42,69344,0000000,4269344,42693440000000,42693440000000,Santa Barbara,Vista del Mar Union,29
cenroll2122.txt,2021_22,2021-22,43,69369,0000000,4369369,43693690000000,43693690000000,Santa Clara,Alum Rock Union Elementary,9922
cenroll2122.txt,2021_22,2021-22,43,69377,0000000,4369377,43693770000000,43693770000000,Santa Clara,Berryessa Union Elementary,6587
cenroll2122.txt,2021_22,2021-22,43,69385,0000000,4369385,43693850000000,43693850000000,Santa Clara,Cambrian,3092
cenroll2122.txt,2021_22,2021-22,43,69393,0000000,4369393,43693930000000,43693930000000,Santa Clara,Campbell Union,6632
cenroll2122.txt,2021_22,2021-22,43,69401,0000000,4369401,43694010000000,43694010000000,Santa Clara,Campbell Union High,8882
cenroll2122.txt,2021_22,2021-22,43,69419,0000000,4369419,43694190000000,43694190000000,Santa Clara,Cupertino Union,14927
cenroll2122.txt,2021_22,2021-22,43,69427,0000000,4369427,43694270000000,43694270000000,Santa Clara,East Side Union High,27041
cenroll2122.txt,2021_22,2021-22,43,69435,0000000,4369435,43694350000000,43694350000000,Santa Clara,Evergreen Elementary,9517
cenroll2122.txt,2021_22,2021-22,43,69450,0000000,4369450,43694500000000,43694500000000,Santa Clara,Franklin-McKinley Elementary,8860
cenroll2122.txt,2021_22,2021-22,43,69468,0000000,4369468,43694680000000,43694680000000,Santa Clara,Fremont Union High,10527
cenroll2122.txt,2021_22,2021-22,43,69484,0000000,4369484,43694840000000,43694840000000,Santa Clara,Gilroy Unified,11700
cenroll2122.txt,2021_22,2021-22,43,69492,0000000,4369492,43694920000000,43694920000000,Santa Clara,Lakeside Joint,71
cenroll2122.txt,2021_22,2021-22,43,69500,0000000,4369500,43695000000000,43695000000000,Santa Clara,Loma Prieta Joint Union Elementary,441
cenroll2122.txt,2021_22,2021-22,43,69518,0000000,4369518,43695180000000,43695180000000,Santa Clara,Los Altos Elementary,3513
cenroll2122.txt,2021_22,2021-22,43,69526,0000000,4369526,43695260000000,43695260000000,Santa Clara,Los Gatos Union Elementary,2730
cenroll2122.txt,2021_22,2021-22,43,69534,0000000,4369534,43695340000000,43695340000000,Santa Clara,Los Gatos-Saratoga Union High,3454
cenroll2122.txt,2021_22,2021-22,43,69542,0000000,4369542,43695420000000,43695420000000,Santa Clara,Luther Burbank,463
cenroll2122.txt,2021_22,2021-22,43,73387,0000000,4373387,43733870000000,43733870000000,Santa Clara,Milpitas Unified,10497
cenroll2122.txt,2021_22,2021-22,43,69575,0000000,4369575,43695750000000,43695750000000,Santa Clara,Moreland,4268
cenroll2122.txt,2021_22,2021-22,43,69583,0000000,4369583,43695830000000,43695830000000,Santa Clara,Morgan Hill Unified,9040
cenroll2122.txt,2021_22,2021-22,43,69617,0000000,4369617,43696170000000,43696170000000,Santa Clara,Mount Pleasant Elementary,1813
cenroll2122.txt,2021_22,2021-22,43,69591,0000000,4369591,43695910000000,43695910000000,Santa Clara,Mountain View Whisman,4808
cenroll2122.txt,2021_22,2021-22,43,69609,0000000,4369609,43696090000000,43696090000000,Santa Clara,Mountain View-Los Altos Union High,4743
cenroll2122.txt,2021_22,2021-22,43,69625,0000000,4369625,43696250000000,43696250000000,Santa Clara,Oak Grove Elementary,9422
cenroll2122.txt,2021_22,2021-22,43,69633,0000000,4369633,43696330000000,43696330000000,Santa Clara,Orchard Elementary,927
cenroll2122.txt,2021_22,2021-22,43,69641,0000000,4369641,43696410000000,43696410000000,Santa Clara,Palo Alto Unified,10945
cenroll2122.txt,2021_22,2021-22,43,69666,0000000,4369666,43696660000000,43696660000000,Santa Clara,San Jose Unified,28293
cenroll2122.txt,2021_22,2021-22,43,10439,0000000,4310439,43104390000000,43104390000000,Santa Clara,Santa Clara County Office of Education,13175
cenroll2122.txt,2021_22,2021-22,43,69674,0000000,4369674,43696740000000,43696740000000,Santa Clara,Santa Clara Unified,14907
cenroll2122.txt,2021_22,2021-22,43,69682,0000000,4369682,43696820000000,43696820000000,Santa Clara,Saratoga Union Elementary,1676
cenroll2122.txt,2021_22,2021-22,43,77149,0000000,4377149,43771490000000,43771490000000,Santa Clara,SBE - KIPP Navigate College Prep,382
cenroll2122.txt,2021_22,2021-22,43,77115,0000000,4377115,43771150000000,43771150000000,Santa Clara,SBE - Perseverance Preparatory,73
cenroll2122.txt,2021_22,2021-22,43,69690,0000000,4369690,43696900000000,43696900000000,Santa Clara,Sunnyvale,5777
cenroll2122.txt,2021_22,2021-22,43,69708,0000000,4369708,43697080000000,43697080000000,Santa Clara,Union Elementary,5669
cenroll2122.txt,2021_22,2021-22,44,69732,0000000,4469732,44697320000000,44697320000000,Santa Cruz,Bonny Doon Union Elementary,124
cenroll2122.txt,2021_22,2021-22,44,69757,0000000,4469757,44697570000000,44697570000000,Santa Cruz,Happy Valley Elementary,117
cenroll2122.txt,2021_22,2021-22,44,69765,0000000,4469765,44697650000000,44697650000000,Santa Cruz,Live Oak Elementary,1788
cenroll2122.txt,2021_22,2021-22,44,69773,0000000,4469773,44697730000000,44697730000000,Santa Cruz,Mountain Elementary,146
cenroll2122.txt,2021_22,2021-22,44,69781,0000000,4469781,44697810000000,44697810000000,Santa Cruz,Pacific Elementary,157
cenroll2122.txt,2021_22,2021-22,44,69799,0000000,4469799,44697990000000,44697990000000,Santa Cruz,Pajaro Valley Unified,19322
cenroll2122.txt,2021_22,2021-22,44,69807,0000000,4469807,44698070000000,44698070000000,Santa Cruz,San Lorenzo Valley Unified,5848
cenroll2122.txt,2021_22,2021-22,44,69815,0000000,4469815,44698150000000,44698150000000,Santa Cruz,Santa Cruz City Elementary,1786
cenroll2122.txt,2021_22,2021-22,44,69823,0000000,4469823,44698230000000,44698230000000,Santa Cruz,Santa Cruz City High,4767
cenroll2122.txt,2021_22,2021-22,44,10447,0000000,4410447,44104470000000,44104470000000,Santa Cruz,Santa Cruz County Office of Education,2148
cenroll2122.txt,2021_22,2021-22,44,77248,0000000,4477248,44772480000000,44772480000000,Santa Cruz,SBE - Watsonville Prep,355
cenroll2122.txt,2021_22,2021-22,44,75432,0000000,4475432,44754320000000,44754320000000,Santa Cruz,Scotts Valley Unified,2788
cenroll2122.txt,2021_22,2021-22,44,69849,0000000,4469849,44698490000000,44698490000000,Santa Cruz,Soquel Union Elementary,1736
cenroll2122.txt,2021_22,2021-22,45,69856,0000000,4569856,45698560000000,45698560000000,Shasta,Anderson Union High,1763
cenroll2122.txt,2021_22,2021-22,45,69872,0000000,4569872,45698720000000,45698720000000,Shasta,Bella Vista Elementary,380
cenroll2122.txt,2021_22,2021-22,45,69880,0000000,4569880,45698800000000,45698800000000,Shasta,Black Butte Union Elementary,251
cenroll2122.txt,2021_22,2021-22,45,69914,0000000,4569914,45699140000000,45699140000000,Shasta,Cascade Union Elementary,1519
cenroll2122.txt,2021_22,2021-22,45,69922,0000000,4569922,45699220000000,45699220000000,Shasta,Castle Rock Union Elementary,62
cenroll2122.txt,2021_22,2021-22,45,69948,0000000,4569948,45699480000000,45699480000000,Shasta,Columbia Elementary,1873
cenroll2122.txt,2021_22,2021-22,45,69955,0000000,4569955,45699550000000,45699550000000,Shasta,Cottonwood Union Elementary,1253
cenroll2122.txt,2021_22,2021-22,45,69971,0000000,4569971,45699710000000,45699710000000,Shasta,Enterprise Elementary,3921
cenroll2122.txt,2021_22,2021-22,45,69989,0000000,4569989,45699890000000,45699890000000,Shasta,Fall River Joint Unified,1249
cenroll2122.txt,2021_22,2021-22,45,69997,0000000,4569997,45699970000000,45699970000000,Shasta,French Gulch-Whiskeytown Elementary,29
cenroll2122.txt,2021_22,2021-22,45,75267,0000000,4575267,45752670000000,45752670000000,Shasta,Gateway Unified,2729
cenroll2122.txt,2021_22,2021-22,45,70003,0000000,4570003,45700030000000,45700030000000,Shasta,Grant Elementary,641
cenroll2122.txt,2021_22,2021-22,45,70011,0000000,4570011,45700110000000,45700110000000,Shasta,Happy Valley Union Elementary,508
cenroll2122.txt,2021_22,2021-22,45,70029,0000000,4570029,45700290000000,45700290000000,Shasta,"Igo, Ono, Platina Union Elementary",41
cenroll2122.txt,2021_22,2021-22,45,70037,0000000,4570037,45700370000000,45700370000000,Shasta,Indian Springs Elementary,14
cenroll2122.txt,2021_22,2021-22,45,70045,0000000,4570045,45700450000000,45700450000000,Shasta,Junction Elementary,390
cenroll2122.txt,2021_22,2021-22,45,70052,0000000,4570052,45700520000000,45700520000000,Shasta,Millville Elementary,266
cenroll2122.txt,2021_22,2021-22,45,73700,0000000,4573700,45737000000000,45737000000000,Shasta,Mountain Union Elementary,96
cenroll2122.txt,2021_22,2021-22,45,70078,0000000,4570078,45700780000000,45700780000000,Shasta,North Cow Creek Elementary,268
cenroll2122.txt,2021_22,2021-22,45,70086,0000000,4570086,45700860000000,45700860000000,Shasta,Oak Run Elementary,65
cenroll2122.txt,2021_22,2021-22,45,70094,0000000,4570094,45700940000000,45700940000000,Shasta,Pacheco Union Elementary,748
cenroll2122.txt,2021_22,2021-22,45,70110,0000000,4570110,45701100000000,45701100000000,Shasta,Redding Elementary,3340
cenroll2122.txt,2021_22,2021-22,45,10454,0000000,4510454,45104540000000,45104540000000,Shasta,Shasta County Office of Education,1042
cenroll2122.txt,2021_22,2021-22,45,70128,0000000,4570128,45701280000000,45701280000000,Shasta,Shasta Union Elementary,118
cenroll2122.txt,2021_22,2021-22,45,70136,0000000,4570136,45701360000000,45701360000000,Shasta,Shasta Union High,5847
cenroll2122.txt,2021_22,2021-22,45,70169,0000000,4570169,45701690000000,45701690000000,Shasta,Whitmore Union Elementary,414
cenroll2122.txt,2021_22,2021-22,46,70177,0000000,4670177,46701770000000,46701770000000,Sierra,Sierra-Plumas Joint Unified,430
cenroll2122.txt,2021_22,2021-22,47,70185,0000000,4770185,47701850000000,47701850000000,Siskiyou,Big Springs Union Elementary,183
cenroll2122.txt,2021_22,2021-22,47,70193,0000000,4770193,47701930000000,47701930000000,Siskiyou,Bogus Elementary,18
cenroll2122.txt,2021_22,2021-22,47,73684,0000000,4773684,47736840000000,47736840000000,Siskiyou,Butte Valley Unified,313
cenroll2122.txt,2021_22,2021-22,47,70201,0000000,4770201,47702010000000,47702010000000,Siskiyou,Butteville Union Elementary,181
cenroll2122.txt,2021_22,2021-22,47,70227,0000000,4770227,47702270000000,47702270000000,Siskiyou,Delphic Elementary,62
cenroll2122.txt,2021_22,2021-22,47,70243,0000000,4770243,47702430000000,47702430000000,Siskiyou,Dunsmuir Elementary,106
cenroll2122.txt,2021_22,2021-22,47,70250,0000000,4770250,47702500000000,47702500000000,Siskiyou,Dunsmuir Joint Union High,67
cenroll2122.txt,2021_22,2021-22,47,70292,0000000,4770292,47702920000000,47702920000000,Siskiyou,Forks of Salmon Elementary,8
cenroll2122.txt,2021_22,2021-22,47,70318,0000000,4770318,47703180000000,47703180000000,Siskiyou,Gazelle Union Elementary,42
cenroll2122.txt,2021_22,2021-22,47,70326,0000000,4770326,47703260000000,47703260000000,Siskiyou,Grenada Elementary,208
cenroll2122.txt,2021_22,2021-22,47,70334,0000000,4770334,47703340000000,47703340000000,Siskiyou,Happy Camp Union Elementary,111
cenroll2122.txt,2021_22,2021-22,47,70359,0000000,4770359,47703590000000,47703590000000,Siskiyou,Hornbrook Elementary,48
cenroll2122.txt,2021_22,2021-22,47,70367,0000000,4770367,47703670000000,47703670000000,Siskiyou,Junction Elementary,18
cenroll2122.txt,2021_22,2021-22,47,70375,0000000,4770375,47703750000000,47703750000000,Siskiyou,Klamath River Union Elementary,10
cenroll2122.txt,2021_22,2021-22,47,70383,0000000,4770383,47703830000000,47703830000000,Siskiyou,Little Shasta Elementary,16
cenroll2122.txt,2021_22,2021-22,47,70409,0000000,4770409,47704090000000,47704090000000,Siskiyou,McCloud Union Elementary,71
cenroll2122.txt,2021_22,2021-22,47,70417,0000000,4770417,47704170000000,47704170000000,Siskiyou,Montague Elementary,185
cenroll2122.txt,2021_22,2021-22,47,70425,0000000,4770425,47704250000000,47704250000000,Siskiyou,Mt. Shasta Union Elementary,492
cenroll2122.txt,2021_22,2021-22,47,76455,0000000,4776455,47764550000000,47764550000000,Siskiyou,Scott Valley Unified,677
cenroll2122.txt,2021_22,2021-22,47,70458,0000000,4770458,47704580000000,47704580000000,Siskiyou,Seiad Elementary,14
cenroll2122.txt,2021_22,2021-22,47,10470,0000000,4710470,47104700000000,47104700000000,Siskiyou,Siskiyou County Office of Education,788
cenroll2122.txt,2021_22,2021-22,47,70466,0000000,4770466,47704660000000,47704660000000,Siskiyou,Siskiyou Union High,566
cenroll2122.txt,2021_22,2021-22,47,70482,0000000,4770482,47704820000000,47704820000000,Siskiyou,Weed Union Elementary,378
cenroll2122.txt,2021_22,2021-22,47,70490,0000000,4770490,47704900000000,47704900000000,Siskiyou,Willow Creek Elementary,52
cenroll2122.txt,2021_22,2021-22,47,70508,0000000,4770508,47705080000000,47705080000000,Siskiyou,Yreka Union Elementary,1044
cenroll2122.txt,2021_22,2021-22,47,70516,0000000,4770516,47705160000000,47705160000000,Siskiyou,Yreka Union High,807
cenroll2122.txt,2021_22,2021-22,48,70524,0000000,4870524,48705240000000,48705240000000,Solano,Benicia Unified,4484
cenroll2122.txt,2021_22,2021-22,48,70532,0000000,4870532,48705320000000,48705320000000,Solano,Dixon Unified,3613
cenroll2122.txt,2021_22,2021-22,48,70540,0000000,4870540,48705400000000,48705400000000,Solano,Fairfield-Suisun Unified,21691
cenroll2122.txt,2021_22,2021-22,48,10488,0000000,4810488,48104880000000,48104880000000,Solano,Solano County Office of Education,1189
cenroll2122.txt,2021_22,2021-22,48,70565,0000000,4870565,48705650000000,48705650000000,Solano,Travis Unified,5690
cenroll2122.txt,2021_22,2021-22,48,70573,0000000,4870573,48705730000000,48705730000000,Solano,Vacaville Unified,13783
cenroll2122.txt,2021_22,2021-22,48,70581,0000000,4870581,48705810000000,48705810000000,Solano,Vallejo City Unified,13586
cenroll2122.txt,2021_22,2021-22,49,70599,0000000,4970599,49705990000000,49705990000000,Sonoma,Alexander Valley Union Elementary,114
cenroll2122.txt,2021_22,2021-22,49,70615,0000000,4970615,49706150000000,49706150000000,Sonoma,Bellevue Union,1607
cenroll2122.txt,2021_22,2021-22,49,70623,0000000,4970623,49706230000000,49706230000000,Sonoma,Bennett Valley Union Elementary,987
cenroll2122.txt,2021_22,2021-22,49,70649,0000000,4970649,49706490000000,49706490000000,Sonoma,Cinnabar Elementary,242
cenroll2122.txt,2021_22,2021-22,49,70656,0000000,4970656,49706560000000,49706560000000,Sonoma,Cloverdale Unified,1391
cenroll2122.txt,2021_22,2021-22,49,73882,0000000,4973882,49738820000000,49738820000000,Sonoma,Cotati-Rohnert Park Unified,6654
cenroll2122.txt,2021_22,2021-22,49,70672,0000000,4970672,49706720000000,49706720000000,Sonoma,Dunham Elementary,155
cenroll2122.txt,2021_22,2021-22,49,70680,0000000,4970680,49706800000000,49706800000000,Sonoma,Forestville Union Elementary,251
cenroll2122.txt,2021_22,2021-22,49,70698,0000000,4970698,49706980000000,49706980000000,Sonoma,Fort Ross Elementary,15
cenroll2122.txt,2021_22,2021-22,49,70706,0000000,4970706,49707060000000,49707060000000,Sonoma,Geyserville Unified,226
cenroll2122.txt,2021_22,2021-22,49,70714,0000000,4970714,49707140000000,49707140000000,Sonoma,Gravenstein Union Elementary,786
cenroll2122.txt,2021_22,2021-22,49,70722,0000000,4970722,49707220000000,49707220000000,Sonoma,Guerneville Elementary,436
cenroll2122.txt,2021_22,2021-22,49,70730,0000000,4970730,49707300000000,49707300000000,Sonoma,Harmony Union Elementary,638
cenroll2122.txt,2021_22,2021-22,49,75390,0000000,4975390,49753900000000,49753900000000,Sonoma,Healdsburg Unified,1313
cenroll2122.txt,2021_22,2021-22,49,70763,0000000,4970763,49707630000000,49707630000000,Sonoma,Horicon Elementary,63
cenroll2122.txt,2021_22,2021-22,49,70888,0000000,4970888,49708880000000,49708880000000,Sonoma,Kashia Elementary,12
cenroll2122.txt,2021_22,2021-22,49,70789,0000000,4970789,49707890000000,49707890000000,Sonoma,Kenwood,121
cenroll2122.txt,2021_22,2021-22,49,70797,0000000,4970797,49707970000000,49707970000000,Sonoma,Liberty Elementary,1630
cenroll2122.txt,2021_22,2021-22,49,70805,0000000,4970805,49708050000000,49708050000000,Sonoma,Mark West Union Elementary,1342
cenroll2122.txt,2021_22,2021-22,49,70813,0000000,4970813,49708130000000,49708130000000,Sonoma,Monte Rio Union Elementary,77
cenroll2122.txt,2021_22,2021-22,49,70821,0000000,4970821,49708210000000,49708210000000,Sonoma,Montgomery Elementary,22
cenroll2122.txt,2021_22,2021-22,49,70839,0000000,4970839,49708390000000,49708390000000,Sonoma,Oak Grove Union Elementary,1325
cenroll2122.txt,2021_22,2021-22,49,70847,0000000,4970847,49708470000000,49708470000000,Sonoma,Old Adobe Union,2071
cenroll2122.txt,2021_22,2021-22,49,70854,0000000,4970854,49708540000000,49708540000000,Sonoma,Petaluma City Elementary,2513
cenroll2122.txt,2021_22,2021-22,49,70862,0000000,4970862,49708620000000,49708620000000,Sonoma,Petaluma Joint Union High,5276
cenroll2122.txt,2021_22,2021-22,49,70870,0000000,4970870,49708700000000,49708700000000,Sonoma,Piner-Olivet Union Elementary,1313
cenroll2122.txt,2021_22,2021-22,49,70896,0000000,4970896,49708960000000,49708960000000,Sonoma,Rincon Valley Union Elementary,3180
cenroll2122.txt,2021_22,2021-22,49,70904,0000000,4970904,49709040000000,49709040000000,Sonoma,Roseland,2982
cenroll2122.txt,2021_22,2021-22,49,70912,0000000,4970912,49709120000000,49709120000000,Sonoma,Santa Rosa Elementary,5269
cenroll2122.txt,2021_22,2021-22,49,70920,0000000,4970920,49709200000000,49709200000000,Sonoma,Santa Rosa High,11005
cenroll2122.txt,2021_22,2021-22,49,70938,0000000,4970938,49709380000000,49709380000000,Sonoma,Sebastopol Union Elementary,853
cenroll2122.txt,2021_22,2021-22,49,10496,0000000,4910496,49104960000000,49104960000000,Sonoma,Sonoma County Office of Education,533
cenroll2122.txt,2021_22,2021-22,49,70953,0000000,4970953,49709530000000,49709530000000,Sonoma,Sonoma Valley Unified,3906
cenroll2122.txt,2021_22,2021-22,49,70961,0000000,4970961,49709610000000,49709610000000,Sonoma,Twin Hills Union Elementary,1027
cenroll2122.txt,2021_22,2021-22,49,70979,0000000,4970979,49709790000000,49709790000000,Sonoma,Two Rock Union,145
cenroll2122.txt,2021_22,2021-22,49,70995,0000000,4970995,49709950000000,49709950000000,Sonoma,Waugh Elementary,815
cenroll2122.txt,2021_22,2021-22,49,71001,0000000,4971001,49710010000000,49710010000000,Sonoma,West Side Union Elementary,147
cenroll2122.txt,2021_22,2021-22,49,70607,0000000,4970607,49706070000000,49706070000000,Sonoma,West Sonoma County Union High,1721
cenroll2122.txt,2021_22,2021-22,49,71019,0000000,4971019,49710190000000,49710190000000,Sonoma,Wilmar Union Elementary,231
cenroll2122.txt,2021_22,2021-22,49,75358,0000000,4975358,49753580000000,49753580000000,Sonoma,Windsor Unified,4844
cenroll2122.txt,2021_22,2021-22,49,71035,0000000,4971035,49710350000000,49710350000000,Sonoma,Wright Elementary,1341
cenroll2122.txt,2021_22,2021-22,50,71043,0000000,5071043,50710430000000,50710430000000,Stanislaus,Ceres Unified,15362
cenroll2122.txt,2021_22,2021-22,50,71050,0000000,5071050,50710500000000,50710500000000,Stanislaus,Chatom Union,630
cenroll2122.txt,2021_22,2021-22,50,71068,0000000,5071068,50710680000000,50710680000000,Stanislaus,Denair Unified,1385
cenroll2122.txt,2021_22,2021-22,50,71076,0000000,5071076,50710760000000,50710760000000,Stanislaus,Empire Union Elementary,3186
cenroll2122.txt,2021_22,2021-22,50,71084,0000000,5071084,50710840000000,50710840000000,Stanislaus,Gratton Elementary,147
cenroll2122.txt,2021_22,2021-22,50,71092,0000000,5071092,50710920000000,50710920000000,Stanislaus,Hart-Ransom Union Elementary,1268
cenroll2122.txt,2021_22,2021-22,50,71100,0000000,5071100,50711000000000,50711000000000,Stanislaus,Hickman Community Charter,1086
cenroll2122.txt,2021_22,2021-22,50,75549,0000000,5075549,50755490000000,50755490000000,Stanislaus,Hughson Unified,2181
cenroll2122.txt,2021_22,2021-22,50,71134,0000000,5071134,50711340000000,50711340000000,Stanislaus,Keyes Union,1126
cenroll2122.txt,2021_22,2021-22,50,71142,0000000,5071142,50711420000000,50711420000000,Stanislaus,Knights Ferry Elementary,147
cenroll2122.txt,2021_22,2021-22,50,71167,0000000,5071167,50711670000000,50711670000000,Stanislaus,Modesto City Elementary,16124
cenroll2122.txt,2021_22,2021-22,50,71175,0000000,5071175,50711750000000,50711750000000,Stanislaus,Modesto City High,16935
cenroll2122.txt,2021_22,2021-22,50,73601,0000000,5073601,50736010000000,50736010000000,Stanislaus,Newman-Crows Landing Unified,3342
cenroll2122.txt,2021_22,2021-22,50,75564,0000000,5075564,50755640000000,50755640000000,Stanislaus,Oakdale Joint Unified,5560
cenroll2122.txt,2021_22,2021-22,50,71209,0000000,5071209,50712090000000,50712090000000,Stanislaus,Paradise Elementary,201
cenroll2122.txt,2021_22,2021-22,50,71217,0000000,5071217,50712170000000,50712170000000,Stanislaus,Patterson Joint Unified,6605
cenroll2122.txt,2021_22,2021-22,50,75556,0000000,5075556,50755560000000,50755560000000,Stanislaus,Riverbank Unified,3152
cenroll2122.txt,2021_22,2021-22,50,71233,0000000,5071233,50712330000000,50712330000000,Stanislaus,Roberts Ferry Union Elementary,187
cenroll2122.txt,2021_22,2021-22,50,71266,0000000,5071266,50712660000000,50712660000000,Stanislaus,Salida Union Elementary,3225
cenroll2122.txt,2021_22,2021-22,50,71274,0000000,5071274,50712740000000,50712740000000,Stanislaus,Shiloh Elementary,185
cenroll2122.txt,2021_22,2021-22,50,10504,0000000,5010504,50105040000000,50105040000000,Stanislaus,Stanislaus County Office of Education,3030
cenroll2122.txt,2021_22,2021-22,50,71282,0000000,5071282,50712820000000,50712820000000,Stanislaus,Stanislaus Union Elementary,3689
cenroll2122.txt,2021_22,2021-22,50,71290,0000000,5071290,50712900000000,50712900000000,Stanislaus,Sylvan Union Elementary,8308
cenroll2122.txt,2021_22,2021-22,50,75739,0000000,5075739,50757390000000,50757390000000,Stanislaus,Turlock Unified,14590
cenroll2122.txt,2021_22,2021-22,50,71324,0000000,5071324,50713240000000,50713240000000,Stanislaus,Valley Home Joint Elementary,167
cenroll2122.txt,2021_22,2021-22,50,75572,0000000,5075572,50755720000000,50755720000000,Stanislaus,Waterford Unified,3125
cenroll2122.txt,2021_22,2021-22,51,71357,0000000,5171357,51713570000000,51713570000000,Sutter,Brittan Elementary,473
cenroll2122.txt,2021_22,2021-22,51,71365,0000000,5171365,51713650000000,51713650000000,Sutter,Browns Elementary,134
cenroll2122.txt,2021_22,2021-22,51,71373,0000000,5171373,51713730000000,51713730000000,Sutter,East Nicolaus Joint Union High,317
cenroll2122.txt,2021_22,2021-22,51,71381,0000000,5171381,51713810000000,51713810000000,Sutter,Franklin Elementary,487
cenroll2122.txt,2021_22,2021-22,51,71399,0000000,5171399,51713990000000,51713990000000,Sutter,Live Oak Unified,2096
cenroll2122.txt,2021_22,2021-22,51,71407,0000000,5171407,51714070000000,51714070000000,Sutter,Marcum-Illinois Union Elementary,2975
cenroll2122.txt,2021_22,2021-22,51,71415,0000000,5171415,51714150000000,51714150000000,Sutter,Meridian Elementary,1843
cenroll2122.txt,2021_22,2021-22,51,71423,0000000,5171423,51714230000000,51714230000000,Sutter,Nuestro Elementary,847
cenroll2122.txt,2021_22,2021-22,51,71431,0000000,5171431,51714310000000,51714310000000,Sutter,Pleasant Grove Joint Union,170
cenroll2122.txt,2021_22,2021-22,51,10512,0000000,5110512,51105120000000,51105120000000,Sutter,Sutter County Office of Education,595
cenroll2122.txt,2021_22,2021-22,51,71449,0000000,5171449,51714490000000,51714490000000,Sutter,Sutter Union High,833
cenroll2122.txt,2021_22,2021-22,51,71456,0000000,5171456,51714560000000,51714560000000,Sutter,Winship-Robbins,2403
cenroll2122.txt,2021_22,2021-22,51,71464,0000000,5171464,51714640000000,51714640000000,Sutter,Yuba City Unified,13279
cenroll2122.txt,2021_22,2021-22,52,71472,0000000,5271472,52714720000000,52714720000000,Tehama,Antelope Elementary,933
cenroll2122.txt,2021_22,2021-22,52,71498,0000000,5271498,52714980000000,52714980000000,Tehama,Corning Union Elementary,2186
cenroll2122.txt,2021_22,2021-22,52,71506,0000000,5271506,52715060000000,52715060000000,Tehama,Corning Union High,1164
cenroll2122.txt,2021_22,2021-22,52,71522,0000000,5271522,52715220000000,52715220000000,Tehama,Evergreen Union,1268
cenroll2122.txt,2021_22,2021-22,52,71530,0000000,5271530,52715300000000,52715300000000,Tehama,Flournoy Union Elementary,53
cenroll2122.txt,2021_22,2021-22,52,71548,0000000,5271548,52715480000000,52715480000000,Tehama,Gerber Union Elementary,448
cenroll2122.txt,2021_22,2021-22,52,71555,0000000,5271555,52715550000000,52715550000000,Tehama,Kirkwood Elementary,104
cenroll2122.txt,2021_22,2021-22,52,71563,0000000,5271563,52715630000000,52715630000000,Tehama,Lassen View Union Elementary,382
cenroll2122.txt,2021_22,2021-22,52,71571,0000000,5271571,52715710000000,52715710000000,Tehama,Los Molinos Unified,584
cenroll2122.txt,2021_22,2021-22,52,71639,0000000,5271639,52716390000000,52716390000000,Tehama,Red Bluff Joint Union High,1901
cenroll2122.txt,2021_22,2021-22,52,71621,0000000,5271621,52716210000000,52716210000000,Tehama,Red Bluff Union Elementary,2063
cenroll2122.txt,2021_22,2021-22,52,71647,0000000,5271647,52716470000000,52716470000000,Tehama,Reeds Creek Elementary,205
cenroll2122.txt,2021_22,2021-22,52,71654,0000000,5271654,52716540000000,52716540000000,Tehama,Richfield Elementary,247
cenroll2122.txt,2021_22,2021-22,52,10520,0000000,5210520,52105200000000,52105200000000,Tehama,Tehama County Department of Education,440
cenroll2122.txt,2021_22,2021-22,53,71662,0000000,5371662,53716620000000,53716620000000,Trinity,Burnt Ranch Elementary,69
cenroll2122.txt,2021_22,2021-22,53,71670,0000000,5371670,53716700000000,53716700000000,Trinity,Coffee Creek Elementary,11
cenroll2122.txt,2021_22,2021-22,53,71696,0000000,5371696,53716960000000,53716960000000,Trinity,Douglas City Elementary,170
cenroll2122.txt,2021_22,2021-22,53,71738,0000000,5371738,53717380000000,53717380000000,Trinity,Junction City Elementary,80
cenroll2122.txt,2021_22,2021-22,53,71746,0000000,5371746,53717460000000,53717460000000,Trinity,Lewiston Elementary,78
cenroll2122.txt,2021_22,2021-22,53,75028,0000000,5375028,53750280000000,53750280000000,Trinity,Mountain Valley Unified,343
cenroll2122.txt,2021_22,2021-22,53,73833,0000000,5373833,53738330000000,53738330000000,Trinity,Southern Trinity Joint Unified,94
cenroll2122.txt,2021_22,2021-22,53,76513,0000000,5376513,53765130000000,53765130000000,Trinity,Trinity Alps Unified,710
cenroll2122.txt,2021_22,2021-22,53,71761,0000000,5371761,53717610000000,53717610000000,Trinity,Trinity Center Elementary,10
cenroll2122.txt,2021_22,2021-22,53,10538,0000000,5310538,53105380000000,53105380000000,Trinity,Trinity County Office of Education,144
cenroll2122.txt,2021_22,2021-22,54,71795,0000000,5471795,54717950000000,54717950000000,Tulare,Allensworth Elementary,81
cenroll2122.txt,2021_22,2021-22,54,71803,0000000,5471803,54718030000000,54718030000000,Tulare,Alpaugh Unified,1134
cenroll2122.txt,2021_22,2021-22,54,71811,0000000,5471811,54718110000000,54718110000000,Tulare,Alta Vista Elementary,1729
cenroll2122.txt,2021_22,2021-22,54,71829,0000000,5471829,54718290000000,54718290000000,Tulare,Buena Vista Elementary,199
cenroll2122.txt,2021_22,2021-22,54,71837,0000000,5471837,54718370000000,54718370000000,Tulare,Burton Elementary,4922
cenroll2122.txt,2021_22,2021-22,54,71852,0000000,5471852,54718520000000,54718520000000,Tulare,Columbine Elementary,188
cenroll2122.txt,2021_22,2021-22,54,71860,0000000,5471860,54718600000000,54718600000000,Tulare,Cutler-Orosi Joint Unified,4116
cenroll2122.txt,2021_22,2021-22,54,75531,0000000,5475531,54755310000000,54755310000000,Tulare,Dinuba Unified,6879
cenroll2122.txt,2021_22,2021-22,54,71894,0000000,5471894,54718940000000,54718940000000,Tulare,Ducor Union Elementary,144
cenroll2122.txt,2021_22,2021-22,54,71902,0000000,5471902,54719020000000,54719020000000,Tulare,Earlimart Elementary,1538
cenroll2122.txt,2021_22,2021-22,54,76836,0000000,5476836,54768360000000,54768360000000,Tulare,Exeter Unified,2824
cenroll2122.txt,2021_22,2021-22,54,75325,0000000,5475325,54753250000000,54753250000000,Tulare,Farmersville Unified,2598
cenroll2122.txt,2021_22,2021-22,54,71944,0000000,5471944,54719440000000,54719440000000,Tulare,Hope Elementary,235
cenroll2122.txt,2021_22,2021-22,54,71951,0000000,5471951,54719510000000,54719510000000,Tulare,Hot Springs Elementary,14
cenroll2122.txt,2021_22,2021-22,54,71969,0000000,5471969,54719690000000,54719690000000,Tulare,Kings River Union Elementary,408
cenroll2122.txt,2021_22,2021-22,54,71985,0000000,5471985,54719850000000,54719850000000,Tulare,Liberty Elementary,772
cenroll2122.txt,2021_22,2021-22,54,71993,0000000,5471993,54719930000000,54719930000000,Tulare,Lindsay Unified,4136
cenroll2122.txt,2021_22,2021-22,54,72009,0000000,5472009,54720090000000,54720090000000,Tulare,Monson-Sultana Joint Union Elementary,463
cenroll2122.txt,2021_22,2021-22,54,72017,0000000,5472017,54720170000000,54720170000000,Tulare,Oak Valley Union Elementary,605
cenroll2122.txt,2021_22,2021-22,54,72025,0000000,5472025,54720250000000,54720250000000,Tulare,Outside Creek Elementary,132
cenroll2122.txt,2021_22,2021-22,54,72033,0000000,5472033,54720330000000,54720330000000,Tulare,Palo Verde Union Elementary,524
cenroll2122.txt,2021_22,2021-22,54,72041,0000000,5472041,54720410000000,54720410000000,Tulare,Pixley Union Elementary,934
cenroll2122.txt,2021_22,2021-22,54,72058,0000000,5472058,54720580000000,54720580000000,Tulare,Pleasant View Elementary,482
cenroll2122.txt,2021_22,2021-22,54,75523,0000000,5475523,54755230000000,54755230000000,Tulare,Porterville Unified,15008
cenroll2122.txt,2021_22,2021-22,54,72082,0000000,5472082,54720820000000,54720820000000,Tulare,Richgrove Elementary,553
cenroll2122.txt,2021_22,2021-22,54,72090,0000000,5472090,54720900000000,54720900000000,Tulare,Rockford Elementary,334
cenroll2122.txt,2021_22,2021-22,54,72108,0000000,5472108,54721080000000,54721080000000,Tulare,Saucelito Elementary,83
cenroll2122.txt,2021_22,2021-22,54,72116,0000000,5472116,54721160000000,54721160000000,Tulare,Sequoia Union Elementary,400
cenroll2122.txt,2021_22,2021-22,54,72132,0000000,5472132,54721320000000,54721320000000,Tulare,Springville Union Elementary,342
cenroll2122.txt,2021_22,2021-22,54,72140,0000000,5472140,54721400000000,54721400000000,Tulare,Stone Corral Elementary,1049
cenroll2122.txt,2021_22,2021-22,54,72157,0000000,5472157,54721570000000,54721570000000,Tulare,Strathmore Union Elementary,749
cenroll2122.txt,2021_22,2021-22,54,72173,0000000,5472173,54721730000000,54721730000000,Tulare,Sundale Union Elementary,812
cenroll2122.txt,2021_22,2021-22,54,72181,0000000,5472181,54721810000000,54721810000000,Tulare,Sunnyside Union Elementary,359
cenroll2122.txt,2021_22,2021-22,54,72199,0000000,5472199,54721990000000,54721990000000,Tulare,Terra Bella Union Elementary,839
cenroll2122.txt,2021_22,2021-22,54,72207,0000000,5472207,54722070000000,54722070000000,Tulare,Three Rivers Union Elementary,109
cenroll2122.txt,2021_22,2021-22,54,72215,0000000,5472215,54722150000000,54722150000000,Tulare,Tipton Elementary,566
cenroll2122.txt,2021_22,2021-22,54,72223,0000000,5472223,54722230000000,54722230000000,Tulare,Traver Joint Elementary,226
cenroll2122.txt,2021_22,2021-22,54,72231,0000000,5472231,54722310000000,54722310000000,Tulare,Tulare City,9691
cenroll2122.txt,2021_22,2021-22,54,10546,0000000,5410546,54105460000000,54105460000000,Tulare,Tulare County Office of Education,3750
cenroll2122.txt,2021_22,2021-22,54,72249,0000000,5472249,54722490000000,54722490000000,Tulare,Tulare Joint Union High,5973
cenroll2122.txt,2021_22,2021-22,54,72256,0000000,5472256,54722560000000,54722560000000,Tulare,Visalia Unified,30494
cenroll2122.txt,2021_22,2021-22,54,72264,0000000,5472264,54722640000000,54722640000000,Tulare,Waukena Joint Union Elementary,232
cenroll2122.txt,2021_22,2021-22,54,76794,0000000,5476794,54767940000000,54767940000000,Tulare,Woodlake Unified,2232
cenroll2122.txt,2021_22,2021-22,54,72298,0000000,5472298,54722980000000,54722980000000,Tulare,Woodville Union Elementary,441
cenroll2122.txt,2021_22,2021-22,55,72306,0000000,5572306,55723060000000,55723060000000,Tuolumne,Belleview Elementary,186
cenroll2122.txt,2021_22,2021-22,55,75184,0000000,5575184,55751840000000,55751840000000,Tuolumne,Big Oak Flat-Groveland Unified,343
cenroll2122.txt,2021_22,2021-22,55,72348,0000000,5572348,55723480000000,55723480000000,Tuolumne,Columbia Union,496
cenroll2122.txt,2021_22,2021-22,55,72355,0000000,5572355,55723550000000,55723550000000,Tuolumne,Curtis Creek Elementary,510
cenroll2122.txt,2021_22,2021-22,55,72363,0000000,5572363,55723630000000,55723630000000,Tuolumne,Jamestown Elementary,377
cenroll2122.txt,2021_22,2021-22,55,72371,0000000,5572371,55723710000000,55723710000000,Tuolumne,Sonora Elementary,809
cenroll2122.txt,2021_22,2021-22,55,72389,0000000,5572389,55723890000000,55723890000000,Tuolumne,Sonora Union High,1136
cenroll2122.txt,2021_22,2021-22,55,72397,0000000,5572397,55723970000000,55723970000000,Tuolumne,Soulsbyville Elementary,528
cenroll2122.txt,2021_22,2021-22,55,72405,0000000,5572405,55724050000000,55724050000000,Tuolumne,Summerville Elementary,456
cenroll2122.txt,2021_22,2021-22,55,72413,0000000,5572413,55724130000000,55724130000000,Tuolumne,Summerville Union High,1200
cenroll2122.txt,2021_22,2021-22,55,10553,0000000,5510553,55105530000000,55105530000000,Tuolumne,Tuolumne County Superintendent of Schools,189
cenroll2122.txt,2021_22,2021-22,55,72421,0000000,5572421,55724210000000,55724210000000,Tuolumne,Twain Harte,284
cenroll2122.txt,2021_22,2021-22,56,72447,0000000,5672447,56724470000000,56724470000000,Ventura,Briggs Elementary,481
cenroll2122.txt,2021_22,2021-22,56,73759,0000000,5673759,56737590000000,56737590000000,Ventura,Conejo Valley Unified,17203
cenroll2122.txt,2021_22,2021-22,56,72454,0000000,5672454,56724540000000,56724540000000,Ventura,Fillmore Unified,3822
cenroll2122.txt,2021_22,2021-22,56,72462,0000000,5672462,56724620000000,56724620000000,Ventura,Hueneme Elementary,7503
cenroll2122.txt,2021_22,2021-22,56,72470,0000000,5672470,56724700000000,56724700000000,Ventura,Mesa Union Elementary,1138
cenroll2122.txt,2021_22,2021-22,56,73940,0000000,5673940,56739400000000,56739400000000,Ventura,Moorpark Unified,6685
cenroll2122.txt,2021_22,2021-22,56,72504,0000000,5672504,56725040000000,56725040000000,Ventura,Mupu Elementary,165
cenroll2122.txt,2021_22,2021-22,56,73874,0000000,5673874,56738740000000,56738740000000,Ventura,Oak Park Unified,4467
cenroll2122.txt,2021_22,2021-22,56,72512,0000000,5672512,56725120000000,56725120000000,Ventura,Ocean View,2303
cenroll2122.txt,2021_22,2021-22,56,72520,0000000,5672520,56725200000000,56725200000000,Ventura,Ojai Unified,2388
cenroll2122.txt,2021_22,2021-22,56,72538,0000000,5672538,56725380000000,56725380000000,Ventura,Oxnard,14913
cenroll2122.txt,2021_22,2021-22,56,72546,0000000,5672546,56725460000000,56725460000000,Ventura,Oxnard Union High,18882
cenroll2122.txt,2021_22,2021-22,56,72553,0000000,5672553,56725530000000,56725530000000,Ventura,Pleasant Valley,7162
cenroll2122.txt,2021_22,2021-22,56,72561,0000000,5672561,56725610000000,56725610000000,Ventura,Rio Elementary,5324
cenroll2122.txt,2021_22,2021-22,56,72579,0000000,5672579,56725790000000,56725790000000,Ventura,Santa Clara Elementary,56
cenroll2122.txt,2021_22,2021-22,56,76828,0000000,5676828,56768280000000,56768280000000,Ventura,Santa Paula Unified,5246
cenroll2122.txt,2021_22,2021-22,56,72603,0000000,5672603,56726030000000,56726030000000,Ventura,Simi Valley Unified,16284
cenroll2122.txt,2021_22,2021-22,56,72611,0000000,5672611,56726110000000,56726110000000,Ventura,Somis Union,250
cenroll2122.txt,2021_22,2021-22,56,10561,0000000,5610561,56105610000000,56105610000000,Ventura,Ventura County Office of Education,4726
cenroll2122.txt,2021_22,2021-22,56,72652,0000000,5672652,56726520000000,56726520000000,Ventura,Ventura Unified,15813
cenroll2122.txt,2021_22,2021-22,57,72678,0000000,5772678,57726780000000,57726780000000,Yolo,Davis Joint Unified,8696
cenroll2122.txt,2021_22,2021-22,57,72686,0000000,5772686,57726860000000,57726860000000,Yolo,Esparto Unified,1011
cenroll2122.txt,2021_22,2021-22,57,72694,0000000,5772694,57726940000000,57726940000000,Yolo,Washington Unified,8700
cenroll2122.txt,2021_22,2021-22,57,72702,0000000,5772702,57727020000000,57727020000000,Yolo,Winters Joint Unified,2466
cenroll2122.txt,2021_22,2021-22,57,72710,0000000,5772710,57727100000000,57727100000000,Yolo,Woodland Joint Unified,9928
cenroll2122.txt,2021_22,2021-22,57,10579,0000000,5710579,57105790000000,57105790000000,Yolo,Yolo County Office of Education,614
cenroll2122.txt,2021_22,2021-22,58,72728,0000000,5872728,58727280000000,58727280000000,Yuba,Camptonville Elementary,624
cenroll2122.txt,2021_22,2021-22,58,72736,0000000,5872736,58727360000000,58727360000000,Yuba,Marysville Joint Unified,10909
cenroll2122.txt,2021_22,2021-22,58,72744,0000000,5872744,58727440000000,58727440000000,Yuba,Plumas Lake Elementary,1577
cenroll2122.txt,2021_22,2021-22,58,72751,0000000,5872751,58727510000000,58727510000000,Yuba,Wheatland,1462
cenroll2122.txt,2021_22,2021-22,58,72769,0000000,5872769,58727690000000,58727690000000,Yuba,Wheatland Union High,1124
cenroll2122.txt,2021_22,2021-22,58,10587,0000000,5810587,58105870000000,58105870000000,Yuba,Yuba County Office of Education,802
cenroll2223.txt,2022_23,2022-23,01,10017,0000000,0110017,01100170000000,01100170000000,Alameda,Alameda County Office of Education,4661
cenroll2223.txt,2022_23,2022-23,01,61119,0000000,0161119,01611190000000,01611190000000,Alameda,Alameda Unified,10690
cenroll2223.txt,2022_23,2022-23,01,61127,0000000,0161127,01611270000000,01611270000000,Alameda,Albany City Unified,3637
cenroll2223.txt,2022_23,2022-23,01,61143,0000000,0161143,01611430000000,01611430000000,Alameda,Berkeley Unified,9438
cenroll2223.txt,2022_23,2022-23,01,31609,0000000,0131609,01316090000000,01316090000000,Alameda,California School for the Blind (State Special Schl),58
cenroll2223.txt,2022_23,2022-23,01,31617,0000000,0131617,01316170000000,01316170000000,Alameda,California School for the Deaf-Fremont (State Special Schl),321
cenroll2223.txt,2022_23,2022-23,01,61150,0000000,0161150,01611500000000,01611500000000,Alameda,Castro Valley Unified,9454
cenroll2223.txt,2022_23,2022-23,01,75093,0000000,0175093,01750930000000,01750930000000,Alameda,Dublin Unified,13004
cenroll2223.txt,2022_23,2022-23,01,61168,0000000,0161168,01611680000000,01611680000000,Alameda,Emery Unified,676
cenroll2223.txt,2022_23,2022-23,01,61176,0000000,0161176,01611760000000,01611760000000,Alameda,Fremont Unified,34689
cenroll2223.txt,2022_23,2022-23,01,61192,0000000,0161192,01611920000000,01611920000000,Alameda,Hayward Unified,21695
cenroll2223.txt,2022_23,2022-23,01,61200,0000000,0161200,01612000000000,01612000000000,Alameda,Livermore Valley Joint Unified,13298
cenroll2223.txt,2022_23,2022-23,01,61218,0000000,0161218,01612180000000,01612180000000,Alameda,Mountain House Elementary,22
cenroll2223.txt,2022_23,2022-23,01,61242,0000000,0161242,01612420000000,01612420000000,Alameda,New Haven Unified,10600
cenroll2223.txt,2022_23,2022-23,01,61234,0000000,0161234,01612340000000,01612340000000,Alameda,Newark Unified,5169
cenroll2223.txt,2022_23,2022-23,01,61259,0000000,0161259,01612590000000,01612590000000,Alameda,Oakland Unified,48203
cenroll2223.txt,2022_23,2022-23,01,61275,0000000,0161275,01612750000000,01612750000000,Alameda,Piedmont City Unified,2371
cenroll2223.txt,2022_23,2022-23,01,75101,0000000,0175101,01751010000000,01751010000000,Alameda,Pleasanton Unified,14452
cenroll2223.txt,2022_23,2022-23,01,61291,0000000,0161291,01612910000000,01612910000000,Alameda,San Leandro Unified,9060
cenroll2223.txt,2022_23,2022-23,01,61309,0000000,0161309,01613090000000,01613090000000,Alameda,San Lorenzo Unified,10084
cenroll2223.txt,2022_23,2022-23,01,77180,0000000,0177180,01771800000000,01771800000000,Alameda,SBE - Latitude 37.8 High,311
cenroll2223.txt,2022_23,2022-23,01,75119,0000000,0175119,01751190000000,01751190000000,Alameda,Sunol Glen Unified,273
cenroll2223.txt,2022_23,2022-23,02,10025,0000000,0210025,02100250000000,02100250000000,Alpine,Alpine County Office of Education,4
cenroll2223.txt,2022_23,2022-23,02,61333,0000000,0261333,02613330000000,02613330000000,Alpine,Alpine County Unified,72
cenroll2223.txt,2022_23,2022-23,03,10033,0000000,0310033,03100330000000,03100330000000,Amador,Amador County Office of Education,41
cenroll2223.txt,2022_23,2022-23,03,73981,0000000,0373981,03739810000000,03739810000000,Amador,Amador County Unified,4320
cenroll2223.txt,2022_23,2022-23,04,61382,0000000,0461382,04613820000000,04613820000000,Butte,Bangor Union Elementary,74
cenroll2223.txt,2022_23,2022-23,04,61408,0000000,0461408,04614080000000,04614080000000,Butte,Biggs Unified,577
cenroll2223.txt,2022_23,2022-23,04,10041,0000000,0410041,04100410000000,04100410000000,Butte,Butte County Office of Education,1555
cenroll2223.txt,2022_23,2022-23,04,61424,0000000,0461424,04614240000000,04614240000000,Butte,Chico Unified,14950
cenroll2223.txt,2022_23,2022-23,04,61432,0000000,0461432,04614320000000,04614320000000,Butte,Durham Unified,1026
cenroll2223.txt,2022_23,2022-23,04,61457,0000000,0461457,04614570000000,04614570000000,Butte,Golden Feather Union Elementary,78
cenroll2223.txt,2022_23,2022-23,04,75507,0000000,0475507,04755070000000,04755070000000,Butte,Gridley Unified,2147
cenroll2223.txt,2022_23,2022-23,04,61499,0000000,0461499,04614990000000,04614990000000,Butte,Manzanita Elementary,332
cenroll2223.txt,2022_23,2022-23,04,61507,0000000,0461507,04615070000000,04615070000000,Butte,Oroville City Elementary,2868
cenroll2223.txt,2022_23,2022-23,04,61515,0000000,0461515,04615150000000,04615150000000,Butte,Oroville Union High,2470
cenroll2223.txt,2022_23,2022-23,04,61523,0000000,0461523,04615230000000,04615230000000,Butte,Palermo Union Elementary,1258
cenroll2223.txt,2022_23,2022-23,04,61531,0000000,0461531,04615310000000,04615310000000,Butte,Paradise Unified,2319
cenroll2223.txt,2022_23,2022-23,04,73379,0000000,0473379,04733790000000,04733790000000,Butte,Pioneer Union Elementary,33
cenroll2223.txt,2022_23,2022-23,04,61549,0000000,0461549,04615490000000,04615490000000,Butte,Thermalito Union Elementary,1644
cenroll2223.txt,2022_23,2022-23,05,61556,0000000,0561556,05615560000000,05615560000000,Calaveras,Bret Harte Union High,680
cenroll2223.txt,2022_23,2022-23,05,10058,0000000,0510058,05100580000000,05100580000000,Calaveras,Calaveras County Office of Education,560
cenroll2223.txt,2022_23,2022-23,05,61564,0000000,0561564,05615640000000,05615640000000,Calaveras,Calaveras Unified,3152
cenroll2223.txt,2022_23,2022-23,05,61572,0000000,0561572,05615720000000,05615720000000,Calaveras,Mark Twain Union Elementary,827
cenroll2223.txt,2022_23,2022-23,05,61580,0000000,0561580,05615800000000,05615800000000,Calaveras,Vallecito Union,616
cenroll2223.txt,2022_23,2022-23,06,10066,0000000,0610066,06100660000000,06100660000000,Colusa,Colusa County Office of Education,53
cenroll2223.txt,2022_23,2022-23,06,61598,0000000,0661598,06615980000000,06615980000000,Colusa,Colusa Unified,1596
cenroll2223.txt,2022_23,2022-23,06,61606,0000000,0661606,06616060000000,06616060000000,Colusa,Maxwell Unified,353
cenroll2223.txt,2022_23,2022-23,06,61614,0000000,0661614,06616140000000,06616140000000,Colusa,Pierce Joint Unified,1538
cenroll2223.txt,2022_23,2022-23,06,61622,0000000,0661622,06616220000000,06616220000000,Colusa,Williams Unified,1416
cenroll2223.txt,2022_23,2022-23,07,61630,0000000,0761630,07616300000000,07616300000000,Contra Costa,Acalanes Union High,5496
cenroll2223.txt,2022_23,2022-23,07,61648,0000000,0761648,07616480000000,07616480000000,Contra Costa,Antioch Unified,17591
cenroll2223.txt,2022_23,2022-23,07,61655,0000000,0761655,07616550000000,07616550000000,Contra Costa,Brentwood Union Elementary,9930
cenroll2223.txt,2022_23,2022-23,07,61663,0000000,0761663,07616630000000,07616630000000,Contra Costa,Byron Union Elementary,2335
cenroll2223.txt,2022_23,2022-23,07,61671,0000000,0761671,07616710000000,07616710000000,Contra Costa,Canyon Elementary,66
cenroll2223.txt,2022_23,2022-23,07,10074,0000000,0710074,07100740000000,07100740000000,Contra Costa,Contra Costa County Office of Education,6430
cenroll2223.txt,2022_23,2022-23,07,61697,0000000,0761697,07616970000000,07616970000000,Contra Costa,John Swett Unified,1347
cenroll2223.txt,2022_23,2022-23,07,61705,0000000,0761705,07617050000000,07617050000000,Contra Costa,Knightsen Elementary,617
cenroll2223.txt,2022_23,2022-23,07,61713,0000000,0761713,07617130000000,07617130000000,Contra Costa,Lafayette Elementary,3270
cenroll2223.txt,2022_23,2022-23,07,61721,0000000,0761721,07617210000000,07617210000000,Contra Costa,Liberty Union High,8497
cenroll2223.txt,2022_23,2022-23,07,61739,0000000,0761739,07617390000000,07617390000000,Contra Costa,Martinez Unified,3890
cenroll2223.txt,2022_23,2022-23,07,61747,0000000,0761747,07617470000000,07617470000000,Contra Costa,Moraga Elementary,1768
cenroll2223.txt,2022_23,2022-23,07,61754,0000000,0761754,07617540000000,07617540000000,Contra Costa,Mt. Diablo Unified,31320
cenroll2223.txt,2022_23,2022-23,07,61762,0000000,0761762,07617620000000,07617620000000,Contra Costa,Oakley Union Elementary,5317
cenroll2223.txt,2022_23,2022-23,07,61770,0000000,0761770,07617700000000,07617700000000,Contra Costa,Orinda Union Elementary,2546
cenroll2223.txt,2022_23,2022-23,07,61788,0000000,0761788,07617880000000,07617880000000,Contra Costa,Pittsburg Unified,11355
cenroll2223.txt,2022_23,2022-23,07,61804,0000000,0761804,07618040000000,07618040000000,Contra Costa,San Ramon Valley Unified,30375
cenroll2223.txt,2022_23,2022-23,07,77354,0000000,0777354,07773540000000,07773540000000,Contra Costa,SBE - John Henry High,382
cenroll2223.txt,2022_23,2022-23,07,61812,0000000,0761812,07618120000000,07618120000000,Contra Costa,Walnut Creek Elementary,3605
cenroll2223.txt,2022_23,2022-23,07,61796,0000000,0761796,07617960000000,07617960000000,Contra Costa,West Contra Costa Unified,31287
cenroll2223.txt,2022_23,2022-23,08,10082,0000000,0810082,08100820000000,08100820000000,Del Norte,Del Norte County Office of Education,560
cenroll2223.txt,2022_23,2022-23,08,61820,0000000,0861820,08618200000000,08618200000000,Del Norte,Del Norte County Unified,4024
cenroll2223.txt,2022_23,2022-23,09,73783,0000000,0973783,09737830000000,09737830000000,El Dorado,Black Oak Mine Unified,1345
cenroll2223.txt,2022_23,2022-23,09,61838,0000000,0961838,09618380000000,09618380000000,El Dorado,Buckeye Union Elementary,10169
cenroll2223.txt,2022_23,2022-23,09,61846,0000000,0961846,09618460000000,09618460000000,El Dorado,Camino Union Elementary,446
cenroll2223.txt,2022_23,2022-23,09,10090,0000000,0910090,09100900000000,09100900000000,El Dorado,El Dorado County Office of Education,2293
cenroll2223.txt,2022_23,2022-23,09,61853,0000000,0961853,09618530000000,09618530000000,El Dorado,El Dorado Union High,6906
cenroll2223.txt,2022_23,2022-23,09,61879,0000000,0961879,09618790000000,09618790000000,El Dorado,Gold Oak Union Elementary,497
cenroll2223.txt,2022_23,2022-23,09,61887,0000000,0961887,09618870000000,09618870000000,El Dorado,Gold Trail Union Elementary,538
cenroll2223.txt,2022_23,2022-23,09,61895,0000000,0961895,09618950000000,09618950000000,El Dorado,Indian Diggings Elementary,17
cenroll2223.txt,2022_23,2022-23,09,61903,0000000,0961903,09619030000000,09619030000000,El Dorado,Lake Tahoe Unified,3777
cenroll2223.txt,2022_23,2022-23,09,61911,0000000,0961911,09619110000000,09619110000000,El Dorado,Latrobe,171
cenroll2223.txt,2022_23,2022-23,09,61929,0000000,0961929,09619290000000,09619290000000,El Dorado,Mother Lode Union Elementary,929
cenroll2223.txt,2022_23,2022-23,09,61945,0000000,0961945,09619450000000,09619450000000,El Dorado,Pioneer Union,317
cenroll2223.txt,2022_23,2022-23,09,61952,0000000,0961952,09619520000000,09619520000000,El Dorado,Placerville Union Elementary,1258
cenroll2223.txt,2022_23,2022-23,09,61960,0000000,0961960,09619600000000,09619600000000,El Dorado,Pollock Pines Elementary,655
cenroll2223.txt,2022_23,2022-23,09,61978,0000000,0961978,09619780000000,09619780000000,El Dorado,Rescue Union Elementary,3637
cenroll2223.txt,2022_23,2022-23,09,61986,0000000,0961986,09619860000000,09619860000000,El Dorado,Silver Fork Elementary,13
cenroll2223.txt,2022_23,2022-23,10,61994,0000000,1061994,10619940000000,10619940000000,Fresno,Alvina Elementary,193
cenroll2223.txt,2022_23,2022-23,10,62026,0000000,1062026,10620260000000,10620260000000,Fresno,Big Creek Elementary,28
cenroll2223.txt,2022_23,2022-23,10,62042,0000000,1062042,10620420000000,10620420000000,Fresno,Burrel Union Elementary,134
cenroll2223.txt,2022_23,2022-23,10,75598,0000000,1075598,10755980000000,10755980000000,Fresno,Caruthers Unified,1662
cenroll2223.txt,2022_23,2022-23,10,73965,0000000,1073965,10739650000000,10739650000000,Fresno,Central Unified,16811
cenroll2223.txt,2022_23,2022-23,10,62109,0000000,1062109,10621090000000,10621090000000,Fresno,Clay Joint Elementary,246
cenroll2223.txt,2022_23,2022-23,10,62117,0000000,1062117,10621170000000,10621170000000,Fresno,Clovis Unified,44591
cenroll2223.txt,2022_23,2022-23,10,62125,0000000,1062125,10621250000000,10621250000000,Fresno,Coalinga-Huron Unified,4743
cenroll2223.txt,2022_23,2022-23,10,73809,0000000,1073809,10738090000000,10738090000000,Fresno,Firebaugh-Las Deltas Unified,2293
cenroll2223.txt,2022_23,2022-23,10,62158,0000000,1062158,10621580000000,10621580000000,Fresno,Fowler Unified,2684
cenroll2223.txt,2022_23,2022-23,10,10108,0000000,1010108,10101080000000,10101080000000,Fresno,Fresno County Office of Education,6180
cenroll2223.txt,2022_23,2022-23,10,62166,0000000,1062166,10621660000000,10621660000000,Fresno,Fresno Unified,76639
cenroll2223.txt,2022_23,2022-23,10,75234,0000000,1075234,10752340000000,10752340000000,Fresno,Golden Plains Unified,1460
cenroll2223.txt,2022_23,2022-23,10,73999,0000000,1073999,10739990000000,10739990000000,Fresno,Kerman Unified,5584
cenroll2223.txt,2022_23,2022-23,10,62265,0000000,1062265,10622650000000,10622650000000,Fresno,Kings Canyon Joint Unified,10095
cenroll2223.txt,2022_23,2022-23,10,62240,0000000,1062240,10622400000000,10622400000000,Fresno,Kingsburg Elementary Charter,2292
cenroll2223.txt,2022_23,2022-23,10,62257,0000000,1062257,10622570000000,10622570000000,Fresno,Kingsburg Joint Union High,1274
cenroll2223.txt,2022_23,2022-23,10,62281,0000000,1062281,10622810000000,10622810000000,Fresno,Laton Joint Unified,655
cenroll2223.txt,2022_23,2022-23,10,75127,0000000,1075127,10751270000000,10751270000000,Fresno,Mendota Unified,4092
cenroll2223.txt,2022_23,2022-23,10,62323,0000000,1062323,10623230000000,10623230000000,Fresno,Monroe Elementary,188
cenroll2223.txt,2022_23,2022-23,10,62331,0000000,1062331,10623310000000,10623310000000,Fresno,Orange Center,1865
cenroll2223.txt,2022_23,2022-23,10,62356,0000000,1062356,10623560000000,10623560000000,Fresno,Pacific Union Elementary,382
cenroll2223.txt,2022_23,2022-23,10,62364,0000000,1062364,10623640000000,10623640000000,Fresno,Parlier Unified,3498
cenroll2223.txt,2022_23,2022-23,10,62372,0000000,1062372,10623720000000,10623720000000,Fresno,Pine Ridge Elementary,75
cenroll2223.txt,2022_23,2022-23,10,62380,0000000,1062380,10623800000000,10623800000000,Fresno,Raisin City Elementary,730
cenroll2223.txt,2022_23,2022-23,10,75408,0000000,1075408,10754080000000,10754080000000,Fresno,Riverdale Joint Unified,1533
cenroll2223.txt,2022_23,2022-23,10,62414,0000000,1062414,10624140000000,10624140000000,Fresno,Sanger Unified,13713
cenroll2223.txt,2022_23,2022-23,10,62430,0000000,1062430,10624300000000,10624300000000,Fresno,Selma Unified,6256
cenroll2223.txt,2022_23,2022-23,10,75275,0000000,1075275,10752750000000,10752750000000,Fresno,Sierra Unified,1414
cenroll2223.txt,2022_23,2022-23,10,62513,0000000,1062513,10625130000000,10625130000000,Fresno,Washington Colony Elementary,496
cenroll2223.txt,2022_23,2022-23,10,76778,0000000,1076778,10767780000000,10767780000000,Fresno,Washington Unified,3040
cenroll2223.txt,2022_23,2022-23,10,62539,0000000,1062539,10625390000000,10625390000000,Fresno,West Park Elementary,620
cenroll2223.txt,2022_23,2022-23,10,62547,0000000,1062547,10625470000000,10625470000000,Fresno,Westside Elementary,4685
cenroll2223.txt,2022_23,2022-23,11,62554,0000000,1162554,11625540000000,11625540000000,Glenn,Capay Joint Union Elementary,198
cenroll2223.txt,2022_23,2022-23,11,10116,0000000,1110116,11101160000000,11101160000000,Glenn,Glenn County Office of Education,641
cenroll2223.txt,2022_23,2022-23,11,76562,0000000,1176562,11765620000000,11765620000000,Glenn,Hamilton Unified,739
cenroll2223.txt,2022_23,2022-23,11,62596,0000000,1162596,11625960000000,11625960000000,Glenn,Lake Elementary,978
cenroll2223.txt,2022_23,2022-23,11,75481,0000000,1175481,11754810000000,11754810000000,Glenn,Orland Joint Unified,2380
cenroll2223.txt,2022_23,2022-23,11,62638,0000000,1162638,11626380000000,11626380000000,Glenn,Plaza Elementary,203
cenroll2223.txt,2022_23,2022-23,11,62646,0000000,1162646,11626460000000,11626460000000,Glenn,Princeton Joint Unified,141
cenroll2223.txt,2022_23,2022-23,11,62653,0000000,1162653,11626530000000,11626530000000,Glenn,Stony Creek Joint Unified,91
cenroll2223.txt,2022_23,2022-23,11,62661,0000000,1162661,11626610000000,11626610000000,Glenn,Willows Unified,1517
cenroll2223.txt,2022_23,2022-23,12,62679,0000000,1262679,12626790000000,12626790000000,Humboldt,Arcata Elementary,1216
cenroll2223.txt,2022_23,2022-23,12,62695,0000000,1262695,12626950000000,12626950000000,Humboldt,Big Lagoon Union Elementary,18
cenroll2223.txt,2022_23,2022-23,12,62703,0000000,1262703,12627030000000,12627030000000,Humboldt,Blue Lake Union Elementary,183
cenroll2223.txt,2022_23,2022-23,12,62729,0000000,1262729,12627290000000,12627290000000,Humboldt,Bridgeville Elementary,44
cenroll2223.txt,2022_23,2022-23,12,62737,0000000,1262737,12627370000000,12627370000000,Humboldt,Cuddeback Union Elementary,161
cenroll2223.txt,2022_23,2022-23,12,62745,0000000,1262745,12627450000000,12627450000000,Humboldt,Cutten Elementary,580
cenroll2223.txt,2022_23,2022-23,12,75515,0000000,1275515,12755150000000,12755150000000,Humboldt,Eureka City Schools,3974
cenroll2223.txt,2022_23,2022-23,12,75374,0000000,1275374,12753740000000,12753740000000,Humboldt,Ferndale Unified,488
cenroll2223.txt,2022_23,2022-23,12,62794,0000000,1262794,12627940000000,12627940000000,Humboldt,Fieldbrook Elementary,110
cenroll2223.txt,2022_23,2022-23,12,76802,0000000,1276802,12768020000000,12768020000000,Humboldt,Fortuna Elementary,1402
cenroll2223.txt,2022_23,2022-23,12,62810,0000000,1262810,12628100000000,12628100000000,Humboldt,Fortuna Union High,1114
cenroll2223.txt,2022_23,2022-23,12,62828,0000000,1262828,12628280000000,12628280000000,Humboldt,Freshwater Elementary,320
cenroll2223.txt,2022_23,2022-23,12,62836,0000000,1262836,12628360000000,12628360000000,Humboldt,Garfield Elementary,72
cenroll2223.txt,2022_23,2022-23,12,62851,0000000,1262851,12628510000000,12628510000000,Humboldt,Green Point Elementary,15
cenroll2223.txt,2022_23,2022-23,12,10124,0000000,1210124,12101240000000,12101240000000,Humboldt,Humboldt County Office of Education,1038
cenroll2223.txt,2022_23,2022-23,12,62885,0000000,1262885,12628850000000,12628850000000,Humboldt,Hydesville Elementary,222
cenroll2223.txt,2022_23,2022-23,12,62893,0000000,1262893,12628930000000,12628930000000,Humboldt,Jacoby Creek Elementary,466
cenroll2223.txt,2022_23,2022-23,12,62901,0000000,1262901,12629010000000,12629010000000,Humboldt,Klamath-Trinity Joint Unified,1026
cenroll2223.txt,2022_23,2022-23,12,62919,0000000,1262919,12629190000000,12629190000000,Humboldt,Kneeland Elementary,33
cenroll2223.txt,2022_23,2022-23,12,62927,0000000,1262927,12629270000000,12629270000000,Humboldt,Loleta Union Elementary,111
cenroll2223.txt,2022_23,2022-23,12,62935,0000000,1262935,12629350000000,12629350000000,Humboldt,Maple Creek Elementary,11
cenroll2223.txt,2022_23,2022-23,12,75382,0000000,1275382,12753820000000,12753820000000,Humboldt,Mattole Unified,38
cenroll2223.txt,2022_23,2022-23,12,62950,0000000,1262950,12629500000000,12629500000000,Humboldt,McKinleyville Union Elementary,961
cenroll2223.txt,2022_23,2022-23,12,62687,0000000,1262687,12626870000000,12626870000000,Humboldt,Northern Humboldt Union High,2026
cenroll2223.txt,2022_23,2022-23,12,62968,0000000,1262968,12629680000000,12629680000000,Humboldt,Orick Elementary,11
cenroll2223.txt,2022_23,2022-23,12,62976,0000000,1262976,12629760000000,12629760000000,Humboldt,Pacific Union Elementary,608
cenroll2223.txt,2022_23,2022-23,12,62984,0000000,1262984,12629840000000,12629840000000,Humboldt,Peninsula Union,88
cenroll2223.txt,2022_23,2022-23,12,63008,0000000,1263008,12630080000000,12630080000000,Humboldt,Rio Dell Elementary,362
cenroll2223.txt,2022_23,2022-23,12,63024,0000000,1263024,12630240000000,12630240000000,Humboldt,Scotia Union Elementary,198
cenroll2223.txt,2022_23,2022-23,12,63032,0000000,1263032,12630320000000,12630320000000,Humboldt,South Bay Union Elementary,962
cenroll2223.txt,2022_23,2022-23,12,63040,0000000,1263040,12630400000000,12630400000000,Humboldt,Southern Humboldt Joint Unified,751
cenroll2223.txt,2022_23,2022-23,12,63057,0000000,1263057,12630570000000,12630570000000,Humboldt,Trinidad Union Elementary,174
cenroll2223.txt,2022_23,2022-23,13,63073,0000000,1363073,13630730000000,13630730000000,Imperial,Brawley Elementary,4064
cenroll2223.txt,2022_23,2022-23,13,63081,0000000,1363081,13630810000000,13630810000000,Imperial,Brawley Union High,2132
cenroll2223.txt,2022_23,2022-23,13,63099,0000000,1363099,13630990000000,13630990000000,Imperial,Calexico Unified,8887
cenroll2223.txt,2022_23,2022-23,13,63107,0000000,1363107,13631070000000,13631070000000,Imperial,Calipatria Unified,1238
cenroll2223.txt,2022_23,2022-23,13,63115,0000000,1363115,13631150000000,13631150000000,Imperial,Central Union High,4237
cenroll2223.txt,2022_23,2022-23,13,63123,0000000,1363123,13631230000000,13631230000000,Imperial,El Centro Elementary,5772
cenroll2223.txt,2022_23,2022-23,13,63131,0000000,1363131,13631310000000,13631310000000,Imperial,Heber Elementary,1239
cenroll2223.txt,2022_23,2022-23,13,63149,0000000,1363149,13631490000000,13631490000000,Imperial,Holtville Unified,1656
cenroll2223.txt,2022_23,2022-23,13,10132,0000000,1310132,13101320000000,13101320000000,Imperial,Imperial County Office of Education,1225
cenroll2223.txt,2022_23,2022-23,13,63164,0000000,1363164,13631640000000,13631640000000,Imperial,Imperial Unified,4726
cenroll2223.txt,2022_23,2022-23,13,63172,0000000,1363172,13631720000000,13631720000000,Imperial,Magnolia Union Elementary,128
cenroll2223.txt,2022_23,2022-23,13,63180,0000000,1363180,13631800000000,13631800000000,Imperial,McCabe Union Elementary,1239
cenroll2223.txt,2022_23,2022-23,13,63198,0000000,1363198,13631980000000,13631980000000,Imperial,Meadows Union Elementary,440
cenroll2223.txt,2022_23,2022-23,13,63206,0000000,1363206,13632060000000,13632060000000,Imperial,Mulberry Elementary,76
cenroll2223.txt,2022_23,2022-23,13,63214,0000000,1363214,13632140000000,13632140000000,Imperial,San Pasqual Valley Unified,649
cenroll2223.txt,2022_23,2022-23,13,63222,0000000,1363222,13632220000000,13632220000000,Imperial,Seeley Union Elementary,383
cenroll2223.txt,2022_23,2022-23,13,63230,0000000,1363230,13632300000000,13632300000000,Imperial,Westmorland Union Elementary,364
cenroll2223.txt,2022_23,2022-23,14,63248,0000000,1463248,14632480000000,14632480000000,Inyo,Big Pine Unified,169
cenroll2223.txt,2022_23,2022-23,14,76687,0000000,1476687,14766870000000,14766870000000,Inyo,Bishop Unified,2017
cenroll2223.txt,2022_23,2022-23,14,63271,0000000,1463271,14632710000000,14632710000000,Inyo,Death Valley Unified,27
cenroll2223.txt,2022_23,2022-23,14,10140,0000000,1410140,14101400000000,14101400000000,Inyo,Inyo County Office of Education,2244
cenroll2223.txt,2022_23,2022-23,14,63289,0000000,1463289,14632890000000,14632890000000,Inyo,Lone Pine Unified,344
cenroll2223.txt,2022_23,2022-23,14,63297,0000000,1463297,14632970000000,14632970000000,Inyo,Owens Valley Unified,108
cenroll2223.txt,2022_23,2022-23,14,63305,0000000,1463305,14633050000000,14633050000000,Inyo,Round Valley Joint Elementary,67
cenroll2223.txt,2022_23,2022-23,15,63313,0000000,1563313,15633130000000,15633130000000,Kern,Arvin Union,3126
cenroll2223.txt,2022_23,2022-23,15,63321,0000000,1563321,15633210000000,15633210000000,Kern,Bakersfield City,30940
cenroll2223.txt,2022_23,2022-23,15,63339,0000000,1563339,15633390000000,15633390000000,Kern,Beardsley Elementary,2227
cenroll2223.txt,2022_23,2022-23,15,63354,0000000,1563354,15633540000000,15633540000000,Kern,Blake Elementary,17
cenroll2223.txt,2022_23,2022-23,15,63370,0000000,1563370,15633700000000,15633700000000,Kern,Buttonwillow Union Elementary,343
cenroll2223.txt,2022_23,2022-23,15,63388,0000000,1563388,15633880000000,15633880000000,Kern,Caliente Union Elementary,83
cenroll2223.txt,2022_23,2022-23,15,63412,0000000,1563412,15634120000000,15634120000000,Kern,Delano Joint Union High,4285
cenroll2223.txt,2022_23,2022-23,15,63404,0000000,1563404,15634040000000,15634040000000,Kern,Delano Union Elementary,6530
cenroll2223.txt,2022_23,2022-23,15,63420,0000000,1563420,15634200000000,15634200000000,Kern,Di Giorgio Elementary,251
cenroll2223.txt,2022_23,2022-23,15,63438,0000000,1563438,15634380000000,15634380000000,Kern,Edison Elementary,1190
cenroll2223.txt,2022_23,2022-23,15,75168,0000000,1575168,15751680000000,15751680000000,Kern,El Tejon Unified,737
cenroll2223.txt,2022_23,2022-23,15,63446,0000000,1563446,15634460000000,15634460000000,Kern,Elk Hills Elementary,180
cenroll2223.txt,2022_23,2022-23,15,63461,0000000,1563461,15634610000000,15634610000000,Kern,Fairfax Elementary,2862
cenroll2223.txt,2022_23,2022-23,15,63479,0000000,1563479,15634790000000,15634790000000,Kern,Fruitvale Elementary,3236
cenroll2223.txt,2022_23,2022-23,15,63487,0000000,1563487,15634870000000,15634870000000,Kern,General Shafter Elementary,191
cenroll2223.txt,2022_23,2022-23,15,63503,0000000,1563503,15635030000000,15635030000000,Kern,Greenfield Union,9783
cenroll2223.txt,2022_23,2022-23,15,10157,0000000,1510157,15101570000000,15101570000000,Kern,Kern County Office of Education,7340
cenroll2223.txt,2022_23,2022-23,15,63529,0000000,1563529,15635290000000,15635290000000,Kern,Kern High,44648
cenroll2223.txt,2022_23,2022-23,15,63545,0000000,1563545,15635450000000,15635450000000,Kern,Kernville Union Elementary,898
cenroll2223.txt,2022_23,2022-23,15,63552,0000000,1563552,15635520000000,15635520000000,Kern,Lakeside Union,1735
cenroll2223.txt,2022_23,2022-23,15,63560,0000000,1563560,15635600000000,15635600000000,Kern,Lamont Elementary,2856
cenroll2223.txt,2022_23,2022-23,15,63586,0000000,1563586,15635860000000,15635860000000,Kern,Linns Valley-Poso Flat Union,19
cenroll2223.txt,2022_23,2022-23,15,63594,0000000,1563594,15635940000000,15635940000000,Kern,Lost Hills Union Elementary,292
cenroll2223.txt,2022_23,2022-23,15,63610,0000000,1563610,15636100000000,15636100000000,Kern,Maple Elementary,298
cenroll2223.txt,2022_23,2022-23,15,63628,0000000,1563628,15636280000000,15636280000000,Kern,Maricopa Unified,14371
cenroll2223.txt,2022_23,2022-23,15,73908,0000000,1573908,15739080000000,15739080000000,Kern,McFarland Unified,3580
cenroll2223.txt,2022_23,2022-23,15,63651,0000000,1563651,15636510000000,15636510000000,Kern,McKittrick Elementary,81
cenroll2223.txt,2022_23,2022-23,15,63669,0000000,1563669,15636690000000,15636690000000,Kern,Midway Elementary,87
cenroll2223.txt,2022_23,2022-23,15,63677,0000000,1563677,15636770000000,15636770000000,Kern,Mojave Unified,3419
cenroll2223.txt,2022_23,2022-23,15,63685,0000000,1563685,15636850000000,15636850000000,Kern,Muroc Joint Unified,1979
cenroll2223.txt,2022_23,2022-23,15,63693,0000000,1563693,15636930000000,15636930000000,Kern,Norris Elementary,4104
cenroll2223.txt,2022_23,2022-23,15,63362,0000000,1563362,15633620000000,15633620000000,Kern,Panama-Buena Vista Union,20346
cenroll2223.txt,2022_23,2022-23,15,63719,0000000,1563719,15637190000000,15637190000000,Kern,Pond Union Elementary,193
cenroll2223.txt,2022_23,2022-23,15,63578,0000000,1563578,15635780000000,15635780000000,Kern,Richland Union Elementary,3524
cenroll2223.txt,2022_23,2022-23,15,73544,0000000,1573544,15735440000000,15735440000000,Kern,Rio Bravo-Greeley Union Elementary,1069
cenroll2223.txt,2022_23,2022-23,15,63750,0000000,1563750,15637500000000,15637500000000,Kern,Rosedale Union Elementary,6402
cenroll2223.txt,2022_23,2022-23,15,63768,0000000,1563768,15637680000000,15637680000000,Kern,Semitropic Elementary,172
cenroll2223.txt,2022_23,2022-23,15,73742,0000000,1573742,15737420000000,15737420000000,Kern,Sierra Sands Unified,5559
cenroll2223.txt,2022_23,2022-23,15,63784,0000000,1563784,15637840000000,15637840000000,Kern,South Fork Union,388
cenroll2223.txt,2022_23,2022-23,15,63776,0000000,1563776,15637760000000,15637760000000,Kern,Southern Kern Unified,3969
cenroll2223.txt,2022_23,2022-23,15,63792,0000000,1563792,15637920000000,15637920000000,Kern,Standard Elementary,3384
cenroll2223.txt,2022_23,2022-23,15,63800,0000000,1563800,15638000000000,15638000000000,Kern,Taft City,2564
cenroll2223.txt,2022_23,2022-23,15,63818,0000000,1563818,15638180000000,15638180000000,Kern,Taft Union High,1268
cenroll2223.txt,2022_23,2022-23,15,63826,0000000,1563826,15638260000000,15638260000000,Kern,Tehachapi Unified,4501
cenroll2223.txt,2022_23,2022-23,15,63834,0000000,1563834,15638340000000,15638340000000,Kern,Vineland Elementary,721
cenroll2223.txt,2022_23,2022-23,15,63842,0000000,1563842,15638420000000,15638420000000,Kern,Wasco Union Elementary,3630
cenroll2223.txt,2022_23,2022-23,15,63859,0000000,1563859,15638590000000,15638590000000,Kern,Wasco Union High,1934
cenroll2223.txt,2022_23,2022-23,16,63875,0000000,1663875,16638750000000,16638750000000,Kings,Armona Union Elementary,2023
cenroll2223.txt,2022_23,2022-23,16,63883,0000000,1663883,16638830000000,16638830000000,Kings,Central Union Elementary,1848
cenroll2223.txt,2022_23,2022-23,16,63891,0000000,1663891,16638910000000,16638910000000,Kings,Corcoran Joint Unified,3442
cenroll2223.txt,2022_23,2022-23,16,63917,0000000,1663917,16639170000000,16639170000000,Kings,Hanford Elementary,5874
cenroll2223.txt,2022_23,2022-23,16,63925,0000000,1663925,16639250000000,16639250000000,Kings,Hanford Joint Union High,4433
cenroll2223.txt,2022_23,2022-23,16,63933,0000000,1663933,16639330000000,16639330000000,Kings,Island Union Elementary,410
cenroll2223.txt,2022_23,2022-23,16,10165,0000000,1610165,16101650000000,16101650000000,Kings,Kings County Office of Education,453
cenroll2223.txt,2022_23,2022-23,16,63941,0000000,1663941,16639410000000,16639410000000,Kings,Kings River-Hardwick Union Elementary,840
cenroll2223.txt,2022_23,2022-23,16,63958,0000000,1663958,16639580000000,16639580000000,Kings,Kit Carson Union Elementary,2056
cenroll2223.txt,2022_23,2022-23,16,63966,0000000,1663966,16639660000000,16639660000000,Kings,Lakeside Union Elementary,259
cenroll2223.txt,2022_23,2022-23,16,63974,0000000,1663974,16639740000000,16639740000000,Kings,Lemoore Union Elementary,3459
cenroll2223.txt,2022_23,2022-23,16,63982,0000000,1663982,16639820000000,16639820000000,Kings,Lemoore Union High,2456
cenroll2223.txt,2022_23,2022-23,16,63990,0000000,1663990,16639900000000,16639900000000,Kings,Pioneer Union Elementary,1680
cenroll2223.txt,2022_23,2022-23,16,73932,0000000,1673932,16739320000000,16739320000000,Kings,Reef-Sunset Unified,2843
cenroll2223.txt,2022_23,2022-23,17,64014,0000000,1764014,17640140000000,17640140000000,Lake,Kelseyville Unified,1960
cenroll2223.txt,2022_23,2022-23,17,64022,0000000,1764022,17640220000000,17640220000000,Lake,Konocti Unified,4123
cenroll2223.txt,2022_23,2022-23,17,10173,0000000,1710173,17101730000000,17101730000000,Lake,Lake County Office of Education,55
cenroll2223.txt,2022_23,2022-23,17,64030,0000000,1764030,17640300000000,17640300000000,Lake,Lakeport Unified,1482
cenroll2223.txt,2022_23,2022-23,17,64048,0000000,1764048,17640480000000,17640480000000,Lake,Lucerne Elementary,345
cenroll2223.txt,2022_23,2022-23,17,64055,0000000,1764055,17640550000000,17640550000000,Lake,Middletown Unified,1800
cenroll2223.txt,2022_23,2022-23,17,76976,0000000,1776976,17769760000000,17769760000000,Lake,Upper Lake Unified,1056
cenroll2223.txt,2022_23,2022-23,18,64089,0000000,1864089,18640890000000,18640890000000,Lassen,Big Valley Joint Unified,137
cenroll2223.txt,2022_23,2022-23,18,75036,0000000,1875036,18750360000000,18750360000000,Lassen,Fort Sage Unified,574
cenroll2223.txt,2022_23,2022-23,18,64105,0000000,1864105,18641050000000,18641050000000,Lassen,Janesville Union Elementary,350
cenroll2223.txt,2022_23,2022-23,18,64113,0000000,1864113,18641130000000,18641130000000,Lassen,Johnstonville Elementary,212
cenroll2223.txt,2022_23,2022-23,18,10181,0000000,1810181,18101810000000,18101810000000,Lassen,Lassen County Office of Education,13
cenroll2223.txt,2022_23,2022-23,18,64139,0000000,1864139,18641390000000,18641390000000,Lassen,Lassen Union High,922
cenroll2223.txt,2022_23,2022-23,18,64162,0000000,1864162,18641620000000,18641620000000,Lassen,Ravendale-Termo Elementary,12
cenroll2223.txt,2022_23,2022-23,18,64170,0000000,1864170,18641700000000,18641700000000,Lassen,Richmond Elementary,196
cenroll2223.txt,2022_23,2022-23,18,64188,0000000,1864188,18641880000000,18641880000000,Lassen,Shaffer Union Elementary,235
cenroll2223.txt,2022_23,2022-23,18,64196,0000000,1864196,18641960000000,18641960000000,Lassen,Susanville Elementary,1293
cenroll2223.txt,2022_23,2022-23,18,64204,0000000,1864204,18642040000000,18642040000000,Lassen,Westwood Unified,194
cenroll2223.txt,2022_23,2022-23,19,64212,0000000,1964212,19642120000000,19642120000000,Los Angeles,ABC Unified,18981
cenroll2223.txt,2022_23,2022-23,19,75309,0000000,1975309,19753090000000,19753090000000,Los Angeles,Acton-Agua Dulce Unified,18239
cenroll2223.txt,2022_23,2022-23,19,75713,0000000,1975713,19757130000000,19757130000000,Los Angeles,Alhambra Unified,15499
cenroll2223.txt,2022_23,2022-23,19,64246,0000000,1964246,19642460000000,19642460000000,Los Angeles,Antelope Valley Union High,24502
cenroll2223.txt,2022_23,2022-23,19,64261,0000000,1964261,19642610000000,19642610000000,Los Angeles,Arcadia Unified,9196
cenroll2223.txt,2022_23,2022-23,19,64279,0000000,1964279,19642790000000,19642790000000,Los Angeles,Azusa Unified,7146
cenroll2223.txt,2022_23,2022-23,19,64287,0000000,1964287,19642870000000,19642870000000,Los Angeles,Baldwin Park Unified,13008
cenroll2223.txt,2022_23,2022-23,19,64295,0000000,1964295,19642950000000,19642950000000,Los Angeles,Bassett Unified,3122
cenroll2223.txt,2022_23,2022-23,19,64303,0000000,1964303,19643030000000,19643030000000,Los Angeles,Bellflower Unified,10513
cenroll2223.txt,2022_23,2022-23,19,64311,0000000,1964311,19643110000000,19643110000000,Los Angeles,Beverly Hills Unified,3260
cenroll2223.txt,2022_23,2022-23,19,64329,0000000,1964329,19643290000000,19643290000000,Los Angeles,Bonita Unified,10308
cenroll2223.txt,2022_23,2022-23,19,64337,0000000,1964337,19643370000000,19643370000000,Los Angeles,Burbank Unified,15017
cenroll2223.txt,2022_23,2022-23,19,64345,0000000,1964345,19643450000000,19643450000000,Los Angeles,Castaic Union,1968
cenroll2223.txt,2022_23,2022-23,19,64352,0000000,1964352,19643520000000,19643520000000,Los Angeles,Centinela Valley Union High,8656
cenroll2223.txt,2022_23,2022-23,19,64378,0000000,1964378,19643780000000,19643780000000,Los Angeles,Charter Oak Unified,4553
cenroll2223.txt,2022_23,2022-23,19,64394,0000000,1964394,19643940000000,19643940000000,Los Angeles,Claremont Unified,6561
cenroll2223.txt,2022_23,2022-23,19,73437,0000000,1973437,19734370000000,19734370000000,Los Angeles,Compton Unified,21869
cenroll2223.txt,2022_23,2022-23,19,64436,0000000,1964436,19644360000000,19644360000000,Los Angeles,Covina-Valley Unified,11692
cenroll2223.txt,2022_23,2022-23,19,64444,0000000,1964444,19644440000000,19644440000000,Los Angeles,Culver City Unified,6971
cenroll2223.txt,2022_23,2022-23,19,64451,0000000,1964451,19644510000000,19644510000000,Los Angeles,Downey Unified,23246
cenroll2223.txt,2022_23,2022-23,19,64469,0000000,1964469,19644690000000,19644690000000,Los Angeles,Duarte Unified,13196
cenroll2223.txt,2022_23,2022-23,19,64485,0000000,1964485,19644850000000,19644850000000,Los Angeles,East Whittier City Elementary,8001
cenroll2223.txt,2022_23,2022-23,19,64477,0000000,1964477,19644770000000,19644770000000,Los Angeles,Eastside Union Elementary,3505
cenroll2223.txt,2022_23,2022-23,19,64501,0000000,1964501,19645010000000,19645010000000,Los Angeles,El Monte City,7461
cenroll2223.txt,2022_23,2022-23,19,64519,0000000,1964519,19645190000000,19645190000000,Los Angeles,El Monte Union High,8196
cenroll2223.txt,2022_23,2022-23,19,64527,0000000,1964527,19645270000000,19645270000000,Los Angeles,El Rancho Unified,7628
cenroll2223.txt,2022_23,2022-23,19,64535,0000000,1964535,19645350000000,19645350000000,Los Angeles,El Segundo Unified,3555
cenroll2223.txt,2022_23,2022-23,19,64550,0000000,1964550,19645500000000,19645500000000,Los Angeles,Garvey Elementary,4515
cenroll2223.txt,2022_23,2022-23,19,64568,0000000,1964568,19645680000000,19645680000000,Los Angeles,Glendale Unified,25758
cenroll2223.txt,2022_23,2022-23,19,64576,0000000,1964576,19645760000000,19645760000000,Los Angeles,Glendora Unified,6683
cenroll2223.txt,2022_23,2022-23,19,64584,0000000,1964584,19645840000000,19645840000000,Los Angeles,Gorman Joint,1464
cenroll2223.txt,2022_23,2022-23,19,73445,0000000,1973445,19734450000000,19734450000000,Los Angeles,Hacienda la Puente Unified,16921
cenroll2223.txt,2022_23,2022-23,19,64592,0000000,1964592,19645920000000,19645920000000,Los Angeles,Hawthorne,7585
cenroll2223.txt,2022_23,2022-23,19,64600,0000000,1964600,19646000000000,19646000000000,Los Angeles,Hermosa Beach City Elementary,1308
cenroll2223.txt,2022_23,2022-23,19,64626,0000000,1964626,19646260000000,19646260000000,Los Angeles,Hughes-Elizabeth Lakes Union Elementary,184
cenroll2223.txt,2022_23,2022-23,19,64634,0000000,1964634,19646340000000,19646340000000,Los Angeles,Inglewood Unified,9754
cenroll2223.txt,2022_23,2022-23,19,64642,0000000,1964642,19646420000000,19646420000000,Los Angeles,Keppel Union Elementary,3289
cenroll2223.txt,2022_23,2022-23,19,64659,0000000,1964659,19646590000000,19646590000000,Los Angeles,La Canada Unified,3935
cenroll2223.txt,2022_23,2022-23,19,64667,0000000,1964667,19646670000000,19646670000000,Los Angeles,Lancaster Elementary,16765
cenroll2223.txt,2022_23,2022-23,19,64683,0000000,1964683,19646830000000,19646830000000,Los Angeles,Las Virgenes Unified,9984
cenroll2223.txt,2022_23,2022-23,19,64691,0000000,1964691,19646910000000,19646910000000,Los Angeles,Lawndale Elementary,5314
cenroll2223.txt,2022_23,2022-23,19,64709,0000000,1964709,19647090000000,19647090000000,Los Angeles,Lennox,6042
cenroll2223.txt,2022_23,2022-23,19,64717,0000000,1964717,19647170000000,19647170000000,Los Angeles,Little Lake City Elementary,3923
cenroll2223.txt,2022_23,2022-23,19,64725,0000000,1964725,19647250000000,19647250000000,Los Angeles,Long Beach Unified,68397
cenroll2223.txt,2022_23,2022-23,19,10199,0000000,1910199,19101990000000,19101990000000,Los Angeles,Los Angeles County Office of Education,11056
cenroll2223.txt,2022_23,2022-23,19,64733,0000000,1964733,19647330000000,19647330000000,Los Angeles,Los Angeles Unified,563254
cenroll2223.txt,2022_23,2022-23,19,64758,0000000,1964758,19647580000000,19647580000000,Los Angeles,Los Nietos,1347
cenroll2223.txt,2022_23,2022-23,19,64774,0000000,1964774,19647740000000,19647740000000,Los Angeles,Lynwood Unified,12625
cenroll2223.txt,2022_23,2022-23,19,75333,0000000,1975333,19753330000000,19753330000000,Los Angeles,Manhattan Beach Unified,5996
cenroll2223.txt,2022_23,2022-23,19,64790,0000000,1964790,19647900000000,19647900000000,Los Angeles,Monrovia Unified,5211
cenroll2223.txt,2022_23,2022-23,19,64808,0000000,1964808,19648080000000,19648080000000,Los Angeles,Montebello Unified,21608
cenroll2223.txt,2022_23,2022-23,19,64816,0000000,1964816,19648160000000,19648160000000,Los Angeles,Mountain View Elementary,5249
cenroll2223.txt,2022_23,2022-23,19,64832,0000000,1964832,19648320000000,19648320000000,Los Angeles,Newhall,6180
cenroll2223.txt,2022_23,2022-23,19,64840,0000000,1964840,19648400000000,19648400000000,Los Angeles,Norwalk-La Mirada Unified,16071
cenroll2223.txt,2022_23,2022-23,19,64857,0000000,1964857,19648570000000,19648570000000,Los Angeles,Palmdale Elementary,23130
cenroll2223.txt,2022_23,2022-23,19,64865,0000000,1964865,19648650000000,19648650000000,Los Angeles,Palos Verdes Peninsula Unified,10663
cenroll2223.txt,2022_23,2022-23,19,64873,0000000,1964873,19648730000000,19648730000000,Los Angeles,Paramount Unified,13398
cenroll2223.txt,2022_23,2022-23,19,64881,0000000,1964881,19648810000000,19648810000000,Los Angeles,Pasadena Unified,16195
cenroll2223.txt,2022_23,2022-23,19,64907,0000000,1964907,19649070000000,19649070000000,Los Angeles,Pomona Unified,23384
cenroll2223.txt,2022_23,2022-23,19,75341,0000000,1975341,19753410000000,19753410000000,Los Angeles,Redondo Beach Unified,9793
cenroll2223.txt,2022_23,2022-23,19,64931,0000000,1964931,19649310000000,19649310000000,Los Angeles,Rosemead Elementary,2437
cenroll2223.txt,2022_23,2022-23,19,73452,0000000,1973452,19734520000000,19734520000000,Los Angeles,Rowland Unified,14486
cenroll2223.txt,2022_23,2022-23,19,75291,0000000,1975291,19752910000000,19752910000000,Los Angeles,San Gabriel Unified,6429
cenroll2223.txt,2022_23,2022-23,19,64964,0000000,1964964,19649640000000,19649640000000,Los Angeles,San Marino Unified,2821
cenroll2223.txt,2022_23,2022-23,19,64980,0000000,1964980,19649800000000,19649800000000,Los Angeles,Santa Monica-Malibu Unified,9059
cenroll2223.txt,2022_23,2022-23,19,64998,0000000,1964998,19649980000000,19649980000000,Los Angeles,Saugus Union,9448
cenroll2223.txt,2022_23,2022-23,19,76968,0000000,1976968,19769680000000,19769680000000,Los Angeles,SBE - Academia Avance Charter,280
cenroll2223.txt,2022_23,2022-23,19,77289,0000000,1977289,19772890000000,19772890000000,Los Angeles,SBE - Los Angeles College Prep Academy,55
cenroll2223.txt,2022_23,2022-23,19,75663,0000000,1975663,19756630000000,19756630000000,Los Angeles,SBE - New West Charter,1000
cenroll2223.txt,2022_23,2022-23,19,65029,0000000,1965029,19650290000000,19650290000000,Los Angeles,South Pasadena Unified,4750
cenroll2223.txt,2022_23,2022-23,19,65037,0000000,1965037,19650370000000,19650370000000,Los Angeles,South Whittier Elementary,2475
cenroll2223.txt,2022_23,2022-23,19,65045,0000000,1965045,19650450000000,19650450000000,Los Angeles,Sulphur Springs Union,5490
cenroll2223.txt,2022_23,2022-23,19,65052,0000000,1965052,19650520000000,19650520000000,Los Angeles,Temple City Unified,5446
cenroll2223.txt,2022_23,2022-23,19,65060,0000000,1965060,19650600000000,19650600000000,Los Angeles,Torrance Unified,22580
cenroll2223.txt,2022_23,2022-23,19,65078,0000000,1965078,19650780000000,19650780000000,Los Angeles,Valle Lindo Elementary,936
cenroll2223.txt,2022_23,2022-23,19,73460,0000000,1973460,19734600000000,19734600000000,Los Angeles,Walnut Valley Unified,13961
cenroll2223.txt,2022_23,2022-23,19,65094,0000000,1965094,19650940000000,19650940000000,Los Angeles,West Covina Unified,16524
cenroll2223.txt,2022_23,2022-23,19,65102,0000000,1965102,19651020000000,19651020000000,Los Angeles,Westside Union Elementary,9612
cenroll2223.txt,2022_23,2022-23,19,65110,0000000,1965110,19651100000000,19651100000000,Los Angeles,Whittier City Elementary,5765
cenroll2223.txt,2022_23,2022-23,19,65128,0000000,1965128,19651280000000,19651280000000,Los Angeles,Whittier Union High,11010
cenroll2223.txt,2022_23,2022-23,19,65136,0000000,1965136,19651360000000,19651360000000,Los Angeles,William S. Hart Union High,23525
cenroll2223.txt,2022_23,2022-23,19,65151,0000000,1965151,19651510000000,19651510000000,Los Angeles,Wilsona Elementary,1365
cenroll2223.txt,2022_23,2022-23,19,76869,0000000,1976869,19768690000000,19768690000000,Los Angeles,Wiseburn Unified,5077
cenroll2223.txt,2022_23,2022-23,20,65177,0000000,2065177,20651770000000,20651770000000,Madera,Alview-Dairyland Union Elementary,414
cenroll2223.txt,2022_23,2022-23,20,65185,0000000,2065185,20651850000000,20651850000000,Madera,Bass Lake Joint Union Elementary,928
cenroll2223.txt,2022_23,2022-23,20,75606,0000000,2075606,20756060000000,20756060000000,Madera,Chawanakee Unified,1543
cenroll2223.txt,2022_23,2022-23,20,65193,0000000,2065193,20651930000000,20651930000000,Madera,Chowchilla Elementary,2354
cenroll2223.txt,2022_23,2022-23,20,65201,0000000,2065201,20652010000000,20652010000000,Madera,Chowchilla Union High,1205
cenroll2223.txt,2022_23,2022-23,20,75580,0000000,2075580,20755800000000,20755800000000,Madera,Golden Valley Unified,2786
cenroll2223.txt,2022_23,2022-23,20,10207,0000000,2010207,20102070000000,20102070000000,Madera,Madera County Superintendent of Schools,936
cenroll2223.txt,2022_23,2022-23,20,65243,0000000,2065243,20652430000000,20652430000000,Madera,Madera Unified,22098
cenroll2223.txt,2022_23,2022-23,20,65276,0000000,2065276,20652760000000,20652760000000,Madera,Raymond-Knowles Union Elementary,93
cenroll2223.txt,2022_23,2022-23,20,76414,0000000,2076414,20764140000000,20764140000000,Madera,Yosemite Unified,1827
cenroll2223.txt,2022_23,2022-23,21,65300,0000000,2165300,21653000000000,21653000000000,Marin,Bolinas-Stinson Union,104
cenroll2223.txt,2022_23,2022-23,21,65334,0000000,2165334,21653340000000,21653340000000,Marin,Kentfield Elementary,1078
cenroll2223.txt,2022_23,2022-23,21,65342,0000000,2165342,21653420000000,21653420000000,Marin,Laguna Joint Elementary,16
cenroll2223.txt,2022_23,2022-23,21,65359,0000000,2165359,21653590000000,21653590000000,Marin,Lagunitas Elementary,173
cenroll2223.txt,2022_23,2022-23,21,65367,0000000,2165367,21653670000000,21653670000000,Marin,Larkspur-Corte Madera,1280
cenroll2223.txt,2022_23,2022-23,21,10215,0000000,2110215,21102150000000,21102150000000,Marin,Marin County Office of Education,637
cenroll2223.txt,2022_23,2022-23,21,65391,0000000,2165391,21653910000000,21653910000000,Marin,Mill Valley Elementary,2409
cenroll2223.txt,2022_23,2022-23,21,65318,0000000,2165318,21653180000000,21653180000000,Marin,Miller Creek Elementary,1886
cenroll2223.txt,2022_23,2022-23,21,65409,0000000,2165409,21654090000000,21654090000000,Marin,Nicasio,35
cenroll2223.txt,2022_23,2022-23,21,65417,0000000,2165417,21654170000000,21654170000000,Marin,Novato Unified,7735
cenroll2223.txt,2022_23,2022-23,21,65425,0000000,2165425,21654250000000,21654250000000,Marin,Reed Union Elementary,1045
cenroll2223.txt,2022_23,2022-23,21,65433,0000000,2165433,21654330000000,21654330000000,Marin,Ross Elementary,362
cenroll2223.txt,2022_23,2022-23,21,75002,0000000,2175002,21750020000000,21750020000000,Marin,Ross Valley Elementary,1756
cenroll2223.txt,2022_23,2022-23,21,65458,0000000,2165458,21654580000000,21654580000000,Marin,San Rafael City Elementary,4449
cenroll2223.txt,2022_23,2022-23,21,65466,0000000,2165466,21654660000000,21654660000000,Marin,San Rafael City High,2836
cenroll2223.txt,2022_23,2022-23,21,65474,0000000,2165474,21654740000000,21654740000000,Marin,Sausalito Marin City,361
cenroll2223.txt,2022_23,2022-23,21,73361,0000000,2173361,21733610000000,21733610000000,Marin,Shoreline Unified,498
cenroll2223.txt,2022_23,2022-23,21,65482,0000000,2165482,21654820000000,21654820000000,Marin,Tamalpais Union High,4914
cenroll2223.txt,2022_23,2022-23,22,10223,0000000,2210223,22102230000000,22102230000000,Mariposa,Mariposa County Office of Education,69
cenroll2223.txt,2022_23,2022-23,22,65532,0000000,2265532,22655320000000,22655320000000,Mariposa,Mariposa County Unified,1972
cenroll2223.txt,2022_23,2022-23,23,65540,0000000,2365540,23655400000000,23655400000000,Mendocino,Anderson Valley Unified,453
cenroll2223.txt,2022_23,2022-23,23,65557,0000000,2365557,23655570000000,23655570000000,Mendocino,Arena Union Elementary,314
cenroll2223.txt,2022_23,2022-23,23,65565,0000000,2365565,23655650000000,23655650000000,Mendocino,Fort Bragg Unified,1838
cenroll2223.txt,2022_23,2022-23,23,73916,0000000,2373916,23739160000000,23739160000000,Mendocino,Laytonville Unified,364
cenroll2223.txt,2022_23,2022-23,23,75218,0000000,2375218,23752180000000,23752180000000,Mendocino,Leggett Valley Unified,131
cenroll2223.txt,2022_23,2022-23,23,65573,0000000,2365573,23655730000000,23655730000000,Mendocino,Manchester Union Elementary,36
cenroll2223.txt,2022_23,2022-23,23,10231,0000000,2310231,23102310000000,23102310000000,Mendocino,Mendocino County Office of Education,171
cenroll2223.txt,2022_23,2022-23,23,65581,0000000,2365581,23655810000000,23655810000000,Mendocino,Mendocino Unified,481
cenroll2223.txt,2022_23,2022-23,23,65599,0000000,2365599,23655990000000,23655990000000,Mendocino,Point Arena Joint Union High,142
cenroll2223.txt,2022_23,2022-23,23,73866,0000000,2373866,23738660000000,23738660000000,Mendocino,Potter Valley Community Unified,308
cenroll2223.txt,2022_23,2022-23,23,65607,0000000,2365607,23656070000000,23656070000000,Mendocino,Round Valley Unified,534
cenroll2223.txt,2022_23,2022-23,23,65615,0000000,2365615,23656150000000,23656150000000,Mendocino,Ukiah Unified,6805
cenroll2223.txt,2022_23,2022-23,23,65623,0000000,2365623,23656230000000,23656230000000,Mendocino,Willits Unified,1993
cenroll2223.txt,2022_23,2022-23,24,65631,0000000,2465631,24656310000000,24656310000000,Merced,Atwater Elementary,5251
cenroll2223.txt,2022_23,2022-23,24,65649,0000000,2465649,24656490000000,24656490000000,Merced,Ballico-Cressey Elementary,388
cenroll2223.txt,2022_23,2022-23,24,75366,0000000,2475366,24753660000000,24753660000000,Merced,Delhi Unified,2556
cenroll2223.txt,2022_23,2022-23,24,75317,0000000,2475317,24753170000000,24753170000000,Merced,Dos Palos Oro Loma Joint Unified,2428
cenroll2223.txt,2022_23,2022-23,24,65680,0000000,2465680,24656800000000,24656800000000,Merced,El Nido Elementary,157
cenroll2223.txt,2022_23,2022-23,24,73619,0000000,2473619,24736190000000,24736190000000,Merced,Gustine Unified,1871
cenroll2223.txt,2022_23,2022-23,24,65698,0000000,2465698,24656980000000,24656980000000,Merced,Hilmar Unified,2400
cenroll2223.txt,2022_23,2022-23,24,65722,0000000,2465722,24657220000000,24657220000000,Merced,Le Grand Union Elementary,351
cenroll2223.txt,2022_23,2022-23,24,65730,0000000,2465730,24657300000000,24657300000000,Merced,Le Grand Union High,547
cenroll2223.txt,2022_23,2022-23,24,65748,0000000,2465748,24657480000000,24657480000000,Merced,Livingston Union,2643
cenroll2223.txt,2022_23,2022-23,24,65755,0000000,2465755,24657550000000,24657550000000,Merced,Los Banos Unified,11682
cenroll2223.txt,2022_23,2022-23,24,65763,0000000,2465763,24657630000000,24657630000000,Merced,McSwain Union Elementary,907
cenroll2223.txt,2022_23,2022-23,24,65771,0000000,2465771,24657710000000,24657710000000,Merced,Merced City Elementary,11834
cenroll2223.txt,2022_23,2022-23,24,10249,0000000,2410249,24102490000000,24102490000000,Merced,Merced County Office of Education,2452
cenroll2223.txt,2022_23,2022-23,24,73726,0000000,2473726,24737260000000,24737260000000,Merced,Merced River Union Elementary,304
cenroll2223.txt,2022_23,2022-23,24,65789,0000000,2465789,24657890000000,24657890000000,Merced,Merced Union High,11641
cenroll2223.txt,2022_23,2022-23,24,65813,0000000,2465813,24658130000000,24658130000000,Merced,Plainsburg Union Elementary,112
cenroll2223.txt,2022_23,2022-23,24,65821,0000000,2465821,24658210000000,24658210000000,Merced,Planada Elementary,926
cenroll2223.txt,2022_23,2022-23,24,65839,0000000,2465839,24658390000000,24658390000000,Merced,Snelling-Merced Falls Union Elementary,63
cenroll2223.txt,2022_23,2022-23,24,65862,0000000,2465862,24658620000000,24658620000000,Merced,Weaver Union,3388
cenroll2223.txt,2022_23,2022-23,24,65870,0000000,2465870,24658700000000,24658700000000,Merced,Winton,2053
cenroll2223.txt,2022_23,2022-23,25,73585,0000000,2573585,25735850000000,25735850000000,Modoc,Modoc Joint Unified,889
cenroll2223.txt,2022_23,2022-23,25,65896,0000000,2565896,25658960000000,25658960000000,Modoc,Surprise Valley Joint Unified,110
cenroll2223.txt,2022_23,2022-23,25,73593,0000000,2573593,25735930000000,25735930000000,Modoc,Tulelake Basin Joint Unified,444
cenroll2223.txt,2022_23,2022-23,26,73668,0000000,2673668,26736680000000,26736680000000,Mono,Eastern Sierra Unified,411
cenroll2223.txt,2022_23,2022-23,26,73692,0000000,2673692,26736920000000,26736920000000,Mono,Mammoth Unified,1158
cenroll2223.txt,2022_23,2022-23,26,10264,0000000,2610264,26102640000000,26102640000000,Mono,Mono County Office of Education,450
cenroll2223.txt,2022_23,2022-23,27,65961,0000000,2765961,27659610000000,27659610000000,Monterey,Alisal Union,7788
cenroll2223.txt,2022_23,2022-23,27,75150,0000000,2775150,27751500000000,27751500000000,Monterey,Big Sur Unified,129
cenroll2223.txt,2022_23,2022-23,27,65979,0000000,2765979,27659790000000,27659790000000,Monterey,Bradley Union Elementary,43
cenroll2223.txt,2022_23,2022-23,27,65987,0000000,2765987,27659870000000,27659870000000,Monterey,Carmel Unified,2355
cenroll2223.txt,2022_23,2022-23,27,65995,0000000,2765995,27659950000000,27659950000000,Monterey,Chualar Union,294
cenroll2223.txt,2022_23,2022-23,27,75473,0000000,2775473,27754730000000,27754730000000,Monterey,Gonzales Unified,2170
cenroll2223.txt,2022_23,2022-23,27,66027,0000000,2766027,27660270000000,27660270000000,Monterey,Graves Elementary,35
cenroll2223.txt,2022_23,2022-23,27,66035,0000000,2766035,27660350000000,27660350000000,Monterey,Greenfield Union Elementary,3512
cenroll2223.txt,2022_23,2022-23,27,66050,0000000,2766050,27660500000000,27660500000000,Monterey,King City Union,2673
cenroll2223.txt,2022_23,2022-23,27,66076,0000000,2766076,27660760000000,27660760000000,Monterey,Lagunita Elementary,86
cenroll2223.txt,2022_23,2022-23,27,66084,0000000,2766084,27660840000000,27660840000000,Monterey,Mission Union Elementary,124
cenroll2223.txt,2022_23,2022-23,27,10272,0000000,2710272,27102720000000,27102720000000,Monterey,Monterey County Office of Education,2277
cenroll2223.txt,2022_23,2022-23,27,66092,0000000,2766092,27660920000000,27660920000000,Monterey,Monterey Peninsula Unified,10528
cenroll2223.txt,2022_23,2022-23,27,73825,0000000,2773825,27738250000000,27738250000000,Monterey,North Monterey County Unified,4715
cenroll2223.txt,2022_23,2022-23,27,66134,0000000,2766134,27661340000000,27661340000000,Monterey,Pacific Grove Unified,1857
cenroll2223.txt,2022_23,2022-23,27,66142,0000000,2766142,27661420000000,27661420000000,Monterey,Salinas City Elementary,8653
cenroll2223.txt,2022_23,2022-23,27,66159,0000000,2766159,27661590000000,27661590000000,Monterey,Salinas Union High,16921
cenroll2223.txt,2022_23,2022-23,27,66167,0000000,2766167,27661670000000,27661670000000,Monterey,San Antonio Union Elementary,151
cenroll2223.txt,2022_23,2022-23,27,66175,0000000,2766175,27661750000000,27661750000000,Monterey,San Ardo Union Elementary,95
cenroll2223.txt,2022_23,2022-23,27,66183,0000000,2766183,27661830000000,27661830000000,Monterey,San Lucas Union Elementary,81
cenroll2223.txt,2022_23,2022-23,27,66191,0000000,2766191,27661910000000,27661910000000,Monterey,Santa Rita Union Elementary,3413
cenroll2223.txt,2022_23,2022-23,27,75440,0000000,2775440,27754400000000,27754400000000,Monterey,Soledad Unified,4940
cenroll2223.txt,2022_23,2022-23,27,66068,0000000,2766068,27660680000000,27660680000000,Monterey,South Monterey County Joint Union High,2858
cenroll2223.txt,2022_23,2022-23,27,66225,0000000,2766225,27662250000000,27662250000000,Monterey,Spreckels Union Elementary,942
cenroll2223.txt,2022_23,2022-23,27,66233,0000000,2766233,27662330000000,27662330000000,Monterey,Washington Union Elementary,758
cenroll2223.txt,2022_23,2022-23,28,66241,0000000,2866241,28662410000000,28662410000000,Napa,Calistoga Joint Unified,852
cenroll2223.txt,2022_23,2022-23,28,66258,0000000,2866258,28662580000000,28662580000000,Napa,Howell Mountain Elementary,108
cenroll2223.txt,2022_23,2022-23,28,10280,0000000,2810280,28102800000000,28102800000000,Napa,Napa County Office of Education,176
cenroll2223.txt,2022_23,2022-23,28,66266,0000000,2866266,28662660000000,28662660000000,Napa,Napa Valley Unified,16947
cenroll2223.txt,2022_23,2022-23,28,66282,0000000,2866282,28662820000000,28662820000000,Napa,Pope Valley Union Elementary,63
cenroll2223.txt,2022_23,2022-23,28,66290,0000000,2866290,28662900000000,28662900000000,Napa,Saint Helena Unified,1154
cenroll2223.txt,2022_23,2022-23,29,66316,0000000,2966316,29663160000000,29663160000000,Nevada,Chicago Park Elementary,174
cenroll2223.txt,2022_23,2022-23,29,66324,0000000,2966324,29663240000000,29663240000000,Nevada,Clear Creek Elementary,161
cenroll2223.txt,2022_23,2022-23,29,66332,0000000,2966332,29663320000000,29663320000000,Nevada,Grass Valley Elementary,1699
cenroll2223.txt,2022_23,2022-23,29,66340,0000000,2966340,29663400000000,29663400000000,Nevada,Nevada City Elementary,740
cenroll2223.txt,2022_23,2022-23,29,10298,0000000,2910298,29102980000000,29102980000000,Nevada,Nevada County Office of Education,4327
cenroll2223.txt,2022_23,2022-23,29,66357,0000000,2966357,29663570000000,29663570000000,Nevada,Nevada Joint Union High,2760
cenroll2223.txt,2022_23,2022-23,29,76877,0000000,2976877,29768770000000,29768770000000,Nevada,Penn Valley Union Elementary,668
cenroll2223.txt,2022_23,2022-23,29,66373,0000000,2966373,29663730000000,29663730000000,Nevada,Pleasant Ridge Union Elementary,1494
cenroll2223.txt,2022_23,2022-23,29,66415,0000000,2966415,29664150000000,29664150000000,Nevada,Twin Ridges Elementary,134
cenroll2223.txt,2022_23,2022-23,29,66407,0000000,2966407,29664070000000,29664070000000,Nevada,Union Hill Elementary,705
cenroll2223.txt,2022_23,2022-23,30,66423,0000000,3066423,30664230000000,30664230000000,Orange,Anaheim Elementary,16080
cenroll2223.txt,2022_23,2022-23,30,66431,0000000,3066431,30664310000000,30664310000000,Orange,Anaheim Union High,28787
cenroll2223.txt,2022_23,2022-23,30,66449,0000000,3066449,30664490000000,30664490000000,Orange,Brea-Olinda Unified,6019
cenroll2223.txt,2022_23,2022-23,30,66456,0000000,3066456,30664560000000,30664560000000,Orange,Buena Park Elementary,4182
cenroll2223.txt,2022_23,2022-23,30,66464,0000000,3066464,30664640000000,30664640000000,Orange,Capistrano Unified,51399
cenroll2223.txt,2022_23,2022-23,30,66472,0000000,3066472,30664720000000,30664720000000,Orange,Centralia Elementary,4331
cenroll2223.txt,2022_23,2022-23,30,66480,0000000,3066480,30664800000000,30664800000000,Orange,Cypress Elementary,3525
cenroll2223.txt,2022_23,2022-23,30,66498,0000000,3066498,30664980000000,30664980000000,Orange,Fountain Valley Elementary,6145
cenroll2223.txt,2022_23,2022-23,30,66506,0000000,3066506,30665060000000,30665060000000,Orange,Fullerton Elementary,12037
cenroll2223.txt,2022_23,2022-23,30,66514,0000000,3066514,30665140000000,30665140000000,Orange,Fullerton Joint Union High,13574
cenroll2223.txt,2022_23,2022-23,30,66522,0000000,3066522,30665220000000,30665220000000,Orange,Garden Grove Unified,39721
cenroll2223.txt,2022_23,2022-23,30,66530,0000000,3066530,30665300000000,30665300000000,Orange,Huntington Beach City Elementary,5214
cenroll2223.txt,2022_23,2022-23,30,66548,0000000,3066548,30665480000000,30665480000000,Orange,Huntington Beach Union High,14873
cenroll2223.txt,2022_23,2022-23,30,73650,0000000,3073650,30736500000000,30736500000000,Orange,Irvine Unified,38790
cenroll2223.txt,2022_23,2022-23,30,66563,0000000,3066563,30665630000000,30665630000000,Orange,La Habra City Elementary,4510
cenroll2223.txt,2022_23,2022-23,30,66555,0000000,3066555,30665550000000,30665550000000,Orange,Laguna Beach Unified,2516
cenroll2223.txt,2022_23,2022-23,30,73924,0000000,3073924,30739240000000,30739240000000,Orange,Los Alamitos Unified,9107
cenroll2223.txt,2022_23,2022-23,30,64766,0000000,3064766,30647660000000,30647660000000,Orange,Lowell Joint,3181
cenroll2223.txt,2022_23,2022-23,30,66589,0000000,3066589,30665890000000,30665890000000,Orange,Magnolia Elementary,5315
cenroll2223.txt,2022_23,2022-23,30,66597,0000000,3066597,30665970000000,30665970000000,Orange,Newport-Mesa Unified,18460
cenroll2223.txt,2022_23,2022-23,30,66613,0000000,3066613,30666130000000,30666130000000,Orange,Ocean View,7053
cenroll2223.txt,2022_23,2022-23,30,10306,0000000,3010306,30103060000000,30103060000000,Orange,Orange County Department of Education,14463
cenroll2223.txt,2022_23,2022-23,30,66621,0000000,3066621,30666210000000,30666210000000,Orange,Orange Unified,26888
cenroll2223.txt,2022_23,2022-23,30,66647,0000000,3066647,30666470000000,30666470000000,Orange,Placentia-Yorba Linda Unified,23843
cenroll2223.txt,2022_23,2022-23,30,73635,0000000,3073635,30736350000000,30736350000000,Orange,Saddleback Valley Unified,24484
cenroll2223.txt,2022_23,2022-23,30,66670,0000000,3066670,30666700000000,30666700000000,Orange,Santa Ana Unified,43637
cenroll2223.txt,2022_23,2022-23,30,66696,0000000,3066696,30666960000000,30666960000000,Orange,Savanna Elementary,1910
cenroll2223.txt,2022_23,2022-23,30,76893,0000000,3076893,30768930000000,30768930000000,Orange,SBE - Magnolia Science Academy Santa Ana,533
cenroll2223.txt,2022_23,2022-23,30,73643,0000000,3073643,30736430000000,30736430000000,Orange,Tustin Unified,22622
cenroll2223.txt,2022_23,2022-23,30,66746,0000000,3066746,30667460000000,30667460000000,Orange,Westminster,8468
cenroll2223.txt,2022_23,2022-23,31,66761,0000000,3166761,31667610000000,31667610000000,Placer,Ackerman Charter,618
cenroll2223.txt,2022_23,2022-23,31,66779,0000000,3166779,31667790000000,31667790000000,Placer,Alta-Dutch Flat Union Elementary,97
cenroll2223.txt,2022_23,2022-23,31,66787,0000000,3166787,31667870000000,31667870000000,Placer,Auburn Union Elementary,1631
cenroll2223.txt,2022_23,2022-23,31,66795,0000000,3166795,31667950000000,31667950000000,Placer,Colfax Elementary,373
cenroll2223.txt,2022_23,2022-23,31,66803,0000000,3166803,31668030000000,31668030000000,Placer,Dry Creek Joint Elementary,6928
cenroll2223.txt,2022_23,2022-23,31,66829,0000000,3166829,31668290000000,31668290000000,Placer,Eureka Union,3334
cenroll2223.txt,2022_23,2022-23,31,66837,0000000,3166837,31668370000000,31668370000000,Placer,Foresthill Union Elementary,486
cenroll2223.txt,2022_23,2022-23,31,66845,0000000,3166845,31668450000000,31668450000000,Placer,Loomis Union Elementary,2970
cenroll2223.txt,2022_23,2022-23,31,66852,0000000,3166852,31668520000000,31668520000000,Placer,Newcastle Elementary,2249
cenroll2223.txt,2022_23,2022-23,31,10314,0000000,3110314,31103140000000,31103140000000,Placer,Placer County Office of Education,653
cenroll2223.txt,2022_23,2022-23,31,66886,0000000,3166886,31668860000000,31668860000000,Placer,Placer Hills Union Elementary,818
cenroll2223.txt,2022_23,2022-23,31,66894,0000000,3166894,31668940000000,31668940000000,Placer,Placer Union High,4140
cenroll2223.txt,2022_23,2022-23,31,75085,0000000,3175085,31750850000000,31750850000000,Placer,Rocklin Unified,13675
cenroll2223.txt,2022_23,2022-23,31,66910,0000000,3166910,31669100000000,31669100000000,Placer,Roseville City Elementary,12228
cenroll2223.txt,2022_23,2022-23,31,66928,0000000,3166928,31669280000000,31669280000000,Placer,Roseville Joint Union High,12690
cenroll2223.txt,2022_23,2022-23,31,66944,0000000,3166944,31669440000000,31669440000000,Placer,Tahoe-Truckee Unified,4307
cenroll2223.txt,2022_23,2022-23,31,66951,0000000,3166951,31669510000000,31669510000000,Placer,Western Placer Unified,11129
cenroll2223.txt,2022_23,2022-23,32,10322,0000000,3210322,32103220000000,32103220000000,Plumas,Plumas County Office of Education,26
cenroll2223.txt,2022_23,2022-23,32,66969,0000000,3266969,32669690000000,32669690000000,Plumas,Plumas Unified,2184
cenroll2223.txt,2022_23,2022-23,33,66977,0000000,3366977,33669770000000,33669770000000,Riverside,Alvord Unified,18165
cenroll2223.txt,2022_23,2022-23,33,66985,0000000,3366985,33669850000000,33669850000000,Riverside,Banning Unified,4846
cenroll2223.txt,2022_23,2022-23,33,66993,0000000,3366993,33669930000000,33669930000000,Riverside,Beaumont Unified,18263
cenroll2223.txt,2022_23,2022-23,33,31625,0000000,3331625,33316250000000,33316250000000,Riverside,California School for the Deaf-Riverside (State Special Schl),317
cenroll2223.txt,2022_23,2022-23,33,73676,0000000,3373676,33736760000000,33736760000000,Riverside,Coachella Valley Unified,17511
cenroll2223.txt,2022_23,2022-23,33,67033,0000000,3367033,33670330000000,33670330000000,Riverside,Corona-Norco Unified,53011
cenroll2223.txt,2022_23,2022-23,33,67041,0000000,3367041,33670410000000,33670410000000,Riverside,Desert Center Unified,29
cenroll2223.txt,2022_23,2022-23,33,67058,0000000,3367058,33670580000000,33670580000000,Riverside,Desert Sands Unified,27515
cenroll2223.txt,2022_23,2022-23,33,67082,0000000,3367082,33670820000000,33670820000000,Riverside,Hemet Unified,24540
cenroll2223.txt,2022_23,2022-23,33,67090,0000000,3367090,33670900000000,33670900000000,Riverside,Jurupa Unified,19501
cenroll2223.txt,2022_23,2022-23,33,75176,0000000,3375176,33751760000000,33751760000000,Riverside,Lake Elsinore Unified,22665
cenroll2223.txt,2022_23,2022-23,33,67116,0000000,3367116,33671160000000,33671160000000,Riverside,Menifee Union,14345
cenroll2223.txt,2022_23,2022-23,33,67124,0000000,3367124,33671240000000,33671240000000,Riverside,Moreno Valley Unified,34055
cenroll2223.txt,2022_23,2022-23,33,75200,0000000,3375200,33752000000000,33752000000000,Riverside,Murrieta Valley Unified,23420
cenroll2223.txt,2022_23,2022-23,33,67157,0000000,3367157,33671570000000,33671570000000,Riverside,Nuview Union,2285
cenroll2223.txt,2022_23,2022-23,33,67173,0000000,3367173,33671730000000,33671730000000,Riverside,Palm Springs Unified,22117
cenroll2223.txt,2022_23,2022-23,33,67181,0000000,3367181,33671810000000,33671810000000,Riverside,Palo Verde Unified,4332
cenroll2223.txt,2022_23,2022-23,33,67199,0000000,3367199,33671990000000,33671990000000,Riverside,Perris Elementary,5999
cenroll2223.txt,2022_23,2022-23,33,67207,0000000,3367207,33672070000000,33672070000000,Riverside,Perris Union High,12679
cenroll2223.txt,2022_23,2022-23,33,10330,0000000,3310330,33103300000000,33103300000000,Riverside,Riverside County Office of Education,15458
cenroll2223.txt,2022_23,2022-23,33,67215,0000000,3367215,33672150000000,33672150000000,Riverside,Riverside Unified,42290
cenroll2223.txt,2022_23,2022-23,33,67231,0000000,3367231,33672310000000,33672310000000,Riverside,Romoland Elementary,4915
cenroll2223.txt,2022_23,2022-23,33,67249,0000000,3367249,33672490000000,33672490000000,Riverside,San Jacinto Unified,12943
cenroll2223.txt,2022_23,2022-23,33,75192,0000000,3375192,33751920000000,33751920000000,Riverside,Temecula Valley Unified,29323
cenroll2223.txt,2022_23,2022-23,33,75242,0000000,3375242,33752420000000,33752420000000,Riverside,Val Verde Unified,20861
cenroll2223.txt,2022_23,2022-23,34,67280,0000000,3467280,34672800000000,34672800000000,Sacramento,Arcohe Union Elementary,511
cenroll2223.txt,2022_23,2022-23,34,32276,0000000,3432276,34322760000000,34322760000000,Sacramento,California Education Authority (CEA) Headquarters,113
cenroll2223.txt,2022_23,2022-23,34,73973,0000000,3473973,34739730000000,34739730000000,Sacramento,Center Joint Unified,4700
cenroll2223.txt,2022_23,2022-23,34,67314,0000000,3467314,34673140000000,34673140000000,Sacramento,Elk Grove Unified,65929
cenroll2223.txt,2022_23,2022-23,34,67322,0000000,3467322,34673220000000,34673220000000,Sacramento,Elverta Joint Elementary,230
cenroll2223.txt,2022_23,2022-23,34,67330,0000000,3467330,34673300000000,34673300000000,Sacramento,Folsom-Cordova Unified,21749
cenroll2223.txt,2022_23,2022-23,34,67348,0000000,3467348,34673480000000,34673480000000,Sacramento,Galt Joint Union Elementary,3493
cenroll2223.txt,2022_23,2022-23,34,67355,0000000,3467355,34673550000000,34673550000000,Sacramento,Galt Joint Union High,2159
cenroll2223.txt,2022_23,2022-23,34,75283,0000000,3475283,34752830000000,34752830000000,Sacramento,Natomas Unified,17548
cenroll2223.txt,2022_23,2022-23,34,67413,0000000,3467413,34674130000000,34674130000000,Sacramento,River Delta Joint Unified,2312
cenroll2223.txt,2022_23,2022-23,34,67421,0000000,3467421,34674210000000,34674210000000,Sacramento,Robla Elementary,3072
cenroll2223.txt,2022_23,2022-23,34,67439,0000000,3467439,34674390000000,34674390000000,Sacramento,Sacramento City Unified,46097
cenroll2223.txt,2022_23,2022-23,34,10348,0000000,3410348,34103480000000,34103480000000,Sacramento,Sacramento County Office of Education,4132
cenroll2223.txt,2022_23,2022-23,34,67447,0000000,3467447,34674470000000,34674470000000,Sacramento,San Juan Unified,54476
cenroll2223.txt,2022_23,2022-23,34,76505,0000000,3476505,34765050000000,34765050000000,Sacramento,Twin Rivers Unified,44305
cenroll2223.txt,2022_23,2022-23,35,75259,0000000,3575259,35752590000000,35752590000000,San Benito,Aromas - San Juan Unified,1040
cenroll2223.txt,2022_23,2022-23,35,67454,0000000,3567454,35674540000000,35674540000000,San Benito,Bitterwater-Tully Elementary,30
cenroll2223.txt,2022_23,2022-23,35,67462,0000000,3567462,35674620000000,35674620000000,San Benito,Cienega Union Elementary,27
cenroll2223.txt,2022_23,2022-23,35,67470,0000000,3567470,35674700000000,35674700000000,San Benito,Hollister,6437
cenroll2223.txt,2022_23,2022-23,35,67488,0000000,3567488,35674880000000,35674880000000,San Benito,Jefferson Elementary,3
cenroll2223.txt,2022_23,2022-23,35,67504,0000000,3567504,35675040000000,35675040000000,San Benito,North County Joint Union Elementary,768
cenroll2223.txt,2022_23,2022-23,35,67520,0000000,3567520,35675200000000,35675200000000,San Benito,Panoche Elementary,9
cenroll2223.txt,2022_23,2022-23,35,10355,0000000,3510355,35103550000000,35103550000000,San Benito,San Benito County Office of Education,96
cenroll2223.txt,2022_23,2022-23,35,67538,0000000,3567538,35675380000000,35675380000000,San Benito,San Benito High,3671
cenroll2223.txt,2022_23,2022-23,35,67553,0000000,3567553,35675530000000,35675530000000,San Benito,Southside Elementary,244
cenroll2223.txt,2022_23,2022-23,35,67561,0000000,3567561,35675610000000,35675610000000,San Benito,Tres Pinos Union Elementary,60
cenroll2223.txt,2022_23,2022-23,35,67579,0000000,3567579,35675790000000,35675790000000,San Benito,Willow Grove Union Elementary,24
cenroll2223.txt,2022_23,2022-23,36,67587,0000000,3667587,36675870000000,36675870000000,San Bernardino,Adelanto Elementary,9673
cenroll2223.txt,2022_23,2022-23,36,67595,0000000,3667595,36675950000000,36675950000000,San Bernardino,Alta Loma Elementary,5777
cenroll2223.txt,2022_23,2022-23,36,75077,0000000,3675077,36750770000000,36750770000000,San Bernardino,Apple Valley Unified,16431
cenroll2223.txt,2022_23,2022-23,36,73858,0000000,3673858,36738580000000,36738580000000,San Bernardino,Baker Valley Unified,133
cenroll2223.txt,2022_23,2022-23,36,67611,0000000,3667611,36676110000000,36676110000000,San Bernardino,Barstow Unified,7247
cenroll2223.txt,2022_23,2022-23,36,67637,0000000,3667637,36676370000000,36676370000000,San Bernardino,Bear Valley Unified,2344
cenroll2223.txt,2022_23,2022-23,36,67645,0000000,3667645,36676450000000,36676450000000,San Bernardino,Central Elementary,4587
cenroll2223.txt,2022_23,2022-23,36,67652,0000000,3667652,36676520000000,36676520000000,San Bernardino,Chaffey Joint Union High,24218
cenroll2223.txt,2022_23,2022-23,36,67678,0000000,3667678,36676780000000,36676780000000,San Bernardino,Chino Valley Unified,28037
cenroll2223.txt,2022_23,2022-23,36,67686,0000000,3667686,36676860000000,36676860000000,San Bernardino,Colton Joint Unified,21041
cenroll2223.txt,2022_23,2022-23,36,67694,0000000,3667694,36676940000000,36676940000000,San Bernardino,Cucamonga Elementary,2614
cenroll2223.txt,2022_23,2022-23,36,67702,0000000,3667702,36677020000000,36677020000000,San Bernardino,Etiwanda Elementary,13997
cenroll2223.txt,2022_23,2022-23,36,67710,0000000,3667710,36677100000000,36677100000000,San Bernardino,Fontana Unified,36434
cenroll2223.txt,2022_23,2022-23,36,67736,0000000,3667736,36677360000000,36677360000000,San Bernardino,Helendale Elementary,7993
cenroll2223.txt,2022_23,2022-23,36,75044,0000000,3675044,36750440000000,36750440000000,San Bernardino,Hesperia Unified,27882
cenroll2223.txt,2022_23,2022-23,36,75051,0000000,3675051,36750510000000,36750510000000,San Bernardino,Lucerne Valley Unified,14378
cenroll2223.txt,2022_23,2022-23,36,67777,0000000,3667777,36677770000000,36677770000000,San Bernardino,Morongo Unified,8075
cenroll2223.txt,2022_23,2022-23,36,67785,0000000,3667785,36677850000000,36677850000000,San Bernardino,Mountain View Elementary,3286
cenroll2223.txt,2022_23,2022-23,36,67793,0000000,3667793,36677930000000,36677930000000,San Bernardino,Mt. Baldy Joint Elementary,100
cenroll2223.txt,2022_23,2022-23,36,67801,0000000,3667801,36678010000000,36678010000000,San Bernardino,Needles Unified,1091
cenroll2223.txt,2022_23,2022-23,36,67819,0000000,3667819,36678190000000,36678190000000,San Bernardino,Ontario-Montclair,19613
cenroll2223.txt,2022_23,2022-23,36,67827,0000000,3667827,36678270000000,36678270000000,San Bernardino,Oro Grande,7163
cenroll2223.txt,2022_23,2022-23,36,67843,0000000,3667843,36678430000000,36678430000000,San Bernardino,Redlands Unified,21118
cenroll2223.txt,2022_23,2022-23,36,67850,0000000,3667850,36678500000000,36678500000000,San Bernardino,Rialto Unified,25698
cenroll2223.txt,2022_23,2022-23,36,67868,0000000,3667868,36678680000000,36678680000000,San Bernardino,Rim of the World Unified,3086
cenroll2223.txt,2022_23,2022-23,36,67876,0000000,3667876,36678760000000,36678760000000,San Bernardino,San Bernardino City Unified,55559
cenroll2223.txt,2022_23,2022-23,36,10363,0000000,3610363,36103630000000,36103630000000,San Bernardino,San Bernardino County Office of Education,8609
cenroll2223.txt,2022_23,2022-23,36,73890,0000000,3673890,36738900000000,36738900000000,San Bernardino,Silver Valley Unified,2248
cenroll2223.txt,2022_23,2022-23,36,73957,0000000,3673957,36739570000000,36739570000000,San Bernardino,Snowline Joint Unified,8824
cenroll2223.txt,2022_23,2022-23,36,67892,0000000,3667892,36678920000000,36678920000000,San Bernardino,Trona Joint Unified,281
cenroll2223.txt,2022_23,2022-23,36,75069,0000000,3675069,36750690000000,36750690000000,San Bernardino,Upland Unified,10656
cenroll2223.txt,2022_23,2022-23,36,67918,0000000,3667918,36679180000000,36679180000000,San Bernardino,Victor Elementary,13892
cenroll2223.txt,2022_23,2022-23,36,67934,0000000,3667934,36679340000000,36679340000000,San Bernardino,Victor Valley Union High,13990
cenroll2223.txt,2022_23,2022-23,36,67959,0000000,3667959,36679590000000,36679590000000,San Bernardino,Yucaipa-Calimesa Joint Unified,10030
cenroll2223.txt,2022_23,2022-23,37,67967,0000000,3767967,37679670000000,37679670000000,San Diego,Alpine Union Elementary,1599
cenroll2223.txt,2022_23,2022-23,37,76851,0000000,3776851,37768510000000,37768510000000,San Diego,Bonsall Unified,2279
cenroll2223.txt,2022_23,2022-23,37,67983,0000000,3767983,37679830000000,37679830000000,San Diego,Borrego Springs Unified,4128
cenroll2223.txt,2022_23,2022-23,37,67991,0000000,3767991,37679910000000,37679910000000,San Diego,Cajon Valley Union,18920
cenroll2223.txt,2022_23,2022-23,37,68007,0000000,3768007,37680070000000,37680070000000,San Diego,Cardiff Elementary,651
cenroll2223.txt,2022_23,2022-23,37,73551,0000000,3773551,37735510000000,37735510000000,San Diego,Carlsbad Unified,11293
cenroll2223.txt,2022_23,2022-23,37,68023,0000000,3768023,37680230000000,37680230000000,San Diego,Chula Vista Elementary,30816
cenroll2223.txt,2022_23,2022-23,37,68031,0000000,3768031,37680310000000,37680310000000,San Diego,Coronado Unified,2914
cenroll2223.txt,2022_23,2022-23,37,68049,0000000,3768049,37680490000000,37680490000000,San Diego,Dehesa Elementary,11452
cenroll2223.txt,2022_23,2022-23,37,68056,0000000,3768056,37680560000000,37680560000000,San Diego,Del Mar Union Elementary,3973
cenroll2223.txt,2022_23,2022-23,37,68080,0000000,3768080,37680800000000,37680800000000,San Diego,Encinitas Union Elementary,4737
cenroll2223.txt,2022_23,2022-23,37,68098,0000000,3768098,37680980000000,37680980000000,San Diego,Escondido Union,17962
cenroll2223.txt,2022_23,2022-23,37,68106,0000000,3768106,37681060000000,37681060000000,San Diego,Escondido Union High,9674
cenroll2223.txt,2022_23,2022-23,37,68114,0000000,3768114,37681140000000,37681140000000,San Diego,Fallbrook Union Elementary,5310
cenroll2223.txt,2022_23,2022-23,37,68122,0000000,3768122,37681220000000,37681220000000,San Diego,Fallbrook Union High,2195
cenroll2223.txt,2022_23,2022-23,37,68130,0000000,3768130,37681300000000,37681300000000,San Diego,Grossmont Union High,22840
cenroll2223.txt,2022_23,2022-23,37,68155,0000000,3768155,37681550000000,37681550000000,San Diego,Jamul-Dulzura Union Elementary,852
cenroll2223.txt,2022_23,2022-23,37,68163,0000000,3768163,37681630000000,37681630000000,San Diego,Julian Union Elementary,2494
cenroll2223.txt,2022_23,2022-23,37,68171,0000000,3768171,37681710000000,37681710000000,San Diego,Julian Union High,113
cenroll2223.txt,2022_23,2022-23,37,68197,0000000,3768197,37681970000000,37681970000000,San Diego,La Mesa-Spring Valley,11956
cenroll2223.txt,2022_23,2022-23,37,68189,0000000,3768189,37681890000000,37681890000000,San Diego,Lakeside Union Elementary,5159
cenroll2223.txt,2022_23,2022-23,37,68205,0000000,3768205,37682050000000,37682050000000,San Diego,Lemon Grove,3457
cenroll2223.txt,2022_23,2022-23,37,68213,0000000,3768213,37682130000000,37682130000000,San Diego,Mountain Empire Unified,5379
cenroll2223.txt,2022_23,2022-23,37,68221,0000000,3768221,37682210000000,37682210000000,San Diego,National Elementary,5089
cenroll2223.txt,2022_23,2022-23,37,73569,0000000,3773569,37735690000000,37735690000000,San Diego,Oceanside Unified,19990
cenroll2223.txt,2022_23,2022-23,37,68296,0000000,3768296,37682960000000,37682960000000,San Diego,Poway Unified,35817
cenroll2223.txt,2022_23,2022-23,37,68304,0000000,3768304,37683040000000,37683040000000,San Diego,Ramona City Unified,5289
cenroll2223.txt,2022_23,2022-23,37,68312,0000000,3768312,37683120000000,37683120000000,San Diego,Rancho Santa Fe Elementary,597
cenroll2223.txt,2022_23,2022-23,37,10371,0000000,3710371,37103710000000,37103710000000,San Diego,San Diego County Office of Education,9049
cenroll2223.txt,2022_23,2022-23,37,68338,0000000,3768338,37683380000000,37683380000000,San Diego,San Diego Unified,119496
cenroll2223.txt,2022_23,2022-23,37,68346,0000000,3768346,37683460000000,37683460000000,San Diego,San Dieguito Union High,12903
cenroll2223.txt,2022_23,2022-23,37,73791,0000000,3773791,37737910000000,37737910000000,San Diego,San Marcos Unified,20217
cenroll2223.txt,2022_23,2022-23,37,68353,0000000,3768353,37683530000000,37683530000000,San Diego,San Pasqual Union Elementary,498
cenroll2223.txt,2022_23,2022-23,37,68379,0000000,3768379,37683790000000,37683790000000,San Diego,San Ysidro Elementary,4653
cenroll2223.txt,2022_23,2022-23,37,68361,0000000,3768361,37683610000000,37683610000000,San Diego,Santee,6431
cenroll2223.txt,2022_23,2022-23,37,76471,0000000,3776471,37764710000000,37764710000000,San Diego,SBC - High Tech High,3900
cenroll2223.txt,2022_23,2022-23,37,77172,0000000,3777172,37771720000000,37771720000000,San Diego,SBE - Baypoint Preparatory Academy San Diego,215
cenroll2223.txt,2022_23,2022-23,37,77164,0000000,3777164,37771640000000,37771640000000,San Diego,SBE - College Preparatory Middle,400
cenroll2223.txt,2022_23,2022-23,37,77099,0000000,3777099,37770990000000,37770990000000,San Diego,SBE - Grossmont Secondary,553
cenroll2223.txt,2022_23,2022-23,37,77107,0000000,3777107,37771070000000,37771070000000,San Diego,SBE - Sweetwater Secondary,636
cenroll2223.txt,2022_23,2022-23,37,77156,0000000,3777156,37771560000000,37771560000000,San Diego,SBE - Vista Springs Charter,275
cenroll2223.txt,2022_23,2022-23,37,68387,0000000,3768387,37683870000000,37683870000000,San Diego,Solana Beach Elementary,2869
cenroll2223.txt,2022_23,2022-23,37,68395,0000000,3768395,37683950000000,37683950000000,San Diego,South Bay Union,6314
cenroll2223.txt,2022_23,2022-23,37,68403,0000000,3768403,37684030000000,37684030000000,San Diego,Spencer Valley Elementary,4529
cenroll2223.txt,2022_23,2022-23,37,68411,0000000,3768411,37684110000000,37684110000000,San Diego,Sweetwater Union High,39547
cenroll2223.txt,2022_23,2022-23,37,68437,0000000,3768437,37684370000000,37684370000000,San Diego,Vallecitos Elementary,202
cenroll2223.txt,2022_23,2022-23,37,75614,0000000,3775614,37756140000000,37756140000000,San Diego,Valley Center-Pauma Unified,3942
cenroll2223.txt,2022_23,2022-23,37,68452,0000000,3768452,37684520000000,37684520000000,San Diego,Vista Unified,23369
cenroll2223.txt,2022_23,2022-23,37,75416,0000000,3775416,37754160000000,37754160000000,San Diego,Warner Unified,2933
cenroll2223.txt,2022_23,2022-23,38,10389,0000000,3810389,38103890000000,38103890000000,San Francisco,San Francisco County Office of Education,517
cenroll2223.txt,2022_23,2022-23,38,68478,0000000,3868478,38684780000000,38684780000000,San Francisco,San Francisco Unified,63629
cenroll2223.txt,2022_23,2022-23,38,77131,0000000,3877131,38771310000000,38771310000000,San Francisco,SBE - KIPP Bayview Elementary,172
cenroll2223.txt,2022_23,2022-23,38,76927,0000000,3876927,38769270000000,38769270000000,San Francisco,SBE - The New School of San Francisco,449
cenroll2223.txt,2022_23,2022-23,39,77388,0000000,3977388,39773880000000,39773880000000,San Joaquin,Banta Unified,2810
cenroll2223.txt,2022_23,2022-23,39,68502,0000000,3968502,39685020000000,39685020000000,San Joaquin,Escalon Unified,3105
cenroll2223.txt,2022_23,2022-23,39,68544,0000000,3968544,39685440000000,39685440000000,San Joaquin,Jefferson Elementary,2862
cenroll2223.txt,2022_23,2022-23,39,76760,0000000,3976760,39767600000000,39767600000000,San Joaquin,Lammersville Joint Unified,7843
cenroll2223.txt,2022_23,2022-23,39,68569,0000000,3968569,39685690000000,39685690000000,San Joaquin,Lincoln Unified,9370
cenroll2223.txt,2022_23,2022-23,39,68577,0000000,3968577,39685770000000,39685770000000,San Joaquin,Linden Unified,2400
cenroll2223.txt,2022_23,2022-23,39,68585,0000000,3968585,39685850000000,39685850000000,San Joaquin,Lodi Unified,31969
cenroll2223.txt,2022_23,2022-23,39,68593,0000000,3968593,39685930000000,39685930000000,San Joaquin,Manteca Unified,26332
cenroll2223.txt,2022_23,2022-23,39,68619,0000000,3968619,39686190000000,39686190000000,San Joaquin,New Hope Elementary,184
cenroll2223.txt,2022_23,2022-23,39,68627,0000000,3968627,39686270000000,39686270000000,San Joaquin,New Jerusalem Elementary,7676
cenroll2223.txt,2022_23,2022-23,39,68635,0000000,3968635,39686350000000,39686350000000,San Joaquin,Oak View Union Elementary,401
cenroll2223.txt,2022_23,2022-23,39,68650,0000000,3968650,39686500000000,39686500000000,San Joaquin,Ripon Unified,5448
cenroll2223.txt,2022_23,2022-23,39,10397,0000000,3910397,39103970000000,39103970000000,San Joaquin,San Joaquin County Office of Education,6919
cenroll2223.txt,2022_23,2022-23,39,68676,0000000,3968676,39686760000000,39686760000000,San Joaquin,Stockton Unified,41762
cenroll2223.txt,2022_23,2022-23,39,75499,0000000,3975499,39754990000000,39754990000000,San Joaquin,Tracy Joint Unified,16161
cenroll2223.txt,2022_23,2022-23,40,68700,0000000,4068700,40687000000000,40687000000000,San Luis Obispo,Atascadero Unified,4486
cenroll2223.txt,2022_23,2022-23,40,68726,0000000,4068726,40687260000000,40687260000000,San Luis Obispo,Cayucos Elementary,174
cenroll2223.txt,2022_23,2022-23,40,75465,0000000,4075465,40754650000000,40754650000000,San Luis Obispo,Coast Unified,513
cenroll2223.txt,2022_23,2022-23,40,68759,0000000,4068759,40687590000000,40687590000000,San Luis Obispo,Lucia Mar Unified,9960
cenroll2223.txt,2022_23,2022-23,40,75457,0000000,4075457,40754570000000,40754570000000,San Luis Obispo,Paso Robles Joint Unified,6642
cenroll2223.txt,2022_23,2022-23,40,68791,0000000,4068791,40687910000000,40687910000000,San Luis Obispo,Pleasant Valley Joint Union Elementary,63
cenroll2223.txt,2022_23,2022-23,40,68809,0000000,4068809,40688090000000,40688090000000,San Luis Obispo,San Luis Coastal Unified,7963
cenroll2223.txt,2022_23,2022-23,40,10405,0000000,4010405,40104050000000,40104050000000,San Luis Obispo,San Luis Obispo County Office of Education,1126
cenroll2223.txt,2022_23,2022-23,40,68825,0000000,4068825,40688250000000,40688250000000,San Luis Obispo,San Miguel Joint Union,703
cenroll2223.txt,2022_23,2022-23,40,68833,0000000,4068833,40688330000000,40688330000000,San Luis Obispo,Shandon Joint Unified,285
cenroll2223.txt,2022_23,2022-23,40,68841,0000000,4068841,40688410000000,40688410000000,San Luis Obispo,Templeton Unified,2317
cenroll2223.txt,2022_23,2022-23,41,68858,0000000,4168858,41688580000000,41688580000000,San Mateo,Bayshore Elementary,346
cenroll2223.txt,2022_23,2022-23,41,68866,0000000,4168866,41688660000000,41688660000000,San Mateo,Belmont-Redwood Shores Elementary,4108
cenroll2223.txt,2022_23,2022-23,41,68874,0000000,4168874,41688740000000,41688740000000,San Mateo,Brisbane Elementary,471
cenroll2223.txt,2022_23,2022-23,41,68882,0000000,4168882,41688820000000,41688820000000,San Mateo,Burlingame Elementary,3391
cenroll2223.txt,2022_23,2022-23,41,68890,0000000,4168890,41688900000000,41688900000000,San Mateo,Cabrillo Unified,2811
cenroll2223.txt,2022_23,2022-23,41,68908,0000000,4168908,41689080000000,41689080000000,San Mateo,Hillsborough City Elementary,1325
cenroll2223.txt,2022_23,2022-23,41,68916,0000000,4168916,41689160000000,41689160000000,San Mateo,Jefferson Elementary,6562
cenroll2223.txt,2022_23,2022-23,41,68924,0000000,4168924,41689240000000,41689240000000,San Mateo,Jefferson Union High,4484
cenroll2223.txt,2022_23,2022-23,41,68940,0000000,4168940,41689400000000,41689400000000,San Mateo,La Honda-Pescadero Unified,266
cenroll2223.txt,2022_23,2022-23,41,68957,0000000,4168957,41689570000000,41689570000000,San Mateo,Las Lomitas Elementary,1202
cenroll2223.txt,2022_23,2022-23,41,68965,0000000,4168965,41689650000000,41689650000000,San Mateo,Menlo Park City Elementary,2761
cenroll2223.txt,2022_23,2022-23,41,68973,0000000,4168973,41689730000000,41689730000000,San Mateo,Millbrae Elementary,2154
cenroll2223.txt,2022_23,2022-23,41,68932,0000000,4168932,41689320000000,41689320000000,San Mateo,Pacifica,2849
cenroll2223.txt,2022_23,2022-23,41,68981,0000000,4168981,41689810000000,41689810000000,San Mateo,Portola Valley Elementary,522
cenroll2223.txt,2022_23,2022-23,41,68999,0000000,4168999,41689990000000,41689990000000,San Mateo,Ravenswood City Elementary,2840
cenroll2223.txt,2022_23,2022-23,41,69005,0000000,4169005,41690050000000,41690050000000,San Mateo,Redwood City Elementary,7795
cenroll2223.txt,2022_23,2022-23,41,69013,0000000,4169013,41690130000000,41690130000000,San Mateo,San Bruno Park Elementary,2106
cenroll2223.txt,2022_23,2022-23,41,69021,0000000,4169021,41690210000000,41690210000000,San Mateo,San Carlos Elementary,3093
cenroll2223.txt,2022_23,2022-23,41,10413,0000000,4110413,41104130000000,41104130000000,San Mateo,San Mateo County Office of Education,319
cenroll2223.txt,2022_23,2022-23,41,69047,0000000,4169047,41690470000000,41690470000000,San Mateo,San Mateo Union High,9773
cenroll2223.txt,2022_23,2022-23,41,69039,0000000,4169039,41690390000000,41690390000000,San Mateo,San Mateo-Foster City,10495
cenroll2223.txt,2022_23,2022-23,41,69062,0000000,4169062,41690620000000,41690620000000,San Mateo,Sequoia Union High,10084
cenroll2223.txt,2022_23,2022-23,41,69070,0000000,4169070,41690700000000,41690700000000,San Mateo,South San Francisco Unified,8147
cenroll2223.txt,2022_23,2022-23,41,69088,0000000,4169088,41690880000000,41690880000000,San Mateo,Woodside Elementary,377
cenroll2223.txt,2022_23,2022-23,42,69104,0000000,4269104,42691040000000,42691040000000,Santa Barbara,Ballard Elementary,119
cenroll2223.txt,2022_23,2022-23,42,69112,0000000,4269112,42691120000000,42691120000000,Santa Barbara,Blochman Union Elementary,1610
cenroll2223.txt,2022_23,2022-23,42,69138,0000000,4269138,42691380000000,42691380000000,Santa Barbara,Buellton Union Elementary,543
cenroll2223.txt,2022_23,2022-23,42,69146,0000000,4269146,42691460000000,42691460000000,Santa Barbara,Carpinteria Unified,2083
cenroll2223.txt,2022_23,2022-23,42,69161,0000000,4269161,42691610000000,42691610000000,Santa Barbara,Cold Spring Elementary,193
cenroll2223.txt,2022_23,2022-23,42,69179,0000000,4269179,42691790000000,42691790000000,Santa Barbara,College Elementary,387
cenroll2223.txt,2022_23,2022-23,42,75010,0000000,4275010,42750100000000,42750100000000,Santa Barbara,Cuyama Joint Unified,332
cenroll2223.txt,2022_23,2022-23,42,69195,0000000,4269195,42691950000000,42691950000000,Santa Barbara,Goleta Union Elementary,3535
cenroll2223.txt,2022_23,2022-23,42,69203,0000000,4269203,42692030000000,42692030000000,Santa Barbara,Guadalupe Union Elementary,1360
cenroll2223.txt,2022_23,2022-23,42,69211,0000000,4269211,42692110000000,42692110000000,Santa Barbara,Hope Elementary,867
cenroll2223.txt,2022_23,2022-23,42,69229,0000000,4269229,42692290000000,42692290000000,Santa Barbara,Lompoc Unified,10011
cenroll2223.txt,2022_23,2022-23,42,69245,0000000,4269245,42692450000000,42692450000000,Santa Barbara,Los Olivos Elementary,168
cenroll2223.txt,2022_23,2022-23,42,69252,0000000,4269252,42692520000000,42692520000000,Santa Barbara,Montecito Union Elementary,363
cenroll2223.txt,2022_23,2022-23,42,69260,0000000,4269260,42692600000000,42692600000000,Santa Barbara,Orcutt Union Elementary,4932
cenroll2223.txt,2022_23,2022-23,42,10421,0000000,4210421,42104210000000,42104210000000,Santa Barbara,Santa Barbara County Office of Education,214
cenroll2223.txt,2022_23,2022-23,42,76786,0000000,4276786,42767860000000,42767860000000,Santa Barbara,Santa Barbara Unified,14035
cenroll2223.txt,2022_23,2022-23,42,69310,0000000,4269310,42693100000000,42693100000000,Santa Barbara,Santa Maria Joint Union High,9561
cenroll2223.txt,2022_23,2022-23,42,69120,0000000,4269120,42691200000000,42691200000000,Santa Barbara,Santa Maria-Bonita,17309
cenroll2223.txt,2022_23,2022-23,42,69328,0000000,4269328,42693280000000,42693280000000,Santa Barbara,Santa Ynez Valley Union High,881
cenroll2223.txt,2022_23,2022-23,42,77214,0000000,4277214,42772140000000,42772140000000,Santa Barbara,SBE - Olive Grove Charter - Buellton,60
cenroll2223.txt,2022_23,2022-23,42,77206,0000000,4277206,42772060000000,42772060000000,Santa Barbara,SBE - Olive Grove Charter - Lompoc,139
cenroll2223.txt,2022_23,2022-23,42,77198,0000000,4277198,42771980000000,42771980000000,Santa Barbara,SBE - Olive Grove Charter - Orcutt/Santa Maria,213
cenroll2223.txt,2022_23,2022-23,42,77222,0000000,4277222,42772220000000,42772220000000,Santa Barbara,SBE - Olive Grove Charter - Santa Barbara,119
cenroll2223.txt,2022_23,2022-23,42,69336,0000000,4269336,42693360000000,42693360000000,Santa Barbara,Solvang Elementary,622
cenroll2223.txt,2022_23,2022-23,42,69344,0000000,4269344,42693440000000,42693440000000,Santa Barbara,Vista del Mar Union,41
cenroll2223.txt,2022_23,2022-23,43,69369,0000000,4369369,43693690000000,43693690000000,Santa Clara,Alum Rock Union Elementary,9554
cenroll2223.txt,2022_23,2022-23,43,69377,0000000,4369377,43693770000000,43693770000000,Santa Clara,Berryessa Union Elementary,6313
cenroll2223.txt,2022_23,2022-23,43,69385,0000000,4369385,43693850000000,43693850000000,Santa Clara,Cambrian,3009
cenroll2223.txt,2022_23,2022-23,43,69393,0000000,4369393,43693930000000,43693930000000,Santa Clara,Campbell Union,6626
cenroll2223.txt,2022_23,2022-23,43,69401,0000000,4369401,43694010000000,43694010000000,Santa Clara,Campbell Union High,8906
cenroll2223.txt,2022_23,2022-23,43,69419,0000000,4369419,43694190000000,43694190000000,Santa Clara,Cupertino Union,14339
cenroll2223.txt,2022_23,2022-23,43,69427,0000000,4369427,43694270000000,43694270000000,Santa Clara,East Side Union High,26252
cenroll2223.txt,2022_23,2022-23,43,69435,0000000,4369435,43694350000000,43694350000000,Santa Clara,Evergreen Elementary,9263
cenroll2223.txt,2022_23,2022-23,43,69450,0000000,4369450,43694500000000,43694500000000,Santa Clara,Franklin-McKinley Elementary,8704
cenroll2223.txt,2022_23,2022-23,43,69468,0000000,4369468,43694680000000,43694680000000,Santa Clara,Fremont Union High,10254
cenroll2223.txt,2022_23,2022-23,43,69484,0000000,4369484,43694840000000,43694840000000,Santa Clara,Gilroy Unified,11459
cenroll2223.txt,2022_23,2022-23,43,69492,0000000,4369492,43694920000000,43694920000000,Santa Clara,Lakeside Joint,77
cenroll2223.txt,2022_23,2022-23,43,69500,0000000,4369500,43695000000000,43695000000000,Santa Clara,Loma Prieta Joint Union Elementary,442
cenroll2223.txt,2022_23,2022-23,43,69518,0000000,4369518,43695180000000,43695180000000,Santa Clara,Los Altos Elementary,3490
cenroll2223.txt,2022_23,2022-23,43,69526,0000000,4369526,43695260000000,43695260000000,Santa Clara,Los Gatos Union Elementary,2710
cenroll2223.txt,2022_23,2022-23,43,69534,0000000,4369534,43695340000000,43695340000000,Santa Clara,Los Gatos-Saratoga Union High,3311
cenroll2223.txt,2022_23,2022-23,43,69542,0000000,4369542,43695420000000,43695420000000,Santa Clara,Luther Burbank,457
cenroll2223.txt,2022_23,2022-23,43,73387,0000000,4373387,43733870000000,43733870000000,Santa Clara,Milpitas Unified,10492
cenroll2223.txt,2022_23,2022-23,43,69575,0000000,4369575,43695750000000,43695750000000,Santa Clara,Moreland,4203
cenroll2223.txt,2022_23,2022-23,43,69583,0000000,4369583,43695830000000,43695830000000,Santa Clara,Morgan Hill Unified,9001
cenroll2223.txt,2022_23,2022-23,43,69617,0000000,4369617,43696170000000,43696170000000,Santa Clara,Mount Pleasant Elementary,1776
cenroll2223.txt,2022_23,2022-23,43,69591,0000000,4369591,43695910000000,43695910000000,Santa Clara,Mountain View Whisman,4819
cenroll2223.txt,2022_23,2022-23,43,69609,0000000,4369609,43696090000000,43696090000000,Santa Clara,Mountain View-Los Altos Union High,4570
cenroll2223.txt,2022_23,2022-23,43,69625,0000000,4369625,43696250000000,43696250000000,Santa Clara,Oak Grove Elementary,9262
cenroll2223.txt,2022_23,2022-23,43,69633,0000000,4369633,43696330000000,43696330000000,Santa Clara,Orchard Elementary,863
cenroll2223.txt,2022_23,2022-23,43,69641,0000000,4369641,43696410000000,43696410000000,Santa Clara,Palo Alto Unified,10788
cenroll2223.txt,2022_23,2022-23,43,69666,0000000,4369666,43696660000000,43696660000000,Santa Clara,San Jose Unified,27869
cenroll2223.txt,2022_23,2022-23,43,10439,0000000,4310439,43104390000000,43104390000000,Santa Clara,Santa Clara County Office of Education,12754
cenroll2223.txt,2022_23,2022-23,43,69674,0000000,4369674,43696740000000,43696740000000,Santa Clara,Santa Clara Unified,14799
cenroll2223.txt,2022_23,2022-23,43,69682,0000000,4369682,43696820000000,43696820000000,Santa Clara,Saratoga Union Elementary,1675
cenroll2223.txt,2022_23,2022-23,43,77149,0000000,4377149,43771490000000,43771490000000,Santa Clara,SBE - KIPP Navigate College Prep,378
cenroll2223.txt,2022_23,2022-23,43,77115,0000000,4377115,43771150000000,43771150000000,Santa Clara,SBE - Perseverance Preparatory,107
cenroll2223.txt,2022_23,2022-23,43,69690,0000000,4369690,43696900000000,43696900000000,Santa Clara,Sunnyvale,5844
cenroll2223.txt,2022_23,2022-23,43,69708,0000000,4369708,43697080000000,43697080000000,Santa Clara,Union Elementary,5531
cenroll2223.txt,2022_23,2022-23,44,69732,0000000,4469732,44697320000000,44697320000000,Santa Cruz,Bonny Doon Union Elementary,117
cenroll2223.txt,2022_23,2022-23,44,69757,0000000,4469757,44697570000000,44697570000000,Santa Cruz,Happy Valley Elementary,120
cenroll2223.txt,2022_23,2022-23,44,69765,0000000,4469765,44697650000000,44697650000000,Santa Cruz,Live Oak Elementary,1769
cenroll2223.txt,2022_23,2022-23,44,69773,0000000,4469773,44697730000000,44697730000000,Santa Cruz,Mountain Elementary,169
cenroll2223.txt,2022_23,2022-23,44,69781,0000000,4469781,44697810000000,44697810000000,Santa Cruz,Pacific Elementary,168
cenroll2223.txt,2022_23,2022-23,44,69799,0000000,4469799,44697990000000,44697990000000,Santa Cruz,Pajaro Valley Unified,18458
cenroll2223.txt,2022_23,2022-23,44,69807,0000000,4469807,44698070000000,44698070000000,Santa Cruz,San Lorenzo Valley Unified,5740
cenroll2223.txt,2022_23,2022-23,44,69815,0000000,4469815,44698150000000,44698150000000,Santa Cruz,Santa Cruz City Elementary,1797
cenroll2223.txt,2022_23,2022-23,44,69823,0000000,4469823,44698230000000,44698230000000,Santa Cruz,Santa Cruz City High,4553
cenroll2223.txt,2022_23,2022-23,44,10447,0000000,4410447,44104470000000,44104470000000,Santa Cruz,Santa Cruz County Office of Education,2055
cenroll2223.txt,2022_23,2022-23,44,77248,0000000,4477248,44772480000000,44772480000000,Santa Cruz,SBE - Watsonville Prep,420
cenroll2223.txt,2022_23,2022-23,44,75432,0000000,4475432,44754320000000,44754320000000,Santa Cruz,Scotts Valley Unified,2777
cenroll2223.txt,2022_23,2022-23,44,69849,0000000,4469849,44698490000000,44698490000000,Santa Cruz,Soquel Union Elementary,1703
cenroll2223.txt,2022_23,2022-23,45,69856,0000000,4569856,45698560000000,45698560000000,Shasta,Anderson Union High,1748
cenroll2223.txt,2022_23,2022-23,45,69872,0000000,4569872,45698720000000,45698720000000,Shasta,Bella Vista Elementary,364
cenroll2223.txt,2022_23,2022-23,45,69880,0000000,4569880,45698800000000,45698800000000,Shasta,Black Butte Union Elementary,271
cenroll2223.txt,2022_23,2022-23,45,69914,0000000,4569914,45699140000000,45699140000000,Shasta,Cascade Union Elementary,1555
cenroll2223.txt,2022_23,2022-23,45,69922,0000000,4569922,45699220000000,45699220000000,Shasta,Castle Rock Union Elementary,42
cenroll2223.txt,2022_23,2022-23,45,69948,0000000,4569948,45699480000000,45699480000000,Shasta,Columbia Elementary,2272
cenroll2223.txt,2022_23,2022-23,45,69955,0000000,4569955,45699550000000,45699550000000,Shasta,Cottonwood Union Elementary,1239
cenroll2223.txt,2022_23,2022-23,45,69971,0000000,4569971,45699710000000,45699710000000,Shasta,Enterprise Elementary,3904
cenroll2223.txt,2022_23,2022-23,45,69989,0000000,4569989,45699890000000,45699890000000,Shasta,Fall River Joint Unified,1246
cenroll2223.txt,2022_23,2022-23,45,69997,0000000,4569997,45699970000000,45699970000000,Shasta,French Gulch-Whiskeytown Elementary,21
cenroll2223.txt,2022_23,2022-23,45,75267,0000000,4575267,45752670000000,45752670000000,Shasta,Gateway Unified,2658
cenroll2223.txt,2022_23,2022-23,45,70003,0000000,4570003,45700030000000,45700030000000,Shasta,Grant Elementary,657
cenroll2223.txt,2022_23,2022-23,45,70011,0000000,4570011,45700110000000,45700110000000,Shasta,Happy Valley Union Elementary,560
cenroll2223.txt,2022_23,2022-23,45,70029,0000000,4570029,45700290000000,45700290000000,Shasta,"Igo, Ono, Platina Union Elementary",39
cenroll2223.txt,2022_23,2022-23,45,70045,0000000,4570045,45700450000000,45700450000000,Shasta,Junction Elementary,404
cenroll2223.txt,2022_23,2022-23,45,70052,0000000,4570052,45700520000000,45700520000000,Shasta,Millville Elementary,275
cenroll2223.txt,2022_23,2022-23,45,73700,0000000,4573700,45737000000000,45737000000000,Shasta,Mountain Union Elementary,100
cenroll2223.txt,2022_23,2022-23,45,70078,0000000,4570078,45700780000000,45700780000000,Shasta,North Cow Creek Elementary,268
cenroll2223.txt,2022_23,2022-23,45,70086,0000000,4570086,45700860000000,45700860000000,Shasta,Oak Run Elementary,65
cenroll2223.txt,2022_23,2022-23,45,70094,0000000,4570094,45700940000000,45700940000000,Shasta,Pacheco Union Elementary,738
cenroll2223.txt,2022_23,2022-23,45,70110,0000000,4570110,45701100000000,45701100000000,Shasta,Redding Elementary,3311
cenroll2223.txt,2022_23,2022-23,45,10454,0000000,4510454,45104540000000,45104540000000,Shasta,Shasta County Office of Education,1055
cenroll2223.txt,2022_23,2022-23,45,70128,0000000,4570128,45701280000000,45701280000000,Shasta,Shasta Union Elementary,106
cenroll2223.txt,2022_23,2022-23,45,70136,0000000,4570136,45701360000000,45701360000000,Shasta,Shasta Union High,5837
cenroll2223.txt,2022_23,2022-23,45,70169,0000000,4570169,45701690000000,45701690000000,Shasta,Whitmore Union Elementary,79
cenroll2223.txt,2022_23,2022-23,46,70177,0000000,4670177,46701770000000,46701770000000,Sierra,Sierra-Plumas Joint Unified,399
cenroll2223.txt,2022_23,2022-23,47,70185,0000000,4770185,47701850000000,47701850000000,Siskiyou,Big Springs Union Elementary,168
cenroll2223.txt,2022_23,2022-23,47,70193,0000000,4770193,47701930000000,47701930000000,Siskiyou,Bogus Elementary,18
cenroll2223.txt,2022_23,2022-23,47,73684,0000000,4773684,47736840000000,47736840000000,Siskiyou,Butte Valley Unified,308
cenroll2223.txt,2022_23,2022-23,47,70201,0000000,4770201,47702010000000,47702010000000,Siskiyou,Butteville Union Elementary,182
cenroll2223.txt,2022_23,2022-23,47,70227,0000000,4770227,47702270000000,47702270000000,Siskiyou,Delphic Elementary,65
cenroll2223.txt,2022_23,2022-23,47,70243,0000000,4770243,47702430000000,47702430000000,Siskiyou,Dunsmuir Elementary,102
cenroll2223.txt,2022_23,2022-23,47,70250,0000000,4770250,47702500000000,47702500000000,Siskiyou,Dunsmuir Joint Union High,79
cenroll2223.txt,2022_23,2022-23,47,70318,0000000,4770318,47703180000000,47703180000000,Siskiyou,Gazelle Union Elementary,38
cenroll2223.txt,2022_23,2022-23,47,70326,0000000,4770326,47703260000000,47703260000000,Siskiyou,Grenada Elementary,208
cenroll2223.txt,2022_23,2022-23,47,70334,0000000,4770334,47703340000000,47703340000000,Siskiyou,Happy Camp Union Elementary,122
cenroll2223.txt,2022_23,2022-23,47,70359,0000000,4770359,47703590000000,47703590000000,Siskiyou,Hornbrook Elementary,49
cenroll2223.txt,2022_23,2022-23,47,70367,0000000,4770367,47703670000000,47703670000000,Siskiyou,Junction Elementary,18
cenroll2223.txt,2022_23,2022-23,47,70375,0000000,4770375,47703750000000,47703750000000,Siskiyou,Klamath River Union Elementary,9
cenroll2223.txt,2022_23,2022-23,47,70383,0000000,4770383,47703830000000,47703830000000,Siskiyou,Little Shasta Elementary,13
cenroll2223.txt,2022_23,2022-23,47,70409,0000000,4770409,47704090000000,47704090000000,Siskiyou,McCloud Union Elementary,62
cenroll2223.txt,2022_23,2022-23,47,70417,0000000,4770417,47704170000000,47704170000000,Siskiyou,Montague Elementary,186
cenroll2223.txt,2022_23,2022-23,47,70425,0000000,4770425,47704250000000,47704250000000,Siskiyou,Mt. Shasta Union Elementary,495
cenroll2223.txt,2022_23,2022-23,47,76455,0000000,4776455,47764550000000,47764550000000,Siskiyou,Scott Valley Unified,676
cenroll2223.txt,2022_23,2022-23,47,70458,0000000,4770458,47704580000000,47704580000000,Siskiyou,Seiad Elementary,21
cenroll2223.txt,2022_23,2022-23,47,10470,0000000,4710470,47104700000000,47104700000000,Siskiyou,Siskiyou County Office of Education,733
cenroll2223.txt,2022_23,2022-23,47,70466,0000000,4770466,47704660000000,47704660000000,Siskiyou,Siskiyou Union High,561
cenroll2223.txt,2022_23,2022-23,47,70482,0000000,4770482,47704820000000,47704820000000,Siskiyou,Weed Union Elementary,346
cenroll2223.txt,2022_23,2022-23,47,70490,0000000,4770490,47704900000000,47704900000000,Siskiyou,Willow Creek Elementary,49
cenroll2223.txt,2022_23,2022-23,47,70508,0000000,4770508,47705080000000,47705080000000,Siskiyou,Yreka Union Elementary,959
cenroll2223.txt,2022_23,2022-23,47,70516,0000000,4770516,47705160000000,47705160000000,Siskiyou,Yreka Union High,793
cenroll2223.txt,2022_23,2022-23,48,70524,0000000,4870524,48705240000000,48705240000000,Solano,Benicia Unified,4486
cenroll2223.txt,2022_23,2022-23,48,70532,0000000,4870532,48705320000000,48705320000000,Solano,Dixon Unified,3635
cenroll2223.txt,2022_23,2022-23,48,70540,0000000,4870540,48705400000000,48705400000000,Solano,Fairfield-Suisun Unified,21617
cenroll2223.txt,2022_23,2022-23,48,10488,0000000,4810488,48104880000000,48104880000000,Solano,Solano County Office of Education,1288
cenroll2223.txt,2022_23,2022-23,48,70565,0000000,4870565,48705650000000,48705650000000,Solano,Travis Unified,5647
cenroll2223.txt,2022_23,2022-23,48,70573,0000000,4870573,48705730000000,48705730000000,Solano,Vacaville Unified,13891
cenroll2223.txt,2022_23,2022-23,48,70581,0000000,4870581,48705810000000,48705810000000,Solano,Vallejo City Unified,13117
cenroll2223.txt,2022_23,2022-23,49,70599,0000000,4970599,49705990000000,49705990000000,Sonoma,Alexander Valley Union Elementary,112
cenroll2223.txt,2022_23,2022-23,49,70615,0000000,4970615,49706150000000,49706150000000,Sonoma,Bellevue Union,1708
cenroll2223.txt,2022_23,2022-23,49,70623,0000000,4970623,49706230000000,49706230000000,Sonoma,Bennett Valley Union Elementary,980
cenroll2223.txt,2022_23,2022-23,49,70649,0000000,4970649,49706490000000,49706490000000,Sonoma,Cinnabar Elementary,231
cenroll2223.txt,2022_23,2022-23,49,70656,0000000,4970656,49706560000000,49706560000000,Sonoma,Cloverdale Unified,1398
cenroll2223.txt,2022_23,2022-23,49,73882,0000000,4973882,49738820000000,49738820000000,Sonoma,Cotati-Rohnert Park Unified,6697
cenroll2223.txt,2022_23,2022-23,49,70672,0000000,4970672,49706720000000,49706720000000,Sonoma,Dunham Elementary,154
cenroll2223.txt,2022_23,2022-23,49,70680,0000000,4970680,49706800000000,49706800000000,Sonoma,Forestville Union Elementary,232
cenroll2223.txt,2022_23,2022-23,49,70698,0000000,4970698,49706980000000,49706980000000,Sonoma,Fort Ross Elementary,14
cenroll2223.txt,2022_23,2022-23,49,70706,0000000,4970706,49707060000000,49707060000000,Sonoma,Geyserville Unified,221
cenroll2223.txt,2022_23,2022-23,49,70714,0000000,4970714,49707140000000,49707140000000,Sonoma,Gravenstein Union Elementary,803
cenroll2223.txt,2022_23,2022-23,49,70722,0000000,4970722,49707220000000,49707220000000,Sonoma,Guerneville Elementary,423
cenroll2223.txt,2022_23,2022-23,49,70730,0000000,4970730,49707300000000,49707300000000,Sonoma,Harmony Union Elementary,570
cenroll2223.txt,2022_23,2022-23,49,75390,0000000,4975390,49753900000000,49753900000000,Sonoma,Healdsburg Unified,1303
cenroll2223.txt,2022_23,2022-23,49,70763,0000000,4970763,49707630000000,49707630000000,Sonoma,Horicon Elementary,64
cenroll2223.txt,2022_23,2022-23,49,70888,0000000,4970888,49708880000000,49708880000000,Sonoma,Kashia Elementary,9
cenroll2223.txt,2022_23,2022-23,49,70789,0000000,4970789,49707890000000,49707890000000,Sonoma,Kenwood,119
cenroll2223.txt,2022_23,2022-23,49,70797,0000000,4970797,49707970000000,49707970000000,Sonoma,Liberty Elementary,1952
cenroll2223.txt,2022_23,2022-23,49,70805,0000000,4970805,49708050000000,49708050000000,Sonoma,Mark West Union Elementary,1359
cenroll2223.txt,2022_23,2022-23,49,70813,0000000,4970813,49708130000000,49708130000000,Sonoma,Monte Rio Union Elementary,66
cenroll2223.txt,2022_23,2022-23,49,70821,0000000,4970821,49708210000000,49708210000000,Sonoma,Montgomery Elementary,25
cenroll2223.txt,2022_23,2022-23,49,70839,0000000,4970839,49708390000000,49708390000000,Sonoma,Oak Grove Union Elementary,1316
cenroll2223.txt,2022_23,2022-23,49,70847,0000000,4970847,49708470000000,49708470000000,Sonoma,Old Adobe Union,2045
cenroll2223.txt,2022_23,2022-23,49,70854,0000000,4970854,49708540000000,49708540000000,Sonoma,Petaluma City Elementary,2528
cenroll2223.txt,2022_23,2022-23,49,70862,0000000,4970862,49708620000000,49708620000000,Sonoma,Petaluma Joint Union High,5080
cenroll2223.txt,2022_23,2022-23,49,70870,0000000,4970870,49708700000000,49708700000000,Sonoma,Piner-Olivet Union Elementary,1302
cenroll2223.txt,2022_23,2022-23,49,70896,0000000,4970896,49708960000000,49708960000000,Sonoma,Rincon Valley Union Elementary,3206
cenroll2223.txt,2022_23,2022-23,49,70904,0000000,4970904,49709040000000,49709040000000,Sonoma,Roseland,2908
cenroll2223.txt,2022_23,2022-23,49,70912,0000000,4970912,49709120000000,49709120000000,Sonoma,Santa Rosa Elementary,5106
cenroll2223.txt,2022_23,2022-23,49,70920,0000000,4970920,49709200000000,49709200000000,Sonoma,Santa Rosa High,10730
cenroll2223.txt,2022_23,2022-23,49,70938,0000000,4970938,49709380000000,49709380000000,Sonoma,Sebastopol Union Elementary,823
cenroll2223.txt,2022_23,2022-23,49,10496,0000000,4910496,49104960000000,49104960000000,Sonoma,Sonoma County Office of Education,549
cenroll2223.txt,2022_23,2022-23,49,70953,0000000,4970953,49709530000000,49709530000000,Sonoma,Sonoma Valley Unified,3737
cenroll2223.txt,2022_23,2022-23,49,70961,0000000,4970961,49709610000000,49709610000000,Sonoma,Twin Hills Union Elementary,1001
cenroll2223.txt,2022_23,2022-23,49,70979,0000000,4970979,49709790000000,49709790000000,Sonoma,Two Rock Union,139
cenroll2223.txt,2022_23,2022-23,49,70995,0000000,4970995,49709950000000,49709950000000,Sonoma,Waugh Elementary,768
cenroll2223.txt,2022_23,2022-23,49,71001,0000000,4971001,49710010000000,49710010000000,Sonoma,West Side Union Elementary,138
cenroll2223.txt,2022_23,2022-23,49,70607,0000000,4970607,49706070000000,49706070000000,Sonoma,West Sonoma County Union High,1635
cenroll2223.txt,2022_23,2022-23,49,71019,0000000,4971019,49710190000000,49710190000000,Sonoma,Wilmar Union Elementary,231
cenroll2223.txt,2022_23,2022-23,49,75358,0000000,4975358,49753580000000,49753580000000,Sonoma,Windsor Unified,4862
cenroll2223.txt,2022_23,2022-23,49,71035,0000000,4971035,49710350000000,49710350000000,Sonoma,Wright Elementary,1345
cenroll2223.txt,2022_23,2022-23,50,71043,0000000,5071043,50710430000000,50710430000000,Stanislaus,Ceres Unified,15095
cenroll2223.txt,2022_23,2022-23,50,71050,0000000,5071050,50710500000000,50710500000000,Stanislaus,Chatom Union,610
cenroll2223.txt,2022_23,2022-23,50,71068,0000000,5071068,50710680000000,50710680000000,Stanislaus,Denair Unified,1418
cenroll2223.txt,2022_23,2022-23,50,71076,0000000,5071076,50710760000000,50710760000000,Stanislaus,Empire Union Elementary,3162
cenroll2223.txt,2022_23,2022-23,50,71084,0000000,5071084,50710840000000,50710840000000,Stanislaus,Gratton Elementary,144
cenroll2223.txt,2022_23,2022-23,50,71092,0000000,5071092,50710920000000,50710920000000,Stanislaus,Hart-Ransom Union Elementary,1230
cenroll2223.txt,2022_23,2022-23,50,71100,0000000,5071100,50711000000000,50711000000000,Stanislaus,Hickman Community Charter,1043
cenroll2223.txt,2022_23,2022-23,50,75549,0000000,5075549,50755490000000,50755490000000,Stanislaus,Hughson Unified,2251
cenroll2223.txt,2022_23,2022-23,50,71134,0000000,5071134,50711340000000,50711340000000,Stanislaus,Keyes Union,1081
cenroll2223.txt,2022_23,2022-23,50,71142,0000000,5071142,50711420000000,50711420000000,Stanislaus,Knights Ferry Elementary,125
cenroll2223.txt,2022_23,2022-23,50,71167,0000000,5071167,50711670000000,50711670000000,Stanislaus,Modesto City Elementary,16276
cenroll2223.txt,2022_23,2022-23,50,71175,0000000,5071175,50711750000000,50711750000000,Stanislaus,Modesto City High,16964
cenroll2223.txt,2022_23,2022-23,50,73601,0000000,5073601,50736010000000,50736010000000,Stanislaus,Newman-Crows Landing Unified,3360
cenroll2223.txt,2022_23,2022-23,50,75564,0000000,5075564,50755640000000,50755640000000,Stanislaus,Oakdale Joint Unified,5480
cenroll2223.txt,2022_23,2022-23,50,71209,0000000,5071209,50712090000000,50712090000000,Stanislaus,Paradise Elementary,196
cenroll2223.txt,2022_23,2022-23,50,71217,0000000,5071217,50712170000000,50712170000000,Stanislaus,Patterson Joint Unified,6559
cenroll2223.txt,2022_23,2022-23,50,75556,0000000,5075556,50755560000000,50755560000000,Stanislaus,Riverbank Unified,3136
cenroll2223.txt,2022_23,2022-23,50,71233,0000000,5071233,50712330000000,50712330000000,Stanislaus,Roberts Ferry Union Elementary,214
cenroll2223.txt,2022_23,2022-23,50,71266,0000000,5071266,50712660000000,50712660000000,Stanislaus,Salida Union Elementary,3169
cenroll2223.txt,2022_23,2022-23,50,71274,0000000,5071274,50712740000000,50712740000000,Stanislaus,Shiloh Elementary,174
cenroll2223.txt,2022_23,2022-23,50,10504,0000000,5010504,50105040000000,50105040000000,Stanislaus,Stanislaus County Office of Education,3247
cenroll2223.txt,2022_23,2022-23,50,71282,0000000,5071282,50712820000000,50712820000000,Stanislaus,Stanislaus Union Elementary,3646
cenroll2223.txt,2022_23,2022-23,50,71290,0000000,5071290,50712900000000,50712900000000,Stanislaus,Sylvan Union Elementary,8539
cenroll2223.txt,2022_23,2022-23,50,75739,0000000,5075739,50757390000000,50757390000000,Stanislaus,Turlock Unified,14479
cenroll2223.txt,2022_23,2022-23,50,71324,0000000,5071324,50713240000000,50713240000000,Stanislaus,Valley Home Joint Elementary,182
cenroll2223.txt,2022_23,2022-23,50,75572,0000000,5075572,50755720000000,50755720000000,Stanislaus,Waterford Unified,2817
cenroll2223.txt,2022_23,2022-23,51,71357,0000000,5171357,51713570000000,51713570000000,Sutter,Brittan Elementary,481
cenroll2223.txt,2022_23,2022-23,51,71365,0000000,5171365,51713650000000,51713650000000,Sutter,Browns Elementary,129
cenroll2223.txt,2022_23,2022-23,51,71373,0000000,5171373,51713730000000,51713730000000,Sutter,East Nicolaus Joint Union High,322
cenroll2223.txt,2022_23,2022-23,51,71381,0000000,5171381,51713810000000,51713810000000,Sutter,Franklin Elementary,506
cenroll2223.txt,2022_23,2022-23,51,71399,0000000,5171399,51713990000000,51713990000000,Sutter,Live Oak Unified,2132
cenroll2223.txt,2022_23,2022-23,51,71407,0000000,5171407,51714070000000,51714070000000,Sutter,Marcum-Illinois Union Elementary,2653
cenroll2223.txt,2022_23,2022-23,51,71415,0000000,5171415,51714150000000,51714150000000,Sutter,Meridian Elementary,1995
cenroll2223.txt,2022_23,2022-23,51,71423,0000000,5171423,51714230000000,51714230000000,Sutter,Nuestro Elementary,852
cenroll2223.txt,2022_23,2022-23,51,71431,0000000,5171431,51714310000000,51714310000000,Sutter,Pleasant Grove Joint Union,155
cenroll2223.txt,2022_23,2022-23,51,10512,0000000,5110512,51105120000000,51105120000000,Sutter,Sutter County Office of Education,575
cenroll2223.txt,2022_23,2022-23,51,71449,0000000,5171449,51714490000000,51714490000000,Sutter,Sutter Union High,832
cenroll2223.txt,2022_23,2022-23,51,71456,0000000,5171456,51714560000000,51714560000000,Sutter,Winship-Robbins,2649
cenroll2223.txt,2022_23,2022-23,51,71464,0000000,5171464,51714640000000,51714640000000,Sutter,Yuba City Unified,13184
cenroll2223.txt,2022_23,2022-23,52,71472,0000000,5271472,52714720000000,52714720000000,Tehama,Antelope Elementary,886
cenroll2223.txt,2022_23,2022-23,52,71498,0000000,5271498,52714980000000,52714980000000,Tehama,Corning Union Elementary,2160
cenroll2223.txt,2022_23,2022-23,52,71506,0000000,5271506,52715060000000,52715060000000,Tehama,Corning Union High,1188
cenroll2223.txt,2022_23,2022-23,52,71522,0000000,5271522,52715220000000,52715220000000,Tehama,Evergreen Union,1259
cenroll2223.txt,2022_23,2022-23,52,71530,0000000,5271530,52715300000000,52715300000000,Tehama,Flournoy Union Elementary,49
cenroll2223.txt,2022_23,2022-23,52,71548,0000000,5271548,52715480000000,52715480000000,Tehama,Gerber Union Elementary,442
cenroll2223.txt,2022_23,2022-23,52,71555,0000000,5271555,52715550000000,52715550000000,Tehama,Kirkwood Elementary,107
cenroll2223.txt,2022_23,2022-23,52,71563,0000000,5271563,52715630000000,52715630000000,Tehama,Lassen View Union Elementary,373
cenroll2223.txt,2022_23,2022-23,52,71571,0000000,5271571,52715710000000,52715710000000,Tehama,Los Molinos Unified,564
cenroll2223.txt,2022_23,2022-23,52,71639,0000000,5271639,52716390000000,52716390000000,Tehama,Red Bluff Joint Union High,1869
cenroll2223.txt,2022_23,2022-23,52,71621,0000000,5271621,52716210000000,52716210000000,Tehama,Red Bluff Union Elementary,2037
cenroll2223.txt,2022_23,2022-23,52,71647,0000000,5271647,52716470000000,52716470000000,Tehama,Reeds Creek Elementary,196
cenroll2223.txt,2022_23,2022-23,52,71654,0000000,5271654,52716540000000,52716540000000,Tehama,Richfield Elementary,247
cenroll2223.txt,2022_23,2022-23,52,10520,0000000,5210520,52105200000000,52105200000000,Tehama,Tehama County Department of Education,409
cenroll2223.txt,2022_23,2022-23,53,71662,0000000,5371662,53716620000000,53716620000000,Trinity,Burnt Ranch Elementary,95
cenroll2223.txt,2022_23,2022-23,53,71670,0000000,5371670,53716700000000,53716700000000,Trinity,Coffee Creek Elementary,9
cenroll2223.txt,2022_23,2022-23,53,71696,0000000,5371696,53716960000000,53716960000000,Trinity,Douglas City Elementary,169
cenroll2223.txt,2022_23,2022-23,53,71738,0000000,5371738,53717380000000,53717380000000,Trinity,Junction City Elementary,68
cenroll2223.txt,2022_23,2022-23,53,71746,0000000,5371746,53717460000000,53717460000000,Trinity,Lewiston Elementary,82
cenroll2223.txt,2022_23,2022-23,53,75028,0000000,5375028,53750280000000,53750280000000,Trinity,Mountain Valley Unified,344
cenroll2223.txt,2022_23,2022-23,53,73833,0000000,5373833,53738330000000,53738330000000,Trinity,Southern Trinity Joint Unified,90
cenroll2223.txt,2022_23,2022-23,53,76513,0000000,5376513,53765130000000,53765130000000,Trinity,Trinity Alps Unified,733
cenroll2223.txt,2022_23,2022-23,53,71761,0000000,5371761,53717610000000,53717610000000,Trinity,Trinity Center Elementary,15
cenroll2223.txt,2022_23,2022-23,53,10538,0000000,5310538,53105380000000,53105380000000,Trinity,Trinity County Office of Education,182
cenroll2223.txt,2022_23,2022-23,54,71795,0000000,5471795,54717950000000,54717950000000,Tulare,Allensworth Elementary,104
cenroll2223.txt,2022_23,2022-23,54,71803,0000000,5471803,54718030000000,54718030000000,Tulare,Alpaugh Unified,1202
cenroll2223.txt,2022_23,2022-23,54,71811,0000000,5471811,54718110000000,54718110000000,Tulare,Alta Vista Elementary,1707
cenroll2223.txt,2022_23,2022-23,54,71829,0000000,5471829,54718290000000,54718290000000,Tulare,Buena Vista Elementary,202
cenroll2223.txt,2022_23,2022-23,54,71837,0000000,5471837,54718370000000,54718370000000,Tulare,Burton Elementary,4944
cenroll2223.txt,2022_23,2022-23,54,71852,0000000,5471852,54718520000000,54718520000000,Tulare,Columbine Elementary,189
cenroll2223.txt,2022_23,2022-23,54,71860,0000000,5471860,54718600000000,54718600000000,Tulare,Cutler-Orosi Joint Unified,4073
cenroll2223.txt,2022_23,2022-23,54,75531,0000000,5475531,54755310000000,54755310000000,Tulare,Dinuba Unified,6773
cenroll2223.txt,2022_23,2022-23,54,71894,0000000,5471894,54718940000000,54718940000000,Tulare,Ducor Union Elementary,155
cenroll2223.txt,2022_23,2022-23,54,71902,0000000,5471902,54719020000000,54719020000000,Tulare,Earlimart Elementary,1510
cenroll2223.txt,2022_23,2022-23,54,76836,0000000,5476836,54768360000000,54768360000000,Tulare,Exeter Unified,2826
cenroll2223.txt,2022_23,2022-23,54,75325,0000000,5475325,54753250000000,54753250000000,Tulare,Farmersville Unified,2566
cenroll2223.txt,2022_23,2022-23,54,71944,0000000,5471944,54719440000000,54719440000000,Tulare,Hope Elementary,236
cenroll2223.txt,2022_23,2022-23,54,71951,0000000,5471951,54719510000000,54719510000000,Tulare,Hot Springs Elementary,15
cenroll2223.txt,2022_23,2022-23,54,71969,0000000,5471969,54719690000000,54719690000000,Tulare,Kings River Union Elementary,427
cenroll2223.txt,2022_23,2022-23,54,71985,0000000,5471985,54719850000000,54719850000000,Tulare,Liberty Elementary,820
cenroll2223.txt,2022_23,2022-23,54,71993,0000000,5471993,54719930000000,54719930000000,Tulare,Lindsay Unified,4142
cenroll2223.txt,2022_23,2022-23,54,72009,0000000,5472009,54720090000000,54720090000000,Tulare,Monson-Sultana Joint Union Elementary,465
cenroll2223.txt,2022_23,2022-23,54,72017,0000000,5472017,54720170000000,54720170000000,Tulare,Oak Valley Union Elementary,592
cenroll2223.txt,2022_23,2022-23,54,72025,0000000,5472025,54720250000000,54720250000000,Tulare,Outside Creek Elementary,135
cenroll2223.txt,2022_23,2022-23,54,72033,0000000,5472033,54720330000000,54720330000000,Tulare,Palo Verde Union Elementary,542
cenroll2223.txt,2022_23,2022-23,54,72041,0000000,5472041,54720410000000,54720410000000,Tulare,Pixley Union Elementary,957
cenroll2223.txt,2022_23,2022-23,54,72058,0000000,5472058,54720580000000,54720580000000,Tulare,Pleasant View Elementary,463
cenroll2223.txt,2022_23,2022-23,54,75523,0000000,5475523,54755230000000,54755230000000,Tulare,Porterville Unified,14752
cenroll2223.txt,2022_23,2022-23,54,72082,0000000,5472082,54720820000000,54720820000000,Tulare,Richgrove Elementary,523
cenroll2223.txt,2022_23,2022-23,54,72090,0000000,5472090,54720900000000,54720900000000,Tulare,Rockford Elementary,324
cenroll2223.txt,2022_23,2022-23,54,72108,0000000,5472108,54721080000000,54721080000000,Tulare,Saucelito Elementary,80
cenroll2223.txt,2022_23,2022-23,54,72116,0000000,5472116,54721160000000,54721160000000,Tulare,Sequoia Union Elementary,407
cenroll2223.txt,2022_23,2022-23,54,72132,0000000,5472132,54721320000000,54721320000000,Tulare,Springville Union Elementary,357
cenroll2223.txt,2022_23,2022-23,54,72140,0000000,5472140,54721400000000,54721400000000,Tulare,Stone Corral Elementary,1181
cenroll2223.txt,2022_23,2022-23,54,72157,0000000,5472157,54721570000000,54721570000000,Tulare,Strathmore Union Elementary,739
cenroll2223.txt,2022_23,2022-23,54,72173,0000000,5472173,54721730000000,54721730000000,Tulare,Sundale Union Elementary,847
cenroll2223.txt,2022_23,2022-23,54,72181,0000000,5472181,54721810000000,54721810000000,Tulare,Sunnyside Union Elementary,351
cenroll2223.txt,2022_23,2022-23,54,72199,0000000,5472199,54721990000000,54721990000000,Tulare,Terra Bella Union Elementary,816
cenroll2223.txt,2022_23,2022-23,54,72207,0000000,5472207,54722070000000,54722070000000,Tulare,Three Rivers Union Elementary,96
cenroll2223.txt,2022_23,2022-23,54,72215,0000000,5472215,54722150000000,54722150000000,Tulare,Tipton Elementary,542
cenroll2223.txt,2022_23,2022-23,54,72223,0000000,5472223,54722230000000,54722230000000,Tulare,Traver Joint Elementary,234
cenroll2223.txt,2022_23,2022-23,54,72231,0000000,5472231,54722310000000,54722310000000,Tulare,Tulare City,9718
cenroll2223.txt,2022_23,2022-23,54,10546,0000000,5410546,54105460000000,54105460000000,Tulare,Tulare County Office of Education,4005
cenroll2223.txt,2022_23,2022-23,54,72249,0000000,5472249,54722490000000,54722490000000,Tulare,Tulare Joint Union High,5966
cenroll2223.txt,2022_23,2022-23,54,72256,0000000,5472256,54722560000000,54722560000000,Tulare,Visalia Unified,30342
cenroll2223.txt,2022_23,2022-23,54,72264,0000000,5472264,54722640000000,54722640000000,Tulare,Waukena Joint Union Elementary,228
cenroll2223.txt,2022_23,2022-23,54,76794,0000000,5476794,54767940000000,54767940000000,Tulare,Woodlake Unified,2223
cenroll2223.txt,2022_23,2022-23,54,72298,0000000,5472298,54722980000000,54722980000000,Tulare,Woodville Union Elementary,429
cenroll2223.txt,2022_23,2022-23,55,72306,0000000,5572306,55723060000000,55723060000000,Tuolumne,Belleview Elementary,181
cenroll2223.txt,2022_23,2022-23,55,75184,0000000,5575184,55751840000000,55751840000000,Tuolumne,Big Oak Flat-Groveland Unified,313
cenroll2223.txt,2022_23,2022-23,55,72348,0000000,5572348,55723480000000,55723480000000,Tuolumne,Columbia Union,492
cenroll2223.txt,2022_23,2022-23,55,72355,0000000,5572355,55723550000000,55723550000000,Tuolumne,Curtis Creek Elementary,473
cenroll2223.txt,2022_23,2022-23,55,72363,0000000,5572363,55723630000000,55723630000000,Tuolumne,Jamestown Elementary,416
cenroll2223.txt,2022_23,2022-23,55,72371,0000000,5572371,55723710000000,55723710000000,Tuolumne,Sonora Elementary,787
cenroll2223.txt,2022_23,2022-23,55,72389,0000000,5572389,55723890000000,55723890000000,Tuolumne,Sonora Union High,1138
cenroll2223.txt,2022_23,2022-23,55,72397,0000000,5572397,55723970000000,55723970000000,Tuolumne,Soulsbyville Elementary,515
cenroll2223.txt,2022_23,2022-23,55,72405,0000000,5572405,55724050000000,55724050000000,Tuolumne,Summerville Elementary,448
cenroll2223.txt,2022_23,2022-23,55,72413,0000000,5572413,55724130000000,55724130000000,Tuolumne,Summerville Union High,1193
cenroll2223.txt,2022_23,2022-23,55,10553,0000000,5510553,55105530000000,55105530000000,Tuolumne,Tuolumne County Superintendent of Schools,152
cenroll2223.txt,2022_23,2022-23,55,72421,0000000,5572421,55724210000000,55724210000000,Tuolumne,Twain Harte,275
cenroll2223.txt,2022_23,2022-23,56,72447,0000000,5672447,56724470000000,56724470000000,Ventura,Briggs Elementary,488
cenroll2223.txt,2022_23,2022-23,56,73759,0000000,5673759,56737590000000,56737590000000,Ventura,Conejo Valley Unified,16825
cenroll2223.txt,2022_23,2022-23,56,72454,0000000,5672454,56724540000000,56724540000000,Ventura,Fillmore Unified,3937
cenroll2223.txt,2022_23,2022-23,56,72462,0000000,5672462,56724620000000,56724620000000,Ventura,Hueneme Elementary,7395
cenroll2223.txt,2022_23,2022-23,56,72470,0000000,5672470,56724700000000,56724700000000,Ventura,Mesa Union Elementary,1080
cenroll2223.txt,2022_23,2022-23,56,73940,0000000,5673940,56739400000000,56739400000000,Ventura,Moorpark Unified,6790
cenroll2223.txt,2022_23,2022-23,56,72504,0000000,5672504,56725040000000,56725040000000,Ventura,Mupu Elementary,185
cenroll2223.txt,2022_23,2022-23,56,73874,0000000,5673874,56738740000000,56738740000000,Ventura,Oak Park Unified,4370
cenroll2223.txt,2022_23,2022-23,56,72512,0000000,5672512,56725120000000,56725120000000,Ventura,Ocean View,2265
cenroll2223.txt,2022_23,2022-23,56,72520,0000000,5672520,56725200000000,56725200000000,Ventura,Ojai Unified,2335
cenroll2223.txt,2022_23,2022-23,56,72538,0000000,5672538,56725380000000,56725380000000,Ventura,Oxnard,14666
cenroll2223.txt,2022_23,2022-23,56,72546,0000000,5672546,56725460000000,56725460000000,Ventura,Oxnard Union High,18360
cenroll2223.txt,2022_23,2022-23,56,72553,0000000,5672553,56725530000000,56725530000000,Ventura,Pleasant Valley,7101
cenroll2223.txt,2022_23,2022-23,56,72561,0000000,5672561,56725610000000,56725610000000,Ventura,Rio Elementary,5379
cenroll2223.txt,2022_23,2022-23,56,72579,0000000,5672579,56725790000000,56725790000000,Ventura,Santa Clara Elementary,57
cenroll2223.txt,2022_23,2022-23,56,76828,0000000,5676828,56768280000000,56768280000000,Ventura,Santa Paula Unified,5054
cenroll2223.txt,2022_23,2022-23,56,72603,0000000,5672603,56726030000000,56726030000000,Ventura,Simi Valley Unified,16440
cenroll2223.txt,2022_23,2022-23,56,72611,0000000,5672611,56726110000000,56726110000000,Ventura,Somis Union,245
cenroll2223.txt,2022_23,2022-23,56,10561,0000000,5610561,56105610000000,56105610000000,Ventura,Ventura County Office of Education,4873
cenroll2223.txt,2022_23,2022-23,56,72652,0000000,5672652,56726520000000,56726520000000,Ventura,Ventura Unified,15466
cenroll2223.txt,2022_23,2022-23,57,72678,0000000,5772678,57726780000000,57726780000000,Yolo,Davis Joint Unified,8729
cenroll2223.txt,2022_23,2022-23,57,72686,0000000,5772686,57726860000000,57726860000000,Yolo,Esparto Unified,1023
cenroll2223.txt,2022_23,2022-23,57,72694,0000000,5772694,57726940000000,57726940000000,Yolo,Washington Unified,8645
cenroll2223.txt,2022_23,2022-23,57,72702,0000000,5772702,57727020000000,57727020000000,Yolo,Winters Joint Unified,2391
cenroll2223.txt,2022_23,2022-23,57,72710,0000000,5772710,57727100000000,57727100000000,Yolo,Woodland Joint Unified,9833
cenroll2223.txt,2022_23,2022-23,57,10579,0000000,5710579,57105790000000,57105790000000,Yolo,Yolo County Office of Education,764
cenroll2223.txt,2022_23,2022-23,58,72728,0000000,5872728,58727280000000,58727280000000,Yuba,Camptonville Elementary,604
cenroll2223.txt,2022_23,2022-23,58,72736,0000000,5872736,58727360000000,58727360000000,Yuba,Marysville Joint Unified,11139
cenroll2223.txt,2022_23,2022-23,58,72744,0000000,5872744,58727440000000,58727440000000,Yuba,Plumas Lake Elementary,1652
cenroll2223.txt,2022_23,2022-23,58,72751,0000000,5872751,58727510000000,58727510000000,Yuba,Wheatland,1476
cenroll2223.txt,2022_23,2022-23,58,72769,0000000,5872769,58727690000000,58727690000000,Yuba,Wheatland Union High,1159
cenroll2223.txt,2022_23,2022-23,58,10587,0000000,5810587,58105870000000,58105870000000,Yuba,Yuba County Office of Education,865
cenroll2324.txt,2023_24,2023-24,01,10017,0000000,0110017,01100170000000,01100170000000,Alameda,Alameda County Office of Education,4775
cenroll2324.txt,2023_24,2023-24,01,61119,0000000,0161119,01611190000000,01611190000000,Alameda,Alameda Unified,10939
cenroll2324.txt,2023_24,2023-24,01,61127,0000000,0161127,01611270000000,01611270000000,Alameda,Albany City Unified,3682
cenroll2324.txt,2023_24,2023-24,01,61143,0000000,0161143,01611430000000,01611430000000,Alameda,Berkeley Unified,9342
cenroll2324.txt,2023_24,2023-24,01,31609,0000000,0131609,01316090000000,01316090000000,Alameda,California School for the Blind (State Special Schl),55
cenroll2324.txt,2023_24,2023-24,01,31617,0000000,0131617,01316170000000,01316170000000,Alameda,California School for the Deaf-Fremont (State Special Schl),316
cenroll2324.txt,2023_24,2023-24,01,61150,0000000,0161150,01611500000000,01611500000000,Alameda,Castro Valley Unified,9711
cenroll2324.txt,2023_24,2023-24,01,75093,0000000,0175093,01750930000000,01750930000000,Alameda,Dublin Unified,13240
cenroll2324.txt,2023_24,2023-24,01,61168,0000000,0161168,01611680000000,01611680000000,Alameda,Emery Unified,653
cenroll2324.txt,2023_24,2023-24,01,61176,0000000,0161176,01611760000000,01611760000000,Alameda,Fremont Unified,34514
cenroll2324.txt,2023_24,2023-24,01,61192,0000000,0161192,01611920000000,01611920000000,Alameda,Hayward Unified,21467
cenroll2324.txt,2023_24,2023-24,01,61200,0000000,0161200,01612000000000,01612000000000,Alameda,Livermore Valley Joint Unified,13423
cenroll2324.txt,2023_24,2023-24,01,61218,0000000,0161218,01612180000000,01612180000000,Alameda,Mountain House Elementary,17
cenroll2324.txt,2023_24,2023-24,01,61242,0000000,0161242,01612420000000,01612420000000,Alameda,New Haven Unified,10438
cenroll2324.txt,2023_24,2023-24,01,61234,0000000,0161234,01612340000000,01612340000000,Alameda,Newark Unified,5099
cenroll2324.txt,2023_24,2023-24,01,61259,0000000,0161259,01612590000000,01612590000000,Alameda,Oakland Unified,48134
cenroll2324.txt,2023_24,2023-24,01,61275,0000000,0161275,01612750000000,01612750000000,Alameda,Piedmont City Unified,2347
cenroll2324.txt,2023_24,2023-24,01,75101,0000000,0175101,01751010000000,01751010000000,Alameda,Pleasanton Unified,14155
cenroll2324.txt,2023_24,2023-24,01,61291,0000000,0161291,01612910000000,01612910000000,Alameda,San Leandro Unified,9227
cenroll2324.txt,2023_24,2023-24,01,61309,0000000,0161309,01613090000000,01613090000000,Alameda,San Lorenzo Unified,9728
cenroll2324.txt,2023_24,2023-24,01,77180,0000000,0177180,01771800000000,01771800000000,Alameda,SBE - Latitude 37.8 High,374
cenroll2324.txt,2023_24,2023-24,01,75119,0000000,0175119,01751190000000,01751190000000,Alameda,Sunol Glen Unified,279
cenroll2324.txt,2023_24,2023-24,02,61333,0000000,0261333,02613330000000,02613330000000,Alpine,Alpine County Unified,70
cenroll2324.txt,2023_24,2023-24,03,10033,0000000,0310033,03100330000000,03100330000000,Amador,Amador County Office of Education,46
cenroll2324.txt,2023_24,2023-24,03,73981,0000000,0373981,03739810000000,03739810000000,Amador,Amador County Unified,4290
cenroll2324.txt,2023_24,2023-24,04,61382,0000000,0461382,04613820000000,04613820000000,Butte,Bangor Union Elementary,92
cenroll2324.txt,2023_24,2023-24,04,61408,0000000,0461408,04614080000000,04614080000000,Butte,Biggs Unified,580
cenroll2324.txt,2023_24,2023-24,04,10041,0000000,0410041,04100410000000,04100410000000,Butte,Butte County Office of Education,1662
cenroll2324.txt,2023_24,2023-24,04,61424,0000000,0461424,04614240000000,04614240000000,Butte,Chico Unified,15024
cenroll2324.txt,2023_24,2023-24,04,61432,0000000,0461432,04614320000000,04614320000000,Butte,Durham Unified,1065
cenroll2324.txt,2023_24,2023-24,04,61457,0000000,0461457,04614570000000,04614570000000,Butte,Golden Feather Union Elementary,88
cenroll2324.txt,2023_24,2023-24,04,75507,0000000,0475507,04755070000000,04755070000000,Butte,Gridley Unified,2111
cenroll2324.txt,2023_24,2023-24,04,61499,0000000,0461499,04614990000000,04614990000000,Butte,Manzanita Elementary,330
cenroll2324.txt,2023_24,2023-24,04,61507,0000000,0461507,04615070000000,04615070000000,Butte,Oroville City Elementary,2835
cenroll2324.txt,2023_24,2023-24,04,61515,0000000,0461515,04615150000000,04615150000000,Butte,Oroville Union High,2388
cenroll2324.txt,2023_24,2023-24,04,61523,0000000,0461523,04615230000000,04615230000000,Butte,Palermo Union Elementary,1410
cenroll2324.txt,2023_24,2023-24,04,61531,0000000,0461531,04615310000000,04615310000000,Butte,Paradise Unified,2476
cenroll2324.txt,2023_24,2023-24,04,73379,0000000,0473379,04733790000000,04733790000000,Butte,Pioneer Union Elementary,39
cenroll2324.txt,2023_24,2023-24,04,61549,0000000,0461549,04615490000000,04615490000000,Butte,Thermalito Union Elementary,1663
cenroll2324.txt,2023_24,2023-24,05,61556,0000000,0561556,05615560000000,05615560000000,Calaveras,Bret Harte Union High,655
cenroll2324.txt,2023_24,2023-24,05,10058,0000000,0510058,05100580000000,05100580000000,Calaveras,Calaveras County Office of Education,513
cenroll2324.txt,2023_24,2023-24,05,61564,0000000,0561564,05615640000000,05615640000000,Calaveras,Calaveras Unified,3145
cenroll2324.txt,2023_24,2023-24,05,61572,0000000,0561572,05615720000000,05615720000000,Calaveras,Mark Twain Union Elementary,844
cenroll2324.txt,2023_24,2023-24,05,61580,0000000,0561580,05615800000000,05615800000000,Calaveras,Vallecito Union,613
cenroll2324.txt,2023_24,2023-24,06,10066,0000000,0610066,06100660000000,06100660000000,Colusa,Colusa County Office of Education,72
cenroll2324.txt,2023_24,2023-24,06,61598,0000000,0661598,06615980000000,06615980000000,Colusa,Colusa Unified,1570
cenroll2324.txt,2023_24,2023-24,06,61606,0000000,0661606,06616060000000,06616060000000,Colusa,Maxwell Unified,370
cenroll2324.txt,2023_24,2023-24,06,61614,0000000,0661614,06616140000000,06616140000000,Colusa,Pierce Joint Unified,1547
cenroll2324.txt,2023_24,2023-24,06,61622,0000000,0661622,06616220000000,06616220000000,Colusa,Williams Unified,1429
cenroll2324.txt,2023_24,2023-24,07,61630,0000000,0761630,07616300000000,07616300000000,Contra Costa,Acalanes Union High,5491
cenroll2324.txt,2023_24,2023-24,07,61648,0000000,0761648,07616480000000,07616480000000,Contra Costa,Antioch Unified,17454
cenroll2324.txt,2023_24,2023-24,07,61655,0000000,0761655,07616550000000,07616550000000,Contra Costa,Brentwood Union,10239
cenroll2324.txt,2023_24,2023-24,07,61663,0000000,0761663,07616630000000,07616630000000,Contra Costa,Byron Union Elementary,2308
cenroll2324.txt,2023_24,2023-24,07,61671,0000000,0761671,07616710000000,07616710000000,Contra Costa,Canyon Elementary,70
cenroll2324.txt,2023_24,2023-24,07,10074,0000000,0710074,07100740000000,07100740000000,Contra Costa,Contra Costa County Office of Education,6602
cenroll2324.txt,2023_24,2023-24,07,61697,0000000,0761697,07616970000000,07616970000000,Contra Costa,John Swett Unified,1296
cenroll2324.txt,2023_24,2023-24,07,61705,0000000,0761705,07617050000000,07617050000000,Contra Costa,Knightsen Elementary,628
cenroll2324.txt,2023_24,2023-24,07,61713,0000000,0761713,07617130000000,07617130000000,Contra Costa,Lafayette Elementary,3259
cenroll2324.txt,2023_24,2023-24,07,61721,0000000,0761721,07617210000000,07617210000000,Contra Costa,Liberty Union High,8553
cenroll2324.txt,2023_24,2023-24,07,61739,0000000,0761739,07617390000000,07617390000000,Contra Costa,Martinez Unified,3895
cenroll2324.txt,2023_24,2023-24,07,61747,0000000,0761747,07617470000000,07617470000000,Contra Costa,Moraga Elementary,1811
cenroll2324.txt,2023_24,2023-24,07,61754,0000000,0761754,07617540000000,07617540000000,Contra Costa,Mt. Diablo Unified,31740
cenroll2324.txt,2023_24,2023-24,07,61762,0000000,0761762,07617620000000,07617620000000,Contra Costa,Oakley Union Elementary,5413
cenroll2324.txt,2023_24,2023-24,07,61770,0000000,0761770,07617700000000,07617700000000,Contra Costa,Orinda Union Elementary,2600
cenroll2324.txt,2023_24,2023-24,07,61788,0000000,0761788,07617880000000,07617880000000,Contra Costa,Pittsburg Unified,11361
cenroll2324.txt,2023_24,2023-24,07,61804,0000000,0761804,07618040000000,07618040000000,Contra Costa,San Ramon Valley Unified,29885
cenroll2324.txt,2023_24,2023-24,07,77354,0000000,0777354,07773540000000,07773540000000,Contra Costa,SBE - John Henry High,325
cenroll2324.txt,2023_24,2023-24,07,61812,0000000,0761812,07618120000000,07618120000000,Contra Costa,Walnut Creek Elementary,3700
cenroll2324.txt,2023_24,2023-24,07,61796,0000000,0761796,07617960000000,07617960000000,Contra Costa,West Contra Costa Unified,31143
cenroll2324.txt,2023_24,2023-24,08,10082,0000000,0810082,08100820000000,08100820000000,Del Norte,Del Norte County Office of Education,522
cenroll2324.txt,2023_24,2023-24,08,61820,0000000,0861820,08618200000000,08618200000000,Del Norte,Del Norte County Unified,3903
cenroll2324.txt,2023_24,2023-24,09,73783,0000000,0973783,09737830000000,09737830000000,El Dorado,Black Oak Mine Unified,1347
cenroll2324.txt,2023_24,2023-24,09,61838,0000000,0961838,09618380000000,09618380000000,El Dorado,Buckeye Union Elementary,10555
cenroll2324.txt,2023_24,2023-24,09,61846,0000000,0961846,09618460000000,09618460000000,El Dorado,Camino Union Elementary,462
cenroll2324.txt,2023_24,2023-24,09,10090,0000000,0910090,09100900000000,09100900000000,El Dorado,El Dorado County Office of Education,2663
cenroll2324.txt,2023_24,2023-24,09,61853,0000000,0961853,09618530000000,09618530000000,El Dorado,El Dorado Union High,6788
cenroll2324.txt,2023_24,2023-24,09,61879,0000000,0961879,09618790000000,09618790000000,El Dorado,Gold Oak Union Elementary,474
cenroll2324.txt,2023_24,2023-24,09,61887,0000000,0961887,09618870000000,09618870000000,El Dorado,Gold Trail Union Elementary,516
cenroll2324.txt,2023_24,2023-24,09,61903,0000000,0961903,09619030000000,09619030000000,El Dorado,Lake Tahoe Unified,3752
cenroll2324.txt,2023_24,2023-24,09,61911,0000000,0961911,09619110000000,09619110000000,El Dorado,Latrobe,177
cenroll2324.txt,2023_24,2023-24,09,61929,0000000,0961929,09619290000000,09619290000000,El Dorado,Mother Lode Union Elementary,930
cenroll2324.txt,2023_24,2023-24,09,61945,0000000,0961945,09619450000000,09619450000000,El Dorado,Pioneer Union,313
cenroll2324.txt,2023_24,2023-24,09,61952,0000000,0961952,09619520000000,09619520000000,El Dorado,Placerville Union Elementary,1295
cenroll2324.txt,2023_24,2023-24,09,61960,0000000,0961960,09619600000000,09619600000000,El Dorado,Pollock Pines Elementary,616
cenroll2324.txt,2023_24,2023-24,09,61978,0000000,0961978,09619780000000,09619780000000,El Dorado,Rescue Union Elementary,3630
cenroll2324.txt,2023_24,2023-24,09,61986,0000000,0961986,09619860000000,09619860000000,El Dorado,Silver Fork Elementary,16
cenroll2324.txt,2023_24,2023-24,10,61994,0000000,1061994,10619940000000,10619940000000,Fresno,Alvina Elementary,182
cenroll2324.txt,2023_24,2023-24,10,62026,0000000,1062026,10620260000000,10620260000000,Fresno,Big Creek Elementary,28
cenroll2324.txt,2023_24,2023-24,10,62042,0000000,1062042,10620420000000,10620420000000,Fresno,Burrel Union Elementary,108
cenroll2324.txt,2023_24,2023-24,10,75598,0000000,1075598,10755980000000,10755980000000,Fresno,Caruthers Unified,1646
cenroll2324.txt,2023_24,2023-24,10,73965,0000000,1073965,10739650000000,10739650000000,Fresno,Central Unified,17075
cenroll2324.txt,2023_24,2023-24,10,62109,0000000,1062109,10621090000000,10621090000000,Fresno,Clay Joint Elementary,244
cenroll2324.txt,2023_24,2023-24,10,62117,0000000,1062117,10621170000000,10621170000000,Fresno,Clovis Unified,45194
cenroll2324.txt,2023_24,2023-24,10,62125,0000000,1062125,10621250000000,10621250000000,Fresno,Coalinga-Huron Unified,4708
cenroll2324.txt,2023_24,2023-24,10,73809,0000000,1073809,10738090000000,10738090000000,Fresno,Firebaugh-Las Deltas Unified,2340
cenroll2324.txt,2023_24,2023-24,10,62158,0000000,1062158,10621580000000,10621580000000,Fresno,Fowler Unified,2656
cenroll2324.txt,2023_24,2023-24,10,10108,0000000,1010108,10101080000000,10101080000000,Fresno,Fresno County Office of Education,5917
cenroll2324.txt,2023_24,2023-24,10,62166,0000000,1062166,10621660000000,10621660000000,Fresno,Fresno Unified,76011
cenroll2324.txt,2023_24,2023-24,10,75234,0000000,1075234,10752340000000,10752340000000,Fresno,Golden Plains Unified,1488
cenroll2324.txt,2023_24,2023-24,10,73999,0000000,1073999,10739990000000,10739990000000,Fresno,Kerman Unified,5539
cenroll2324.txt,2023_24,2023-24,10,62265,0000000,1062265,10622650000000,10622650000000,Fresno,Kings Canyon Joint Unified,10096
cenroll2324.txt,2023_24,2023-24,10,62240,0000000,1062240,10622400000000,10622400000000,Fresno,Kingsburg Elementary Charter,2304
cenroll2324.txt,2023_24,2023-24,10,62257,0000000,1062257,10622570000000,10622570000000,Fresno,Kingsburg Joint Union High,1264
cenroll2324.txt,2023_24,2023-24,10,62281,0000000,1062281,10622810000000,10622810000000,Fresno,Laton Joint Unified,635
cenroll2324.txt,2023_24,2023-24,10,75127,0000000,1075127,10751270000000,10751270000000,Fresno,Mendota Unified,4127
cenroll2324.txt,2023_24,2023-24,10,62323,0000000,1062323,10623230000000,10623230000000,Fresno,Monroe Elementary,164
cenroll2324.txt,2023_24,2023-24,10,62331,0000000,1062331,10623310000000,10623310000000,Fresno,Orange Center,2191
cenroll2324.txt,2023_24,2023-24,10,62356,0000000,1062356,10623560000000,10623560000000,Fresno,Pacific Union Elementary,393
cenroll2324.txt,2023_24,2023-24,10,62364,0000000,1062364,10623640000000,10623640000000,Fresno,Parlier Unified,3416
cenroll2324.txt,2023_24,2023-24,10,62372,0000000,1062372,10623720000000,10623720000000,Fresno,Pine Ridge Elementary,71
cenroll2324.txt,2023_24,2023-24,10,62380,0000000,1062380,10623800000000,10623800000000,Fresno,Raisin City Elementary,795
cenroll2324.txt,2023_24,2023-24,10,75408,0000000,1075408,10754080000000,10754080000000,Fresno,Riverdale Joint Unified,1533
cenroll2324.txt,2023_24,2023-24,10,62414,0000000,1062414,10624140000000,10624140000000,Fresno,Sanger Unified,13822
cenroll2324.txt,2023_24,2023-24,10,62430,0000000,1062430,10624300000000,10624300000000,Fresno,Selma Unified,6322
cenroll2324.txt,2023_24,2023-24,10,75275,0000000,1075275,10752750000000,10752750000000,Fresno,Sierra Unified,1392
cenroll2324.txt,2023_24,2023-24,10,62513,0000000,1062513,10625130000000,10625130000000,Fresno,Washington Colony Elementary,471
cenroll2324.txt,2023_24,2023-24,10,76778,0000000,1076778,10767780000000,10767780000000,Fresno,Washington Unified,2971
cenroll2324.txt,2023_24,2023-24,10,62539,0000000,1062539,10625390000000,10625390000000,Fresno,West Park Elementary,569
cenroll2324.txt,2023_24,2023-24,10,62547,0000000,1062547,10625470000000,10625470000000,Fresno,Westside Elementary,4981
cenroll2324.txt,2023_24,2023-24,11,62554,0000000,1162554,11625540000000,11625540000000,Glenn,Capay Joint Union Elementary,205
cenroll2324.txt,2023_24,2023-24,11,10116,0000000,1110116,11101160000000,11101160000000,Glenn,Glenn County Office of Education,616
cenroll2324.txt,2023_24,2023-24,11,76562,0000000,1176562,11765620000000,11765620000000,Glenn,Hamilton Unified,727
cenroll2324.txt,2023_24,2023-24,11,62596,0000000,1162596,11625960000000,11625960000000,Glenn,Lake Elementary,1088
cenroll2324.txt,2023_24,2023-24,11,75481,0000000,1175481,11754810000000,11754810000000,Glenn,Orland Joint Unified,2387
cenroll2324.txt,2023_24,2023-24,11,62638,0000000,1162638,11626380000000,11626380000000,Glenn,Plaza Elementary,200
cenroll2324.txt,2023_24,2023-24,11,62646,0000000,1162646,11626460000000,11626460000000,Glenn,Princeton Joint Unified,133
cenroll2324.txt,2023_24,2023-24,11,62653,0000000,1162653,11626530000000,11626530000000,Glenn,Stony Creek Joint Unified,82
cenroll2324.txt,2023_24,2023-24,11,62661,0000000,1162661,11626610000000,11626610000000,Glenn,Willows Unified,1507
cenroll2324.txt,2023_24,2023-24,12,62679,0000000,1262679,12626790000000,12626790000000,Humboldt,Arcata Elementary,1220
cenroll2324.txt,2023_24,2023-24,12,62695,0000000,1262695,12626950000000,12626950000000,Humboldt,Big Lagoon Union Elementary,21
cenroll2324.txt,2023_24,2023-24,12,62703,0000000,1262703,12627030000000,12627030000000,Humboldt,Blue Lake Union Elementary,165
cenroll2324.txt,2023_24,2023-24,12,62729,0000000,1262729,12627290000000,12627290000000,Humboldt,Bridgeville Elementary,45
cenroll2324.txt,2023_24,2023-24,12,62737,0000000,1262737,12627370000000,12627370000000,Humboldt,Cuddeback Union Elementary,164
cenroll2324.txt,2023_24,2023-24,12,62745,0000000,1262745,12627450000000,12627450000000,Humboldt,Cutten Elementary,579
cenroll2324.txt,2023_24,2023-24,12,75515,0000000,1275515,12755150000000,12755150000000,Humboldt,Eureka City Schools,3918
cenroll2324.txt,2023_24,2023-24,12,75374,0000000,1275374,12753740000000,12753740000000,Humboldt,Ferndale Unified,504
cenroll2324.txt,2023_24,2023-24,12,62794,0000000,1262794,12627940000000,12627940000000,Humboldt,Fieldbrook Elementary,113
cenroll2324.txt,2023_24,2023-24,12,76802,0000000,1276802,12768020000000,12768020000000,Humboldt,Fortuna Elementary,1336
cenroll2324.txt,2023_24,2023-24,12,62810,0000000,1262810,12628100000000,12628100000000,Humboldt,Fortuna Union High,1131
cenroll2324.txt,2023_24,2023-24,12,62828,0000000,1262828,12628280000000,12628280000000,Humboldt,Freshwater Elementary,316
cenroll2324.txt,2023_24,2023-24,12,62836,0000000,1262836,12628360000000,12628360000000,Humboldt,Garfield Elementary,67
cenroll2324.txt,2023_24,2023-24,12,62851,0000000,1262851,12628510000000,12628510000000,Humboldt,Green Point Elementary,6
cenroll2324.txt,2023_24,2023-24,12,10124,0000000,1210124,12101240000000,12101240000000,Humboldt,Humboldt County Office of Education,1006
cenroll2324.txt,2023_24,2023-24,12,62885,0000000,1262885,12628850000000,12628850000000,Humboldt,Hydesville Elementary,235
cenroll2324.txt,2023_24,2023-24,12,62893,0000000,1262893,12628930000000,12628930000000,Humboldt,Jacoby Creek Elementary,467
cenroll2324.txt,2023_24,2023-24,12,62901,0000000,1262901,12629010000000,12629010000000,Humboldt,Klamath-Trinity Joint Unified,1000
cenroll2324.txt,2023_24,2023-24,12,62919,0000000,1262919,12629190000000,12629190000000,Humboldt,Kneeland Elementary,30
cenroll2324.txt,2023_24,2023-24,12,62927,0000000,1262927,12629270000000,12629270000000,Humboldt,Loleta Union Elementary,92
cenroll2324.txt,2023_24,2023-24,12,62935,0000000,1262935,12629350000000,12629350000000,Humboldt,Maple Creek Elementary,5
cenroll2324.txt,2023_24,2023-24,12,75382,0000000,1275382,12753820000000,12753820000000,Humboldt,Mattole Unified,39
cenroll2324.txt,2023_24,2023-24,12,62950,0000000,1262950,12629500000000,12629500000000,Humboldt,McKinleyville Union Elementary,984
cenroll2324.txt,2023_24,2023-24,12,62687,0000000,1262687,12626870000000,12626870000000,Humboldt,Northern Humboldt Union High,2029
cenroll2324.txt,2023_24,2023-24,12,62968,0000000,1262968,12629680000000,12629680000000,Humboldt,Orick Elementary,16
cenroll2324.txt,2023_24,2023-24,12,62976,0000000,1262976,12629760000000,12629760000000,Humboldt,Pacific Union Elementary,606
cenroll2324.txt,2023_24,2023-24,12,62984,0000000,1262984,12629840000000,12629840000000,Humboldt,Peninsula Union,75
cenroll2324.txt,2023_24,2023-24,12,63008,0000000,1263008,12630080000000,12630080000000,Humboldt,Rio Dell Elementary,330
cenroll2324.txt,2023_24,2023-24,12,63024,0000000,1263024,12630240000000,12630240000000,Humboldt,Scotia Union Elementary,210
cenroll2324.txt,2023_24,2023-24,12,63032,0000000,1263032,12630320000000,12630320000000,Humboldt,South Bay Union Elementary,948
cenroll2324.txt,2023_24,2023-24,12,63040,0000000,1263040,12630400000000,12630400000000,Humboldt,Southern Humboldt Joint Unified,705
cenroll2324.txt,2023_24,2023-24,12,63057,0000000,1263057,12630570000000,12630570000000,Humboldt,Trinidad Union Elementary,181
cenroll2324.txt,2023_24,2023-24,13,63073,0000000,1363073,13630730000000,13630730000000,Imperial,Brawley Elementary,4057
cenroll2324.txt,2023_24,2023-24,13,63081,0000000,1363081,13630810000000,13630810000000,Imperial,Brawley Union High,2102
cenroll2324.txt,2023_24,2023-24,13,63099,0000000,1363099,13630990000000,13630990000000,Imperial,Calexico Unified,8533
cenroll2324.txt,2023_24,2023-24,13,63107,0000000,1363107,13631070000000,13631070000000,Imperial,Calipatria Unified,1157
cenroll2324.txt,2023_24,2023-24,13,63115,0000000,1363115,13631150000000,13631150000000,Imperial,Central Union High,4173
cenroll2324.txt,2023_24,2023-24,13,63123,0000000,1363123,13631230000000,13631230000000,Imperial,El Centro Elementary,5690
cenroll2324.txt,2023_24,2023-24,13,63131,0000000,1363131,13631310000000,13631310000000,Imperial,Heber Elementary,1228
cenroll2324.txt,2023_24,2023-24,13,63149,0000000,1363149,13631490000000,13631490000000,Imperial,Holtville Unified,1660
cenroll2324.txt,2023_24,2023-24,13,10132,0000000,1310132,13101320000000,13101320000000,Imperial,Imperial County Office of Education,1314
cenroll2324.txt,2023_24,2023-24,13,63164,0000000,1363164,13631640000000,13631640000000,Imperial,Imperial Unified,4801
cenroll2324.txt,2023_24,2023-24,13,63172,0000000,1363172,13631720000000,13631720000000,Imperial,Magnolia Union Elementary,116
cenroll2324.txt,2023_24,2023-24,13,63180,0000000,1363180,13631800000000,13631800000000,Imperial,McCabe Union Elementary,1185
cenroll2324.txt,2023_24,2023-24,13,63198,0000000,1363198,13631980000000,13631980000000,Imperial,Meadows Union Elementary,398
cenroll2324.txt,2023_24,2023-24,13,63206,0000000,1363206,13632060000000,13632060000000,Imperial,Mulberry Elementary,71
cenroll2324.txt,2023_24,2023-24,13,63214,0000000,1363214,13632140000000,13632140000000,Imperial,San Pasqual Valley Unified,635
cenroll2324.txt,2023_24,2023-24,13,63222,0000000,1363222,13632220000000,13632220000000,Imperial,Seeley Union Elementary,351
cenroll2324.txt,2023_24,2023-24,13,63230,0000000,1363230,13632300000000,13632300000000,Imperial,Westmorland Union Elementary,352
cenroll2324.txt,2023_24,2023-24,14,63248,0000000,1463248,14632480000000,14632480000000,Inyo,Big Pine Unified,172
cenroll2324.txt,2023_24,2023-24,14,76687,0000000,1476687,14766870000000,14766870000000,Inyo,Bishop Unified,2032
cenroll2324.txt,2023_24,2023-24,14,63271,0000000,1463271,14632710000000,14632710000000,Inyo,Death Valley Unified,18
cenroll2324.txt,2023_24,2023-24,14,10140,0000000,1410140,14101400000000,14101400000000,Inyo,Inyo County Office of Education,2550
cenroll2324.txt,2023_24,2023-24,14,63289,0000000,1463289,14632890000000,14632890000000,Inyo,Lone Pine Unified,329
cenroll2324.txt,2023_24,2023-24,14,63297,0000000,1463297,14632970000000,14632970000000,Inyo,Owens Valley Unified,116
cenroll2324.txt,2023_24,2023-24,14,63305,0000000,1463305,14633050000000,14633050000000,Inyo,Round Valley Joint Elementary,74
cenroll2324.txt,2023_24,2023-24,15,63313,0000000,1563313,15633130000000,15633130000000,Kern,Arvin Union,3094
cenroll2324.txt,2023_24,2023-24,15,63321,0000000,1563321,15633210000000,15633210000000,Kern,Bakersfield City,31042
cenroll2324.txt,2023_24,2023-24,15,63339,0000000,1563339,15633390000000,15633390000000,Kern,Beardsley Elementary,2286
cenroll2324.txt,2023_24,2023-24,15,63370,0000000,1563370,15633700000000,15633700000000,Kern,Buttonwillow Union Elementary,327
cenroll2324.txt,2023_24,2023-24,15,63388,0000000,1563388,15633880000000,15633880000000,Kern,Caliente Union Elementary,67
cenroll2324.txt,2023_24,2023-24,15,63412,0000000,1563412,15634120000000,15634120000000,Kern,Delano Joint Union High,4214
cenroll2324.txt,2023_24,2023-24,15,63404,0000000,1563404,15634040000000,15634040000000,Kern,Delano Union Elementary,6587
cenroll2324.txt,2023_24,2023-24,15,63420,0000000,1563420,15634200000000,15634200000000,Kern,Di Giorgio Elementary,244
cenroll2324.txt,2023_24,2023-24,15,63438,0000000,1563438,15634380000000,15634380000000,Kern,Edison Elementary,1221
cenroll2324.txt,2023_24,2023-24,15,75168,0000000,1575168,15751680000000,15751680000000,Kern,El Tejon Unified,793
cenroll2324.txt,2023_24,2023-24,15,63446,0000000,1563446,15634460000000,15634460000000,Kern,Elk Hills Elementary,182
cenroll2324.txt,2023_24,2023-24,15,63461,0000000,1563461,15634610000000,15634610000000,Kern,Fairfax Elementary,2884
cenroll2324.txt,2023_24,2023-24,15,63479,0000000,1563479,15634790000000,15634790000000,Kern,Fruitvale Elementary,3270
cenroll2324.txt,2023_24,2023-24,15,63487,0000000,1563487,15634870000000,15634870000000,Kern,General Shafter Elementary,206
cenroll2324.txt,2023_24,2023-24,15,63503,0000000,1563503,15635030000000,15635030000000,Kern,Greenfield Union,9806
cenroll2324.txt,2023_24,2023-24,15,10157,0000000,1510157,15101570000000,15101570000000,Kern,Kern County Office of Education,7305
cenroll2324.txt,2023_24,2023-24,15,63529,0000000,1563529,15635290000000,15635290000000,Kern,Kern High,45187
cenroll2324.txt,2023_24,2023-24,15,63545,0000000,1563545,15635450000000,15635450000000,Kern,Kernville Union Elementary,861
cenroll2324.txt,2023_24,2023-24,15,63552,0000000,1563552,15635520000000,15635520000000,Kern,Lakeside Union,1771
cenroll2324.txt,2023_24,2023-24,15,63560,0000000,1563560,15635600000000,15635600000000,Kern,Lamont Elementary,2848
cenroll2324.txt,2023_24,2023-24,15,63586,0000000,1563586,15635860000000,15635860000000,Kern,Linns Valley-Poso Flat Union,20
cenroll2324.txt,2023_24,2023-24,15,63594,0000000,1563594,15635940000000,15635940000000,Kern,Lost Hills Union Elementary,302
cenroll2324.txt,2023_24,2023-24,15,63610,0000000,1563610,15636100000000,15636100000000,Kern,Maple Elementary,296
cenroll2324.txt,2023_24,2023-24,15,63628,0000000,1563628,15636280000000,15636280000000,Kern,Maricopa Unified,15489
cenroll2324.txt,2023_24,2023-24,15,73908,0000000,1573908,15739080000000,15739080000000,Kern,McFarland Unified,3467
cenroll2324.txt,2023_24,2023-24,15,63651,0000000,1563651,15636510000000,15636510000000,Kern,McKittrick Elementary,71
cenroll2324.txt,2023_24,2023-24,15,63669,0000000,1563669,15636690000000,15636690000000,Kern,Midway Elementary,68
cenroll2324.txt,2023_24,2023-24,15,63677,0000000,1563677,15636770000000,15636770000000,Kern,Mojave Unified,3367
cenroll2324.txt,2023_24,2023-24,15,63685,0000000,1563685,15636850000000,15636850000000,Kern,Muroc Joint Unified,2024
cenroll2324.txt,2023_24,2023-24,15,63693,0000000,1563693,15636930000000,15636930000000,Kern,Norris Elementary,4202
cenroll2324.txt,2023_24,2023-24,15,63362,0000000,1563362,15633620000000,15633620000000,Kern,Panama-Buena Vista Union,20628
cenroll2324.txt,2023_24,2023-24,15,63719,0000000,1563719,15637190000000,15637190000000,Kern,Pond Union Elementary,189
cenroll2324.txt,2023_24,2023-24,15,63578,0000000,1563578,15635780000000,15635780000000,Kern,Richland Union Elementary,3534
cenroll2324.txt,2023_24,2023-24,15,73544,0000000,1573544,15735440000000,15735440000000,Kern,Rio Bravo-Greeley Union Elementary,1099
cenroll2324.txt,2023_24,2023-24,15,63750,0000000,1563750,15637500000000,15637500000000,Kern,Rosedale Union Elementary,6498
cenroll2324.txt,2023_24,2023-24,15,63768,0000000,1563768,15637680000000,15637680000000,Kern,Semitropic Elementary,157
cenroll2324.txt,2023_24,2023-24,15,73742,0000000,1573742,15737420000000,15737420000000,Kern,Sierra Sands Unified,5507
cenroll2324.txt,2023_24,2023-24,15,63784,0000000,1563784,15637840000000,15637840000000,Kern,South Fork Union,382
cenroll2324.txt,2023_24,2023-24,15,63776,0000000,1563776,15637760000000,15637760000000,Kern,Southern Kern Unified,3966
cenroll2324.txt,2023_24,2023-24,15,63792,0000000,1563792,15637920000000,15637920000000,Kern,Standard Elementary,3422
cenroll2324.txt,2023_24,2023-24,15,63800,0000000,1563800,15638000000000,15638000000000,Kern,Taft City,2583
cenroll2324.txt,2023_24,2023-24,15,63818,0000000,1563818,15638180000000,15638180000000,Kern,Taft Union High,1236
cenroll2324.txt,2023_24,2023-24,15,63826,0000000,1563826,15638260000000,15638260000000,Kern,Tehachapi Unified,4522
cenroll2324.txt,2023_24,2023-24,15,63834,0000000,1563834,15638340000000,15638340000000,Kern,Vineland Elementary,721
cenroll2324.txt,2023_24,2023-24,15,63842,0000000,1563842,15638420000000,15638420000000,Kern,Wasco Union Elementary,3706
cenroll2324.txt,2023_24,2023-24,15,63859,0000000,1563859,15638590000000,15638590000000,Kern,Wasco Union High,1871
cenroll2324.txt,2023_24,2023-24,16,63875,0000000,1663875,16638750000000,16638750000000,Kings,Armona Union Elementary,2099
cenroll2324.txt,2023_24,2023-24,16,63883,0000000,1663883,16638830000000,16638830000000,Kings,Central Union Elementary,1757
cenroll2324.txt,2023_24,2023-24,16,63891,0000000,1663891,16638910000000,16638910000000,Kings,Corcoran Joint Unified,3405
cenroll2324.txt,2023_24,2023-24,16,63917,0000000,1663917,16639170000000,16639170000000,Kings,Hanford Elementary,5931
cenroll2324.txt,2023_24,2023-24,16,63925,0000000,1663925,16639250000000,16639250000000,Kings,Hanford Joint Union High,4369
cenroll2324.txt,2023_24,2023-24,16,63933,0000000,1663933,16639330000000,16639330000000,Kings,Island Union Elementary,392
cenroll2324.txt,2023_24,2023-24,16,10165,0000000,1610165,16101650000000,16101650000000,Kings,Kings County Office of Education,478
cenroll2324.txt,2023_24,2023-24,16,63941,0000000,1663941,16639410000000,16639410000000,Kings,Kings River-Hardwick Union Elementary,857
cenroll2324.txt,2023_24,2023-24,16,63958,0000000,1663958,16639580000000,16639580000000,Kings,Kit Carson Union Elementary,2155
cenroll2324.txt,2023_24,2023-24,16,63966,0000000,1663966,16639660000000,16639660000000,Kings,Lakeside Union Elementary,274
cenroll2324.txt,2023_24,2023-24,16,63974,0000000,1663974,16639740000000,16639740000000,Kings,Lemoore Union Elementary,3435
cenroll2324.txt,2023_24,2023-24,16,63982,0000000,1663982,16639820000000,16639820000000,Kings,Lemoore Union High,2458
cenroll2324.txt,2023_24,2023-24,16,63990,0000000,1663990,16639900000000,16639900000000,Kings,Pioneer Union Elementary,1737
cenroll2324.txt,2023_24,2023-24,16,73932,0000000,1673932,16739320000000,16739320000000,Kings,Reef-Sunset Unified,2838
cenroll2324.txt,2023_24,2023-24,17,64014,0000000,1764014,17640140000000,17640140000000,Lake,Kelseyville Unified,2021
cenroll2324.txt,2023_24,2023-24,17,64022,0000000,1764022,17640220000000,17640220000000,Lake,Konocti Unified,4207
cenroll2324.txt,2023_24,2023-24,17,10173,0000000,1710173,17101730000000,17101730000000,Lake,Lake County Office of Education,64
cenroll2324.txt,2023_24,2023-24,17,64030,0000000,1764030,17640300000000,17640300000000,Lake,Lakeport Unified,1482
cenroll2324.txt,2023_24,2023-24,17,64048,0000000,1764048,17640480000000,17640480000000,Lake,Lucerne Elementary,345
cenroll2324.txt,2023_24,2023-24,17,64055,0000000,1764055,17640550000000,17640550000000,Lake,Middletown Unified,1894
cenroll2324.txt,2023_24,2023-24,17,76976,0000000,1776976,17769760000000,17769760000000,Lake,Upper Lake Unified,1036
cenroll2324.txt,2023_24,2023-24,18,64089,0000000,1864089,18640890000000,18640890000000,Lassen,Big Valley Joint Unified,131
cenroll2324.txt,2023_24,2023-24,18,75036,0000000,1875036,18750360000000,18750360000000,Lassen,Fort Sage Unified,580
cenroll2324.txt,2023_24,2023-24,18,64105,0000000,1864105,18641050000000,18641050000000,Lassen,Janesville Union Elementary,344
cenroll2324.txt,2023_24,2023-24,18,64113,0000000,1864113,18641130000000,18641130000000,Lassen,Johnstonville Elementary,213
cenroll2324.txt,2023_24,2023-24,18,10181,0000000,1810181,18101810000000,18101810000000,Lassen,Lassen County Office of Education,10
cenroll2324.txt,2023_24,2023-24,18,64139,0000000,1864139,18641390000000,18641390000000,Lassen,Lassen Union High,907
cenroll2324.txt,2023_24,2023-24,18,64162,0000000,1864162,18641620000000,18641620000000,Lassen,Ravendale-Termo Elementary,7
cenroll2324.txt,2023_24,2023-24,18,64170,0000000,1864170,18641700000000,18641700000000,Lassen,Richmond Elementary,199
cenroll2324.txt,2023_24,2023-24,18,64188,0000000,1864188,18641880000000,18641880000000,Lassen,Shaffer Union Elementary,276
cenroll2324.txt,2023_24,2023-24,18,64196,0000000,1864196,18641960000000,18641960000000,Lassen,Susanville Elementary,1265
cenroll2324.txt,2023_24,2023-24,18,64204,0000000,1864204,18642040000000,18642040000000,Lassen,Westwood Unified,216
cenroll2324.txt,2023_24,2023-24,19,64212,0000000,1964212,19642120000000,19642120000000,Los Angeles,ABC Unified,18640
cenroll2324.txt,2023_24,2023-24,19,75309,0000000,1975309,19753090000000,19753090000000,Los Angeles,Acton-Agua Dulce Unified,19913
cenroll2324.txt,2023_24,2023-24,19,75713,0000000,1975713,19757130000000,19757130000000,Los Angeles,Alhambra Unified,15281
cenroll2324.txt,2023_24,2023-24,19,64246,0000000,1964246,19642460000000,19642460000000,Los Angeles,Antelope Valley Union High,24214
cenroll2324.txt,2023_24,2023-24,19,64261,0000000,1964261,19642610000000,19642610000000,Los Angeles,Arcadia Unified,9368
cenroll2324.txt,2023_24,2023-24,19,64279,0000000,1964279,19642790000000,19642790000000,Los Angeles,Azusa Unified,6826
cenroll2324.txt,2023_24,2023-24,19,64287,0000000,1964287,19642870000000,19642870000000,Los Angeles,Baldwin Park Unified,11499
cenroll2324.txt,2023_24,2023-24,19,64295,0000000,1964295,19642950000000,19642950000000,Los Angeles,Bassett Unified,3053
cenroll2324.txt,2023_24,2023-24,19,64303,0000000,1964303,19643030000000,19643030000000,Los Angeles,Bellflower Unified,10379
cenroll2324.txt,2023_24,2023-24,19,64311,0000000,1964311,19643110000000,19643110000000,Los Angeles,Beverly Hills Unified,3182
cenroll2324.txt,2023_24,2023-24,19,64329,0000000,1964329,19643290000000,19643290000000,Los Angeles,Bonita Unified,10289
cenroll2324.txt,2023_24,2023-24,19,64337,0000000,1964337,19643370000000,19643370000000,Los Angeles,Burbank Unified,14752
cenroll2324.txt,2023_24,2023-24,19,64345,0000000,1964345,19643450000000,19643450000000,Los Angeles,Castaic Union,2044
cenroll2324.txt,2023_24,2023-24,19,64352,0000000,1964352,19643520000000,19643520000000,Los Angeles,Centinela Valley Union High,8621
cenroll2324.txt,2023_24,2023-24,19,64378,0000000,1964378,19643780000000,19643780000000,Los Angeles,Charter Oak Unified,4513
cenroll2324.txt,2023_24,2023-24,19,64394,0000000,1964394,19643940000000,19643940000000,Los Angeles,Claremont Unified,6424
cenroll2324.txt,2023_24,2023-24,19,73437,0000000,1973437,19734370000000,19734370000000,Los Angeles,Compton Unified,21234
cenroll2324.txt,2023_24,2023-24,19,64436,0000000,1964436,19644360000000,19644360000000,Los Angeles,Covina-Valley Unified,11640
cenroll2324.txt,2023_24,2023-24,19,64444,0000000,1964444,19644440000000,19644440000000,Los Angeles,Culver City Unified,6854
cenroll2324.txt,2023_24,2023-24,19,64451,0000000,1964451,19644510000000,19644510000000,Los Angeles,Downey Unified,23239
cenroll2324.txt,2023_24,2023-24,19,64469,0000000,1964469,19644690000000,19644690000000,Los Angeles,Duarte Unified,15256
cenroll2324.txt,2023_24,2023-24,19,64485,0000000,1964485,19644850000000,19644850000000,Los Angeles,East Whittier City Elementary,8031
cenroll2324.txt,2023_24,2023-24,19,64477,0000000,1964477,19644770000000,19644770000000,Los Angeles,Eastside Union Elementary,3569
cenroll2324.txt,2023_24,2023-24,19,64501,0000000,1964501,19645010000000,19645010000000,Los Angeles,El Monte City,7407
cenroll2324.txt,2023_24,2023-24,19,64519,0000000,1964519,19645190000000,19645190000000,Los Angeles,El Monte Union High,7934
cenroll2324.txt,2023_24,2023-24,19,64527,0000000,1964527,19645270000000,19645270000000,Los Angeles,El Rancho Unified,7436
cenroll2324.txt,2023_24,2023-24,19,64535,0000000,1964535,19645350000000,19645350000000,Los Angeles,El Segundo Unified,3593
cenroll2324.txt,2023_24,2023-24,19,64550,0000000,1964550,19645500000000,19645500000000,Los Angeles,Garvey Elementary,4573
cenroll2324.txt,2023_24,2023-24,19,64568,0000000,1964568,19645680000000,19645680000000,Los Angeles,Glendale Unified,26253
cenroll2324.txt,2023_24,2023-24,19,64576,0000000,1964576,19645760000000,19645760000000,Los Angeles,Glendora Unified,6552
cenroll2324.txt,2023_24,2023-24,19,64584,0000000,1964584,19645840000000,19645840000000,Los Angeles,Gorman Joint,1395
cenroll2324.txt,2023_24,2023-24,19,73445,0000000,1973445,19734450000000,19734450000000,Los Angeles,Hacienda la Puente Unified,16518
cenroll2324.txt,2023_24,2023-24,19,64592,0000000,1964592,19645920000000,19645920000000,Los Angeles,Hawthorne,7507
cenroll2324.txt,2023_24,2023-24,19,64600,0000000,1964600,19646000000000,19646000000000,Los Angeles,Hermosa Beach City Elementary,1361
cenroll2324.txt,2023_24,2023-24,19,64626,0000000,1964626,19646260000000,19646260000000,Los Angeles,Hughes-Elizabeth Lakes Union Elementary,210
cenroll2324.txt,2023_24,2023-24,19,64634,0000000,1964634,19646340000000,19646340000000,Los Angeles,Inglewood Unified,9446
cenroll2324.txt,2023_24,2023-24,19,64642,0000000,1964642,19646420000000,19646420000000,Los Angeles,Keppel Union Elementary,3152
cenroll2324.txt,2023_24,2023-24,19,64659,0000000,1964659,19646590000000,19646590000000,Los Angeles,La Canada Unified,3980
cenroll2324.txt,2023_24,2023-24,19,64667,0000000,1964667,19646670000000,19646670000000,Los Angeles,Lancaster Elementary,16629
cenroll2324.txt,2023_24,2023-24,19,64683,0000000,1964683,19646830000000,19646830000000,Los Angeles,Las Virgenes Unified,9882
cenroll2324.txt,2023_24,2023-24,19,64691,0000000,1964691,19646910000000,19646910000000,Los Angeles,Lawndale Elementary,5182
cenroll2324.txt,2023_24,2023-24,19,64709,0000000,1964709,19647090000000,19647090000000,Los Angeles,Lennox,5917
cenroll2324.txt,2023_24,2023-24,19,64717,0000000,1964717,19647170000000,19647170000000,Los Angeles,Little Lake City Elementary,3837
cenroll2324.txt,2023_24,2023-24,19,64725,0000000,1964725,19647250000000,19647250000000,Los Angeles,Long Beach Unified,66940
cenroll2324.txt,2023_24,2023-24,19,10199,0000000,1910199,19101990000000,19101990000000,Los Angeles,Los Angeles County Office of Education,10652
cenroll2324.txt,2023_24,2023-24,19,64733,0000000,1964733,19647330000000,19647330000000,Los Angeles,Los Angeles Unified,555609
cenroll2324.txt,2023_24,2023-24,19,64758,0000000,1964758,19647580000000,19647580000000,Los Angeles,Los Nietos,1326
cenroll2324.txt,2023_24,2023-24,19,64774,0000000,1964774,19647740000000,19647740000000,Los Angeles,Lynwood Unified,12057
cenroll2324.txt,2023_24,2023-24,19,75333,0000000,1975333,19753330000000,19753330000000,Los Angeles,Manhattan Beach Unified,5994
cenroll2324.txt,2023_24,2023-24,19,64790,0000000,1964790,19647900000000,19647900000000,Los Angeles,Monrovia Unified,5129
cenroll2324.txt,2023_24,2023-24,19,64808,0000000,1964808,19648080000000,19648080000000,Los Angeles,Montebello Unified,21011
cenroll2324.txt,2023_24,2023-24,19,64816,0000000,1964816,19648160000000,19648160000000,Los Angeles,Mountain View Elementary,4993
cenroll2324.txt,2023_24,2023-24,19,64832,0000000,1964832,19648320000000,19648320000000,Los Angeles,Newhall,6220
cenroll2324.txt,2023_24,2023-24,19,64840,0000000,1964840,19648400000000,19648400000000,Los Angeles,Norwalk-La Mirada Unified,15636
cenroll2324.txt,2023_24,2023-24,19,64857,0000000,1964857,19648570000000,19648570000000,Los Angeles,Palmdale Elementary,23418
cenroll2324.txt,2023_24,2023-24,19,64865,0000000,1964865,19648650000000,19648650000000,Los Angeles,Palos Verdes Peninsula Unified,10604
cenroll2324.txt,2023_24,2023-24,19,64873,0000000,1964873,19648730000000,19648730000000,Los Angeles,Paramount Unified,12713
cenroll2324.txt,2023_24,2023-24,19,64881,0000000,1964881,19648810000000,19648810000000,Los Angeles,Pasadena Unified,16037
cenroll2324.txt,2023_24,2023-24,19,64907,0000000,1964907,19649070000000,19649070000000,Los Angeles,Pomona Unified,23122
cenroll2324.txt,2023_24,2023-24,19,75341,0000000,1975341,19753410000000,19753410000000,Los Angeles,Redondo Beach Unified,9692
cenroll2324.txt,2023_24,2023-24,19,64931,0000000,1964931,19649310000000,19649310000000,Los Angeles,Rosemead Elementary,2427
cenroll2324.txt,2023_24,2023-24,19,73452,0000000,1973452,19734520000000,19734520000000,Los Angeles,Rowland Unified,14370
cenroll2324.txt,2023_24,2023-24,19,75291,0000000,1975291,19752910000000,19752910000000,Los Angeles,San Gabriel Unified,6228
cenroll2324.txt,2023_24,2023-24,19,64964,0000000,1964964,19649640000000,19649640000000,Los Angeles,San Marino Unified,3019
cenroll2324.txt,2023_24,2023-24,19,64980,0000000,1964980,19649800000000,19649800000000,Los Angeles,Santa Monica-Malibu Unified,8873
cenroll2324.txt,2023_24,2023-24,19,64998,0000000,1964998,19649980000000,19649980000000,Los Angeles,Saugus Union,9493
cenroll2324.txt,2023_24,2023-24,19,76968,0000000,1976968,19769680000000,19769680000000,Los Angeles,SBE - Academia Avance Charter,264
cenroll2324.txt,2023_24,2023-24,19,77289,0000000,1977289,19772890000000,19772890000000,Los Angeles,SBE - Los Angeles College Prep Academy,50
cenroll2324.txt,2023_24,2023-24,19,75663,0000000,1975663,19756630000000,19756630000000,Los Angeles,SBE - New West Charter,1006
cenroll2324.txt,2023_24,2023-24,19,65029,0000000,1965029,19650290000000,19650290000000,Los Angeles,South Pasadena Unified,4820
cenroll2324.txt,2023_24,2023-24,19,65037,0000000,1965037,19650370000000,19650370000000,Los Angeles,South Whittier Elementary,2394
cenroll2324.txt,2023_24,2023-24,19,65045,0000000,1965045,19650450000000,19650450000000,Los Angeles,Sulphur Springs Union,5489
cenroll2324.txt,2023_24,2023-24,19,65052,0000000,1965052,19650520000000,19650520000000,Los Angeles,Temple City Unified,5475
cenroll2324.txt,2023_24,2023-24,19,65060,0000000,1965060,19650600000000,19650600000000,Los Angeles,Torrance Unified,22758
cenroll2324.txt,2023_24,2023-24,19,65078,0000000,1965078,19650780000000,19650780000000,Los Angeles,Valle Lindo Elementary,930
cenroll2324.txt,2023_24,2023-24,19,73460,0000000,1973460,19734600000000,19734600000000,Los Angeles,Walnut Valley Unified,14229
cenroll2324.txt,2023_24,2023-24,19,65094,0000000,1965094,19650940000000,19650940000000,Los Angeles,West Covina Unified,16575
cenroll2324.txt,2023_24,2023-24,19,65102,0000000,1965102,19651020000000,19651020000000,Los Angeles,Westside Union Elementary,9733
cenroll2324.txt,2023_24,2023-24,19,65110,0000000,1965110,19651100000000,19651100000000,Los Angeles,Whittier City Elementary,5649
cenroll2324.txt,2023_24,2023-24,19,65128,0000000,1965128,19651280000000,19651280000000,Los Angeles,Whittier Union High,10563
cenroll2324.txt,2023_24,2023-24,19,65136,0000000,1965136,19651360000000,19651360000000,Los Angeles,William S. Hart Union High,23196
cenroll2324.txt,2023_24,2023-24,19,65151,0000000,1965151,19651510000000,19651510000000,Los Angeles,Wilsona Elementary,1430
cenroll2324.txt,2023_24,2023-24,19,76869,0000000,1976869,19768690000000,19768690000000,Los Angeles,Wiseburn Unified,5156
cenroll2324.txt,2023_24,2023-24,20,65177,0000000,2065177,20651770000000,20651770000000,Madera,Alview-Dairyland Union Elementary,409
cenroll2324.txt,2023_24,2023-24,20,65185,0000000,2065185,20651850000000,20651850000000,Madera,Bass Lake Joint Union Elementary,885
cenroll2324.txt,2023_24,2023-24,20,75606,0000000,2075606,20756060000000,20756060000000,Madera,Chawanakee Unified,1491
cenroll2324.txt,2023_24,2023-24,20,65193,0000000,2065193,20651930000000,20651930000000,Madera,Chowchilla Elementary,2341
cenroll2324.txt,2023_24,2023-24,20,65201,0000000,2065201,20652010000000,20652010000000,Madera,Chowchilla Union High,1192
cenroll2324.txt,2023_24,2023-24,20,75580,0000000,2075580,20755800000000,20755800000000,Madera,Golden Valley Unified,3019
cenroll2324.txt,2023_24,2023-24,20,10207,0000000,2010207,20102070000000,20102070000000,Madera,Madera County Superintendent of Schools,934
cenroll2324.txt,2023_24,2023-24,20,65243,0000000,2065243,20652430000000,20652430000000,Madera,Madera Unified,22120
cenroll2324.txt,2023_24,2023-24,20,65276,0000000,2065276,20652760000000,20652760000000,Madera,Raymond-Knowles Union Elementary,86
cenroll2324.txt,2023_24,2023-24,20,76414,0000000,2076414,20764140000000,20764140000000,Madera,Yosemite Unified,1871
cenroll2324.txt,2023_24,2023-24,21,65300,0000000,2165300,21653000000000,21653000000000,Marin,Bolinas-Stinson Union,111
cenroll2324.txt,2023_24,2023-24,21,65334,0000000,2165334,21653340000000,21653340000000,Marin,Kentfield Elementary,1067
cenroll2324.txt,2023_24,2023-24,21,65342,0000000,2165342,21653420000000,21653420000000,Marin,Laguna Joint Elementary,9
cenroll2324.txt,2023_24,2023-24,21,65359,0000000,2165359,21653590000000,21653590000000,Marin,Lagunitas Elementary,171
cenroll2324.txt,2023_24,2023-24,21,65367,0000000,2165367,21653670000000,21653670000000,Marin,Larkspur-Corte Madera,1206
cenroll2324.txt,2023_24,2023-24,21,10215,0000000,2110215,21102150000000,21102150000000,Marin,Marin County Office of Education,631
cenroll2324.txt,2023_24,2023-24,21,65391,0000000,2165391,21653910000000,21653910000000,Marin,Mill Valley Elementary,2325
cenroll2324.txt,2023_24,2023-24,21,65318,0000000,2165318,21653180000000,21653180000000,Marin,Miller Creek Elementary,1859
cenroll2324.txt,2023_24,2023-24,21,65409,0000000,2165409,21654090000000,21654090000000,Marin,Nicasio,38
cenroll2324.txt,2023_24,2023-24,21,65417,0000000,2165417,21654170000000,21654170000000,Marin,Novato Unified,7763
cenroll2324.txt,2023_24,2023-24,21,65425,0000000,2165425,21654250000000,21654250000000,Marin,Reed Union Elementary,1074
cenroll2324.txt,2023_24,2023-24,21,65433,0000000,2165433,21654330000000,21654330000000,Marin,Ross Elementary,357
cenroll2324.txt,2023_24,2023-24,21,75002,0000000,2175002,21750020000000,21750020000000,Marin,Ross Valley Elementary,1773
cenroll2324.txt,2023_24,2023-24,21,65458,0000000,2165458,21654580000000,21654580000000,Marin,San Rafael City Elementary,4614
cenroll2324.txt,2023_24,2023-24,21,65466,0000000,2165466,21654660000000,21654660000000,Marin,San Rafael City High,2824
cenroll2324.txt,2023_24,2023-24,21,65474,0000000,2165474,21654740000000,21654740000000,Marin,Sausalito Marin City,321
cenroll2324.txt,2023_24,2023-24,21,73361,0000000,2173361,21733610000000,21733610000000,Marin,Shoreline Unified,521
cenroll2324.txt,2023_24,2023-24,21,65482,0000000,2165482,21654820000000,21654820000000,Marin,Tamalpais Union High,4806
cenroll2324.txt,2023_24,2023-24,22,10223,0000000,2210223,22102230000000,22102230000000,Mariposa,Mariposa County Office of Education,72
cenroll2324.txt,2023_24,2023-24,22,65532,0000000,2265532,22655320000000,22655320000000,Mariposa,Mariposa County Unified,1937
cenroll2324.txt,2023_24,2023-24,23,65540,0000000,2365540,23655400000000,23655400000000,Mendocino,Anderson Valley Unified,424
cenroll2324.txt,2023_24,2023-24,23,65557,0000000,2365557,23655570000000,23655570000000,Mendocino,Arena Union Elementary,313
cenroll2324.txt,2023_24,2023-24,23,65565,0000000,2365565,23655650000000,23655650000000,Mendocino,Fort Bragg Unified,1845
cenroll2324.txt,2023_24,2023-24,23,73916,0000000,2373916,23739160000000,23739160000000,Mendocino,Laytonville Unified,345
cenroll2324.txt,2023_24,2023-24,23,75218,0000000,2375218,23752180000000,23752180000000,Mendocino,Leggett Valley Unified,132
cenroll2324.txt,2023_24,2023-24,23,65573,0000000,2365573,23655730000000,23655730000000,Mendocino,Manchester Union Elementary,28
cenroll2324.txt,2023_24,2023-24,23,10231,0000000,2310231,23102310000000,23102310000000,Mendocino,Mendocino County Office of Education,125
cenroll2324.txt,2023_24,2023-24,23,65581,0000000,2365581,23655810000000,23655810000000,Mendocino,Mendocino Unified,457
cenroll2324.txt,2023_24,2023-24,23,65599,0000000,2365599,23655990000000,23655990000000,Mendocino,Point Arena Joint Union High,150
cenroll2324.txt,2023_24,2023-24,23,73866,0000000,2373866,23738660000000,23738660000000,Mendocino,Potter Valley Community Unified,301
cenroll2324.txt,2023_24,2023-24,23,65607,0000000,2365607,23656070000000,23656070000000,Mendocino,Round Valley Unified,563
cenroll2324.txt,2023_24,2023-24,23,65615,0000000,2365615,23656150000000,23656150000000,Mendocino,Ukiah Unified,6852
cenroll2324.txt,2023_24,2023-24,23,65623,0000000,2365623,23656230000000,23656230000000,Mendocino,Willits Unified,2004
cenroll2324.txt,2023_24,2023-24,24,65631,0000000,2465631,24656310000000,24656310000000,Merced,Atwater Elementary,5251
cenroll2324.txt,2023_24,2023-24,24,65649,0000000,2465649,24656490000000,24656490000000,Merced,Ballico-Cressey Elementary,378
cenroll2324.txt,2023_24,2023-24,24,75366,0000000,2475366,24753660000000,24753660000000,Merced,Delhi Unified,2518
cenroll2324.txt,2023_24,2023-24,24,75317,0000000,2475317,24753170000000,24753170000000,Merced,Dos Palos Oro Loma Joint Unified,2439
cenroll2324.txt,2023_24,2023-24,24,65680,0000000,2465680,24656800000000,24656800000000,Merced,El Nido Elementary,160
cenroll2324.txt,2023_24,2023-24,24,73619,0000000,2473619,24736190000000,24736190000000,Merced,Gustine Unified,1780
cenroll2324.txt,2023_24,2023-24,24,65698,0000000,2465698,24656980000000,24656980000000,Merced,Hilmar Unified,2378
cenroll2324.txt,2023_24,2023-24,24,65722,0000000,2465722,24657220000000,24657220000000,Merced,Le Grand Union Elementary,344
cenroll2324.txt,2023_24,2023-24,24,65730,0000000,2465730,24657300000000,24657300000000,Merced,Le Grand Union High,552
cenroll2324.txt,2023_24,2023-24,24,65748,0000000,2465748,24657480000000,24657480000000,Merced,Livingston Union,2683
cenroll2324.txt,2023_24,2023-24,24,65755,0000000,2465755,24657550000000,24657550000000,Merced,Los Banos Unified,11767
cenroll2324.txt,2023_24,2023-24,24,65763,0000000,2465763,24657630000000,24657630000000,Merced,McSwain Union Elementary,961
cenroll2324.txt,2023_24,2023-24,24,65771,0000000,2465771,24657710000000,24657710000000,Merced,Merced City Elementary,11932
cenroll2324.txt,2023_24,2023-24,24,10249,0000000,2410249,24102490000000,24102490000000,Merced,Merced County Office of Education,2713
cenroll2324.txt,2023_24,2023-24,24,73726,0000000,2473726,24737260000000,24737260000000,Merced,Merced River Union Elementary,300
cenroll2324.txt,2023_24,2023-24,24,65789,0000000,2465789,24657890000000,24657890000000,Merced,Merced Union High,11575
cenroll2324.txt,2023_24,2023-24,24,65813,0000000,2465813,24658130000000,24658130000000,Merced,Plainsburg Union Elementary,114
cenroll2324.txt,2023_24,2023-24,24,65821,0000000,2465821,24658210000000,24658210000000,Merced,Planada Elementary,921
cenroll2324.txt,2023_24,2023-24,24,65839,0000000,2465839,24658390000000,24658390000000,Merced,Snelling-Merced Falls Union Elementary,63
cenroll2324.txt,2023_24,2023-24,24,65862,0000000,2465862,24658620000000,24658620000000,Merced,Weaver Union,3315
cenroll2324.txt,2023_24,2023-24,24,65870,0000000,2465870,24658700000000,24658700000000,Merced,Winton,2011
cenroll2324.txt,2023_24,2023-24,25,73585,0000000,2573585,25735850000000,25735850000000,Modoc,Modoc Joint Unified,859
cenroll2324.txt,2023_24,2023-24,25,65896,0000000,2565896,25658960000000,25658960000000,Modoc,Surprise Valley Joint Unified,105
cenroll2324.txt,2023_24,2023-24,25,73593,0000000,2573593,25735930000000,25735930000000,Modoc,Tulelake Basin Joint Unified,480
cenroll2324.txt,2023_24,2023-24,26,73668,0000000,2673668,26736680000000,26736680000000,Mono,Eastern Sierra Unified,415
cenroll2324.txt,2023_24,2023-24,26,73692,0000000,2673692,26736920000000,26736920000000,Mono,Mammoth Unified,1211
cenroll2324.txt,2023_24,2023-24,26,10264,0000000,2610264,26102640000000,26102640000000,Mono,Mono County Office of Education,454
cenroll2324.txt,2023_24,2023-24,27,65961,0000000,2765961,27659610000000,27659610000000,Monterey,Alisal Union,7698
cenroll2324.txt,2023_24,2023-24,27,75150,0000000,2775150,27751500000000,27751500000000,Monterey,Big Sur Unified,126
cenroll2324.txt,2023_24,2023-24,27,65979,0000000,2765979,27659790000000,27659790000000,Monterey,Bradley Union Elementary,44
cenroll2324.txt,2023_24,2023-24,27,65987,0000000,2765987,27659870000000,27659870000000,Monterey,Carmel Unified,2220
cenroll2324.txt,2023_24,2023-24,27,65995,0000000,2765995,27659950000000,27659950000000,Monterey,Chualar Union,275
cenroll2324.txt,2023_24,2023-24,27,75473,0000000,2775473,27754730000000,27754730000000,Monterey,Gonzales Unified,2108
cenroll2324.txt,2023_24,2023-24,27,66027,0000000,2766027,27660270000000,27660270000000,Monterey,Graves Elementary,38
cenroll2324.txt,2023_24,2023-24,27,66035,0000000,2766035,27660350000000,27660350000000,Monterey,Greenfield Union Elementary,3485
cenroll2324.txt,2023_24,2023-24,27,66050,0000000,2766050,27660500000000,27660500000000,Monterey,King City Union,2681
cenroll2324.txt,2023_24,2023-24,27,66076,0000000,2766076,27660760000000,27660760000000,Monterey,Lagunita Elementary,63
cenroll2324.txt,2023_24,2023-24,27,66084,0000000,2766084,27660840000000,27660840000000,Monterey,Mission Union Elementary,132
cenroll2324.txt,2023_24,2023-24,27,10272,0000000,2710272,27102720000000,27102720000000,Monterey,Monterey County Office of Education,2303
cenroll2324.txt,2023_24,2023-24,27,66092,0000000,2766092,27660920000000,27660920000000,Monterey,Monterey Peninsula Unified,10521
cenroll2324.txt,2023_24,2023-24,27,73825,0000000,2773825,27738250000000,27738250000000,Monterey,North Monterey County Unified,4640
cenroll2324.txt,2023_24,2023-24,27,66134,0000000,2766134,27661340000000,27661340000000,Monterey,Pacific Grove Unified,1818
cenroll2324.txt,2023_24,2023-24,27,66142,0000000,2766142,27661420000000,27661420000000,Monterey,Salinas City Elementary,8606
cenroll2324.txt,2023_24,2023-24,27,66159,0000000,2766159,27661590000000,27661590000000,Monterey,Salinas Union High,16844
cenroll2324.txt,2023_24,2023-24,27,66167,0000000,2766167,27661670000000,27661670000000,Monterey,San Antonio Union Elementary,162
cenroll2324.txt,2023_24,2023-24,27,66175,0000000,2766175,27661750000000,27661750000000,Monterey,San Ardo Union Elementary,91
cenroll2324.txt,2023_24,2023-24,27,66183,0000000,2766183,27661830000000,27661830000000,Monterey,San Lucas Union Elementary,79
cenroll2324.txt,2023_24,2023-24,27,66191,0000000,2766191,27661910000000,27661910000000,Monterey,Santa Rita Union Elementary,3404
cenroll2324.txt,2023_24,2023-24,27,75440,0000000,2775440,27754400000000,27754400000000,Monterey,Soledad Unified,4941
cenroll2324.txt,2023_24,2023-24,27,66068,0000000,2766068,27660680000000,27660680000000,Monterey,South Monterey County Joint Union High,2840
cenroll2324.txt,2023_24,2023-24,27,66225,0000000,2766225,27662250000000,27662250000000,Monterey,Spreckels Union Elementary,904
cenroll2324.txt,2023_24,2023-24,27,66233,0000000,2766233,27662330000000,27662330000000,Monterey,Washington Union Elementary,764
cenroll2324.txt,2023_24,2023-24,28,66241,0000000,2866241,28662410000000,28662410000000,Napa,Calistoga Joint Unified,821
cenroll2324.txt,2023_24,2023-24,28,66258,0000000,2866258,28662580000000,28662580000000,Napa,Howell Mountain Elementary,111
cenroll2324.txt,2023_24,2023-24,28,10280,0000000,2810280,28102800000000,28102800000000,Napa,Napa County Office of Education,250
cenroll2324.txt,2023_24,2023-24,28,66266,0000000,2866266,28662660000000,28662660000000,Napa,Napa Valley Unified,16885
cenroll2324.txt,2023_24,2023-24,28,66282,0000000,2866282,28662820000000,28662820000000,Napa,Pope Valley Union Elementary,61
cenroll2324.txt,2023_24,2023-24,28,66290,0000000,2866290,28662900000000,28662900000000,Napa,Saint Helena Unified,1139
cenroll2324.txt,2023_24,2023-24,29,66316,0000000,2966316,29663160000000,29663160000000,Nevada,Chicago Park Elementary,168
cenroll2324.txt,2023_24,2023-24,29,66324,0000000,2966324,29663240000000,29663240000000,Nevada,Clear Creek Elementary,174
cenroll2324.txt,2023_24,2023-24,29,66332,0000000,2966332,29663320000000,29663320000000,Nevada,Grass Valley Elementary,1661
cenroll2324.txt,2023_24,2023-24,29,66340,0000000,2966340,29663400000000,29663400000000,Nevada,Nevada City Elementary,749
cenroll2324.txt,2023_24,2023-24,29,10298,0000000,2910298,29102980000000,29102980000000,Nevada,Nevada County Office of Education,4816
cenroll2324.txt,2023_24,2023-24,29,66357,0000000,2966357,29663570000000,29663570000000,Nevada,Nevada Joint Union High,2828
cenroll2324.txt,2023_24,2023-24,29,76877,0000000,2976877,29768770000000,29768770000000,Nevada,Penn Valley Union Elementary,615
cenroll2324.txt,2023_24,2023-24,29,66373,0000000,2966373,29663730000000,29663730000000,Nevada,Pleasant Ridge Union Elementary,1499
cenroll2324.txt,2023_24,2023-24,29,66415,0000000,2966415,29664150000000,29664150000000,Nevada,Twin Ridges Elementary,130
cenroll2324.txt,2023_24,2023-24,29,66407,0000000,2966407,29664070000000,29664070000000,Nevada,Union Hill Elementary,707
cenroll2324.txt,2023_24,2023-24,30,66423,0000000,3066423,30664230000000,30664230000000,Orange,Anaheim Elementary,15647
cenroll2324.txt,2023_24,2023-24,30,66431,0000000,3066431,30664310000000,30664310000000,Orange,Anaheim Union High,28302
cenroll2324.txt,2023_24,2023-24,30,66449,0000000,3066449,30664490000000,30664490000000,Orange,Brea-Olinda Unified,6072
cenroll2324.txt,2023_24,2023-24,30,66456,0000000,3066456,30664560000000,30664560000000,Orange,Buena Park Elementary,4036
cenroll2324.txt,2023_24,2023-24,30,66464,0000000,3066464,30664640000000,30664640000000,Orange,Capistrano Unified,50920
cenroll2324.txt,2023_24,2023-24,30,66472,0000000,3066472,30664720000000,30664720000000,Orange,Centralia Elementary,4237
cenroll2324.txt,2023_24,2023-24,30,66480,0000000,3066480,30664800000000,30664800000000,Orange,Cypress Elementary,3439
cenroll2324.txt,2023_24,2023-24,30,66498,0000000,3066498,30664980000000,30664980000000,Orange,Fountain Valley Elementary,6185
cenroll2324.txt,2023_24,2023-24,30,66506,0000000,3066506,30665060000000,30665060000000,Orange,Fullerton Elementary,11860
cenroll2324.txt,2023_24,2023-24,30,66514,0000000,3066514,30665140000000,30665140000000,Orange,Fullerton Joint Union High,13251
cenroll2324.txt,2023_24,2023-24,30,66522,0000000,3066522,30665220000000,30665220000000,Orange,Garden Grove Unified,39451
cenroll2324.txt,2023_24,2023-24,30,66530,0000000,3066530,30665300000000,30665300000000,Orange,Huntington Beach City Elementary,5118
cenroll2324.txt,2023_24,2023-24,30,66548,0000000,3066548,30665480000000,30665480000000,Orange,Huntington Beach Union High,14468
cenroll2324.txt,2023_24,2023-24,30,73650,0000000,3073650,30736500000000,30736500000000,Orange,Irvine Unified,39906
cenroll2324.txt,2023_24,2023-24,30,66563,0000000,3066563,30665630000000,30665630000000,Orange,La Habra City Elementary,4508
cenroll2324.txt,2023_24,2023-24,30,66555,0000000,3066555,30665550000000,30665550000000,Orange,Laguna Beach Unified,2447
cenroll2324.txt,2023_24,2023-24,30,73924,0000000,3073924,30739240000000,30739240000000,Orange,Los Alamitos Unified,9107
cenroll2324.txt,2023_24,2023-24,30,64766,0000000,3064766,30647660000000,30647660000000,Orange,Lowell Joint,3147
cenroll2324.txt,2023_24,2023-24,30,66589,0000000,3066589,30665890000000,30665890000000,Orange,Magnolia Elementary,5215
cenroll2324.txt,2023_24,2023-24,30,66597,0000000,3066597,30665970000000,30665970000000,Orange,Newport-Mesa Unified,18435
cenroll2324.txt,2023_24,2023-24,30,66613,0000000,3066613,30666130000000,30666130000000,Orange,Ocean View,7139
cenroll2324.txt,2023_24,2023-24,30,10306,0000000,3010306,30103060000000,30103060000000,Orange,Orange County Department of Education,16461
cenroll2324.txt,2023_24,2023-24,30,66621,0000000,3066621,30666210000000,30666210000000,Orange,Orange Unified,26304
cenroll2324.txt,2023_24,2023-24,30,66647,0000000,3066647,30666470000000,30666470000000,Orange,Placentia-Yorba Linda Unified,23442
cenroll2324.txt,2023_24,2023-24,30,73635,0000000,3073635,30736350000000,30736350000000,Orange,Saddleback Valley Unified,23927
cenroll2324.txt,2023_24,2023-24,30,66670,0000000,3066670,30666700000000,30666700000000,Orange,Santa Ana Unified,42098
cenroll2324.txt,2023_24,2023-24,30,66696,0000000,3066696,30666960000000,30666960000000,Orange,Savanna Elementary,1842
cenroll2324.txt,2023_24,2023-24,30,76893,0000000,3076893,30768930000000,30768930000000,Orange,SBE - Magnolia Science Academy Santa Ana,551
cenroll2324.txt,2023_24,2023-24,30,73643,0000000,3073643,30736430000000,30736430000000,Orange,Tustin Unified,22381
cenroll2324.txt,2023_24,2023-24,30,66746,0000000,3066746,30667460000000,30667460000000,Orange,Westminster,8376
cenroll2324.txt,2023_24,2023-24,31,66761,0000000,3166761,31667610000000,31667610000000,Placer,Ackerman Charter,614
cenroll2324.txt,2023_24,2023-24,31,66779,0000000,3166779,31667790000000,31667790000000,Placer,Alta-Dutch Flat Union Elementary,98
cenroll2324.txt,2023_24,2023-24,31,66787,0000000,3166787,31667870000000,31667870000000,Placer,Auburn Union Elementary,1556
cenroll2324.txt,2023_24,2023-24,31,66795,0000000,3166795,31667950000000,31667950000000,Placer,Colfax Elementary,382
cenroll2324.txt,2023_24,2023-24,31,66803,0000000,3166803,31668030000000,31668030000000,Placer,Dry Creek Joint Elementary,7095
cenroll2324.txt,2023_24,2023-24,31,66829,0000000,3166829,31668290000000,31668290000000,Placer,Eureka Union,3438
cenroll2324.txt,2023_24,2023-24,31,66837,0000000,3166837,31668370000000,31668370000000,Placer,Foresthill Union Elementary,502
cenroll2324.txt,2023_24,2023-24,31,66845,0000000,3166845,31668450000000,31668450000000,Placer,Loomis Union Elementary,2973
cenroll2324.txt,2023_24,2023-24,31,66852,0000000,3166852,31668520000000,31668520000000,Placer,Newcastle Elementary,2164
cenroll2324.txt,2023_24,2023-24,31,10314,0000000,3110314,31103140000000,31103140000000,Placer,Placer County Office of Education,635
cenroll2324.txt,2023_24,2023-24,31,66886,0000000,3166886,31668860000000,31668860000000,Placer,Placer Hills Union Elementary,788
cenroll2324.txt,2023_24,2023-24,31,66894,0000000,3166894,31668940000000,31668940000000,Placer,Placer Union High,4102
cenroll2324.txt,2023_24,2023-24,31,75085,0000000,3175085,31750850000000,31750850000000,Placer,Rocklin Unified,13630
cenroll2324.txt,2023_24,2023-24,31,66910,0000000,3166910,31669100000000,31669100000000,Placer,Roseville City Elementary,12687
cenroll2324.txt,2023_24,2023-24,31,66928,0000000,3166928,31669280000000,31669280000000,Placer,Roseville Joint Union High,13056
cenroll2324.txt,2023_24,2023-24,31,66944,0000000,3166944,31669440000000,31669440000000,Placer,Tahoe-Truckee Unified,4288
cenroll2324.txt,2023_24,2023-24,31,66951,0000000,3166951,31669510000000,31669510000000,Placer,Western Placer Unified,11604
cenroll2324.txt,2023_24,2023-24,32,10322,0000000,3210322,32103220000000,32103220000000,Plumas,Plumas County Office of Education,25
cenroll2324.txt,2023_24,2023-24,32,66969,0000000,3266969,32669690000000,32669690000000,Plumas,Plumas Unified,2153
cenroll2324.txt,2023_24,2023-24,33,66977,0000000,3366977,33669770000000,33669770000000,Riverside,Alvord Unified,17767
cenroll2324.txt,2023_24,2023-24,33,66985,0000000,3366985,33669850000000,33669850000000,Riverside,Banning Unified,4657
cenroll2324.txt,2023_24,2023-24,33,66993,0000000,3366993,33669930000000,33669930000000,Riverside,Beaumont Unified,19341
cenroll2324.txt,2023_24,2023-24,33,31625,0000000,3331625,33316250000000,33316250000000,Riverside,California School for the Deaf-Riverside (State Special Schl),351
cenroll2324.txt,2023_24,2023-24,33,73676,0000000,3373676,33736760000000,33736760000000,Riverside,Coachella Valley Unified,17217
cenroll2324.txt,2023_24,2023-24,33,67033,0000000,3367033,33670330000000,33670330000000,Riverside,Corona-Norco Unified,52384
cenroll2324.txt,2023_24,2023-24,33,67041,0000000,3367041,33670410000000,33670410000000,Riverside,Desert Center Unified,36
cenroll2324.txt,2023_24,2023-24,33,67058,0000000,3367058,33670580000000,33670580000000,Riverside,Desert Sands Unified,27204
cenroll2324.txt,2023_24,2023-24,33,67082,0000000,3367082,33670820000000,33670820000000,Riverside,Hemet Unified,24849
cenroll2324.txt,2023_24,2023-24,33,67090,0000000,3367090,33670900000000,33670900000000,Riverside,Jurupa Unified,19138
cenroll2324.txt,2023_24,2023-24,33,75176,0000000,3375176,33751760000000,33751760000000,Riverside,Lake Elsinore Unified,22583
cenroll2324.txt,2023_24,2023-24,33,67116,0000000,3367116,33671160000000,33671160000000,Riverside,Menifee Union,14742
cenroll2324.txt,2023_24,2023-24,33,67124,0000000,3367124,33671240000000,33671240000000,Riverside,Moreno Valley Unified,33566
cenroll2324.txt,2023_24,2023-24,33,75200,0000000,3375200,33752000000000,33752000000000,Riverside,Murrieta Valley Unified,23378
cenroll2324.txt,2023_24,2023-24,33,67157,0000000,3367157,33671570000000,33671570000000,Riverside,Nuview Union,2333
cenroll2324.txt,2023_24,2023-24,33,67173,0000000,3367173,33671730000000,33671730000000,Riverside,Palm Springs Unified,21729
cenroll2324.txt,2023_24,2023-24,33,67181,0000000,3367181,33671810000000,33671810000000,Riverside,Palo Verde Unified,4423
cenroll2324.txt,2023_24,2023-24,33,67199,0000000,3367199,33671990000000,33671990000000,Riverside,Perris Elementary,6026
cenroll2324.txt,2023_24,2023-24,33,67207,0000000,3367207,33672070000000,33672070000000,Riverside,Perris Union High,12890
cenroll2324.txt,2023_24,2023-24,33,10330,0000000,3310330,33103300000000,33103300000000,Riverside,Riverside County Office of Education,16067
cenroll2324.txt,2023_24,2023-24,33,67215,0000000,3367215,33672150000000,33672150000000,Riverside,Riverside Unified,41746
cenroll2324.txt,2023_24,2023-24,33,67231,0000000,3367231,33672310000000,33672310000000,Riverside,Romoland Elementary,5081
cenroll2324.txt,2023_24,2023-24,33,67249,0000000,3367249,33672490000000,33672490000000,Riverside,San Jacinto Unified,13065
cenroll2324.txt,2023_24,2023-24,33,75192,0000000,3375192,33751920000000,33751920000000,Riverside,Temecula Valley Unified,29221
cenroll2324.txt,2023_24,2023-24,33,75242,0000000,3375242,33752420000000,33752420000000,Riverside,Val Verde Unified,20801
cenroll2324.txt,2023_24,2023-24,34,67280,0000000,3467280,34672800000000,34672800000000,Sacramento,Arcohe Union Elementary,554
cenroll2324.txt,2023_24,2023-24,34,73973,0000000,3473973,34739730000000,34739730000000,Sacramento,Center Joint Unified,5010
cenroll2324.txt,2023_24,2023-24,34,67314,0000000,3467314,34673140000000,34673140000000,Sacramento,Elk Grove Unified,66738
cenroll2324.txt,2023_24,2023-24,34,67322,0000000,3467322,34673220000000,34673220000000,Sacramento,Elverta Joint Elementary,253
cenroll2324.txt,2023_24,2023-24,34,67330,0000000,3467330,34673300000000,34673300000000,Sacramento,Folsom-Cordova Unified,22430
cenroll2324.txt,2023_24,2023-24,34,67348,0000000,3467348,34673480000000,34673480000000,Sacramento,Galt Joint Union Elementary,3547
cenroll2324.txt,2023_24,2023-24,34,67355,0000000,3467355,34673550000000,34673550000000,Sacramento,Galt Joint Union High,2071
cenroll2324.txt,2023_24,2023-24,34,75283,0000000,3475283,34752830000000,34752830000000,Sacramento,Natomas Unified,17876
cenroll2324.txt,2023_24,2023-24,34,67413,0000000,3467413,34674130000000,34674130000000,Sacramento,River Delta Joint Unified,2237
cenroll2324.txt,2023_24,2023-24,34,67421,0000000,3467421,34674210000000,34674210000000,Sacramento,Robla Elementary,3158
cenroll2324.txt,2023_24,2023-24,34,67439,0000000,3467439,34674390000000,34674390000000,Sacramento,Sacramento City Unified,45600
cenroll2324.txt,2023_24,2023-24,34,10348,0000000,3410348,34103480000000,34103480000000,Sacramento,Sacramento County Office of Education,4142
cenroll2324.txt,2023_24,2023-24,34,67447,0000000,3467447,34674470000000,34674470000000,Sacramento,San Juan Unified,55910
cenroll2324.txt,2023_24,2023-24,34,76505,0000000,3476505,34765050000000,34765050000000,Sacramento,Twin Rivers Unified,56816
cenroll2324.txt,2023_24,2023-24,35,75259,0000000,3575259,35752590000000,35752590000000,San Benito,Aromas - San Juan Unified,1067
cenroll2324.txt,2023_24,2023-24,35,67454,0000000,3567454,35674540000000,35674540000000,San Benito,Bitterwater-Tully Elementary,26
cenroll2324.txt,2023_24,2023-24,35,67462,0000000,3567462,35674620000000,35674620000000,San Benito,Cienega Union Elementary,22
cenroll2324.txt,2023_24,2023-24,35,67470,0000000,3567470,35674700000000,35674700000000,San Benito,Hollister,6569
cenroll2324.txt,2023_24,2023-24,35,67504,0000000,3567504,35675040000000,35675040000000,San Benito,North County Joint Union Elementary,780
cenroll2324.txt,2023_24,2023-24,35,67520,0000000,3567520,35675200000000,35675200000000,San Benito,Panoche Elementary,11
cenroll2324.txt,2023_24,2023-24,35,10355,0000000,3510355,35103550000000,35103550000000,San Benito,San Benito County Office of Education,121
cenroll2324.txt,2023_24,2023-24,35,67538,0000000,3567538,35675380000000,35675380000000,San Benito,San Benito High,3664
cenroll2324.txt,2023_24,2023-24,35,67553,0000000,3567553,35675530000000,35675530000000,San Benito,Southside Elementary,268
cenroll2324.txt,2023_24,2023-24,35,67561,0000000,3567561,35675610000000,35675610000000,San Benito,Tres Pinos Union Elementary,53
cenroll2324.txt,2023_24,2023-24,35,67579,0000000,3567579,35675790000000,35675790000000,San Benito,Willow Grove Union Elementary,28
cenroll2324.txt,2023_24,2023-24,36,67587,0000000,3667587,36675870000000,36675870000000,San Bernardino,Adelanto Elementary,9815
cenroll2324.txt,2023_24,2023-24,36,67595,0000000,3667595,36675950000000,36675950000000,San Bernardino,Alta Loma Elementary,5828
cenroll2324.txt,2023_24,2023-24,36,75077,0000000,3675077,36750770000000,36750770000000,San Bernardino,Apple Valley Unified,16432
cenroll2324.txt,2023_24,2023-24,36,73858,0000000,3673858,36738580000000,36738580000000,San Bernardino,Baker Valley Unified,136
cenroll2324.txt,2023_24,2023-24,36,67611,0000000,3667611,36676110000000,36676110000000,San Bernardino,Barstow Unified,7181
cenroll2324.txt,2023_24,2023-24,36,67637,0000000,3667637,36676370000000,36676370000000,San Bernardino,Bear Valley Unified,2351
cenroll2324.txt,2023_24,2023-24,36,67645,0000000,3667645,36676450000000,36676450000000,San Bernardino,Central Elementary,4686
cenroll2324.txt,2023_24,2023-24,36,67652,0000000,3667652,36676520000000,36676520000000,San Bernardino,Chaffey Joint Union High,24106
cenroll2324.txt,2023_24,2023-24,36,67678,0000000,3667678,36676780000000,36676780000000,San Bernardino,Chino Valley Unified,27921
cenroll2324.txt,2023_24,2023-24,36,67686,0000000,3667686,36676860000000,36676860000000,San Bernardino,Colton Joint Unified,20627
cenroll2324.txt,2023_24,2023-24,36,67694,0000000,3667694,36676940000000,36676940000000,San Bernardino,Cucamonga Elementary,2609
cenroll2324.txt,2023_24,2023-24,36,67702,0000000,3667702,36677020000000,36677020000000,San Bernardino,Etiwanda Elementary,14261
cenroll2324.txt,2023_24,2023-24,36,67710,0000000,3667710,36677100000000,36677100000000,San Bernardino,Fontana Unified,35655
cenroll2324.txt,2023_24,2023-24,36,67736,0000000,3667736,36677360000000,36677360000000,San Bernardino,Helendale Elementary,8637
cenroll2324.txt,2023_24,2023-24,36,75044,0000000,3675044,36750440000000,36750440000000,San Bernardino,Hesperia Unified,27909
cenroll2324.txt,2023_24,2023-24,36,75051,0000000,3675051,36750510000000,36750510000000,San Bernardino,Lucerne Valley Unified,16076
cenroll2324.txt,2023_24,2023-24,36,67777,0000000,3667777,36677770000000,36677770000000,San Bernardino,Morongo Unified,7946
cenroll2324.txt,2023_24,2023-24,36,67785,0000000,3667785,36677850000000,36677850000000,San Bernardino,Mountain View Elementary,3402
cenroll2324.txt,2023_24,2023-24,36,67793,0000000,3667793,36677930000000,36677930000000,San Bernardino,Mt. Baldy Joint Elementary,103
cenroll2324.txt,2023_24,2023-24,36,67801,0000000,3667801,36678010000000,36678010000000,San Bernardino,Needles Unified,1050
cenroll2324.txt,2023_24,2023-24,36,67819,0000000,3667819,36678190000000,36678190000000,San Bernardino,Ontario-Montclair,19151
cenroll2324.txt,2023_24,2023-24,36,67827,0000000,3667827,36678270000000,36678270000000,San Bernardino,Oro Grande,7428
cenroll2324.txt,2023_24,2023-24,36,67843,0000000,3667843,36678430000000,36678430000000,San Bernardino,Redlands Unified,21079
cenroll2324.txt,2023_24,2023-24,36,67850,0000000,3667850,36678500000000,36678500000000,San Bernardino,Rialto Unified,25158
cenroll2324.txt,2023_24,2023-24,36,67868,0000000,3667868,36678680000000,36678680000000,San Bernardino,Rim of the World Unified,3081
cenroll2324.txt,2023_24,2023-24,36,67876,0000000,3667876,36678760000000,36678760000000,San Bernardino,San Bernardino City Unified,55164
cenroll2324.txt,2023_24,2023-24,36,10363,0000000,3610363,36103630000000,36103630000000,San Bernardino,San Bernardino County Office of Education,8812
cenroll2324.txt,2023_24,2023-24,36,73890,0000000,3673890,36738900000000,36738900000000,San Bernardino,Silver Valley Unified,2395
cenroll2324.txt,2023_24,2023-24,36,73957,0000000,3673957,36739570000000,36739570000000,San Bernardino,Snowline Joint Unified,8952
cenroll2324.txt,2023_24,2023-24,36,67892,0000000,3667892,36678920000000,36678920000000,San Bernardino,Trona Joint Unified,272
cenroll2324.txt,2023_24,2023-24,36,75069,0000000,3675069,36750690000000,36750690000000,San Bernardino,Upland Unified,10401
cenroll2324.txt,2023_24,2023-24,36,67918,0000000,3667918,36679180000000,36679180000000,San Bernardino,Victor Elementary,13804
cenroll2324.txt,2023_24,2023-24,36,67934,0000000,3667934,36679340000000,36679340000000,San Bernardino,Victor Valley Union High,14489
cenroll2324.txt,2023_24,2023-24,36,67959,0000000,3667959,36679590000000,36679590000000,San Bernardino,Yucaipa-Calimesa Joint Unified,10014
cenroll2324.txt,2023_24,2023-24,37,67967,0000000,3767967,37679670000000,37679670000000,San Diego,Alpine Union Elementary,1631
cenroll2324.txt,2023_24,2023-24,37,76851,0000000,3776851,37768510000000,37768510000000,San Diego,Bonsall Unified,2371
cenroll2324.txt,2023_24,2023-24,37,67983,0000000,3767983,37679830000000,37679830000000,San Diego,Borrego Springs Unified,4253
cenroll2324.txt,2023_24,2023-24,37,67991,0000000,3767991,37679910000000,37679910000000,San Diego,Cajon Valley Union,19516
cenroll2324.txt,2023_24,2023-24,37,68007,0000000,3768007,37680070000000,37680070000000,San Diego,Cardiff Elementary,658
cenroll2324.txt,2023_24,2023-24,37,73551,0000000,3773551,37735510000000,37735510000000,San Diego,Carlsbad Unified,11152
cenroll2324.txt,2023_24,2023-24,37,68023,0000000,3768023,37680230000000,37680230000000,San Diego,Chula Vista Elementary,30690
cenroll2324.txt,2023_24,2023-24,37,68031,0000000,3768031,37680310000000,37680310000000,San Diego,Coronado Unified,2853
cenroll2324.txt,2023_24,2023-24,37,68049,0000000,3768049,37680490000000,37680490000000,San Diego,Dehesa Elementary,13006
cenroll2324.txt,2023_24,2023-24,37,68056,0000000,3768056,37680560000000,37680560000000,San Diego,Del Mar Union Elementary,3866
cenroll2324.txt,2023_24,2023-24,37,68080,0000000,3768080,37680800000000,37680800000000,San Diego,Encinitas Union Elementary,4545
cenroll2324.txt,2023_24,2023-24,37,68098,0000000,3768098,37680980000000,37680980000000,San Diego,Escondido Union,17796
cenroll2324.txt,2023_24,2023-24,37,68106,0000000,3768106,37681060000000,37681060000000,San Diego,Escondido Union High,9346
cenroll2324.txt,2023_24,2023-24,37,68114,0000000,3768114,37681140000000,37681140000000,San Diego,Fallbrook Union Elementary,5445
cenroll2324.txt,2023_24,2023-24,37,68122,0000000,3768122,37681220000000,37681220000000,San Diego,Fallbrook Union High,2154
cenroll2324.txt,2023_24,2023-24,37,68130,0000000,3768130,37681300000000,37681300000000,San Diego,Grossmont Union High,22632
cenroll2324.txt,2023_24,2023-24,37,68155,0000000,3768155,37681550000000,37681550000000,San Diego,Jamul-Dulzura Union Elementary,877
cenroll2324.txt,2023_24,2023-24,37,68163,0000000,3768163,37681630000000,37681630000000,San Diego,Julian Union Elementary,2567
cenroll2324.txt,2023_24,2023-24,37,68171,0000000,3768171,37681710000000,37681710000000,San Diego,Julian Union High,130
cenroll2324.txt,2023_24,2023-24,37,68197,0000000,3768197,37681970000000,37681970000000,San Diego,La Mesa-Spring Valley,11778
cenroll2324.txt,2023_24,2023-24,37,68189,0000000,3768189,37681890000000,37681890000000,San Diego,Lakeside Union Elementary,5100
cenroll2324.txt,2023_24,2023-24,37,68205,0000000,3768205,37682050000000,37682050000000,San Diego,Lemon Grove,3357
cenroll2324.txt,2023_24,2023-24,37,68213,0000000,3768213,37682130000000,37682130000000,San Diego,Mountain Empire Unified,5492
cenroll2324.txt,2023_24,2023-24,37,68221,0000000,3768221,37682210000000,37682210000000,San Diego,National Elementary,4977
cenroll2324.txt,2023_24,2023-24,37,73569,0000000,3773569,37735690000000,37735690000000,San Diego,Oceanside Unified,19439
cenroll2324.txt,2023_24,2023-24,37,68296,0000000,3768296,37682960000000,37682960000000,San Diego,Poway Unified,35738
cenroll2324.txt,2023_24,2023-24,37,68304,0000000,3768304,37683040000000,37683040000000,San Diego,Ramona City Unified,5324
cenroll2324.txt,2023_24,2023-24,37,68312,0000000,3768312,37683120000000,37683120000000,San Diego,Rancho Santa Fe Elementary,554
cenroll2324.txt,2023_24,2023-24,37,10371,0000000,3710371,37103710000000,37103710000000,San Diego,San Diego County Office of Education,9442
cenroll2324.txt,2023_24,2023-24,37,68338,0000000,3768338,37683380000000,37683380000000,San Diego,San Diego Unified,120899
cenroll2324.txt,2023_24,2023-24,37,68346,0000000,3768346,37683460000000,37683460000000,San Diego,San Dieguito Union High,12656
cenroll2324.txt,2023_24,2023-24,37,73791,0000000,3773791,37737910000000,37737910000000,San Diego,San Marcos Unified,19988
cenroll2324.txt,2023_24,2023-24,37,68353,0000000,3768353,37683530000000,37683530000000,San Diego,San Pasqual Union Elementary,541
cenroll2324.txt,2023_24,2023-24,37,68379,0000000,3768379,37683790000000,37683790000000,San Diego,San Ysidro Elementary,4536
cenroll2324.txt,2023_24,2023-24,37,68361,0000000,3768361,37683610000000,37683610000000,San Diego,Santee,6377
cenroll2324.txt,2023_24,2023-24,37,76471,0000000,3776471,37764710000000,37764710000000,San Diego,SBC - High Tech High,3879
cenroll2324.txt,2023_24,2023-24,37,77172,0000000,3777172,37771720000000,37771720000000,San Diego,SBE - Baypoint Preparatory Academy San Diego,258
cenroll2324.txt,2023_24,2023-24,37,77164,0000000,3777164,37771640000000,37771640000000,San Diego,SBE - College Preparatory Middle,407
cenroll2324.txt,2023_24,2023-24,37,77099,0000000,3777099,37770990000000,37770990000000,San Diego,SBE - Grossmont Secondary,567
cenroll2324.txt,2023_24,2023-24,37,77107,0000000,3777107,37771070000000,37771070000000,San Diego,SBE - Sweetwater Secondary,570
cenroll2324.txt,2023_24,2023-24,37,77156,0000000,3777156,37771560000000,37771560000000,San Diego,SBE - Vista Springs Charter,263
cenroll2324.txt,2023_24,2023-24,37,68387,0000000,3768387,37683870000000,37683870000000,San Diego,Solana Beach Elementary,2864
cenroll2324.txt,2023_24,2023-24,37,68395,0000000,3768395,37683950000000,37683950000000,San Diego,South Bay Union,6015
cenroll2324.txt,2023_24,2023-24,37,68403,0000000,3768403,37684030000000,37684030000000,San Diego,Spencer Valley Elementary,5003
cenroll2324.txt,2023_24,2023-24,37,68411,0000000,3768411,37684110000000,37684110000000,San Diego,Sweetwater Union High,38603
cenroll2324.txt,2023_24,2023-24,37,68437,0000000,3768437,37684370000000,37684370000000,San Diego,Vallecitos Elementary,203
cenroll2324.txt,2023_24,2023-24,37,75614,0000000,3775614,37756140000000,37756140000000,San Diego,Valley Center-Pauma Unified,3879
cenroll2324.txt,2023_24,2023-24,37,68452,0000000,3768452,37684520000000,37684520000000,San Diego,Vista Unified,23553
cenroll2324.txt,2023_24,2023-24,37,75416,0000000,3775416,37754160000000,37754160000000,San Diego,Warner Unified,3760
cenroll2324.txt,2023_24,2023-24,38,10389,0000000,3810389,38103890000000,38103890000000,San Francisco,San Francisco County Office of Education,794
cenroll2324.txt,2023_24,2023-24,38,68478,0000000,3868478,38684780000000,38684780000000,San Francisco,San Francisco Unified,63620
cenroll2324.txt,2023_24,2023-24,38,77131,0000000,3877131,38771310000000,38771310000000,San Francisco,SBE - KIPP Bayview Elementary,162
cenroll2324.txt,2023_24,2023-24,38,76927,0000000,3876927,38769270000000,38769270000000,San Francisco,SBE - The New School of San Francisco,451
cenroll2324.txt,2023_24,2023-24,39,77388,0000000,3977388,39773880000000,39773880000000,San Joaquin,Banta Unified,3289
cenroll2324.txt,2023_24,2023-24,39,68502,0000000,3968502,39685020000000,39685020000000,San Joaquin,Escalon Unified,3158
cenroll2324.txt,2023_24,2023-24,39,68544,0000000,3968544,39685440000000,39685440000000,San Joaquin,Jefferson Elementary,3118
cenroll2324.txt,2023_24,2023-24,39,76760,0000000,3976760,39767600000000,39767600000000,San Joaquin,Lammersville Joint Unified,8069
cenroll2324.txt,2023_24,2023-24,39,68569,0000000,3968569,39685690000000,39685690000000,San Joaquin,Lincoln Unified,9360
cenroll2324.txt,2023_24,2023-24,39,68577,0000000,3968577,39685770000000,39685770000000,San Joaquin,Linden Unified,2399
cenroll2324.txt,2023_24,2023-24,39,68585,0000000,3968585,39685850000000,39685850000000,San Joaquin,Lodi Unified,31718
cenroll2324.txt,2023_24,2023-24,39,68593,0000000,3968593,39685930000000,39685930000000,San Joaquin,Manteca Unified,26696
cenroll2324.txt,2023_24,2023-24,39,68619,0000000,3968619,39686190000000,39686190000000,San Joaquin,New Hope Elementary,185
cenroll2324.txt,2023_24,2023-24,39,68627,0000000,3968627,39686270000000,39686270000000,San Joaquin,New Jerusalem Elementary,8297
cenroll2324.txt,2023_24,2023-24,39,68635,0000000,3968635,39686350000000,39686350000000,San Joaquin,Oak View Union Elementary,400
cenroll2324.txt,2023_24,2023-24,39,68650,0000000,3968650,39686500000000,39686500000000,San Joaquin,Ripon Unified,5643
cenroll2324.txt,2023_24,2023-24,39,10397,0000000,3910397,39103970000000,39103970000000,San Joaquin,San Joaquin County Office of Education,7283
cenroll2324.txt,2023_24,2023-24,39,68676,0000000,3968676,39686760000000,39686760000000,San Joaquin,Stockton Unified,41535
cenroll2324.txt,2023_24,2023-24,39,75499,0000000,3975499,39754990000000,39754990000000,San Joaquin,Tracy Joint Unified,16022
cenroll2324.txt,2023_24,2023-24,40,68700,0000000,4068700,40687000000000,40687000000000,San Luis Obispo,Atascadero Unified,4536
cenroll2324.txt,2023_24,2023-24,40,68726,0000000,4068726,40687260000000,40687260000000,San Luis Obispo,Cayucos Elementary,184
cenroll2324.txt,2023_24,2023-24,40,75465,0000000,4075465,40754650000000,40754650000000,San Luis Obispo,Coast Unified,511
cenroll2324.txt,2023_24,2023-24,40,68759,0000000,4068759,40687590000000,40687590000000,San Luis Obispo,Lucia Mar Unified,10039
cenroll2324.txt,2023_24,2023-24,40,75457,0000000,4075457,40754570000000,40754570000000,San Luis Obispo,Paso Robles Joint Unified,6588
cenroll2324.txt,2023_24,2023-24,40,68791,0000000,4068791,40687910000000,40687910000000,San Luis Obispo,Pleasant Valley Joint Union Elementary,57
cenroll2324.txt,2023_24,2023-24,40,68809,0000000,4068809,40688090000000,40688090000000,San Luis Obispo,San Luis Coastal Unified,8035
cenroll2324.txt,2023_24,2023-24,40,10405,0000000,4010405,40104050000000,40104050000000,San Luis Obispo,San Luis Obispo County Office of Education,1202
cenroll2324.txt,2023_24,2023-24,40,68825,0000000,4068825,40688250000000,40688250000000,San Luis Obispo,San Miguel Joint Union,688
cenroll2324.txt,2023_24,2023-24,40,68833,0000000,4068833,40688330000000,40688330000000,San Luis Obispo,Shandon Joint Unified,269
cenroll2324.txt,2023_24,2023-24,40,68841,0000000,4068841,40688410000000,40688410000000,San Luis Obispo,Templeton Unified,2302
cenroll2324.txt,2023_24,2023-24,41,68858,0000000,4168858,41688580000000,41688580000000,San Mateo,Bayshore Elementary,355
cenroll2324.txt,2023_24,2023-24,41,68866,0000000,4168866,41688660000000,41688660000000,San Mateo,Belmont-Redwood Shores Elementary,4130
cenroll2324.txt,2023_24,2023-24,41,68874,0000000,4168874,41688740000000,41688740000000,San Mateo,Brisbane Elementary,488
cenroll2324.txt,2023_24,2023-24,41,68882,0000000,4168882,41688820000000,41688820000000,San Mateo,Burlingame Elementary,3423
cenroll2324.txt,2023_24,2023-24,41,68890,0000000,4168890,41688900000000,41688900000000,San Mateo,Cabrillo Unified,2739
cenroll2324.txt,2023_24,2023-24,41,68908,0000000,4168908,41689080000000,41689080000000,San Mateo,Hillsborough City Elementary,1273
cenroll2324.txt,2023_24,2023-24,41,68916,0000000,4168916,41689160000000,41689160000000,San Mateo,Jefferson Elementary,6627
cenroll2324.txt,2023_24,2023-24,41,68924,0000000,4168924,41689240000000,41689240000000,San Mateo,Jefferson Union High,4343
cenroll2324.txt,2023_24,2023-24,41,68940,0000000,4168940,41689400000000,41689400000000,San Mateo,La Honda-Pescadero Unified,266
cenroll2324.txt,2023_24,2023-24,41,68957,0000000,4168957,41689570000000,41689570000000,San Mateo,Las Lomitas Elementary,1211
cenroll2324.txt,2023_24,2023-24,41,68965,0000000,4168965,41689650000000,41689650000000,San Mateo,Menlo Park City Elementary,2808
cenroll2324.txt,2023_24,2023-24,41,68973,0000000,4168973,41689730000000,41689730000000,San Mateo,Millbrae Elementary,2157
cenroll2324.txt,2023_24,2023-24,41,68932,0000000,4168932,41689320000000,41689320000000,San Mateo,Pacifica,2797
cenroll2324.txt,2023_24,2023-24,41,68981,0000000,4168981,41689810000000,41689810000000,San Mateo,Portola Valley Elementary,512
cenroll2324.txt,2023_24,2023-24,41,68999,0000000,4168999,41689990000000,41689990000000,San Mateo,Ravenswood City Elementary,2848
cenroll2324.txt,2023_24,2023-24,41,69005,0000000,4169005,41690050000000,41690050000000,San Mateo,Redwood City Elementary,7851
cenroll2324.txt,2023_24,2023-24,41,69013,0000000,4169013,41690130000000,41690130000000,San Mateo,San Bruno Park Elementary,2102
cenroll2324.txt,2023_24,2023-24,41,69021,0000000,4169021,41690210000000,41690210000000,San Mateo,San Carlos Elementary,3198
cenroll2324.txt,2023_24,2023-24,41,10413,0000000,4110413,41104130000000,41104130000000,San Mateo,San Mateo County Office of Education,325
cenroll2324.txt,2023_24,2023-24,41,69047,0000000,4169047,41690470000000,41690470000000,San Mateo,San Mateo Union High,9693
cenroll2324.txt,2023_24,2023-24,41,69039,0000000,4169039,41690390000000,41690390000000,San Mateo,San Mateo-Foster City,10451
cenroll2324.txt,2023_24,2023-24,41,69062,0000000,4169062,41690620000000,41690620000000,San Mateo,Sequoia Union High,10041
cenroll2324.txt,2023_24,2023-24,41,69070,0000000,4169070,41690700000000,41690700000000,San Mateo,South San Francisco Unified,8091
cenroll2324.txt,2023_24,2023-24,41,69088,0000000,4169088,41690880000000,41690880000000,San Mateo,Woodside Elementary,374
cenroll2324.txt,2023_24,2023-24,42,69104,0000000,4269104,42691040000000,42691040000000,Santa Barbara,Ballard Elementary,108
cenroll2324.txt,2023_24,2023-24,42,69112,0000000,4269112,42691120000000,42691120000000,Santa Barbara,Blochman Union Elementary,1574
cenroll2324.txt,2023_24,2023-24,42,69138,0000000,4269138,42691380000000,42691380000000,Santa Barbara,Buellton Union Elementary,558
cenroll2324.txt,2023_24,2023-24,42,69146,0000000,4269146,42691460000000,42691460000000,Santa Barbara,Carpinteria Unified,1997
cenroll2324.txt,2023_24,2023-24,42,69161,0000000,4269161,42691610000000,42691610000000,Santa Barbara,Cold Spring Elementary,181
cenroll2324.txt,2023_24,2023-24,42,69179,0000000,4269179,42691790000000,42691790000000,Santa Barbara,College Elementary,373
cenroll2324.txt,2023_24,2023-24,42,75010,0000000,4275010,42750100000000,42750100000000,Santa Barbara,Cuyama Joint Unified,382
cenroll2324.txt,2023_24,2023-24,42,69195,0000000,4269195,42691950000000,42691950000000,Santa Barbara,Goleta Union Elementary,3506
cenroll2324.txt,2023_24,2023-24,42,69203,0000000,4269203,42692030000000,42692030000000,Santa Barbara,Guadalupe Union Elementary,1382
cenroll2324.txt,2023_24,2023-24,42,69211,0000000,4269211,42692110000000,42692110000000,Santa Barbara,Hope Elementary,905
cenroll2324.txt,2023_24,2023-24,42,69229,0000000,4269229,42692290000000,42692290000000,Santa Barbara,Lompoc Unified,9945
cenroll2324.txt,2023_24,2023-24,42,69245,0000000,4269245,42692450000000,42692450000000,Santa Barbara,Los Olivos Elementary,157
cenroll2324.txt,2023_24,2023-24,42,69252,0000000,4269252,42692520000000,42692520000000,Santa Barbara,Montecito Union Elementary,357
cenroll2324.txt,2023_24,2023-24,42,69260,0000000,4269260,42692600000000,42692600000000,Santa Barbara,Orcutt Union Elementary,4984
cenroll2324.txt,2023_24,2023-24,42,10421,0000000,4210421,42104210000000,42104210000000,Santa Barbara,Santa Barbara County Office of Education,263
cenroll2324.txt,2023_24,2023-24,42,76786,0000000,4276786,42767860000000,42767860000000,Santa Barbara,Santa Barbara Unified,13951
cenroll2324.txt,2023_24,2023-24,42,69310,0000000,4269310,42693100000000,42693100000000,Santa Barbara,Santa Maria Joint Union High,9376
cenroll2324.txt,2023_24,2023-24,42,69120,0000000,4269120,42691200000000,42691200000000,Santa Barbara,Santa Maria-Bonita,18008
cenroll2324.txt,2023_24,2023-24,42,69328,0000000,4269328,42693280000000,42693280000000,Santa Barbara,Santa Ynez Valley Union High,880
cenroll2324.txt,2023_24,2023-24,42,77214,0000000,4277214,42772140000000,42772140000000,Santa Barbara,SBE - Olive Grove Charter - Buellton,56
cenroll2324.txt,2023_24,2023-24,42,77206,0000000,4277206,42772060000000,42772060000000,Santa Barbara,SBE - Olive Grove Charter - Lompoc,145
cenroll2324.txt,2023_24,2023-24,42,77198,0000000,4277198,42771980000000,42771980000000,Santa Barbara,SBE - Olive Grove Charter - Orcutt/Santa Maria,216
cenroll2324.txt,2023_24,2023-24,42,77222,0000000,4277222,42772220000000,42772220000000,Santa Barbara,SBE - Olive Grove Charter - Santa Barbara,125
cenroll2324.txt,2023_24,2023-24,42,69336,0000000,4269336,42693360000000,42693360000000,Santa Barbara,Solvang Elementary,644
cenroll2324.txt,2023_24,2023-24,42,69344,0000000,4269344,42693440000000,42693440000000,Santa Barbara,Vista del Mar Union,62
cenroll2324.txt,2023_24,2023-24,43,69369,0000000,4369369,43693690000000,43693690000000,Santa Clara,Alum Rock Union Elementary,9367
cenroll2324.txt,2023_24,2023-24,43,69377,0000000,4369377,43693770000000,43693770000000,Santa Clara,Berryessa Union Elementary,6322
cenroll2324.txt,2023_24,2023-24,43,69385,0000000,4369385,43693850000000,43693850000000,Santa Clara,Cambrian,3113
cenroll2324.txt,2023_24,2023-24,43,69393,0000000,4369393,43693930000000,43693930000000,Santa Clara,Campbell Union,6579
cenroll2324.txt,2023_24,2023-24,43,69401,0000000,4369401,43694010000000,43694010000000,Santa Clara,Campbell Union High,8878
cenroll2324.txt,2023_24,2023-24,43,69419,0000000,4369419,43694190000000,43694190000000,Santa Clara,Cupertino Union,14286
cenroll2324.txt,2023_24,2023-24,43,69427,0000000,4369427,43694270000000,43694270000000,Santa Clara,East Side Union High,26036
cenroll2324.txt,2023_24,2023-24,43,69435,0000000,4369435,43694350000000,43694350000000,Santa Clara,Evergreen Elementary,9121
cenroll2324.txt,2023_24,2023-24,43,69450,0000000,4369450,43694500000000,43694500000000,Santa Clara,Franklin-McKinley Elementary,8470
cenroll2324.txt,2023_24,2023-24,43,69468,0000000,4369468,43694680000000,43694680000000,Santa Clara,Fremont Union High,9895
cenroll2324.txt,2023_24,2023-24,43,69484,0000000,4369484,43694840000000,43694840000000,Santa Clara,Gilroy Unified,11287
cenroll2324.txt,2023_24,2023-24,43,69492,0000000,4369492,43694920000000,43694920000000,Santa Clara,Lakeside Joint,80
cenroll2324.txt,2023_24,2023-24,43,69500,0000000,4369500,43695000000000,43695000000000,Santa Clara,Loma Prieta Joint Union Elementary,434
cenroll2324.txt,2023_24,2023-24,43,69518,0000000,4369518,43695180000000,43695180000000,Santa Clara,Los Altos Elementary,3501
cenroll2324.txt,2023_24,2023-24,43,69526,0000000,4369526,43695260000000,43695260000000,Santa Clara,Los Gatos Union Elementary,2758
cenroll2324.txt,2023_24,2023-24,43,69534,0000000,4369534,43695340000000,43695340000000,Santa Clara,Los Gatos-Saratoga Union High,3219
cenroll2324.txt,2023_24,2023-24,43,69542,0000000,4369542,43695420000000,43695420000000,Santa Clara,Luther Burbank,495
cenroll2324.txt,2023_24,2023-24,43,73387,0000000,4373387,43733870000000,43733870000000,Santa Clara,Milpitas Unified,10656
cenroll2324.txt,2023_24,2023-24,43,69575,0000000,4369575,43695750000000,43695750000000,Santa Clara,Moreland,4115
cenroll2324.txt,2023_24,2023-24,43,69583,0000000,4369583,43695830000000,43695830000000,Santa Clara,Morgan Hill Unified,8997
cenroll2324.txt,2023_24,2023-24,43,69617,0000000,4369617,43696170000000,43696170000000,Santa Clara,Mount Pleasant Elementary,1642
cenroll2324.txt,2023_24,2023-24,43,69591,0000000,4369591,43695910000000,43695910000000,Santa Clara,Mountain View Whisman,4866
cenroll2324.txt,2023_24,2023-24,43,69609,0000000,4369609,43696090000000,43696090000000,Santa Clara,Mountain View-Los Altos Union High,4559
cenroll2324.txt,2023_24,2023-24,43,69625,0000000,4369625,43696250000000,43696250000000,Santa Clara,Oak Grove Elementary,9342
cenroll2324.txt,2023_24,2023-24,43,69633,0000000,4369633,43696330000000,43696330000000,Santa Clara,Orchard Elementary,847
cenroll2324.txt,2023_24,2023-24,43,69641,0000000,4369641,43696410000000,43696410000000,Santa Clara,Palo Alto Unified,10670
cenroll2324.txt,2023_24,2023-24,43,69666,0000000,4369666,43696660000000,43696660000000,Santa Clara,San Jose Unified,27414
cenroll2324.txt,2023_24,2023-24,43,10439,0000000,4310439,43104390000000,43104390000000,Santa Clara,Santa Clara County Office of Education,12043
cenroll2324.txt,2023_24,2023-24,43,69674,0000000,4369674,43696740000000,43696740000000,Santa Clara,Santa Clara Unified,15104
cenroll2324.txt,2023_24,2023-24,43,69682,0000000,4369682,43696820000000,43696820000000,Santa Clara,Saratoga Union Elementary,1653
cenroll2324.txt,2023_24,2023-24,43,77149,0000000,4377149,43771490000000,43771490000000,Santa Clara,SBE - KIPP Navigate College Prep,320
cenroll2324.txt,2023_24,2023-24,43,69690,0000000,4369690,43696900000000,43696900000000,Santa Clara,Sunnyvale,5965
cenroll2324.txt,2023_24,2023-24,43,69708,0000000,4369708,43697080000000,43697080000000,Santa Clara,Union Elementary,5553
cenroll2324.txt,2023_24,2023-24,44,69732,0000000,4469732,44697320000000,44697320000000,Santa Cruz,Bonny Doon Union Elementary,98
cenroll2324.txt,2023_24,2023-24,44,69757,0000000,4469757,44697570000000,44697570000000,Santa Cruz,Happy Valley Elementary,124
cenroll2324.txt,2023_24,2023-24,44,69765,0000000,4469765,44697650000000,44697650000000,Santa Cruz,Live Oak Elementary,1747
cenroll2324.txt,2023_24,2023-24,44,69773,0000000,4469773,44697730000000,44697730000000,Santa Cruz,Mountain Elementary,166
cenroll2324.txt,2023_24,2023-24,44,69781,0000000,4469781,44697810000000,44697810000000,Santa Cruz,Pacific Elementary,174
cenroll2324.txt,2023_24,2023-24,44,69799,0000000,4469799,44697990000000,44697990000000,Santa Cruz,Pajaro Valley Unified,18098
cenroll2324.txt,2023_24,2023-24,44,69807,0000000,4469807,44698070000000,44698070000000,Santa Cruz,San Lorenzo Valley Unified,5806
cenroll2324.txt,2023_24,2023-24,44,69815,0000000,4469815,44698150000000,44698150000000,Santa Cruz,Santa Cruz City Elementary,1848
cenroll2324.txt,2023_24,2023-24,44,69823,0000000,4469823,44698230000000,44698230000000,Santa Cruz,Santa Cruz City High,4649
cenroll2324.txt,2023_24,2023-24,44,10447,0000000,4410447,44104470000000,44104470000000,Santa Cruz,Santa Cruz County Office of Education,2180
cenroll2324.txt,2023_24,2023-24,44,77248,0000000,4477248,44772480000000,44772480000000,Santa Cruz,SBE - Watsonville Prep,474
cenroll2324.txt,2023_24,2023-24,44,75432,0000000,4475432,44754320000000,44754320000000,Santa Cruz,Scotts Valley Unified,2893
cenroll2324.txt,2023_24,2023-24,44,69849,0000000,4469849,44698490000000,44698490000000,Santa Cruz,Soquel Union Elementary,1616
cenroll2324.txt,2023_24,2023-24,45,69856,0000000,4569856,45698560000000,45698560000000,Shasta,Anderson Union High,1781
cenroll2324.txt,2023_24,2023-24,45,69872,0000000,4569872,45698720000000,45698720000000,Shasta,Bella Vista Elementary,371
cenroll2324.txt,2023_24,2023-24,45,69880,0000000,4569880,45698800000000,45698800000000,Shasta,Black Butte Union Elementary,280
cenroll2324.txt,2023_24,2023-24,45,69914,0000000,4569914,45699140000000,45699140000000,Shasta,Cascade Union Elementary,1594
cenroll2324.txt,2023_24,2023-24,45,69922,0000000,4569922,45699220000000,45699220000000,Shasta,Castle Rock Union Elementary,55
cenroll2324.txt,2023_24,2023-24,45,69948,0000000,4569948,45699480000000,45699480000000,Shasta,Columbia Elementary,2329
cenroll2324.txt,2023_24,2023-24,45,69955,0000000,4569955,45699550000000,45699550000000,Shasta,Cottonwood Union Elementary,1258
cenroll2324.txt,2023_24,2023-24,45,69971,0000000,4569971,45699710000000,45699710000000,Shasta,Enterprise Elementary,3813
cenroll2324.txt,2023_24,2023-24,45,69989,0000000,4569989,45699890000000,45699890000000,Shasta,Fall River Joint Unified,1235
cenroll2324.txt,2023_24,2023-24,45,69997,0000000,4569997,45699970000000,45699970000000,Shasta,French Gulch-Whiskeytown Elementary,20
cenroll2324.txt,2023_24,2023-24,45,75267,0000000,4575267,45752670000000,45752670000000,Shasta,Gateway Unified,2594
cenroll2324.txt,2023_24,2023-24,45,70003,0000000,4570003,45700030000000,45700030000000,Shasta,Grant Elementary,640
cenroll2324.txt,2023_24,2023-24,45,70011,0000000,4570011,45700110000000,45700110000000,Shasta,Happy Valley Union Elementary,554
cenroll2324.txt,2023_24,2023-24,45,70029,0000000,4570029,45700290000000,45700290000000,Shasta,"Igo, Ono, Platina Union Elementary",41
cenroll2324.txt,2023_24,2023-24,45,70045,0000000,4570045,45700450000000,45700450000000,Shasta,Junction Elementary,405
cenroll2324.txt,2023_24,2023-24,45,70052,0000000,4570052,45700520000000,45700520000000,Shasta,Millville Elementary,236
cenroll2324.txt,2023_24,2023-24,45,73700,0000000,4573700,45737000000000,45737000000000,Shasta,Mountain Union Elementary,92
cenroll2324.txt,2023_24,2023-24,45,70078,0000000,4570078,45700780000000,45700780000000,Shasta,North Cow Creek Elementary,272
cenroll2324.txt,2023_24,2023-24,45,70086,0000000,4570086,45700860000000,45700860000000,Shasta,Oak Run Elementary,49
cenroll2324.txt,2023_24,2023-24,45,70094,0000000,4570094,45700940000000,45700940000000,Shasta,Pacheco Union Elementary,774
cenroll2324.txt,2023_24,2023-24,45,70110,0000000,4570110,45701100000000,45701100000000,Shasta,Redding Elementary,3484
cenroll2324.txt,2023_24,2023-24,45,10454,0000000,4510454,45104540000000,45104540000000,Shasta,Shasta County Office of Education,1068
cenroll2324.txt,2023_24,2023-24,45,70128,0000000,4570128,45701280000000,45701280000000,Shasta,Shasta Union Elementary,110
cenroll2324.txt,2023_24,2023-24,45,70136,0000000,4570136,45701360000000,45701360000000,Shasta,Shasta Union High,5758
cenroll2324.txt,2023_24,2023-24,45,70169,0000000,4570169,45701690000000,45701690000000,Shasta,Whitmore Union Elementary,73
cenroll2324.txt,2023_24,2023-24,46,70177,0000000,4670177,46701770000000,46701770000000,Sierra,Sierra-Plumas Joint Unified,428
cenroll2324.txt,2023_24,2023-24,47,70185,0000000,4770185,47701850000000,47701850000000,Siskiyou,Big Springs Union Elementary,167
cenroll2324.txt,2023_24,2023-24,47,70193,0000000,4770193,47701930000000,47701930000000,Siskiyou,Bogus Elementary,17
cenroll2324.txt,2023_24,2023-24,47,73684,0000000,4773684,47736840000000,47736840000000,Siskiyou,Butte Valley Unified,325
cenroll2324.txt,2023_24,2023-24,47,70201,0000000,4770201,47702010000000,47702010000000,Siskiyou,Butteville Union Elementary,165
cenroll2324.txt,2023_24,2023-24,47,70227,0000000,4770227,47702270000000,47702270000000,Siskiyou,Delphic Elementary,68
cenroll2324.txt,2023_24,2023-24,47,70243,0000000,4770243,47702430000000,47702430000000,Siskiyou,Dunsmuir Elementary,87
cenroll2324.txt,2023_24,2023-24,47,70250,0000000,4770250,47702500000000,47702500000000,Siskiyou,Dunsmuir Joint Union High,72
cenroll2324.txt,2023_24,2023-24,47,70318,0000000,4770318,47703180000000,47703180000000,Siskiyou,Gazelle Union Elementary,39
cenroll2324.txt,2023_24,2023-24,47,70326,0000000,4770326,47703260000000,47703260000000,Siskiyou,Grenada Elementary,223
cenroll2324.txt,2023_24,2023-24,47,70334,0000000,4770334,47703340000000,47703340000000,Siskiyou,Happy Camp Union Elementary,119
cenroll2324.txt,2023_24,2023-24,47,70359,0000000,4770359,47703590000000,47703590000000,Siskiyou,Hornbrook Elementary,47
cenroll2324.txt,2023_24,2023-24,47,70367,0000000,4770367,47703670000000,47703670000000,Siskiyou,Junction Elementary,29
cenroll2324.txt,2023_24,2023-24,47,70375,0000000,4770375,47703750000000,47703750000000,Siskiyou,Klamath River Union Elementary,7
cenroll2324.txt,2023_24,2023-24,47,70409,0000000,4770409,47704090000000,47704090000000,Siskiyou,McCloud Union Elementary,52
cenroll2324.txt,2023_24,2023-24,47,70417,0000000,4770417,47704170000000,47704170000000,Siskiyou,Montague Elementary,175
cenroll2324.txt,2023_24,2023-24,47,70425,0000000,4770425,47704250000000,47704250000000,Siskiyou,Mt. Shasta Union Elementary,545
cenroll2324.txt,2023_24,2023-24,47,76455,0000000,4776455,47764550000000,47764550000000,Siskiyou,Scott Valley Unified,658
cenroll2324.txt,2023_24,2023-24,47,70458,0000000,4770458,47704580000000,47704580000000,Siskiyou,Seiad Elementary,18
cenroll2324.txt,2023_24,2023-24,47,10470,0000000,4710470,47104700000000,47104700000000,Siskiyou,Siskiyou County Office of Education,739
cenroll2324.txt,2023_24,2023-24,47,70466,0000000,4770466,47704660000000,47704660000000,Siskiyou,Siskiyou Union High,538
cenroll2324.txt,2023_24,2023-24,47,70482,0000000,4770482,47704820000000,47704820000000,Siskiyou,Weed Union Elementary,312
cenroll2324.txt,2023_24,2023-24,47,70490,0000000,4770490,47704900000000,47704900000000,Siskiyou,Willow Creek Elementary,55
cenroll2324.txt,2023_24,2023-24,47,70508,0000000,4770508,47705080000000,47705080000000,Siskiyou,Yreka Union Elementary,966
cenroll2324.txt,2023_24,2023-24,47,70516,0000000,4770516,47705160000000,47705160000000,Siskiyou,Yreka Union High,754
cenroll2324.txt,2023_24,2023-24,48,70524,0000000,4870524,48705240000000,48705240000000,Solano,Benicia Unified,4501
cenroll2324.txt,2023_24,2023-24,48,70532,0000000,4870532,48705320000000,48705320000000,Solano,Dixon Unified,3673
cenroll2324.txt,2023_24,2023-24,48,70540,0000000,4870540,48705400000000,48705400000000,Solano,Fairfield-Suisun Unified,21452
cenroll2324.txt,2023_24,2023-24,48,10488,0000000,4810488,48104880000000,48104880000000,Solano,Solano County Office of Education,1447
cenroll2324.txt,2023_24,2023-24,48,70565,0000000,4870565,48705650000000,48705650000000,Solano,Travis Unified,5705
cenroll2324.txt,2023_24,2023-24,48,70573,0000000,4870573,48705730000000,48705730000000,Solano,Vacaville Unified,13909
cenroll2324.txt,2023_24,2023-24,48,70581,0000000,4870581,48705810000000,48705810000000,Solano,Vallejo City Unified,12795
cenroll2324.txt,2023_24,2023-24,49,70599,0000000,4970599,49705990000000,49705990000000,Sonoma,Alexander Valley Union Elementary,115
cenroll2324.txt,2023_24,2023-24,49,70615,0000000,4970615,49706150000000,49706150000000,Sonoma,Bellevue Union,1772
cenroll2324.txt,2023_24,2023-24,49,70623,0000000,4970623,49706230000000,49706230000000,Sonoma,Bennett Valley Union Elementary,960
cenroll2324.txt,2023_24,2023-24,49,70649,0000000,4970649,49706490000000,49706490000000,Sonoma,Cinnabar Elementary,197
cenroll2324.txt,2023_24,2023-24,49,70656,0000000,4970656,49706560000000,49706560000000,Sonoma,Cloverdale Unified,1418
cenroll2324.txt,2023_24,2023-24,49,73882,0000000,4973882,49738820000000,49738820000000,Sonoma,Cotati-Rohnert Park Unified,6911
cenroll2324.txt,2023_24,2023-24,49,70672,0000000,4970672,49706720000000,49706720000000,Sonoma,Dunham Elementary,171
cenroll2324.txt,2023_24,2023-24,49,70680,0000000,4970680,49706800000000,49706800000000,Sonoma,Forestville Union Elementary,238
cenroll2324.txt,2023_24,2023-24,49,70698,0000000,4970698,49706980000000,49706980000000,Sonoma,Fort Ross Elementary,19
cenroll2324.txt,2023_24,2023-24,49,70706,0000000,4970706,49707060000000,49707060000000,Sonoma,Geyserville Unified,219
cenroll2324.txt,2023_24,2023-24,49,70714,0000000,4970714,49707140000000,49707140000000,Sonoma,Gravenstein Union Elementary,839
cenroll2324.txt,2023_24,2023-24,49,70722,0000000,4970722,49707220000000,49707220000000,Sonoma,Guerneville Elementary,432
cenroll2324.txt,2023_24,2023-24,49,70730,0000000,4970730,49707300000000,49707300000000,Sonoma,Harmony Union Elementary,650
cenroll2324.txt,2023_24,2023-24,49,75390,0000000,4975390,49753900000000,49753900000000,Sonoma,Healdsburg Unified,1259
cenroll2324.txt,2023_24,2023-24,49,70763,0000000,4970763,49707630000000,49707630000000,Sonoma,Horicon Elementary,79
cenroll2324.txt,2023_24,2023-24,49,70888,0000000,4970888,49708880000000,49708880000000,Sonoma,Kashia Elementary,9
cenroll2324.txt,2023_24,2023-24,49,70789,0000000,4970789,49707890000000,49707890000000,Sonoma,Kenwood,116
cenroll2324.txt,2023_24,2023-24,49,70797,0000000,4970797,49707970000000,49707970000000,Sonoma,Liberty Elementary,2071
cenroll2324.txt,2023_24,2023-24,49,70805,0000000,4970805,49708050000000,49708050000000,Sonoma,Mark West Union Elementary,1396
cenroll2324.txt,2023_24,2023-24,49,70813,0000000,4970813,49708130000000,49708130000000,Sonoma,Monte Rio Union Elementary,71
cenroll2324.txt,2023_24,2023-24,49,70821,0000000,4970821,49708210000000,49708210000000,Sonoma,Montgomery Elementary,26
cenroll2324.txt,2023_24,2023-24,49,70839,0000000,4970839,49708390000000,49708390000000,Sonoma,Oak Grove Union Elementary,1361
cenroll2324.txt,2023_24,2023-24,49,70847,0000000,4970847,49708470000000,49708470000000,Sonoma,Old Adobe Union,2038
cenroll2324.txt,2023_24,2023-24,49,70854,0000000,4970854,49708540000000,49708540000000,Sonoma,Petaluma City Elementary,2590
cenroll2324.txt,2023_24,2023-24,49,70862,0000000,4970862,49708620000000,49708620000000,Sonoma,Petaluma Joint Union High,5108
cenroll2324.txt,2023_24,2023-24,49,70870,0000000,4970870,49708700000000,49708700000000,Sonoma,Piner-Olivet Union Elementary,1309
cenroll2324.txt,2023_24,2023-24,49,70896,0000000,4970896,49708960000000,49708960000000,Sonoma,Rincon Valley Union Elementary,3218
cenroll2324.txt,2023_24,2023-24,49,70904,0000000,4970904,49709040000000,49709040000000,Sonoma,Roseland,2915
cenroll2324.txt,2023_24,2023-24,49,70912,0000000,4970912,49709120000000,49709120000000,Sonoma,Santa Rosa Elementary,5154
cenroll2324.txt,2023_24,2023-24,49,70920,0000000,4970920,49709200000000,49709200000000,Sonoma,Santa Rosa High,10476
cenroll2324.txt,2023_24,2023-24,49,70938,0000000,4970938,49709380000000,49709380000000,Sonoma,Sebastopol Union Elementary,765
cenroll2324.txt,2023_24,2023-24,49,10496,0000000,4910496,49104960000000,49104960000000,Sonoma,Sonoma County Office of Education,594
cenroll2324.txt,2023_24,2023-24,49,70953,0000000,4970953,49709530000000,49709530000000,Sonoma,Sonoma Valley Unified,3734
cenroll2324.txt,2023_24,2023-24,49,70961,0000000,4970961,49709610000000,49709610000000,Sonoma,Twin Hills Union Elementary,1004
cenroll2324.txt,2023_24,2023-24,49,70979,0000000,4970979,49709790000000,49709790000000,Sonoma,Two Rock Union,130
cenroll2324.txt,2023_24,2023-24,49,70995,0000000,4970995,49709950000000,49709950000000,Sonoma,Waugh Elementary,805
cenroll2324.txt,2023_24,2023-24,49,71001,0000000,4971001,49710010000000,49710010000000,Sonoma,West Side Union Elementary,139
cenroll2324.txt,2023_24,2023-24,49,70607,0000000,4970607,49706070000000,49706070000000,Sonoma,West Sonoma County Union High,1624
cenroll2324.txt,2023_24,2023-24,49,71019,0000000,4971019,49710190000000,49710190000000,Sonoma,Wilmar Union Elementary,235
cenroll2324.txt,2023_24,2023-24,49,75358,0000000,4975358,49753580000000,49753580000000,Sonoma,Windsor Unified,4866
cenroll2324.txt,2023_24,2023-24,49,71035,0000000,4971035,49710350000000,49710350000000,Sonoma,Wright Elementary,1336
cenroll2324.txt,2023_24,2023-24,50,71043,0000000,5071043,50710430000000,50710430000000,Stanislaus,Ceres Unified,15086
cenroll2324.txt,2023_24,2023-24,50,71050,0000000,5071050,50710500000000,50710500000000,Stanislaus,Chatom Union,593
cenroll2324.txt,2023_24,2023-24,50,71068,0000000,5071068,50710680000000,50710680000000,Stanislaus,Denair Unified,1470
cenroll2324.txt,2023_24,2023-24,50,71076,0000000,5071076,50710760000000,50710760000000,Stanislaus,Empire Union Elementary,3108
cenroll2324.txt,2023_24,2023-24,50,71084,0000000,5071084,50710840000000,50710840000000,Stanislaus,Gratton Elementary,139
cenroll2324.txt,2023_24,2023-24,50,71092,0000000,5071092,50710920000000,50710920000000,Stanislaus,Hart-Ransom Union Elementary,1223
cenroll2324.txt,2023_24,2023-24,50,71100,0000000,5071100,50711000000000,50711000000000,Stanislaus,Hickman Community Charter,1076
cenroll2324.txt,2023_24,2023-24,50,75549,0000000,5075549,50755490000000,50755490000000,Stanislaus,Hughson Unified,2297
cenroll2324.txt,2023_24,2023-24,50,71134,0000000,5071134,50711340000000,50711340000000,Stanislaus,Keyes Union,1145
cenroll2324.txt,2023_24,2023-24,50,71142,0000000,5071142,50711420000000,50711420000000,Stanislaus,Knights Ferry Elementary,122
cenroll2324.txt,2023_24,2023-24,50,71167,0000000,5071167,50711670000000,50711670000000,Stanislaus,Modesto City Elementary,16688
cenroll2324.txt,2023_24,2023-24,50,71175,0000000,5071175,50711750000000,50711750000000,Stanislaus,Modesto City High,16922
cenroll2324.txt,2023_24,2023-24,50,73601,0000000,5073601,50736010000000,50736010000000,Stanislaus,Newman-Crows Landing Unified,3326
cenroll2324.txt,2023_24,2023-24,50,75564,0000000,5075564,50755640000000,50755640000000,Stanislaus,Oakdale Joint Unified,5424
cenroll2324.txt,2023_24,2023-24,50,71209,0000000,5071209,50712090000000,50712090000000,Stanislaus,Paradise Elementary,183
cenroll2324.txt,2023_24,2023-24,50,71217,0000000,5071217,50712170000000,50712170000000,Stanislaus,Patterson Joint Unified,6519
cenroll2324.txt,2023_24,2023-24,50,75556,0000000,5075556,50755560000000,50755560000000,Stanislaus,Riverbank Unified,3145
cenroll2324.txt,2023_24,2023-24,50,71233,0000000,5071233,50712330000000,50712330000000,Stanislaus,Roberts Ferry Union Elementary,216
cenroll2324.txt,2023_24,2023-24,50,71266,0000000,5071266,50712660000000,50712660000000,Stanislaus,Salida Union Elementary,3131
cenroll2324.txt,2023_24,2023-24,50,71274,0000000,5071274,50712740000000,50712740000000,Stanislaus,Shiloh Elementary,181
cenroll2324.txt,2023_24,2023-24,50,10504,0000000,5010504,50105040000000,50105040000000,Stanislaus,Stanislaus County Office of Education,3287
cenroll2324.txt,2023_24,2023-24,50,71282,0000000,5071282,50712820000000,50712820000000,Stanislaus,Stanislaus Union Elementary,3687
cenroll2324.txt,2023_24,2023-24,50,71290,0000000,5071290,50712900000000,50712900000000,Stanislaus,Sylvan Union Elementary,8627
cenroll2324.txt,2023_24,2023-24,50,75739,0000000,5075739,50757390000000,50757390000000,Stanislaus,Turlock Unified,14755
cenroll2324.txt,2023_24,2023-24,50,71324,0000000,5071324,50713240000000,50713240000000,Stanislaus,Valley Home Joint Elementary,202
cenroll2324.txt,2023_24,2023-24,50,75572,0000000,5075572,50755720000000,50755720000000,Stanislaus,Waterford Unified,2767
cenroll2324.txt,2023_24,2023-24,51,71357,0000000,5171357,51713570000000,51713570000000,Sutter,Brittan Elementary,520
cenroll2324.txt,2023_24,2023-24,51,71365,0000000,5171365,51713650000000,51713650000000,Sutter,Browns Elementary,142
cenroll2324.txt,2023_24,2023-24,51,71373,0000000,5171373,51713730000000,51713730000000,Sutter,East Nicolaus Joint Union High,311
cenroll2324.txt,2023_24,2023-24,51,71381,0000000,5171381,51713810000000,51713810000000,Sutter,Franklin Elementary,521
cenroll2324.txt,2023_24,2023-24,51,71399,0000000,5171399,51713990000000,51713990000000,Sutter,Live Oak Unified,2175
cenroll2324.txt,2023_24,2023-24,51,71407,0000000,5171407,51714070000000,51714070000000,Sutter,Marcum-Illinois Union Elementary,2800
cenroll2324.txt,2023_24,2023-24,51,71415,0000000,5171415,51714150000000,51714150000000,Sutter,Meridian Elementary,2111
cenroll2324.txt,2023_24,2023-24,51,71423,0000000,5171423,51714230000000,51714230000000,Sutter,Nuestro Elementary,869
cenroll2324.txt,2023_24,2023-24,51,71431,0000000,5171431,51714310000000,51714310000000,Sutter,Pleasant Grove Joint Union,164
cenroll2324.txt,2023_24,2023-24,51,10512,0000000,5110512,51105120000000,51105120000000,Sutter,Sutter County Office of Education,557
cenroll2324.txt,2023_24,2023-24,51,71449,0000000,5171449,51714490000000,51714490000000,Sutter,Sutter Union High,806
cenroll2324.txt,2023_24,2023-24,51,71456,0000000,5171456,51714560000000,51714560000000,Sutter,Winship-Robbins,2755
cenroll2324.txt,2023_24,2023-24,51,71464,0000000,5171464,51714640000000,51714640000000,Sutter,Yuba City Unified,13035
cenroll2324.txt,2023_24,2023-24,52,71472,0000000,5271472,52714720000000,52714720000000,Tehama,Antelope Elementary,853
cenroll2324.txt,2023_24,2023-24,52,71498,0000000,5271498,52714980000000,52714980000000,Tehama,Corning Union Elementary,2164
cenroll2324.txt,2023_24,2023-24,52,71506,0000000,5271506,52715060000000,52715060000000,Tehama,Corning Union High,1126
cenroll2324.txt,2023_24,2023-24,52,71522,0000000,5271522,52715220000000,52715220000000,Tehama,Evergreen Union,1288
cenroll2324.txt,2023_24,2023-24,52,71530,0000000,5271530,52715300000000,52715300000000,Tehama,Flournoy Union Elementary,39
cenroll2324.txt,2023_24,2023-24,52,71548,0000000,5271548,52715480000000,52715480000000,Tehama,Gerber Union Elementary,474
cenroll2324.txt,2023_24,2023-24,52,71555,0000000,5271555,52715550000000,52715550000000,Tehama,Kirkwood Elementary,104
cenroll2324.txt,2023_24,2023-24,52,71563,0000000,5271563,52715630000000,52715630000000,Tehama,Lassen View Union Elementary,397
cenroll2324.txt,2023_24,2023-24,52,71571,0000000,5271571,52715710000000,52715710000000,Tehama,Los Molinos Unified,594
cenroll2324.txt,2023_24,2023-24,52,71639,0000000,5271639,52716390000000,52716390000000,Tehama,Red Bluff Joint Union High,1842
cenroll2324.txt,2023_24,2023-24,52,71621,0000000,5271621,52716210000000,52716210000000,Tehama,Red Bluff Union Elementary,2052
cenroll2324.txt,2023_24,2023-24,52,71647,0000000,5271647,52716470000000,52716470000000,Tehama,Reeds Creek Elementary,208
cenroll2324.txt,2023_24,2023-24,52,71654,0000000,5271654,52716540000000,52716540000000,Tehama,Richfield Elementary,276
cenroll2324.txt,2023_24,2023-24,52,10520,0000000,5210520,52105200000000,52105200000000,Tehama,Tehama County Department of Education,411
cenroll2324.txt,2023_24,2023-24,53,71662,0000000,5371662,53716620000000,53716620000000,Trinity,Burnt Ranch Elementary,97
cenroll2324.txt,2023_24,2023-24,53,71696,0000000,5371696,53716960000000,53716960000000,Trinity,Douglas City Elementary,176
cenroll2324.txt,2023_24,2023-24,53,71738,0000000,5371738,53717380000000,53717380000000,Trinity,Junction City Elementary,77
cenroll2324.txt,2023_24,2023-24,53,71746,0000000,5371746,53717460000000,53717460000000,Trinity,Lewiston Elementary,84
cenroll2324.txt,2023_24,2023-24,53,75028,0000000,5375028,53750280000000,53750280000000,Trinity,Mountain Valley Unified,370
cenroll2324.txt,2023_24,2023-24,53,73833,0000000,5373833,53738330000000,53738330000000,Trinity,Southern Trinity Joint Unified,80
cenroll2324.txt,2023_24,2023-24,53,76513,0000000,5376513,53765130000000,53765130000000,Trinity,Trinity Alps Unified,714
cenroll2324.txt,2023_24,2023-24,53,71761,0000000,5371761,53717610000000,53717610000000,Trinity,Trinity Center Elementary,17
cenroll2324.txt,2023_24,2023-24,53,10538,0000000,5310538,53105380000000,53105380000000,Trinity,Trinity County Office of Education,177
cenroll2324.txt,2023_24,2023-24,54,71795,0000000,5471795,54717950000000,54717950000000,Tulare,Allensworth Elementary,121
cenroll2324.txt,2023_24,2023-24,54,71803,0000000,5471803,54718030000000,54718030000000,Tulare,Alpaugh Unified,1476
cenroll2324.txt,2023_24,2023-24,54,71811,0000000,5471811,54718110000000,54718110000000,Tulare,Alta Vista Elementary,1813
cenroll2324.txt,2023_24,2023-24,54,71829,0000000,5471829,54718290000000,54718290000000,Tulare,Buena Vista Elementary,192
cenroll2324.txt,2023_24,2023-24,54,71837,0000000,5471837,54718370000000,54718370000000,Tulare,Burton Elementary,4999
cenroll2324.txt,2023_24,2023-24,54,71852,0000000,5471852,54718520000000,54718520000000,Tulare,Columbine Elementary,180
cenroll2324.txt,2023_24,2023-24,54,71860,0000000,5471860,54718600000000,54718600000000,Tulare,Cutler-Orosi Joint Unified,4059
cenroll2324.txt,2023_24,2023-24,54,75531,0000000,5475531,54755310000000,54755310000000,Tulare,Dinuba Unified,6644
cenroll2324.txt,2023_24,2023-24,54,71894,0000000,5471894,54718940000000,54718940000000,Tulare,Ducor Union Elementary,178
cenroll2324.txt,2023_24,2023-24,54,71902,0000000,5471902,54719020000000,54719020000000,Tulare,Earlimart Elementary,1535
cenroll2324.txt,2023_24,2023-24,54,76836,0000000,5476836,54768360000000,54768360000000,Tulare,Exeter Unified,2803
cenroll2324.txt,2023_24,2023-24,54,75325,0000000,5475325,54753250000000,54753250000000,Tulare,Farmersville Unified,2555
cenroll2324.txt,2023_24,2023-24,54,71944,0000000,5471944,54719440000000,54719440000000,Tulare,Hope Elementary,244
cenroll2324.txt,2023_24,2023-24,54,71969,0000000,5471969,54719690000000,54719690000000,Tulare,Kings River Union Elementary,437
cenroll2324.txt,2023_24,2023-24,54,71985,0000000,5471985,54719850000000,54719850000000,Tulare,Liberty Elementary,841
cenroll2324.txt,2023_24,2023-24,54,71993,0000000,5471993,54719930000000,54719930000000,Tulare,Lindsay Unified,4200
cenroll2324.txt,2023_24,2023-24,54,72009,0000000,5472009,54720090000000,54720090000000,Tulare,Monson-Sultana Joint Union Elementary,469
cenroll2324.txt,2023_24,2023-24,54,72017,0000000,5472017,54720170000000,54720170000000,Tulare,Oak Valley Union Elementary,595
cenroll2324.txt,2023_24,2023-24,54,72025,0000000,5472025,54720250000000,54720250000000,Tulare,Outside Creek Elementary,143
cenroll2324.txt,2023_24,2023-24,54,72033,0000000,5472033,54720330000000,54720330000000,Tulare,Palo Verde Union Elementary,546
cenroll2324.txt,2023_24,2023-24,54,72041,0000000,5472041,54720410000000,54720410000000,Tulare,Pixley Union Elementary,936
cenroll2324.txt,2023_24,2023-24,54,72058,0000000,5472058,54720580000000,54720580000000,Tulare,Pleasant View Elementary,490
cenroll2324.txt,2023_24,2023-24,54,75523,0000000,5475523,54755230000000,54755230000000,Tulare,Porterville Unified,14631
cenroll2324.txt,2023_24,2023-24,54,72082,0000000,5472082,54720820000000,54720820000000,Tulare,Richgrove Elementary,517
cenroll2324.txt,2023_24,2023-24,54,72090,0000000,5472090,54720900000000,54720900000000,Tulare,Rockford Elementary,306
cenroll2324.txt,2023_24,2023-24,54,72108,0000000,5472108,54721080000000,54721080000000,Tulare,Saucelito Elementary,83
cenroll2324.txt,2023_24,2023-24,54,72116,0000000,5472116,54721160000000,54721160000000,Tulare,Sequoia Union Elementary,412
cenroll2324.txt,2023_24,2023-24,54,72132,0000000,5472132,54721320000000,54721320000000,Tulare,Springville Union Elementary,372
cenroll2324.txt,2023_24,2023-24,54,72140,0000000,5472140,54721400000000,54721400000000,Tulare,Stone Corral Elementary,1307
cenroll2324.txt,2023_24,2023-24,54,72157,0000000,5472157,54721570000000,54721570000000,Tulare,Strathmore Union Elementary,772
cenroll2324.txt,2023_24,2023-24,54,72173,0000000,5472173,54721730000000,54721730000000,Tulare,Sundale Union Elementary,862
cenroll2324.txt,2023_24,2023-24,54,72181,0000000,5472181,54721810000000,54721810000000,Tulare,Sunnyside Union Elementary,349
cenroll2324.txt,2023_24,2023-24,54,72199,0000000,5472199,54721990000000,54721990000000,Tulare,Terra Bella Union Elementary,806
cenroll2324.txt,2023_24,2023-24,54,72207,0000000,5472207,54722070000000,54722070000000,Tulare,Three Rivers Union Elementary,96
cenroll2324.txt,2023_24,2023-24,54,72215,0000000,5472215,54722150000000,54722150000000,Tulare,Tipton Elementary,540
cenroll2324.txt,2023_24,2023-24,54,72223,0000000,5472223,54722230000000,54722230000000,Tulare,Traver Joint Elementary,255
cenroll2324.txt,2023_24,2023-24,54,72231,0000000,5472231,54722310000000,54722310000000,Tulare,Tulare City,9877
cenroll2324.txt,2023_24,2023-24,54,10546,0000000,5410546,54105460000000,54105460000000,Tulare,Tulare County Office of Education,4079
cenroll2324.txt,2023_24,2023-24,54,72249,0000000,5472249,54722490000000,54722490000000,Tulare,Tulare Joint Union High,5894
cenroll2324.txt,2023_24,2023-24,54,72256,0000000,5472256,54722560000000,54722560000000,Tulare,Visalia Unified,30482
cenroll2324.txt,2023_24,2023-24,54,72264,0000000,5472264,54722640000000,54722640000000,Tulare,Waukena Joint Union Elementary,242
cenroll2324.txt,2023_24,2023-24,54,76794,0000000,5476794,54767940000000,54767940000000,Tulare,Woodlake Unified,2250
cenroll2324.txt,2023_24,2023-24,54,72298,0000000,5472298,54722980000000,54722980000000,Tulare,Woodville Union Elementary,422
cenroll2324.txt,2023_24,2023-24,55,72306,0000000,5572306,55723060000000,55723060000000,Tuolumne,Belleview Elementary,172
cenroll2324.txt,2023_24,2023-24,55,75184,0000000,5575184,55751840000000,55751840000000,Tuolumne,Big Oak Flat-Groveland Unified,293
cenroll2324.txt,2023_24,2023-24,55,72348,0000000,5572348,55723480000000,55723480000000,Tuolumne,Columbia Union,481
cenroll2324.txt,2023_24,2023-24,55,72355,0000000,5572355,55723550000000,55723550000000,Tuolumne,Curtis Creek Elementary,461
cenroll2324.txt,2023_24,2023-24,55,72363,0000000,5572363,55723630000000,55723630000000,Tuolumne,Jamestown Elementary,453
cenroll2324.txt,2023_24,2023-24,55,72371,0000000,5572371,55723710000000,55723710000000,Tuolumne,Sonora Elementary,748
cenroll2324.txt,2023_24,2023-24,55,72389,0000000,5572389,55723890000000,55723890000000,Tuolumne,Sonora Union High,1138
cenroll2324.txt,2023_24,2023-24,55,72397,0000000,5572397,55723970000000,55723970000000,Tuolumne,Soulsbyville Elementary,507
cenroll2324.txt,2023_24,2023-24,55,72405,0000000,5572405,55724050000000,55724050000000,Tuolumne,Summerville Elementary,448
cenroll2324.txt,2023_24,2023-24,55,72413,0000000,5572413,55724130000000,55724130000000,Tuolumne,Summerville Union High,1184
cenroll2324.txt,2023_24,2023-24,55,10553,0000000,5510553,55105530000000,55105530000000,Tuolumne,Tuolumne County Superintendent of Schools,129
cenroll2324.txt,2023_24,2023-24,55,72421,0000000,5572421,55724210000000,55724210000000,Tuolumne,Twain Harte,272
cenroll2324.txt,2023_24,2023-24,56,72447,0000000,5672447,56724470000000,56724470000000,Ventura,Briggs Elementary,493
cenroll2324.txt,2023_24,2023-24,56,73759,0000000,5673759,56737590000000,56737590000000,Ventura,Conejo Valley Unified,16481
cenroll2324.txt,2023_24,2023-24,56,72454,0000000,5672454,56724540000000,56724540000000,Ventura,Fillmore Unified,3868
cenroll2324.txt,2023_24,2023-24,56,72462,0000000,5672462,56724620000000,56724620000000,Ventura,Hueneme Elementary,7298
cenroll2324.txt,2023_24,2023-24,56,72470,0000000,5672470,56724700000000,56724700000000,Ventura,Mesa Union Elementary,1134
cenroll2324.txt,2023_24,2023-24,56,73940,0000000,5673940,56739400000000,56739400000000,Ventura,Moorpark Unified,6708
cenroll2324.txt,2023_24,2023-24,56,72504,0000000,5672504,56725040000000,56725040000000,Ventura,Mupu Elementary,197
cenroll2324.txt,2023_24,2023-24,56,73874,0000000,5673874,56738740000000,56738740000000,Ventura,Oak Park Unified,4443
cenroll2324.txt,2023_24,2023-24,56,72512,0000000,5672512,56725120000000,56725120000000,Ventura,Ocean View,2216
cenroll2324.txt,2023_24,2023-24,56,72520,0000000,5672520,56725200000000,56725200000000,Ventura,Ojai Unified,2211
cenroll2324.txt,2023_24,2023-24,56,72538,0000000,5672538,56725380000000,56725380000000,Ventura,Oxnard,13938
cenroll2324.txt,2023_24,2023-24,56,72546,0000000,5672546,56725460000000,56725460000000,Ventura,Oxnard Union High,17992
cenroll2324.txt,2023_24,2023-24,56,72553,0000000,5672553,56725530000000,56725530000000,Ventura,Pleasant Valley,7350
cenroll2324.txt,2023_24,2023-24,56,72561,0000000,5672561,56725610000000,56725610000000,Ventura,Rio Elementary,5450
cenroll2324.txt,2023_24,2023-24,56,72579,0000000,5672579,56725790000000,56725790000000,Ventura,Santa Clara Elementary,54
cenroll2324.txt,2023_24,2023-24,56,76828,0000000,5676828,56768280000000,56768280000000,Ventura,Santa Paula Unified,5044
cenroll2324.txt,2023_24,2023-24,56,72603,0000000,5672603,56726030000000,56726030000000,Ventura,Simi Valley Unified,16227
cenroll2324.txt,2023_24,2023-24,56,72611,0000000,5672611,56726110000000,56726110000000,Ventura,Somis Union,236
cenroll2324.txt,2023_24,2023-24,56,10561,0000000,5610561,56105610000000,56105610000000,Ventura,Ventura County Office of Education,5091
cenroll2324.txt,2023_24,2023-24,56,72652,0000000,5672652,56726520000000,56726520000000,Ventura,Ventura Unified,15060
cenroll2324.txt,2023_24,2023-24,57,72678,0000000,5772678,57726780000000,57726780000000,Yolo,Davis Joint Unified,8682
cenroll2324.txt,2023_24,2023-24,57,72686,0000000,5772686,57726860000000,57726860000000,Yolo,Esparto Unified,1056
cenroll2324.txt,2023_24,2023-24,57,72694,0000000,5772694,57726940000000,57726940000000,Yolo,Washington Unified,8787
cenroll2324.txt,2023_24,2023-24,57,72702,0000000,5772702,57727020000000,57727020000000,Yolo,Winters Joint Unified,2470
cenroll2324.txt,2023_24,2023-24,57,72710,0000000,5772710,57727100000000,57727100000000,Yolo,Woodland Joint Unified,9841
cenroll2324.txt,2023_24,2023-24,57,10579,0000000,5710579,57105790000000,57105790000000,Yolo,Yolo County Office of Education,790
cenroll2324.txt,2023_24,2023-24,58,72728,0000000,5872728,58727280000000,58727280000000,Yuba,Camptonville Elementary,623
cenroll2324.txt,2023_24,2023-24,58,72736,0000000,5872736,58727360000000,58727360000000,Yuba,Marysville Joint Unified,11352
cenroll2324.txt,2023_24,2023-24,58,72744,0000000,5872744,58727440000000,58727440000000,Yuba,Plumas Lake Elementary,1716
cenroll2324.txt,2023_24,2023-24,58,72751,0000000,5872751,58727510000000,58727510000000,Yuba,Wheatland,1458
cenroll2324.txt,2023_24,2023-24,58,72769,0000000,5872769,58727690000000,58727690000000,Yuba,Wheatland Union High,1141
cenroll2324.txt,2023_24,2023-24,58,10587,0000000,5810587,58105870000000,58105870000000,Yuba,Yuba County Office of Education,897
cenroll2425-v2.txt,2024_25,2024-25,01,10017,0000000,0110017,01100170000000,01100170000000,Alameda,Alameda County Office of Education,4787
cenroll2425-v2.txt,2024_25,2024-25,01,61119,0000000,0161119,01611190000000,01611190000000,Alameda,Alameda Unified,11085
cenroll2425-v2.txt,2024_25,2024-25,01,61127,0000000,0161127,01611270000000,01611270000000,Alameda,Albany City Unified,3784
cenroll2425-v2.txt,2024_25,2024-25,01,61143,0000000,0161143,01611430000000,01611430000000,Alameda,Berkeley Unified,9425
cenroll2425-v2.txt,2024_25,2024-25,01,31609,0000000,0131609,01316090000000,01316090000000,Alameda,California School for the Blind (State Special Schl),59
cenroll2425-v2.txt,2024_25,2024-25,01,31617,0000000,0131617,01316170000000,01316170000000,Alameda,California School for the Deaf-Fremont (State Special Schl),297
cenroll2425-v2.txt,2024_25,2024-25,01,61150,0000000,0161150,01611500000000,01611500000000,Alameda,Castro Valley Unified,9805
cenroll2425-v2.txt,2024_25,2024-25,01,75093,0000000,0175093,01750930000000,01750930000000,Alameda,Dublin Unified,13203
cenroll2425-v2.txt,2024_25,2024-25,01,61168,0000000,0161168,01611680000000,01611680000000,Alameda,Emery Unified,658
cenroll2425-v2.txt,2024_25,2024-25,01,61176,0000000,0161176,01611760000000,01611760000000,Alameda,Fremont Unified,34700
cenroll2425-v2.txt,2024_25,2024-25,01,61192,0000000,0161192,01611920000000,01611920000000,Alameda,Hayward Unified,21068
cenroll2425-v2.txt,2024_25,2024-25,01,61200,0000000,0161200,01612000000000,01612000000000,Alameda,Livermore Valley Joint Unified,13247
cenroll2425-v2.txt,2024_25,2024-25,01,61218,0000000,0161218,01612180000000,01612180000000,Alameda,Mountain House Elementary,18
cenroll2425-v2.txt,2024_25,2024-25,01,61242,0000000,0161242,01612420000000,01612420000000,Alameda,New Haven Unified,10469
cenroll2425-v2.txt,2024_25,2024-25,01,61234,0000000,0161234,01612340000000,01612340000000,Alameda,Newark Unified,4872
cenroll2425-v2.txt,2024_25,2024-25,01,61259,0000000,0161259,01612590000000,01612590000000,Alameda,Oakland Unified,47022
cenroll2425-v2.txt,2024_25,2024-25,01,61275,0000000,0161275,01612750000000,01612750000000,Alameda,Piedmont City Unified,2489
cenroll2425-v2.txt,2024_25,2024-25,01,75101,0000000,0175101,01751010000000,01751010000000,Alameda,Pleasanton Unified,13719
cenroll2425-v2.txt,2024_25,2024-25,01,61291,0000000,0161291,01612910000000,01612910000000,Alameda,San Leandro Unified,9344
cenroll2425-v2.txt,2024_25,2024-25,01,61309,0000000,0161309,01613090000000,01613090000000,Alameda,San Lorenzo Unified,9497
cenroll2425-v2.txt,2024_25,2024-25,01,77180,0000000,0177180,01771800000000,01771800000000,Alameda,SBE - Latitude 37.8 High,410
cenroll2425-v2.txt,2024_25,2024-25,01,75119,0000000,0175119,01751190000000,01751190000000,Alameda,Sunol Glen Unified,258
cenroll2425-v2.txt,2024_25,2024-25,02,10025,0000000,0210025,02100250000000,02100250000000,Alpine,Alpine County Office of Education,6
cenroll2425-v2.txt,2024_25,2024-25,02,61333,0000000,0261333,02613330000000,02613330000000,Alpine,Alpine County Unified,64
cenroll2425-v2.txt,2024_25,2024-25,03,10033,0000000,0310033,03100330000000,03100330000000,Amador,Amador County Office of Education,43
cenroll2425-v2.txt,2024_25,2024-25,03,73981,0000000,0373981,03739810000000,03739810000000,Amador,Amador County Unified,4251
cenroll2425-v2.txt,2024_25,2024-25,04,61382,0000000,0461382,04613820000000,04613820000000,Butte,Bangor Union Elementary,95
cenroll2425-v2.txt,2024_25,2024-25,04,61408,0000000,0461408,04614080000000,04614080000000,Butte,Biggs Unified,570
cenroll2425-v2.txt,2024_25,2024-25,04,10041,0000000,0410041,04100410000000,04100410000000,Butte,Butte County Office of Education,1618
cenroll2425-v2.txt,2024_25,2024-25,04,61424,0000000,0461424,04614240000000,04614240000000,Butte,Chico Unified,14928
cenroll2425-v2.txt,2024_25,2024-25,04,61432,0000000,0461432,04614320000000,04614320000000,Butte,Durham Unified,1077
cenroll2425-v2.txt,2024_25,2024-25,04,61457,0000000,0461457,04614570000000,04614570000000,Butte,Golden Feather Union Elementary,84
cenroll2425-v2.txt,2024_25,2024-25,04,75507,0000000,0475507,04755070000000,04755070000000,Butte,Gridley Unified,2170
cenroll2425-v2.txt,2024_25,2024-25,04,61499,0000000,0461499,04614990000000,04614990000000,Butte,Manzanita Elementary,309
cenroll2425-v2.txt,2024_25,2024-25,04,61507,0000000,0461507,04615070000000,04615070000000,Butte,Oroville City Elementary,2769
cenroll2425-v2.txt,2024_25,2024-25,04,61515,0000000,0461515,04615150000000,04615150000000,Butte,Oroville Union High,2366
cenroll2425-v2.txt,2024_25,2024-25,04,61523,0000000,0461523,04615230000000,04615230000000,Butte,Palermo Union Elementary,1436
cenroll2425-v2.txt,2024_25,2024-25,04,61531,0000000,0461531,04615310000000,04615310000000,Butte,Paradise Unified,2575
cenroll2425-v2.txt,2024_25,2024-25,04,73379,0000000,0473379,04733790000000,04733790000000,Butte,Pioneer Union Elementary,55
cenroll2425-v2.txt,2024_25,2024-25,04,61549,0000000,0461549,04615490000000,04615490000000,Butte,Thermalito Union Elementary,1640
cenroll2425-v2.txt,2024_25,2024-25,05,61556,0000000,0561556,05615560000000,05615560000000,Calaveras,Bret Harte Union High,625
cenroll2425-v2.txt,2024_25,2024-25,05,10058,0000000,0510058,05100580000000,05100580000000,Calaveras,Calaveras County Office of Education,543
cenroll2425-v2.txt,2024_25,2024-25,05,61564,0000000,0561564,05615640000000,05615640000000,Calaveras,Calaveras Unified,3100
cenroll2425-v2.txt,2024_25,2024-25,05,61572,0000000,0561572,05615720000000,05615720000000,Calaveras,Mark Twain Union Elementary,800
cenroll2425-v2.txt,2024_25,2024-25,05,61580,0000000,0561580,05615800000000,05615800000000,Calaveras,Vallecito Union,624
cenroll2425-v2.txt,2024_25,2024-25,06,10066,0000000,0610066,06100660000000,06100660000000,Colusa,Colusa County Office of Education,92
cenroll2425-v2.txt,2024_25,2024-25,06,61598,0000000,0661598,06615980000000,06615980000000,Colusa,Colusa Unified,1521
cenroll2425-v2.txt,2024_25,2024-25,06,61606,0000000,0661606,06616060000000,06616060000000,Colusa,Maxwell Unified,362
cenroll2425-v2.txt,2024_25,2024-25,06,61614,0000000,0661614,06616140000000,06616140000000,Colusa,Pierce Joint Unified,1488
cenroll2425-v2.txt,2024_25,2024-25,06,61622,0000000,0661622,06616220000000,06616220000000,Colusa,Williams Unified,1349
cenroll2425-v2.txt,2024_25,2024-25,07,61630,0000000,0761630,07616300000000,07616300000000,Contra Costa,Acalanes Union High,5498
cenroll2425-v2.txt,2024_25,2024-25,07,61648,0000000,0761648,07616480000000,07616480000000,Contra Costa,Antioch Unified,17650
cenroll2425-v2.txt,2024_25,2024-25,07,61655,0000000,0761655,07616550000000,07616550000000,Contra Costa,Brentwood Union,10554
cenroll2425-v2.txt,2024_25,2024-25,07,61663,0000000,0761663,07616630000000,07616630000000,Contra Costa,Byron Union Elementary,2332
cenroll2425-v2.txt,2024_25,2024-25,07,61671,0000000,0761671,07616710000000,07616710000000,Contra Costa,Canyon Elementary,73
cenroll2425-v2.txt,2024_25,2024-25,07,10074,0000000,0710074,07100740000000,07100740000000,Contra Costa,Contra Costa County Office of Education,6523
cenroll2425-v2.txt,2024_25,2024-25,07,61697,0000000,0761697,07616970000000,07616970000000,Contra Costa,John Swett Unified,1282
cenroll2425-v2.txt,2024_25,2024-25,07,61705,0000000,0761705,07617050000000,07617050000000,Contra Costa,Knightsen Elementary,677
cenroll2425-v2.txt,2024_25,2024-25,07,61713,0000000,0761713,07617130000000,07617130000000,Contra Costa,Lafayette Elementary,3284
cenroll2425-v2.txt,2024_25,2024-25,07,61721,0000000,0761721,07617210000000,07617210000000,Contra Costa,Liberty Union High,8552
cenroll2425-v2.txt,2024_25,2024-25,07,61739,0000000,0761739,07617390000000,07617390000000,Contra Costa,Martinez Unified,3897
cenroll2425-v2.txt,2024_25,2024-25,07,61747,0000000,0761747,07617470000000,07617470000000,Contra Costa,Moraga Elementary,1842
cenroll2425-v2.txt,2024_25,2024-25,07,61754,0000000,0761754,07617540000000,07617540000000,Contra Costa,Mt. Diablo Unified,31630
cenroll2425-v2.txt,2024_25,2024-25,07,61762,0000000,0761762,07617620000000,07617620000000,Contra Costa,Oakley Union Elementary,5362
cenroll2425-v2.txt,2024_25,2024-25,07,61770,0000000,0761770,07617700000000,07617700000000,Contra Costa,Orinda Union,2623
cenroll2425-v2.txt,2024_25,2024-25,07,61788,0000000,0761788,07617880000000,07617880000000,Contra Costa,Pittsburg Unified,11265
cenroll2425-v2.txt,2024_25,2024-25,07,61804,0000000,0761804,07618040000000,07618040000000,Contra Costa,San Ramon Valley Unified,29183
cenroll2425-v2.txt,2024_25,2024-25,07,77354,0000000,0777354,07773540000000,07773540000000,Contra Costa,SBE - John Henry High,356
cenroll2425-v2.txt,2024_25,2024-25,07,61812,0000000,0761812,07618120000000,07618120000000,Contra Costa,Walnut Creek Elementary,3751
cenroll2425-v2.txt,2024_25,2024-25,07,61796,0000000,0761796,07617960000000,07617960000000,Contra Costa,West Contra Costa Unified,30653
cenroll2425-v2.txt,2024_25,2024-25,08,10082,0000000,0810082,08100820000000,08100820000000,Del Norte,Del Norte County Office of Education,493
cenroll2425-v2.txt,2024_25,2024-25,08,61820,0000000,0861820,08618200000000,08618200000000,Del Norte,Del Norte County Unified,3824
cenroll2425-v2.txt,2024_25,2024-25,09,73783,0000000,0973783,09737830000000,09737830000000,El Dorado,Black Oak Mine Unified,1318
cenroll2425-v2.txt,2024_25,2024-25,09,61838,0000000,0961838,09618380000000,09618380000000,El Dorado,Buckeye Union Elementary,11031
cenroll2425-v2.txt,2024_25,2024-25,09,61846,0000000,0961846,09618460000000,09618460000000,El Dorado,Camino Union Elementary,423
cenroll2425-v2.txt,2024_25,2024-25,09,10090,0000000,0910090,09100900000000,09100900000000,El Dorado,El Dorado County Office of Education,2695
cenroll2425-v2.txt,2024_25,2024-25,09,61853,0000000,0961853,09618530000000,09618530000000,El Dorado,El Dorado Union High,6587
cenroll2425-v2.txt,2024_25,2024-25,09,61879,0000000,0961879,09618790000000,09618790000000,El Dorado,Gold Oak Union Elementary,430
cenroll2425-v2.txt,2024_25,2024-25,09,61887,0000000,0961887,09618870000000,09618870000000,El Dorado,Gold Trail Union Elementary,505
cenroll2425-v2.txt,2024_25,2024-25,09,61895,0000000,0961895,09618950000000,09618950000000,El Dorado,Indian Diggings Elementary,13
cenroll2425-v2.txt,2024_25,2024-25,09,61903,0000000,0961903,09619030000000,09619030000000,El Dorado,Lake Tahoe Unified,3668
cenroll2425-v2.txt,2024_25,2024-25,09,61911,0000000,0961911,09619110000000,09619110000000,El Dorado,Latrobe,142
cenroll2425-v2.txt,2024_25,2024-25,09,61929,0000000,0961929,09619290000000,09619290000000,El Dorado,Mother Lode Union Elementary,889
cenroll2425-v2.txt,2024_25,2024-25,09,61945,0000000,0961945,09619450000000,09619450000000,El Dorado,Pioneer Union,319
cenroll2425-v2.txt,2024_25,2024-25,09,61952,0000000,0961952,09619520000000,09619520000000,El Dorado,Placerville Union Elementary,1281
cenroll2425-v2.txt,2024_25,2024-25,09,61960,0000000,0961960,09619600000000,09619600000000,El Dorado,Pollock Pines Elementary,637
cenroll2425-v2.txt,2024_25,2024-25,09,61978,0000000,0961978,09619780000000,09619780000000,El Dorado,Rescue Union Elementary,3665
cenroll2425-v2.txt,2024_25,2024-25,09,61986,0000000,0961986,09619860000000,09619860000000,El Dorado,Silver Fork Elementary,11
cenroll2425-v2.txt,2024_25,2024-25,10,61994,0000000,1061994,10619940000000,10619940000000,Fresno,Alvina Elementary,176
cenroll2425-v2.txt,2024_25,2024-25,10,62026,0000000,1062026,10620260000000,10620260000000,Fresno,Big Creek Elementary,22
cenroll2425-v2.txt,2024_25,2024-25,10,62042,0000000,1062042,10620420000000,10620420000000,Fresno,Burrel Union Elementary,103
cenroll2425-v2.txt,2024_25,2024-25,10,75598,0000000,1075598,10755980000000,10755980000000,Fresno,Caruthers Unified,1811
cenroll2425-v2.txt,2024_25,2024-25,10,73965,0000000,1073965,10739650000000,10739650000000,Fresno,Central Unified,17047
cenroll2425-v2.txt,2024_25,2024-25,10,62109,0000000,1062109,10621090000000,10621090000000,Fresno,Clay Joint Elementary,247
cenroll2425-v2.txt,2024_25,2024-25,10,62117,0000000,1062117,10621170000000,10621170000000,Fresno,Clovis Unified,45528
cenroll2425-v2.txt,2024_25,2024-25,10,62125,0000000,1062125,10621250000000,10621250000000,Fresno,Coalinga-Huron Unified,4695
cenroll2425-v2.txt,2024_25,2024-25,10,73809,0000000,1073809,10738090000000,10738090000000,Fresno,Firebaugh-Las Deltas Unified,2344
cenroll2425-v2.txt,2024_25,2024-25,10,62158,0000000,1062158,10621580000000,10621580000000,Fresno,Fowler Unified,2725
cenroll2425-v2.txt,2024_25,2024-25,10,10108,0000000,1010108,10101080000000,10101080000000,Fresno,Fresno County Office of Education,6022
cenroll2425-v2.txt,2024_25,2024-25,10,62166,0000000,1062166,10621660000000,10621660000000,Fresno,Fresno Unified,74938
cenroll2425-v2.txt,2024_25,2024-25,10,75234,0000000,1075234,10752340000000,10752340000000,Fresno,Golden Plains Unified,1458
cenroll2425-v2.txt,2024_25,2024-25,10,73999,0000000,1073999,10739990000000,10739990000000,Fresno,Kerman Unified,5475
cenroll2425-v2.txt,2024_25,2024-25,10,62265,0000000,1062265,10622650000000,10622650000000,Fresno,Kings Canyon Joint Unified,10117
cenroll2425-v2.txt,2024_25,2024-25,10,62240,0000000,1062240,10622400000000,10622400000000,Fresno,Kingsburg Elementary Charter,2208
cenroll2425-v2.txt,2024_25,2024-25,10,62257,0000000,1062257,10622570000000,10622570000000,Fresno,Kingsburg Joint Union High,1229
cenroll2425-v2.txt,2024_25,2024-25,10,62281,0000000,1062281,10622810000000,10622810000000,Fresno,Laton Joint Unified,635
cenroll2425-v2.txt,2024_25,2024-25,10,75127,0000000,1075127,10751270000000,10751270000000,Fresno,Mendota Unified,4149
cenroll2425-v2.txt,2024_25,2024-25,10,62331,0000000,1062331,10623310000000,10623310000000,Fresno,Orange Center,2432
cenroll2425-v2.txt,2024_25,2024-25,10,62356,0000000,1062356,10623560000000,10623560000000,Fresno,Pacific Union Elementary,363
cenroll2425-v2.txt,2024_25,2024-25,10,62364,0000000,1062364,10623640000000,10623640000000,Fresno,Parlier Unified,3360
cenroll2425-v2.txt,2024_25,2024-25,10,62372,0000000,1062372,10623720000000,10623720000000,Fresno,Pine Ridge Elementary,77
cenroll2425-v2.txt,2024_25,2024-25,10,62380,0000000,1062380,10623800000000,10623800000000,Fresno,Raisin City Elementary,718
cenroll2425-v2.txt,2024_25,2024-25,10,75408,0000000,1075408,10754080000000,10754080000000,Fresno,Riverdale Joint Unified,1492
cenroll2425-v2.txt,2024_25,2024-25,10,62414,0000000,1062414,10624140000000,10624140000000,Fresno,Sanger Unified,13817
cenroll2425-v2.txt,2024_25,2024-25,10,62430,0000000,1062430,10624300000000,10624300000000,Fresno,Selma Unified,6148
cenroll2425-v2.txt,2024_25,2024-25,10,75275,0000000,1075275,10752750000000,10752750000000,Fresno,Sierra Unified,1350
cenroll2425-v2.txt,2024_25,2024-25,10,62513,0000000,1062513,10625130000000,10625130000000,Fresno,Washington Colony Elementary,442
cenroll2425-v2.txt,2024_25,2024-25,10,76778,0000000,1076778,10767780000000,10767780000000,Fresno,Washington Unified,2846
cenroll2425-v2.txt,2024_25,2024-25,10,62539,0000000,1062539,10625390000000,10625390000000,Fresno,West Park Elementary,556
cenroll2425-v2.txt,2024_25,2024-25,10,62547,0000000,1062547,10625470000000,10625470000000,Fresno,Westside Elementary,5446
cenroll2425-v2.txt,2024_25,2024-25,11,62554,0000000,1162554,11625540000000,11625540000000,Glenn,Capay Joint Union Elementary,216
cenroll2425-v2.txt,2024_25,2024-25,11,10116,0000000,1110116,11101160000000,11101160000000,Glenn,Glenn County Office of Education,669
cenroll2425-v2.txt,2024_25,2024-25,11,76562,0000000,1176562,11765620000000,11765620000000,Glenn,Hamilton Unified,732
cenroll2425-v2.txt,2024_25,2024-25,11,62596,0000000,1162596,11625960000000,11625960000000,Glenn,Lake Elementary,1227
cenroll2425-v2.txt,2024_25,2024-25,11,75481,0000000,1175481,11754810000000,11754810000000,Glenn,Orland Joint Unified,2305
cenroll2425-v2.txt,2024_25,2024-25,11,62638,0000000,1162638,11626380000000,11626380000000,Glenn,Plaza Elementary,215
cenroll2425-v2.txt,2024_25,2024-25,11,62646,0000000,1162646,11626460000000,11626460000000,Glenn,Princeton Joint Unified,139
cenroll2425-v2.txt,2024_25,2024-25,11,62653,0000000,1162653,11626530000000,11626530000000,Glenn,Stony Creek Joint Unified,73
cenroll2425-v2.txt,2024_25,2024-25,11,62661,0000000,1162661,11626610000000,11626610000000,Glenn,Willows Unified,1482
cenroll2425-v2.txt,2024_25,2024-25,12,62679,0000000,1262679,12626790000000,12626790000000,Humboldt,Arcata Elementary,1257
cenroll2425-v2.txt,2024_25,2024-25,12,62695,0000000,1262695,12626950000000,12626950000000,Humboldt,Big Lagoon Union Elementary,16
cenroll2425-v2.txt,2024_25,2024-25,12,62703,0000000,1262703,12627030000000,12627030000000,Humboldt,Blue Lake Union Elementary,164
cenroll2425-v2.txt,2024_25,2024-25,12,62729,0000000,1262729,12627290000000,12627290000000,Humboldt,Bridgeville Elementary,42
cenroll2425-v2.txt,2024_25,2024-25,12,62737,0000000,1262737,12627370000000,12627370000000,Humboldt,Cuddeback Union Elementary,171
cenroll2425-v2.txt,2024_25,2024-25,12,62745,0000000,1262745,12627450000000,12627450000000,Humboldt,Cutten Elementary,567
cenroll2425-v2.txt,2024_25,2024-25,12,75515,0000000,1275515,12755150000000,12755150000000,Humboldt,Eureka City Schools,3811
cenroll2425-v2.txt,2024_25,2024-25,12,75374,0000000,1275374,12753740000000,12753740000000,Humboldt,Ferndale Unified,508
cenroll2425-v2.txt,2024_25,2024-25,12,62794,0000000,1262794,12627940000000,12627940000000,Humboldt,Fieldbrook Elementary,93
cenroll2425-v2.txt,2024_25,2024-25,12,76802,0000000,1276802,12768020000000,12768020000000,Humboldt,Fortuna Elementary,1330
cenroll2425-v2.txt,2024_25,2024-25,12,62810,0000000,1262810,12628100000000,12628100000000,Humboldt,Fortuna Union High,1092
cenroll2425-v2.txt,2024_25,2024-25,12,62828,0000000,1262828,12628280000000,12628280000000,Humboldt,Freshwater Elementary,338
cenroll2425-v2.txt,2024_25,2024-25,12,62836,0000000,1262836,12628360000000,12628360000000,Humboldt,Garfield Elementary,81
cenroll2425-v2.txt,2024_25,2024-25,12,62851,0000000,1262851,12628510000000,12628510000000,Humboldt,Green Point Elementary,3
cenroll2425-v2.txt,2024_25,2024-25,12,10124,0000000,1210124,12101240000000,12101240000000,Humboldt,Humboldt County Office of Education,1058
cenroll2425-v2.txt,2024_25,2024-25,12,62885,0000000,1262885,12628850000000,12628850000000,Humboldt,Hydesville Elementary,228
cenroll2425-v2.txt,2024_25,2024-25,12,62893,0000000,1262893,12628930000000,12628930000000,Humboldt,Jacoby Creek Elementary,478
cenroll2425-v2.txt,2024_25,2024-25,12,62901,0000000,1262901,12629010000000,12629010000000,Humboldt,Klamath-Trinity Joint Unified,995
cenroll2425-v2.txt,2024_25,2024-25,12,62919,0000000,1262919,12629190000000,12629190000000,Humboldt,Kneeland Elementary,29
cenroll2425-v2.txt,2024_25,2024-25,12,62927,0000000,1262927,12629270000000,12629270000000,Humboldt,Loleta Union Elementary,90
cenroll2425-v2.txt,2024_25,2024-25,12,62935,0000000,1262935,12629350000000,12629350000000,Humboldt,Maple Creek Elementary,10
cenroll2425-v2.txt,2024_25,2024-25,12,75382,0000000,1275382,12753820000000,12753820000000,Humboldt,Mattole Unified,49
cenroll2425-v2.txt,2024_25,2024-25,12,62950,0000000,1262950,12629500000000,12629500000000,Humboldt,McKinleyville Union Elementary,907
cenroll2425-v2.txt,2024_25,2024-25,12,62687,0000000,1262687,12626870000000,12626870000000,Humboldt,Northern Humboldt Union High,2023
cenroll2425-v2.txt,2024_25,2024-25,12,62968,0000000,1262968,12629680000000,12629680000000,Humboldt,Orick Elementary,11
cenroll2425-v2.txt,2024_25,2024-25,12,62976,0000000,1262976,12629760000000,12629760000000,Humboldt,Pacific Union Elementary,604
cenroll2425-v2.txt,2024_25,2024-25,12,62984,0000000,1262984,12629840000000,12629840000000,Humboldt,Peninsula Union,83
cenroll2425-v2.txt,2024_25,2024-25,12,63008,0000000,1263008,12630080000000,12630080000000,Humboldt,Rio Dell Elementary,331
cenroll2425-v2.txt,2024_25,2024-25,12,63024,0000000,1263024,12630240000000,12630240000000,Humboldt,Scotia Union Elementary,201
cenroll2425-v2.txt,2024_25,2024-25,12,63032,0000000,1263032,12630320000000,12630320000000,Humboldt,South Bay Union Elementary,949
cenroll2425-v2.txt,2024_25,2024-25,12,63040,0000000,1263040,12630400000000,12630400000000,Humboldt,Southern Humboldt Joint Unified,705
cenroll2425-v2.txt,2024_25,2024-25,12,63057,0000000,1263057,12630570000000,12630570000000,Humboldt,Trinidad Union Elementary,175
cenroll2425-v2.txt,2024_25,2024-25,13,63073,0000000,1363073,13630730000000,13630730000000,Imperial,Brawley Elementary,4057
cenroll2425-v2.txt,2024_25,2024-25,13,63081,0000000,1363081,13630810000000,13630810000000,Imperial,Brawley Union High,2127
cenroll2425-v2.txt,2024_25,2024-25,13,63099,0000000,1363099,13630990000000,13630990000000,Imperial,Calexico Unified,8351
cenroll2425-v2.txt,2024_25,2024-25,13,63107,0000000,1363107,13631070000000,13631070000000,Imperial,Calipatria Unified,1146
cenroll2425-v2.txt,2024_25,2024-25,13,63115,0000000,1363115,13631150000000,13631150000000,Imperial,Central Union High,4226
cenroll2425-v2.txt,2024_25,2024-25,13,63123,0000000,1363123,13631230000000,13631230000000,Imperial,El Centro Elementary,5673
cenroll2425-v2.txt,2024_25,2024-25,13,63131,0000000,1363131,13631310000000,13631310000000,Imperial,Heber Elementary,1204
cenroll2425-v2.txt,2024_25,2024-25,13,63149,0000000,1363149,13631490000000,13631490000000,Imperial,Holtville Unified,1644
cenroll2425-v2.txt,2024_25,2024-25,13,10132,0000000,1310132,13101320000000,13101320000000,Imperial,Imperial County Office of Education,901
cenroll2425-v2.txt,2024_25,2024-25,13,63164,0000000,1363164,13631640000000,13631640000000,Imperial,Imperial Unified,4954
cenroll2425-v2.txt,2024_25,2024-25,13,63172,0000000,1363172,13631720000000,13631720000000,Imperial,Magnolia Union Elementary,132
cenroll2425-v2.txt,2024_25,2024-25,13,63180,0000000,1363180,13631800000000,13631800000000,Imperial,McCabe Union Elementary,1126
cenroll2425-v2.txt,2024_25,2024-25,13,63198,0000000,1363198,13631980000000,13631980000000,Imperial,Meadows Union,365
cenroll2425-v2.txt,2024_25,2024-25,13,63206,0000000,1363206,13632060000000,13632060000000,Imperial,Mulberry Elementary,67
cenroll2425-v2.txt,2024_25,2024-25,13,63214,0000000,1363214,13632140000000,13632140000000,Imperial,San Pasqual Valley Unified,624
cenroll2425-v2.txt,2024_25,2024-25,13,63222,0000000,1363222,13632220000000,13632220000000,Imperial,Seeley Union Elementary,341
cenroll2425-v2.txt,2024_25,2024-25,13,63230,0000000,1363230,13632300000000,13632300000000,Imperial,Westmorland Union Elementary,342
cenroll2425-v2.txt,2024_25,2024-25,14,63248,0000000,1463248,14632480000000,14632480000000,Inyo,Big Pine Unified,163
cenroll2425-v2.txt,2024_25,2024-25,14,76687,0000000,1476687,14766870000000,14766870000000,Inyo,Bishop Unified,1979
cenroll2425-v2.txt,2024_25,2024-25,14,63271,0000000,1463271,14632710000000,14632710000000,Inyo,Death Valley Unified,31
cenroll2425-v2.txt,2024_25,2024-25,14,10140,0000000,1410140,14101400000000,14101400000000,Inyo,Inyo County Office of Education,2555
cenroll2425-v2.txt,2024_25,2024-25,14,63289,0000000,1463289,14632890000000,14632890000000,Inyo,Lone Pine Unified,312
cenroll2425-v2.txt,2024_25,2024-25,14,63297,0000000,1463297,14632970000000,14632970000000,Inyo,Owens Valley Unified,107
cenroll2425-v2.txt,2024_25,2024-25,14,63305,0000000,1463305,14633050000000,14633050000000,Inyo,Round Valley Joint Elementary,71
cenroll2425-v2.txt,2024_25,2024-25,15,63313,0000000,1563313,15633130000000,15633130000000,Kern,Arvin Union,2963
cenroll2425-v2.txt,2024_25,2024-25,15,63321,0000000,1563321,15633210000000,15633210000000,Kern,Bakersfield City,30760
cenroll2425-v2.txt,2024_25,2024-25,15,63339,0000000,1563339,15633390000000,15633390000000,Kern,Beardsley Elementary,2290
cenroll2425-v2.txt,2024_25,2024-25,15,63354,0000000,1563354,15633540000000,15633540000000,Kern,Blake Elementary,28
cenroll2425-v2.txt,2024_25,2024-25,15,63370,0000000,1563370,15633700000000,15633700000000,Kern,Buttonwillow Union Elementary,303
cenroll2425-v2.txt,2024_25,2024-25,15,63388,0000000,1563388,15633880000000,15633880000000,Kern,Caliente Union Elementary,48
cenroll2425-v2.txt,2024_25,2024-25,15,63412,0000000,1563412,15634120000000,15634120000000,Kern,Delano Joint Union High,4120
cenroll2425-v2.txt,2024_25,2024-25,15,63404,0000000,1563404,15634040000000,15634040000000,Kern,Delano Union Elementary,6530
cenroll2425-v2.txt,2024_25,2024-25,15,63420,0000000,1563420,15634200000000,15634200000000,Kern,Di Giorgio Elementary,243
cenroll2425-v2.txt,2024_25,2024-25,15,63438,0000000,1563438,15634380000000,15634380000000,Kern,Edison Elementary,1203
cenroll2425-v2.txt,2024_25,2024-25,15,75168,0000000,1575168,15751680000000,15751680000000,Kern,El Tejon Unified,790
cenroll2425-v2.txt,2024_25,2024-25,15,63446,0000000,1563446,15634460000000,15634460000000,Kern,Elk Hills Elementary,183
cenroll2425-v2.txt,2024_25,2024-25,15,63461,0000000,1563461,15634610000000,15634610000000,Kern,Fairfax Elementary,2874
cenroll2425-v2.txt,2024_25,2024-25,15,63479,0000000,1563479,15634790000000,15634790000000,Kern,Fruitvale Elementary,3232
cenroll2425-v2.txt,2024_25,2024-25,15,63487,0000000,1563487,15634870000000,15634870000000,Kern,General Shafter Elementary,181
cenroll2425-v2.txt,2024_25,2024-25,15,63503,0000000,1563503,15635030000000,15635030000000,Kern,Greenfield Union,9506
cenroll2425-v2.txt,2024_25,2024-25,15,10157,0000000,1510157,15101570000000,15101570000000,Kern,Kern County Office of Education,8313
cenroll2425-v2.txt,2024_25,2024-25,15,63529,0000000,1563529,15635290000000,15635290000000,Kern,Kern High,45076
cenroll2425-v2.txt,2024_25,2024-25,15,63545,0000000,1563545,15635450000000,15635450000000,Kern,Kernville Union Elementary,836
cenroll2425-v2.txt,2024_25,2024-25,15,63552,0000000,1563552,15635520000000,15635520000000,Kern,Lakeside Union,1850
cenroll2425-v2.txt,2024_25,2024-25,15,63560,0000000,1563560,15635600000000,15635600000000,Kern,Lamont Elementary,2742
cenroll2425-v2.txt,2024_25,2024-25,15,63586,0000000,1563586,15635860000000,15635860000000,Kern,Linns Valley-Poso Flat Union,22
cenroll2425-v2.txt,2024_25,2024-25,15,63594,0000000,1563594,15635940000000,15635940000000,Kern,Lost Hills Union Elementary,306
cenroll2425-v2.txt,2024_25,2024-25,15,63610,0000000,1563610,15636100000000,15636100000000,Kern,Maple Elementary,289
cenroll2425-v2.txt,2024_25,2024-25,15,63628,0000000,1563628,15636280000000,15636280000000,Kern,Maricopa Unified,16831
cenroll2425-v2.txt,2024_25,2024-25,15,73908,0000000,1573908,15739080000000,15739080000000,Kern,McFarland Unified,3429
cenroll2425-v2.txt,2024_25,2024-25,15,63651,0000000,1563651,15636510000000,15636510000000,Kern,McKittrick Elementary,63
cenroll2425-v2.txt,2024_25,2024-25,15,63669,0000000,1563669,15636690000000,15636690000000,Kern,Midway Elementary,67
cenroll2425-v2.txt,2024_25,2024-25,15,63677,0000000,1563677,15636770000000,15636770000000,Kern,Mojave Unified,3330
cenroll2425-v2.txt,2024_25,2024-25,15,63685,0000000,1563685,15636850000000,15636850000000,Kern,Muroc Joint Unified,1977
cenroll2425-v2.txt,2024_25,2024-25,15,63693,0000000,1563693,15636930000000,15636930000000,Kern,Norris Elementary,4386
cenroll2425-v2.txt,2024_25,2024-25,15,63362,0000000,1563362,15633620000000,15633620000000,Kern,Panama-Buena Vista Union,20563
cenroll2425-v2.txt,2024_25,2024-25,15,63719,0000000,1563719,15637190000000,15637190000000,Kern,Pond Union Elementary,188
cenroll2425-v2.txt,2024_25,2024-25,15,63578,0000000,1563578,15635780000000,15635780000000,Kern,Richland Union Elementary,2697
cenroll2425-v2.txt,2024_25,2024-25,15,73544,0000000,1573544,15735440000000,15735440000000,Kern,Rio Bravo-Greeley Union Elementary,1112
cenroll2425-v2.txt,2024_25,2024-25,15,63750,0000000,1563750,15637500000000,15637500000000,Kern,Rosedale Union Elementary,6465
cenroll2425-v2.txt,2024_25,2024-25,15,63768,0000000,1563768,15637680000000,15637680000000,Kern,Semitropic Elementary,150
cenroll2425-v2.txt,2024_25,2024-25,15,73742,0000000,1573742,15737420000000,15737420000000,Kern,Sierra Sands Unified,5398
cenroll2425-v2.txt,2024_25,2024-25,15,63784,0000000,1563784,15637840000000,15637840000000,Kern,South Fork Union,389
cenroll2425-v2.txt,2024_25,2024-25,15,63776,0000000,1563776,15637760000000,15637760000000,Kern,Southern Kern Unified,4030
cenroll2425-v2.txt,2024_25,2024-25,15,63792,0000000,1563792,15637920000000,15637920000000,Kern,Standard Elementary,3585
cenroll2425-v2.txt,2024_25,2024-25,15,63800,0000000,1563800,15638000000000,15638000000000,Kern,Taft City,2555
cenroll2425-v2.txt,2024_25,2024-25,15,63818,0000000,1563818,15638180000000,15638180000000,Kern,Taft Union High,1218
cenroll2425-v2.txt,2024_25,2024-25,15,63826,0000000,1563826,15638260000000,15638260000000,Kern,Tehachapi Unified,4435
cenroll2425-v2.txt,2024_25,2024-25,15,63834,0000000,1563834,15638340000000,15638340000000,Kern,Vineland Elementary,711
cenroll2425-v2.txt,2024_25,2024-25,15,63842,0000000,1563842,15638420000000,15638420000000,Kern,Wasco Union Elementary,3672
cenroll2425-v2.txt,2024_25,2024-25,15,63859,0000000,1563859,15638590000000,15638590000000,Kern,Wasco Union High,1852
cenroll2425-v2.txt,2024_25,2024-25,16,63875,0000000,1663875,16638750000000,16638750000000,Kings,Armona Union Elementary,2335
cenroll2425-v2.txt,2024_25,2024-25,16,63883,0000000,1663883,16638830000000,16638830000000,Kings,Central Union Elementary,1681
cenroll2425-v2.txt,2024_25,2024-25,16,63891,0000000,1663891,16638910000000,16638910000000,Kings,Corcoran Joint Unified,3360
cenroll2425-v2.txt,2024_25,2024-25,16,63917,0000000,1663917,16639170000000,16639170000000,Kings,Hanford Elementary,5763
cenroll2425-v2.txt,2024_25,2024-25,16,63925,0000000,1663925,16639250000000,16639250000000,Kings,Hanford Joint Union High,4400
cenroll2425-v2.txt,2024_25,2024-25,16,63933,0000000,1663933,16639330000000,16639330000000,Kings,Island Union Elementary,407
cenroll2425-v2.txt,2024_25,2024-25,16,10165,0000000,1610165,16101650000000,16101650000000,Kings,Kings County Office of Education,523
cenroll2425-v2.txt,2024_25,2024-25,16,63941,0000000,1663941,16639410000000,16639410000000,Kings,Kings River-Hardwick Union Elementary,878
cenroll2425-v2.txt,2024_25,2024-25,16,63958,0000000,1663958,16639580000000,16639580000000,Kings,Kit Carson Union Elementary,2059
cenroll2425-v2.txt,2024_25,2024-25,16,63966,0000000,1663966,16639660000000,16639660000000,Kings,Lakeside Union Elementary,269
cenroll2425-v2.txt,2024_25,2024-25,16,63974,0000000,1663974,16639740000000,16639740000000,Kings,Lemoore Union Elementary,3410
cenroll2425-v2.txt,2024_25,2024-25,16,63982,0000000,1663982,16639820000000,16639820000000,Kings,Lemoore Union High,2410
cenroll2425-v2.txt,2024_25,2024-25,16,63990,0000000,1663990,16639900000000,16639900000000,Kings,Pioneer Union Elementary,1776
cenroll2425-v2.txt,2024_25,2024-25,16,73932,0000000,1673932,16739320000000,16739320000000,Kings,Reef-Sunset Unified,2798
cenroll2425-v2.txt,2024_25,2024-25,17,64014,0000000,1764014,17640140000000,17640140000000,Lake,Kelseyville Unified,2007
cenroll2425-v2.txt,2024_25,2024-25,17,64022,0000000,1764022,17640220000000,17640220000000,Lake,Konocti Unified,4312
cenroll2425-v2.txt,2024_25,2024-25,17,10173,0000000,1710173,17101730000000,17101730000000,Lake,Lake County Office of Education,59
cenroll2425-v2.txt,2024_25,2024-25,17,64030,0000000,1764030,17640300000000,17640300000000,Lake,Lakeport Unified,1445
cenroll2425-v2.txt,2024_25,2024-25,17,64048,0000000,1764048,17640480000000,17640480000000,Lake,Lucerne Elementary,325
cenroll2425-v2.txt,2024_25,2024-25,17,64055,0000000,1764055,17640550000000,17640550000000,Lake,Middletown Unified,1885
cenroll2425-v2.txt,2024_25,2024-25,17,76976,0000000,1776976,17769760000000,17769760000000,Lake,Upper Lake Unified,1025
cenroll2425-v2.txt,2024_25,2024-25,18,64089,0000000,1864089,18640890000000,18640890000000,Lassen,Big Valley Joint Unified,124
cenroll2425-v2.txt,2024_25,2024-25,18,75036,0000000,1875036,18750360000000,18750360000000,Lassen,Fort Sage Unified,581
cenroll2425-v2.txt,2024_25,2024-25,18,64105,0000000,1864105,18641050000000,18641050000000,Lassen,Janesville Union Elementary,337
cenroll2425-v2.txt,2024_25,2024-25,18,64113,0000000,1864113,18641130000000,18641130000000,Lassen,Johnstonville Elementary,217
cenroll2425-v2.txt,2024_25,2024-25,18,10181,0000000,1810181,18101810000000,18101810000000,Lassen,Lassen County Office of Education,7
cenroll2425-v2.txt,2024_25,2024-25,18,64139,0000000,1864139,18641390000000,18641390000000,Lassen,Lassen Union High,884
cenroll2425-v2.txt,2024_25,2024-25,18,64162,0000000,1864162,18641620000000,18641620000000,Lassen,Ravendale-Termo Elementary,4
cenroll2425-v2.txt,2024_25,2024-25,18,64170,0000000,1864170,18641700000000,18641700000000,Lassen,Richmond Elementary,195
cenroll2425-v2.txt,2024_25,2024-25,18,64188,0000000,1864188,18641880000000,18641880000000,Lassen,Shaffer Union Elementary,263
cenroll2425-v2.txt,2024_25,2024-25,18,64196,0000000,1864196,18641960000000,18641960000000,Lassen,Susanville Elementary,1264
cenroll2425-v2.txt,2024_25,2024-25,18,64204,0000000,1864204,18642040000000,18642040000000,Lassen,Westwood Unified,205
cenroll2425-v2.txt,2024_25,2024-25,19,64212,0000000,1964212,19642120000000,19642120000000,Los Angeles,ABC Unified,18175
cenroll2425-v2.txt,2024_25,2024-25,19,75309,0000000,1975309,19753090000000,19753090000000,Los Angeles,Acton-Agua Dulce Unified,20874
cenroll2425-v2.txt,2024_25,2024-25,19,75713,0000000,1975713,19757130000000,19757130000000,Los Angeles,Alhambra Unified,15198
cenroll2425-v2.txt,2024_25,2024-25,19,64246,0000000,1964246,19642460000000,19642460000000,Los Angeles,Antelope Valley Union High,23553
cenroll2425-v2.txt,2024_25,2024-25,19,64261,0000000,1964261,19642610000000,19642610000000,Los Angeles,Arcadia Unified,9419
cenroll2425-v2.txt,2024_25,2024-25,19,64279,0000000,1964279,19642790000000,19642790000000,Los Angeles,Azusa Unified,6411
cenroll2425-v2.txt,2024_25,2024-25,19,64287,0000000,1964287,19642870000000,19642870000000,Los Angeles,Baldwin Park Unified,10879
cenroll2425-v2.txt,2024_25,2024-25,19,64295,0000000,1964295,19642950000000,19642950000000,Los Angeles,Bassett Unified,2960
cenroll2425-v2.txt,2024_25,2024-25,19,64303,0000000,1964303,19643030000000,19643030000000,Los Angeles,Bellflower Unified,10165
cenroll2425-v2.txt,2024_25,2024-25,19,64311,0000000,1964311,19643110000000,19643110000000,Los Angeles,Beverly Hills Unified,3253
cenroll2425-v2.txt,2024_25,2024-25,19,64329,0000000,1964329,19643290000000,19643290000000,Los Angeles,Bonita Unified,10340
cenroll2425-v2.txt,2024_25,2024-25,19,64337,0000000,1964337,19643370000000,19643370000000,Los Angeles,Burbank Unified,14633
cenroll2425-v2.txt,2024_25,2024-25,19,64345,0000000,1964345,19643450000000,19643450000000,Los Angeles,Castaic Union,1995
cenroll2425-v2.txt,2024_25,2024-25,19,64352,0000000,1964352,19643520000000,19643520000000,Los Angeles,Centinela Valley Union High,8249
cenroll2425-v2.txt,2024_25,2024-25,19,64378,0000000,1964378,19643780000000,19643780000000,Los Angeles,Charter Oak Unified,4556
cenroll2425-v2.txt,2024_25,2024-25,19,64394,0000000,1964394,19643940000000,19643940000000,Los Angeles,Claremont Unified,6315
cenroll2425-v2.txt,2024_25,2024-25,19,73437,0000000,1973437,19734370000000,19734370000000,Los Angeles,Compton Unified,20866
cenroll2425-v2.txt,2024_25,2024-25,19,64436,0000000,1964436,19644360000000,19644360000000,Los Angeles,Covina-Valley Unified,11577
cenroll2425-v2.txt,2024_25,2024-25,19,64444,0000000,1964444,19644440000000,19644440000000,Los Angeles,Culver City Unified,6706
cenroll2425-v2.txt,2024_25,2024-25,19,64451,0000000,1964451,19644510000000,19644510000000,Los Angeles,Downey Unified,23256
cenroll2425-v2.txt,2024_25,2024-25,19,64469,0000000,1964469,19644690000000,19644690000000,Los Angeles,Duarte Unified,16131
cenroll2425-v2.txt,2024_25,2024-25,19,64485,0000000,1964485,19644850000000,19644850000000,Los Angeles,East Whittier City Elementary,7791
cenroll2425-v2.txt,2024_25,2024-25,19,64477,0000000,1964477,19644770000000,19644770000000,Los Angeles,Eastside Union Elementary,3406
cenroll2425-v2.txt,2024_25,2024-25,19,64501,0000000,1964501,19645010000000,19645010000000,Los Angeles,El Monte City,7328
cenroll2425-v2.txt,2024_25,2024-25,19,64519,0000000,1964519,19645190000000,19645190000000,Los Angeles,El Monte Union High,7587
cenroll2425-v2.txt,2024_25,2024-25,19,64527,0000000,1964527,19645270000000,19645270000000,Los Angeles,El Rancho Unified,7140
cenroll2425-v2.txt,2024_25,2024-25,19,64535,0000000,1964535,19645350000000,19645350000000,Los Angeles,El Segundo Unified,3527
cenroll2425-v2.txt,2024_25,2024-25,19,64550,0000000,1964550,19645500000000,19645500000000,Los Angeles,Garvey Elementary,4461
cenroll2425-v2.txt,2024_25,2024-25,19,64568,0000000,1964568,19645680000000,19645680000000,Los Angeles,Glendale Unified,26403
cenroll2425-v2.txt,2024_25,2024-25,19,64576,0000000,1964576,19645760000000,19645760000000,Los Angeles,Glendora Unified,6521
cenroll2425-v2.txt,2024_25,2024-25,19,64584,0000000,1964584,19645840000000,19645840000000,Los Angeles,Gorman Joint,1577
cenroll2425-v2.txt,2024_25,2024-25,19,73445,0000000,1973445,19734450000000,19734450000000,Los Angeles,Hacienda la Puente Unified,16121
cenroll2425-v2.txt,2024_25,2024-25,19,64592,0000000,1964592,19645920000000,19645920000000,Los Angeles,Hawthorne,7313
cenroll2425-v2.txt,2024_25,2024-25,19,64600,0000000,1964600,19646000000000,19646000000000,Los Angeles,Hermosa Beach City Elementary,1442
cenroll2425-v2.txt,2024_25,2024-25,19,64626,0000000,1964626,19646260000000,19646260000000,Los Angeles,Hughes-Elizabeth Lakes Union Elementary,205
cenroll2425-v2.txt,2024_25,2024-25,19,64634,0000000,1964634,19646340000000,19646340000000,Los Angeles,Inglewood Unified,8935
cenroll2425-v2.txt,2024_25,2024-25,19,64642,0000000,1964642,19646420000000,19646420000000,Los Angeles,Keppel Union Elementary,3277
cenroll2425-v2.txt,2024_25,2024-25,19,64659,0000000,1964659,19646590000000,19646590000000,Los Angeles,La Canada Unified,4085
cenroll2425-v2.txt,2024_25,2024-25,19,64667,0000000,1964667,19646670000000,19646670000000,Los Angeles,Lancaster Elementary,16130
cenroll2425-v2.txt,2024_25,2024-25,19,64683,0000000,1964683,19646830000000,19646830000000,Los Angeles,Las Virgenes Unified,10027
cenroll2425-v2.txt,2024_25,2024-25,19,64691,0000000,1964691,19646910000000,19646910000000,Los Angeles,Lawndale Elementary,5026
cenroll2425-v2.txt,2024_25,2024-25,19,64709,0000000,1964709,19647090000000,19647090000000,Los Angeles,Lennox,5769
cenroll2425-v2.txt,2024_25,2024-25,19,64717,0000000,1964717,19647170000000,19647170000000,Los Angeles,Little Lake City Elementary,3679
cenroll2425-v2.txt,2024_25,2024-25,19,64725,0000000,1964725,19647250000000,19647250000000,Los Angeles,Long Beach Unified,65398
cenroll2425-v2.txt,2024_25,2024-25,19,10199,0000000,1910199,19101990000000,19101990000000,Los Angeles,Los Angeles County Office of Education,10525
cenroll2425-v2.txt,2024_25,2024-25,19,64733,0000000,1964733,19647330000000,19647330000000,Los Angeles,Los Angeles Unified,537536
cenroll2425-v2.txt,2024_25,2024-25,19,64758,0000000,1964758,19647580000000,19647580000000,Los Angeles,Los Nietos,1315
cenroll2425-v2.txt,2024_25,2024-25,19,64774,0000000,1964774,19647740000000,19647740000000,Los Angeles,Lynwood Unified,11471
cenroll2425-v2.txt,2024_25,2024-25,19,75333,0000000,1975333,19753330000000,19753330000000,Los Angeles,Manhattan Beach Unified,6181
cenroll2425-v2.txt,2024_25,2024-25,19,64790,0000000,1964790,19647900000000,19647900000000,Los Angeles,Monrovia Unified,5088
cenroll2425-v2.txt,2024_25,2024-25,19,64808,0000000,1964808,19648080000000,19648080000000,Los Angeles,Montebello Unified,20116
cenroll2425-v2.txt,2024_25,2024-25,19,64816,0000000,1964816,19648160000000,19648160000000,Los Angeles,Mountain View Elementary,4704
cenroll2425-v2.txt,2024_25,2024-25,19,64832,0000000,1964832,19648320000000,19648320000000,Los Angeles,Newhall,6262
cenroll2425-v2.txt,2024_25,2024-25,19,64840,0000000,1964840,19648400000000,19648400000000,Los Angeles,Norwalk-La Mirada Unified,15117
cenroll2425-v2.txt,2024_25,2024-25,19,64857,0000000,1964857,19648570000000,19648570000000,Los Angeles,Palmdale Elementary,23285
cenroll2425-v2.txt,2024_25,2024-25,19,64865,0000000,1964865,19648650000000,19648650000000,Los Angeles,Palos Verdes Peninsula Unified,10403
cenroll2425-v2.txt,2024_25,2024-25,19,64873,0000000,1964873,19648730000000,19648730000000,Los Angeles,Paramount Unified,12320
cenroll2425-v2.txt,2024_25,2024-25,19,64881,0000000,1964881,19648810000000,19648810000000,Los Angeles,Pasadena Unified,15729
cenroll2425-v2.txt,2024_25,2024-25,19,64907,0000000,1964907,19649070000000,19649070000000,Los Angeles,Pomona Unified,22401
cenroll2425-v2.txt,2024_25,2024-25,19,75341,0000000,1975341,19753410000000,19753410000000,Los Angeles,Redondo Beach Unified,9662
cenroll2425-v2.txt,2024_25,2024-25,19,64931,0000000,1964931,19649310000000,19649310000000,Los Angeles,Rosemead Elementary,2415
cenroll2425-v2.txt,2024_25,2024-25,19,73452,0000000,1973452,19734520000000,19734520000000,Los Angeles,Rowland Unified,15016
cenroll2425-v2.txt,2024_25,2024-25,19,75291,0000000,1975291,19752910000000,19752910000000,Los Angeles,San Gabriel Unified,6051
cenroll2425-v2.txt,2024_25,2024-25,19,64964,0000000,1964964,19649640000000,19649640000000,Los Angeles,San Marino Unified,3279
cenroll2425-v2.txt,2024_25,2024-25,19,64980,0000000,1964980,19649800000000,19649800000000,Los Angeles,Santa Monica-Malibu Unified,8925
cenroll2425-v2.txt,2024_25,2024-25,19,64998,0000000,1964998,19649980000000,19649980000000,Los Angeles,Saugus Union,9419
cenroll2425-v2.txt,2024_25,2024-25,19,76968,0000000,1976968,19769680000000,19769680000000,Los Angeles,SBE - Academia Avance Charter,215
cenroll2425-v2.txt,2024_25,2024-25,19,75663,0000000,1975663,19756630000000,19756630000000,Los Angeles,SBE - New West Charter,996
cenroll2425-v2.txt,2024_25,2024-25,19,65029,0000000,1965029,19650290000000,19650290000000,Los Angeles,South Pasadena Unified,4843
cenroll2425-v2.txt,2024_25,2024-25,19,65037,0000000,1965037,19650370000000,19650370000000,Los Angeles,South Whittier Elementary,2364
cenroll2425-v2.txt,2024_25,2024-25,19,65045,0000000,1965045,19650450000000,19650450000000,Los Angeles,Sulphur Springs Union,5425
cenroll2425-v2.txt,2024_25,2024-25,19,65052,0000000,1965052,19650520000000,19650520000000,Los Angeles,Temple City Unified,5523
cenroll2425-v2.txt,2024_25,2024-25,19,65060,0000000,1965060,19650600000000,19650600000000,Los Angeles,Torrance Unified,22758
cenroll2425-v2.txt,2024_25,2024-25,19,65078,0000000,1965078,19650780000000,19650780000000,Los Angeles,Valle Lindo Elementary,939
cenroll2425-v2.txt,2024_25,2024-25,19,73460,0000000,1973460,19734600000000,19734600000000,Los Angeles,Walnut Valley Unified,14562
cenroll2425-v2.txt,2024_25,2024-25,19,65094,0000000,1965094,19650940000000,19650940000000,Los Angeles,West Covina Unified,16593
cenroll2425-v2.txt,2024_25,2024-25,19,65102,0000000,1965102,19651020000000,19651020000000,Los Angeles,Westside Union Elementary,9704
cenroll2425-v2.txt,2024_25,2024-25,19,65110,0000000,1965110,19651100000000,19651100000000,Los Angeles,Whittier City,5545
cenroll2425-v2.txt,2024_25,2024-25,19,65128,0000000,1965128,19651280000000,19651280000000,Los Angeles,Whittier Union High,10180
cenroll2425-v2.txt,2024_25,2024-25,19,65136,0000000,1965136,19651360000000,19651360000000,Los Angeles,William S. Hart Union High,22845
cenroll2425-v2.txt,2024_25,2024-25,19,65151,0000000,1965151,19651510000000,19651510000000,Los Angeles,Wilsona Elementary,1400
cenroll2425-v2.txt,2024_25,2024-25,19,76869,0000000,1976869,19768690000000,19768690000000,Los Angeles,Wiseburn Unified,5220
cenroll2425-v2.txt,2024_25,2024-25,20,65177,0000000,2065177,20651770000000,20651770000000,Madera,Alview-Dairyland Union Elementary,425
cenroll2425-v2.txt,2024_25,2024-25,20,65185,0000000,2065185,20651850000000,20651850000000,Madera,Bass Lake Joint Union Elementary,876
cenroll2425-v2.txt,2024_25,2024-25,20,75606,0000000,2075606,20756060000000,20756060000000,Madera,Chawanakee Unified,1503
cenroll2425-v2.txt,2024_25,2024-25,20,65193,0000000,2065193,20651930000000,20651930000000,Madera,Chowchilla Elementary,2275
cenroll2425-v2.txt,2024_25,2024-25,20,65201,0000000,2065201,20652010000000,20652010000000,Madera,Chowchilla Union High,1159
cenroll2425-v2.txt,2024_25,2024-25,20,75580,0000000,2075580,20755800000000,20755800000000,Madera,Golden Valley Unified,3264
cenroll2425-v2.txt,2024_25,2024-25,20,10207,0000000,2010207,20102070000000,20102070000000,Madera,Madera County Superintendent of Schools,928
cenroll2425-v2.txt,2024_25,2024-25,20,65243,0000000,2065243,20652430000000,20652430000000,Madera,Madera Unified,21854
cenroll2425-v2.txt,2024_25,2024-25,20,65276,0000000,2065276,20652760000000,20652760000000,Madera,Raymond-Knowles Union Elementary,99
cenroll2425-v2.txt,2024_25,2024-25,20,76414,0000000,2076414,20764140000000,20764140000000,Madera,Yosemite Unified,1799
cenroll2425-v2.txt,2024_25,2024-25,21,65300,0000000,2165300,21653000000000,21653000000000,Marin,Bolinas-Stinson Union,110
cenroll2425-v2.txt,2024_25,2024-25,21,65334,0000000,2165334,21653340000000,21653340000000,Marin,Kentfield Elementary,1037
cenroll2425-v2.txt,2024_25,2024-25,21,65342,0000000,2165342,21653420000000,21653420000000,Marin,Laguna Joint Elementary,9
cenroll2425-v2.txt,2024_25,2024-25,21,65359,0000000,2165359,21653590000000,21653590000000,Marin,Lagunitas Elementary,169
cenroll2425-v2.txt,2024_25,2024-25,21,65367,0000000,2165367,21653670000000,21653670000000,Marin,Larkspur-Corte Madera,1191
cenroll2425-v2.txt,2024_25,2024-25,21,10215,0000000,2110215,21102150000000,21102150000000,Marin,Marin County Office of Education,587
cenroll2425-v2.txt,2024_25,2024-25,21,65391,0000000,2165391,21653910000000,21653910000000,Marin,Mill Valley Elementary,2349
cenroll2425-v2.txt,2024_25,2024-25,21,65318,0000000,2165318,21653180000000,21653180000000,Marin,Miller Creek Elementary,1822
cenroll2425-v2.txt,2024_25,2024-25,21,65409,0000000,2165409,21654090000000,21654090000000,Marin,Nicasio,37
cenroll2425-v2.txt,2024_25,2024-25,21,65417,0000000,2165417,21654170000000,21654170000000,Marin,Novato Unified,7729
cenroll2425-v2.txt,2024_25,2024-25,21,65425,0000000,2165425,21654250000000,21654250000000,Marin,Reed Union Elementary,1070
cenroll2425-v2.txt,2024_25,2024-25,21,65433,0000000,2165433,21654330000000,21654330000000,Marin,Ross Elementary,343
cenroll2425-v2.txt,2024_25,2024-25,21,75002,0000000,2175002,21750020000000,21750020000000,Marin,Ross Valley Elementary,1742
cenroll2425-v2.txt,2024_25,2024-25,21,65458,0000000,2165458,21654580000000,21654580000000,Marin,San Rafael City Elementary,4551
cenroll2425-v2.txt,2024_25,2024-25,21,65466,0000000,2165466,21654660000000,21654660000000,Marin,San Rafael City High,2795
cenroll2425-v2.txt,2024_25,2024-25,21,65474,0000000,2165474,21654740000000,21654740000000,Marin,Sausalito Marin City,284
cenroll2425-v2.txt,2024_25,2024-25,21,73361,0000000,2173361,21733610000000,21733610000000,Marin,Shoreline Unified,487
cenroll2425-v2.txt,2024_25,2024-25,21,65482,0000000,2165482,21654820000000,21654820000000,Marin,Tamalpais Union High,4608
cenroll2425-v2.txt,2024_25,2024-25,22,10223,0000000,2210223,22102230000000,22102230000000,Mariposa,Mariposa County Office of Education,61
cenroll2425-v2.txt,2024_25,2024-25,22,65532,0000000,2265532,22655320000000,22655320000000,Mariposa,Mariposa County Unified,1931
cenroll2425-v2.txt,2024_25,2024-25,23,65540,0000000,2365540,23655400000000,23655400000000,Mendocino,Anderson Valley Unified,394
cenroll2425-v2.txt,2024_25,2024-25,23,65557,0000000,2365557,23655570000000,23655570000000,Mendocino,Arena Union Elementary,331
cenroll2425-v2.txt,2024_25,2024-25,23,65565,0000000,2365565,23655650000000,23655650000000,Mendocino,Fort Bragg Unified,1811
cenroll2425-v2.txt,2024_25,2024-25,23,73916,0000000,2373916,23739160000000,23739160000000,Mendocino,Laytonville Unified,335
cenroll2425-v2.txt,2024_25,2024-25,23,75218,0000000,2375218,23752180000000,23752180000000,Mendocino,Leggett Valley Unified,120
cenroll2425-v2.txt,2024_25,2024-25,23,65573,0000000,2365573,23655730000000,23655730000000,Mendocino,Manchester Union Elementary,39
cenroll2425-v2.txt,2024_25,2024-25,23,10231,0000000,2310231,23102310000000,23102310000000,Mendocino,Mendocino County Office of Education,164
cenroll2425-v2.txt,2024_25,2024-25,23,65581,0000000,2365581,23655810000000,23655810000000,Mendocino,Mendocino Unified,436
cenroll2425-v2.txt,2024_25,2024-25,23,65599,0000000,2365599,23655990000000,23655990000000,Mendocino,Point Arena Joint Union High,146
cenroll2425-v2.txt,2024_25,2024-25,23,73866,0000000,2373866,23738660000000,23738660000000,Mendocino,Potter Valley Community Unified,281
cenroll2425-v2.txt,2024_25,2024-25,23,65607,0000000,2365607,23656070000000,23656070000000,Mendocino,Round Valley Unified,548
cenroll2425-v2.txt,2024_25,2024-25,23,65615,0000000,2365615,23656150000000,23656150000000,Mendocino,Ukiah Unified,6815
cenroll2425-v2.txt,2024_25,2024-25,23,65623,0000000,2365623,23656230000000,23656230000000,Mendocino,Willits Unified,1969
cenroll2425-v2.txt,2024_25,2024-25,24,65631,0000000,2465631,24656310000000,24656310000000,Merced,Atwater Elementary,5234
cenroll2425-v2.txt,2024_25,2024-25,24,65649,0000000,2465649,24656490000000,24656490000000,Merced,Ballico-Cressey Elementary,357
cenroll2425-v2.txt,2024_25,2024-25,24,75366,0000000,2475366,24753660000000,24753660000000,Merced,Delhi Unified,2414
cenroll2425-v2.txt,2024_25,2024-25,24,75317,0000000,2475317,24753170000000,24753170000000,Merced,Dos Palos Oro Loma Joint Unified,2404
cenroll2425-v2.txt,2024_25,2024-25,24,65680,0000000,2465680,24656800000000,24656800000000,Merced,El Nido Elementary,171
cenroll2425-v2.txt,2024_25,2024-25,24,73619,0000000,2473619,24736190000000,24736190000000,Merced,Gustine Unified,1705
cenroll2425-v2.txt,2024_25,2024-25,24,65698,0000000,2465698,24656980000000,24656980000000,Merced,Hilmar Unified,2371
cenroll2425-v2.txt,2024_25,2024-25,24,65722,0000000,2465722,24657220000000,24657220000000,Merced,Le Grand Union Elementary,365
cenroll2425-v2.txt,2024_25,2024-25,24,65730,0000000,2465730,24657300000000,24657300000000,Merced,Le Grand Union High,537
cenroll2425-v2.txt,2024_25,2024-25,24,65748,0000000,2465748,24657480000000,24657480000000,Merced,Livingston Union,2714
cenroll2425-v2.txt,2024_25,2024-25,24,65755,0000000,2465755,24657550000000,24657550000000,Merced,Los Banos Unified,11699
cenroll2425-v2.txt,2024_25,2024-25,24,65763,0000000,2465763,24657630000000,24657630000000,Merced,McSwain Union Elementary,964
cenroll2425-v2.txt,2024_25,2024-25,24,65771,0000000,2465771,24657710000000,24657710000000,Merced,Merced City Elementary,11977
cenroll2425-v2.txt,2024_25,2024-25,24,10249,0000000,2410249,24102490000000,24102490000000,Merced,Merced County Office of Education,2700
cenroll2425-v2.txt,2024_25,2024-25,24,73726,0000000,2473726,24737260000000,24737260000000,Merced,Merced River Union Elementary,312
cenroll2425-v2.txt,2024_25,2024-25,24,65789,0000000,2465789,24657890000000,24657890000000,Merced,Merced Union High,11524
cenroll2425-v2.txt,2024_25,2024-25,24,65813,0000000,2465813,24658130000000,24658130000000,Merced,Plainsburg Union Elementary,115
cenroll2425-v2.txt,2024_25,2024-25,24,65821,0000000,2465821,24658210000000,24658210000000,Merced,Planada Elementary,929
cenroll2425-v2.txt,2024_25,2024-25,24,65839,0000000,2465839,24658390000000,24658390000000,Merced,Snelling-Merced Falls Union Elementary,70
cenroll2425-v2.txt,2024_25,2024-25,24,65862,0000000,2465862,24658620000000,24658620000000,Merced,Weaver Union,3310
cenroll2425-v2.txt,2024_25,2024-25,24,65870,0000000,2465870,24658700000000,24658700000000,Merced,Winton,1946
cenroll2425-v2.txt,2024_25,2024-25,25,73585,0000000,2573585,25735850000000,25735850000000,Modoc,Modoc Joint Unified,807
cenroll2425-v2.txt,2024_25,2024-25,25,65896,0000000,2565896,25658960000000,25658960000000,Modoc,Surprise Valley Joint Unified,92
cenroll2425-v2.txt,2024_25,2024-25,25,73593,0000000,2573593,25735930000000,25735930000000,Modoc,Tulelake Basin Joint Unified,511
cenroll2425-v2.txt,2024_25,2024-25,26,73668,0000000,2673668,26736680000000,26736680000000,Mono,Eastern Sierra Unified,368
cenroll2425-v2.txt,2024_25,2024-25,26,73692,0000000,2673692,26736920000000,26736920000000,Mono,Mammoth Unified,1163
cenroll2425-v2.txt,2024_25,2024-25,26,10264,0000000,2610264,26102640000000,26102640000000,Mono,Mono County Office of Education,318
cenroll2425-v2.txt,2024_25,2024-25,27,65961,0000000,2765961,27659610000000,27659610000000,Monterey,Alisal Union,7582
cenroll2425-v2.txt,2024_25,2024-25,27,75150,0000000,2775150,27751500000000,27751500000000,Monterey,Big Sur Unified,131
cenroll2425-v2.txt,2024_25,2024-25,27,65979,0000000,2765979,27659790000000,27659790000000,Monterey,Bradley Union Elementary,57
cenroll2425-v2.txt,2024_25,2024-25,27,65987,0000000,2765987,27659870000000,27659870000000,Monterey,Carmel Unified,2236
cenroll2425-v2.txt,2024_25,2024-25,27,65995,0000000,2765995,27659950000000,27659950000000,Monterey,Chualar Union,260
cenroll2425-v2.txt,2024_25,2024-25,27,75473,0000000,2775473,27754730000000,27754730000000,Monterey,Gonzales Unified,2040
cenroll2425-v2.txt,2024_25,2024-25,27,66027,0000000,2766027,27660270000000,27660270000000,Monterey,Graves Elementary,34
cenroll2425-v2.txt,2024_25,2024-25,27,66035,0000000,2766035,27660350000000,27660350000000,Monterey,Greenfield Union Elementary,3459
cenroll2425-v2.txt,2024_25,2024-25,27,66050,0000000,2766050,27660500000000,27660500000000,Monterey,King City Union,2662
cenroll2425-v2.txt,2024_25,2024-25,27,66076,0000000,2766076,27660760000000,27660760000000,Monterey,Lagunita Elementary,63
cenroll2425-v2.txt,2024_25,2024-25,27,66084,0000000,2766084,27660840000000,27660840000000,Monterey,Mission Union Elementary,130
cenroll2425-v2.txt,2024_25,2024-25,27,10272,0000000,2710272,27102720000000,27102720000000,Monterey,Monterey County Office of Education,2212
cenroll2425-v2.txt,2024_25,2024-25,27,66092,0000000,2766092,27660920000000,27660920000000,Monterey,Monterey Peninsula Unified,10656
cenroll2425-v2.txt,2024_25,2024-25,27,73825,0000000,2773825,27738250000000,27738250000000,Monterey,North Monterey County Unified,4541
cenroll2425-v2.txt,2024_25,2024-25,27,66134,0000000,2766134,27661340000000,27661340000000,Monterey,Pacific Grove Unified,1838
cenroll2425-v2.txt,2024_25,2024-25,27,66142,0000000,2766142,27661420000000,27661420000000,Monterey,Salinas City Elementary,8645
cenroll2425-v2.txt,2024_25,2024-25,27,66159,0000000,2766159,27661590000000,27661590000000,Monterey,Salinas Union High,16288
cenroll2425-v2.txt,2024_25,2024-25,27,66167,0000000,2766167,27661670000000,27661670000000,Monterey,San Antonio Union Elementary,156
cenroll2425-v2.txt,2024_25,2024-25,27,66175,0000000,2766175,27661750000000,27661750000000,Monterey,San Ardo Union Elementary,82
cenroll2425-v2.txt,2024_25,2024-25,27,66183,0000000,2766183,27661830000000,27661830000000,Monterey,San Lucas Union Elementary,81
cenroll2425-v2.txt,2024_25,2024-25,27,66191,0000000,2766191,27661910000000,27661910000000,Monterey,Santa Rita Union Elementary,3265
cenroll2425-v2.txt,2024_25,2024-25,27,75440,0000000,2775440,27754400000000,27754400000000,Monterey,Soledad Unified,4942
cenroll2425-v2.txt,2024_25,2024-25,27,66068,0000000,2766068,27660680000000,27660680000000,Monterey,South Monterey County Joint Union High,2786
cenroll2425-v2.txt,2024_25,2024-25,27,66225,0000000,2766225,27662250000000,27662250000000,Monterey,Spreckels Union Elementary,865
cenroll2425-v2.txt,2024_25,2024-25,27,66233,0000000,2766233,27662330000000,27662330000000,Monterey,Washington Union Elementary,773
cenroll2425-v2.txt,2024_25,2024-25,28,66241,0000000,2866241,28662410000000,28662410000000,Napa,Calistoga Joint Unified,806
cenroll2425-v2.txt,2024_25,2024-25,28,66258,0000000,2866258,28662580000000,28662580000000,Napa,Howell Mountain Elementary,88
cenroll2425-v2.txt,2024_25,2024-25,28,10280,0000000,2810280,28102800000000,28102800000000,Napa,Napa County Office of Education,324
cenroll2425-v2.txt,2024_25,2024-25,28,66266,0000000,2866266,28662660000000,28662660000000,Napa,Napa Valley Unified,16796
cenroll2425-v2.txt,2024_25,2024-25,28,66282,0000000,2866282,28662820000000,28662820000000,Napa,Pope Valley Union Elementary,48
cenroll2425-v2.txt,2024_25,2024-25,28,66290,0000000,2866290,28662900000000,28662900000000,Napa,Saint Helena Unified,1130
cenroll2425-v2.txt,2024_25,2024-25,29,66316,0000000,2966316,29663160000000,29663160000000,Nevada,Chicago Park Elementary,171
cenroll2425-v2.txt,2024_25,2024-25,29,66324,0000000,2966324,29663240000000,29663240000000,Nevada,Clear Creek Elementary,178
cenroll2425-v2.txt,2024_25,2024-25,29,66332,0000000,2966332,29663320000000,29663320000000,Nevada,Grass Valley Elementary,1740
cenroll2425-v2.txt,2024_25,2024-25,29,66340,0000000,2966340,29663400000000,29663400000000,Nevada,Nevada City Elementary,730
cenroll2425-v2.txt,2024_25,2024-25,29,10298,0000000,2910298,29102980000000,29102980000000,Nevada,Nevada County Office of Education,4779
cenroll2425-v2.txt,2024_25,2024-25,29,66357,0000000,2966357,29663570000000,29663570000000,Nevada,Nevada Joint Union High,2859
cenroll2425-v2.txt,2024_25,2024-25,29,76877,0000000,2976877,29768770000000,29768770000000,Nevada,Penn Valley Union Elementary,595
cenroll2425-v2.txt,2024_25,2024-25,29,66373,0000000,2966373,29663730000000,29663730000000,Nevada,Pleasant Ridge Union Elementary,1529
cenroll2425-v2.txt,2024_25,2024-25,29,66415,0000000,2966415,29664150000000,29664150000000,Nevada,Twin Ridges Elementary,115
cenroll2425-v2.txt,2024_25,2024-25,29,66407,0000000,2966407,29664070000000,29664070000000,Nevada,Union Hill Elementary,698
cenroll2425-v2.txt,2024_25,2024-25,30,66423,0000000,3066423,30664230000000,30664230000000,Orange,Anaheim Elementary,15293
cenroll2425-v2.txt,2024_25,2024-25,30,66431,0000000,3066431,30664310000000,30664310000000,Orange,Anaheim Union High,27169
cenroll2425-v2.txt,2024_25,2024-25,30,66449,0000000,3066449,30664490000000,30664490000000,Orange,Brea-Olinda Unified,5916
cenroll2425-v2.txt,2024_25,2024-25,30,66456,0000000,3066456,30664560000000,30664560000000,Orange,Buena Park Elementary,3935
cenroll2425-v2.txt,2024_25,2024-25,30,66464,0000000,3066464,30664640000000,30664640000000,Orange,Capistrano Unified,49615
cenroll2425-v2.txt,2024_25,2024-25,30,66472,0000000,3066472,30664720000000,30664720000000,Orange,Centralia Elementary,4204
cenroll2425-v2.txt,2024_25,2024-25,30,66480,0000000,3066480,30664800000000,30664800000000,Orange,Cypress Elementary,3361
cenroll2425-v2.txt,2024_25,2024-25,30,66498,0000000,3066498,30664980000000,30664980000000,Orange,Fountain Valley Elementary,6182
cenroll2425-v2.txt,2024_25,2024-25,30,66506,0000000,3066506,30665060000000,30665060000000,Orange,Fullerton Elementary,11621
cenroll2425-v2.txt,2024_25,2024-25,30,66514,0000000,3066514,30665140000000,30665140000000,Orange,Fullerton Joint Union High,13034
cenroll2425-v2.txt,2024_25,2024-25,30,66522,0000000,3066522,30665220000000,30665220000000,Orange,Garden Grove Unified,38619
cenroll2425-v2.txt,2024_25,2024-25,30,66530,0000000,3066530,30665300000000,30665300000000,Orange,Huntington Beach City Elementary,5063
cenroll2425-v2.txt,2024_25,2024-25,30,66548,0000000,3066548,30665480000000,30665480000000,Orange,Huntington Beach Union High,14285
cenroll2425-v2.txt,2024_25,2024-25,30,73650,0000000,3073650,30736500000000,30736500000000,Orange,Irvine Unified,40439
cenroll2425-v2.txt,2024_25,2024-25,30,66563,0000000,3066563,30665630000000,30665630000000,Orange,La Habra City Elementary,4427
cenroll2425-v2.txt,2024_25,2024-25,30,66555,0000000,3066555,30665550000000,30665550000000,Orange,Laguna Beach Unified,2379
cenroll2425-v2.txt,2024_25,2024-25,30,73924,0000000,3073924,30739240000000,30739240000000,Orange,Los Alamitos Unified,8913
cenroll2425-v2.txt,2024_25,2024-25,30,64766,0000000,3064766,30647660000000,30647660000000,Orange,Lowell Joint,3077
cenroll2425-v2.txt,2024_25,2024-25,30,66589,0000000,3066589,30665890000000,30665890000000,Orange,Magnolia Elementary,5060
cenroll2425-v2.txt,2024_25,2024-25,30,66597,0000000,3066597,30665970000000,30665970000000,Orange,Newport-Mesa Unified,18273
cenroll2425-v2.txt,2024_25,2024-25,30,66613,0000000,3066613,30666130000000,30666130000000,Orange,Ocean View,6876
cenroll2425-v2.txt,2024_25,2024-25,30,10306,0000000,3010306,30103060000000,30103060000000,Orange,Orange County Department of Education,17058
cenroll2425-v2.txt,2024_25,2024-25,30,66621,0000000,3066621,30666210000000,30666210000000,Orange,Orange Unified,25834
cenroll2425-v2.txt,2024_25,2024-25,30,66647,0000000,3066647,30666470000000,30666470000000,Orange,Placentia-Yorba Linda Unified,23334
cenroll2425-v2.txt,2024_25,2024-25,30,73635,0000000,3073635,30736350000000,30736350000000,Orange,Saddleback Valley Unified,23352
cenroll2425-v2.txt,2024_25,2024-25,30,66670,0000000,3066670,30666700000000,30666700000000,Orange,Santa Ana Unified,39716
cenroll2425-v2.txt,2024_25,2024-25,30,66696,0000000,3066696,30666960000000,30666960000000,Orange,Savanna Elementary,1803
cenroll2425-v2.txt,2024_25,2024-25,30,76893,0000000,3076893,30768930000000,30768930000000,Orange,SBE - Magnolia Science Academy Santa Ana,550
cenroll2425-v2.txt,2024_25,2024-25,30,73643,0000000,3073643,30736430000000,30736430000000,Orange,Tustin Unified,22136
cenroll2425-v2.txt,2024_25,2024-25,30,66746,0000000,3066746,30667460000000,30667460000000,Orange,Westminster,8183
cenroll2425-v2.txt,2024_25,2024-25,31,66761,0000000,3166761,31667610000000,31667610000000,Placer,Ackerman Charter,618
cenroll2425-v2.txt,2024_25,2024-25,31,66779,0000000,3166779,31667790000000,31667790000000,Placer,Alta-Dutch Flat Union Elementary,114
cenroll2425-v2.txt,2024_25,2024-25,31,66787,0000000,3166787,31667870000000,31667870000000,Placer,Auburn Union Elementary,1461
cenroll2425-v2.txt,2024_25,2024-25,31,66795,0000000,3166795,31667950000000,31667950000000,Placer,Colfax Elementary,366
cenroll2425-v2.txt,2024_25,2024-25,31,66803,0000000,3166803,31668030000000,31668030000000,Placer,Dry Creek Joint Elementary,7098
cenroll2425-v2.txt,2024_25,2024-25,31,66829,0000000,3166829,31668290000000,31668290000000,Placer,Eureka Union,3583
cenroll2425-v2.txt,2024_25,2024-25,31,66837,0000000,3166837,31668370000000,31668370000000,Placer,Foresthill Union Elementary,501
cenroll2425-v2.txt,2024_25,2024-25,31,66845,0000000,3166845,31668450000000,31668450000000,Placer,Loomis Union Elementary,2916
cenroll2425-v2.txt,2024_25,2024-25,31,66852,0000000,3166852,31668520000000,31668520000000,Placer,Newcastle Elementary,2203
cenroll2425-v2.txt,2024_25,2024-25,31,10314,0000000,3110314,31103140000000,31103140000000,Placer,Placer County Office of Education,648
cenroll2425-v2.txt,2024_25,2024-25,31,66886,0000000,3166886,31668860000000,31668860000000,Placer,Placer Hills Union Elementary,794
cenroll2425-v2.txt,2024_25,2024-25,31,66894,0000000,3166894,31668940000000,31668940000000,Placer,Placer Union High,4049
cenroll2425-v2.txt,2024_25,2024-25,31,75085,0000000,3175085,31750850000000,31750850000000,Placer,Rocklin Unified,13618
cenroll2425-v2.txt,2024_25,2024-25,31,66910,0000000,3166910,31669100000000,31669100000000,Placer,Roseville City Elementary,13028
cenroll2425-v2.txt,2024_25,2024-25,31,66928,0000000,3166928,31669280000000,31669280000000,Placer,Roseville Joint Union High,13374
cenroll2425-v2.txt,2024_25,2024-25,31,66944,0000000,3166944,31669440000000,31669440000000,Placer,Tahoe-Truckee Unified,4276
cenroll2425-v2.txt,2024_25,2024-25,31,66951,0000000,3166951,31669510000000,31669510000000,Placer,Western Placer Unified,11737
cenroll2425-v2.txt,2024_25,2024-25,32,10322,0000000,3210322,32103220000000,32103220000000,Plumas,Plumas County Office of Education,32
cenroll2425-v2.txt,2024_25,2024-25,32,66969,0000000,3266969,32669690000000,32669690000000,Plumas,Plumas Unified,2107
cenroll2425-v2.txt,2024_25,2024-25,33,66977,0000000,3366977,33669770000000,33669770000000,Riverside,Alvord Unified,17481
cenroll2425-v2.txt,2024_25,2024-25,33,66985,0000000,3366985,33669850000000,33669850000000,Riverside,Banning Unified,4606
cenroll2425-v2.txt,2024_25,2024-25,33,66993,0000000,3366993,33669930000000,33669930000000,Riverside,Beaumont Unified,20555
cenroll2425-v2.txt,2024_25,2024-25,33,31625,0000000,3331625,33316250000000,33316250000000,Riverside,California School for the Deaf-Riverside (State Special Schl),367
cenroll2425-v2.txt,2024_25,2024-25,33,73676,0000000,3373676,33736760000000,33736760000000,Riverside,Coachella Valley Unified,16795
cenroll2425-v2.txt,2024_25,2024-25,33,67033,0000000,3367033,33670330000000,33670330000000,Riverside,Corona-Norco Unified,51510
cenroll2425-v2.txt,2024_25,2024-25,33,67041,0000000,3367041,33670410000000,33670410000000,Riverside,Desert Center Unified,34
cenroll2425-v2.txt,2024_25,2024-25,33,67058,0000000,3367058,33670580000000,33670580000000,Riverside,Desert Sands Unified,26730
cenroll2425-v2.txt,2024_25,2024-25,33,67082,0000000,3367082,33670820000000,33670820000000,Riverside,Hemet Unified,24877
cenroll2425-v2.txt,2024_25,2024-25,33,67090,0000000,3367090,33670900000000,33670900000000,Riverside,Jurupa Unified,18842
cenroll2425-v2.txt,2024_25,2024-25,33,75176,0000000,3375176,33751760000000,33751760000000,Riverside,Lake Elsinore Unified,22337
cenroll2425-v2.txt,2024_25,2024-25,33,67116,0000000,3367116,33671160000000,33671160000000,Riverside,Menifee Union,14896
cenroll2425-v2.txt,2024_25,2024-25,33,67124,0000000,3367124,33671240000000,33671240000000,Riverside,Moreno Valley Unified,33018
cenroll2425-v2.txt,2024_25,2024-25,33,75200,0000000,3375200,33752000000000,33752000000000,Riverside,Murrieta Valley Unified,22621
cenroll2425-v2.txt,2024_25,2024-25,33,67157,0000000,3367157,33671570000000,33671570000000,Riverside,Nuview Union,2396
cenroll2425-v2.txt,2024_25,2024-25,33,67173,0000000,3367173,33671730000000,33671730000000,Riverside,Palm Springs Unified,21105
cenroll2425-v2.txt,2024_25,2024-25,33,67181,0000000,3367181,33671810000000,33671810000000,Riverside,Palo Verde Unified,4400
cenroll2425-v2.txt,2024_25,2024-25,33,67199,0000000,3367199,33671990000000,33671990000000,Riverside,Perris Elementary,5907
cenroll2425-v2.txt,2024_25,2024-25,33,67207,0000000,3367207,33672070000000,33672070000000,Riverside,Perris Union High,12675
cenroll2425-v2.txt,2024_25,2024-25,33,10330,0000000,3310330,33103300000000,33103300000000,Riverside,Riverside County Office of Education,16663
cenroll2425-v2.txt,2024_25,2024-25,33,67215,0000000,3367215,33672150000000,33672150000000,Riverside,Riverside Unified,40831
cenroll2425-v2.txt,2024_25,2024-25,33,67231,0000000,3367231,33672310000000,33672310000000,Riverside,Romoland Elementary,5196
cenroll2425-v2.txt,2024_25,2024-25,33,67249,0000000,3367249,33672490000000,33672490000000,Riverside,San Jacinto Unified,12814
cenroll2425-v2.txt,2024_25,2024-25,33,75192,0000000,3375192,33751920000000,33751920000000,Riverside,Temecula Valley Unified,29201
cenroll2425-v2.txt,2024_25,2024-25,33,75242,0000000,3375242,33752420000000,33752420000000,Riverside,Val Verde Unified,20425
cenroll2425-v2.txt,2024_25,2024-25,34,67280,0000000,3467280,34672800000000,34672800000000,Sacramento,Arcohe Union Elementary,593
cenroll2425-v2.txt,2024_25,2024-25,34,73973,0000000,3473973,34739730000000,34739730000000,Sacramento,Center Joint Unified,5123
cenroll2425-v2.txt,2024_25,2024-25,34,67314,0000000,3467314,34673140000000,34673140000000,Sacramento,Elk Grove Unified,67551
cenroll2425-v2.txt,2024_25,2024-25,34,67322,0000000,3467322,34673220000000,34673220000000,Sacramento,Elverta Joint Elementary,242
cenroll2425-v2.txt,2024_25,2024-25,34,67330,0000000,3467330,34673300000000,34673300000000,Sacramento,Folsom-Cordova Unified,23195
cenroll2425-v2.txt,2024_25,2024-25,34,67348,0000000,3467348,34673480000000,34673480000000,Sacramento,Galt Joint Union Elementary,3587
cenroll2425-v2.txt,2024_25,2024-25,34,67355,0000000,3467355,34673550000000,34673550000000,Sacramento,Galt Joint Union High,2033
cenroll2425-v2.txt,2024_25,2024-25,34,75283,0000000,3475283,34752830000000,34752830000000,Sacramento,Natomas Unified,17779
cenroll2425-v2.txt,2024_25,2024-25,34,67413,0000000,3467413,34674130000000,34674130000000,Sacramento,River Delta Joint Unified,2208
cenroll2425-v2.txt,2024_25,2024-25,34,67421,0000000,3467421,34674210000000,34674210000000,Sacramento,Robla Elementary,3354
cenroll2425-v2.txt,2024_25,2024-25,34,67439,0000000,3467439,34674390000000,34674390000000,Sacramento,Sacramento City Unified,45414
cenroll2425-v2.txt,2024_25,2024-25,34,10348,0000000,3410348,34103480000000,34103480000000,Sacramento,Sacramento County Office of Education,3999
cenroll2425-v2.txt,2024_25,2024-25,34,67447,0000000,3467447,34674470000000,34674470000000,Sacramento,San Juan Unified,56913
cenroll2425-v2.txt,2024_25,2024-25,34,76505,0000000,3476505,34765050000000,34765050000000,Sacramento,Twin Rivers Unified,54511
cenroll2425-v2.txt,2024_25,2024-25,35,75259,0000000,3575259,35752590000000,35752590000000,San Benito,Aromas - San Juan Unified,1037
cenroll2425-v2.txt,2024_25,2024-25,35,67454,0000000,3567454,35674540000000,35674540000000,San Benito,Bitterwater-Tully Elementary,37
cenroll2425-v2.txt,2024_25,2024-25,35,67462,0000000,3567462,35674620000000,35674620000000,San Benito,Cienega Union Elementary,21
cenroll2425-v2.txt,2024_25,2024-25,35,67470,0000000,3567470,35674700000000,35674700000000,San Benito,Hollister,6777
cenroll2425-v2.txt,2024_25,2024-25,35,67488,0000000,3567488,35674880000000,35674880000000,San Benito,Jefferson Elementary,4
cenroll2425-v2.txt,2024_25,2024-25,35,67504,0000000,3567504,35675040000000,35675040000000,San Benito,North County Joint Union Elementary,784
cenroll2425-v2.txt,2024_25,2024-25,35,67520,0000000,3567520,35675200000000,35675200000000,San Benito,Panoche Elementary,8
cenroll2425-v2.txt,2024_25,2024-25,35,10355,0000000,3510355,35103550000000,35103550000000,San Benito,San Benito County Office of Education,96
cenroll2425-v2.txt,2024_25,2024-25,35,67538,0000000,3567538,35675380000000,35675380000000,San Benito,San Benito High,3518
cenroll2425-v2.txt,2024_25,2024-25,35,67553,0000000,3567553,35675530000000,35675530000000,San Benito,Southside Elementary,284
cenroll2425-v2.txt,2024_25,2024-25,35,67561,0000000,3567561,35675610000000,35675610000000,San Benito,Tres Pinos Union Elementary,64
cenroll2425-v2.txt,2024_25,2024-25,35,67579,0000000,3567579,35675790000000,35675790000000,San Benito,Willow Grove Union Elementary,23
cenroll2425-v2.txt,2024_25,2024-25,36,67587,0000000,3667587,36675870000000,36675870000000,San Bernardino,Adelanto Elementary,10230
cenroll2425-v2.txt,2024_25,2024-25,36,67595,0000000,3667595,36675950000000,36675950000000,San Bernardino,Alta Loma Elementary,5823
cenroll2425-v2.txt,2024_25,2024-25,36,75077,0000000,3675077,36750770000000,36750770000000,San Bernardino,Apple Valley Unified,16347
cenroll2425-v2.txt,2024_25,2024-25,36,73858,0000000,3673858,36738580000000,36738580000000,San Bernardino,Baker Valley Unified,129
cenroll2425-v2.txt,2024_25,2024-25,36,67611,0000000,3667611,36676110000000,36676110000000,San Bernardino,Barstow Unified,7034
cenroll2425-v2.txt,2024_25,2024-25,36,67637,0000000,3667637,36676370000000,36676370000000,San Bernardino,Bear Valley Unified,2362
cenroll2425-v2.txt,2024_25,2024-25,36,67645,0000000,3667645,36676450000000,36676450000000,San Bernardino,Central Elementary,4690
cenroll2425-v2.txt,2024_25,2024-25,36,67652,0000000,3667652,36676520000000,36676520000000,San Bernardino,Chaffey Joint Union High,23413
cenroll2425-v2.txt,2024_25,2024-25,36,67678,0000000,3667678,36676780000000,36676780000000,San Bernardino,Chino Valley Unified,28069
cenroll2425-v2.txt,2024_25,2024-25,36,67686,0000000,3667686,36676860000000,36676860000000,San Bernardino,Colton Joint Unified,20381
cenroll2425-v2.txt,2024_25,2024-25,36,67694,0000000,3667694,36676940000000,36676940000000,San Bernardino,Cucamonga Elementary,2635
cenroll2425-v2.txt,2024_25,2024-25,36,67702,0000000,3667702,36677020000000,36677020000000,San Bernardino,Etiwanda Elementary,14326
cenroll2425-v2.txt,2024_25,2024-25,36,67710,0000000,3667710,36677100000000,36677100000000,San Bernardino,Fontana Unified,35025
cenroll2425-v2.txt,2024_25,2024-25,36,67736,0000000,3667736,36677360000000,36677360000000,San Bernardino,Helendale Elementary,9671
cenroll2425-v2.txt,2024_25,2024-25,36,75044,0000000,3675044,36750440000000,36750440000000,San Bernardino,Hesperia Unified,27118
cenroll2425-v2.txt,2024_25,2024-25,36,75051,0000000,3675051,36750510000000,36750510000000,San Bernardino,Lucerne Valley Unified,17784
cenroll2425-v2.txt,2024_25,2024-25,36,67777,0000000,3667777,36677770000000,36677770000000,San Bernardino,Morongo Unified,7877
cenroll2425-v2.txt,2024_25,2024-25,36,67785,0000000,3667785,36677850000000,36677850000000,San Bernardino,Mountain View Elementary,3558
cenroll2425-v2.txt,2024_25,2024-25,36,67793,0000000,3667793,36677930000000,36677930000000,San Bernardino,Mt. Baldy Joint Elementary,118
cenroll2425-v2.txt,2024_25,2024-25,36,67801,0000000,3667801,36678010000000,36678010000000,San Bernardino,Needles Unified,1001
cenroll2425-v2.txt,2024_25,2024-25,36,67819,0000000,3667819,36678190000000,36678190000000,San Bernardino,Ontario-Montclair,18715
cenroll2425-v2.txt,2024_25,2024-25,36,67827,0000000,3667827,36678270000000,36678270000000,San Bernardino,Oro Grande,7761
cenroll2425-v2.txt,2024_25,2024-25,36,67843,0000000,3667843,36678430000000,36678430000000,San Bernardino,Redlands Unified,20767
cenroll2425-v2.txt,2024_25,2024-25,36,67850,0000000,3667850,36678500000000,36678500000000,San Bernardino,Rialto Unified,24558
cenroll2425-v2.txt,2024_25,2024-25,36,67868,0000000,3667868,36678680000000,36678680000000,San Bernardino,Rim of the World Unified,3057
cenroll2425-v2.txt,2024_25,2024-25,36,67876,0000000,3667876,36678760000000,36678760000000,San Bernardino,San Bernardino City Unified,53985
cenroll2425-v2.txt,2024_25,2024-25,36,10363,0000000,3610363,36103630000000,36103630000000,San Bernardino,San Bernardino County Office of Education,9401
cenroll2425-v2.txt,2024_25,2024-25,36,73890,0000000,3673890,36738900000000,36738900000000,San Bernardino,Silver Valley Unified,2490
cenroll2425-v2.txt,2024_25,2024-25,36,73957,0000000,3673957,36739570000000,36739570000000,San Bernardino,Snowline Joint Unified,8982
cenroll2425-v2.txt,2024_25,2024-25,36,67892,0000000,3667892,36678920000000,36678920000000,San Bernardino,Trona Joint Unified,281
cenroll2425-v2.txt,2024_25,2024-25,36,75069,0000000,3675069,36750690000000,36750690000000,San Bernardino,Upland Unified,10028
cenroll2425-v2.txt,2024_25,2024-25,36,67918,0000000,3667918,36679180000000,36679180000000,San Bernardino,Victor Elementary,13612
cenroll2425-v2.txt,2024_25,2024-25,36,67934,0000000,3667934,36679340000000,36679340000000,San Bernardino,Victor Valley Union High,14746
cenroll2425-v2.txt,2024_25,2024-25,36,67959,0000000,3667959,36679590000000,36679590000000,San Bernardino,Yucaipa-Calimesa Joint Unified,9991
cenroll2425-v2.txt,2024_25,2024-25,37,67967,0000000,3767967,37679670000000,37679670000000,San Diego,Alpine Union Elementary,1511
cenroll2425-v2.txt,2024_25,2024-25,37,76851,0000000,3776851,37768510000000,37768510000000,San Diego,Bonsall Unified,2391
cenroll2425-v2.txt,2024_25,2024-25,37,67983,0000000,3767983,37679830000000,37679830000000,San Diego,Borrego Springs Unified,4740
cenroll2425-v2.txt,2024_25,2024-25,37,67991,0000000,3767991,37679910000000,37679910000000,San Diego,Cajon Valley Union,20002
cenroll2425-v2.txt,2024_25,2024-25,37,68007,0000000,3768007,37680070000000,37680070000000,San Diego,Cardiff Elementary,659
cenroll2425-v2.txt,2024_25,2024-25,37,73551,0000000,3773551,37735510000000,37735510000000,San Diego,Carlsbad Unified,10982
cenroll2425-v2.txt,2024_25,2024-25,37,68023,0000000,3768023,37680230000000,37680230000000,San Diego,Chula Vista Elementary,30474
cenroll2425-v2.txt,2024_25,2024-25,37,68031,0000000,3768031,37680310000000,37680310000000,San Diego,Coronado Unified,2899
cenroll2425-v2.txt,2024_25,2024-25,37,68049,0000000,3768049,37680490000000,37680490000000,San Diego,Dehesa Elementary,14766
cenroll2425-v2.txt,2024_25,2024-25,37,68056,0000000,3768056,37680560000000,37680560000000,San Diego,Del Mar Union Elementary,3689
cenroll2425-v2.txt,2024_25,2024-25,37,68080,0000000,3768080,37680800000000,37680800000000,San Diego,Encinitas Union Elementary,4383
cenroll2425-v2.txt,2024_25,2024-25,37,68098,0000000,3768098,37680980000000,37680980000000,San Diego,Escondido Union,17457
cenroll2425-v2.txt,2024_25,2024-25,37,68106,0000000,3768106,37681060000000,37681060000000,San Diego,Escondido Union High,9167
cenroll2425-v2.txt,2024_25,2024-25,37,68114,0000000,3768114,37681140000000,37681140000000,San Diego,Fallbrook Union Elementary,5368
cenroll2425-v2.txt,2024_25,2024-25,37,68122,0000000,3768122,37681220000000,37681220000000,San Diego,Fallbrook Union High,2083
cenroll2425-v2.txt,2024_25,2024-25,37,68130,0000000,3768130,37681300000000,37681300000000,San Diego,Grossmont Union High,22486
cenroll2425-v2.txt,2024_25,2024-25,37,68155,0000000,3768155,37681550000000,37681550000000,San Diego,Jamul-Dulzura Union Elementary,871
cenroll2425-v2.txt,2024_25,2024-25,37,68163,0000000,3768163,37681630000000,37681630000000,San Diego,Julian Union Elementary,2975
cenroll2425-v2.txt,2024_25,2024-25,37,68171,0000000,3768171,37681710000000,37681710000000,San Diego,Julian Union High,130
cenroll2425-v2.txt,2024_25,2024-25,37,68197,0000000,3768197,37681970000000,37681970000000,San Diego,La Mesa-Spring Valley,11432
cenroll2425-v2.txt,2024_25,2024-25,37,68189,0000000,3768189,37681890000000,37681890000000,San Diego,Lakeside Union Elementary,5027
cenroll2425-v2.txt,2024_25,2024-25,37,68205,0000000,3768205,37682050000000,37682050000000,San Diego,Lemon Grove,3312
cenroll2425-v2.txt,2024_25,2024-25,37,68213,0000000,3768213,37682130000000,37682130000000,San Diego,Mountain Empire Unified,5746
cenroll2425-v2.txt,2024_25,2024-25,37,68221,0000000,3768221,37682210000000,37682210000000,San Diego,National Elementary,4697
cenroll2425-v2.txt,2024_25,2024-25,37,73569,0000000,3773569,37735690000000,37735690000000,San Diego,Oceanside Unified,18962
cenroll2425-v2.txt,2024_25,2024-25,37,68296,0000000,3768296,37682960000000,37682960000000,San Diego,Poway Unified,35174
cenroll2425-v2.txt,2024_25,2024-25,37,68304,0000000,3768304,37683040000000,37683040000000,San Diego,Ramona City Unified,5152
cenroll2425-v2.txt,2024_25,2024-25,37,68312,0000000,3768312,37683120000000,37683120000000,San Diego,Rancho Santa Fe Elementary,524
cenroll2425-v2.txt,2024_25,2024-25,37,10371,0000000,3710371,37103710000000,37103710000000,San Diego,San Diego County Office of Education,9565
cenroll2425-v2.txt,2024_25,2024-25,37,68338,0000000,3768338,37683380000000,37683380000000,San Diego,San Diego Unified,119830
cenroll2425-v2.txt,2024_25,2024-25,37,68346,0000000,3768346,37683460000000,37683460000000,San Diego,San Dieguito Union High,12293
cenroll2425-v2.txt,2024_25,2024-25,37,73791,0000000,3773791,37737910000000,37737910000000,San Diego,San Marcos Unified,19509
cenroll2425-v2.txt,2024_25,2024-25,37,68353,0000000,3768353,37683530000000,37683530000000,San Diego,San Pasqual Union Elementary,562
cenroll2425-v2.txt,2024_25,2024-25,37,68379,0000000,3768379,37683790000000,37683790000000,San Diego,San Ysidro Elementary,4519
cenroll2425-v2.txt,2024_25,2024-25,37,68361,0000000,3768361,37683610000000,37683610000000,San Diego,Santee,6320
cenroll2425-v2.txt,2024_25,2024-25,37,76471,0000000,3776471,37764710000000,37764710000000,San Diego,SBC - High Tech High,3880
cenroll2425-v2.txt,2024_25,2024-25,37,77099,0000000,3777099,37770990000000,37770990000000,San Diego,SBE - Altus Schools East County,554
cenroll2425-v2.txt,2024_25,2024-25,37,77107,0000000,3777107,37771070000000,37771070000000,San Diego,SBE - Altus Schools South Bay,721
cenroll2425-v2.txt,2024_25,2024-25,37,77172,0000000,3777172,37771720000000,37771720000000,San Diego,SBE - Baypoint Preparatory Academy San Diego,175
cenroll2425-v2.txt,2024_25,2024-25,37,77164,0000000,3777164,37771640000000,37771640000000,San Diego,SBE - College Preparatory Middle,405
cenroll2425-v2.txt,2024_25,2024-25,37,77156,0000000,3777156,37771560000000,37771560000000,San Diego,SBE - Vista Springs Charter,279
cenroll2425-v2.txt,2024_25,2024-25,37,68387,0000000,3768387,37683870000000,37683870000000,San Diego,Solana Beach Elementary,2772
cenroll2425-v2.txt,2024_25,2024-25,37,68395,0000000,3768395,37683950000000,37683950000000,San Diego,South Bay Union,5800
cenroll2425-v2.txt,2024_25,2024-25,37,68403,0000000,3768403,37684030000000,37684030000000,San Diego,Spencer Valley Elementary,5589
cenroll2425-v2.txt,2024_25,2024-25,37,68411,0000000,3768411,37684110000000,37684110000000,San Diego,Sweetwater Union High,37460
cenroll2425-v2.txt,2024_25,2024-25,37,68437,0000000,3768437,37684370000000,37684370000000,San Diego,Vallecitos Elementary,218
cenroll2425-v2.txt,2024_25,2024-25,37,75614,0000000,3775614,37756140000000,37756140000000,San Diego,Valley Center-Pauma Unified,3777
cenroll2425-v2.txt,2024_25,2024-25,37,68452,0000000,3768452,37684520000000,37684520000000,San Diego,Vista Unified,23121
cenroll2425-v2.txt,2024_25,2024-25,37,75416,0000000,3775416,37754160000000,37754160000000,San Diego,Warner Unified,4795
cenroll2425-v2.txt,2024_25,2024-25,38,10389,0000000,3810389,38103890000000,38103890000000,San Francisco,San Francisco County Office of Education,764
cenroll2425-v2.txt,2024_25,2024-25,38,68478,0000000,3868478,38684780000000,38684780000000,San Francisco,San Francisco Unified,63562
cenroll2425-v2.txt,2024_25,2024-25,38,77131,0000000,3877131,38771310000000,38771310000000,San Francisco,SBE - KIPP Bayview Elementary,153
cenroll2425-v2.txt,2024_25,2024-25,38,76927,0000000,3876927,38769270000000,38769270000000,San Francisco,SBE - The New School of San Francisco,473
cenroll2425-v2.txt,2024_25,2024-25,39,77388,0000000,3977388,39773880000000,39773880000000,San Joaquin,Banta Unified,3743
cenroll2425-v2.txt,2024_25,2024-25,39,68502,0000000,3968502,39685020000000,39685020000000,San Joaquin,Escalon Unified,3167
cenroll2425-v2.txt,2024_25,2024-25,39,68544,0000000,3968544,39685440000000,39685440000000,San Joaquin,Jefferson Elementary,3332
cenroll2425-v2.txt,2024_25,2024-25,39,76760,0000000,3976760,39767600000000,39767600000000,San Joaquin,Lammersville Joint Unified,8318
cenroll2425-v2.txt,2024_25,2024-25,39,68569,0000000,3968569,39685690000000,39685690000000,San Joaquin,Lincoln Unified,9290
cenroll2425-v2.txt,2024_25,2024-25,39,68577,0000000,3968577,39685770000000,39685770000000,San Joaquin,Linden Unified,2421
cenroll2425-v2.txt,2024_25,2024-25,39,68585,0000000,3968585,39685850000000,39685850000000,San Joaquin,Lodi Unified,31613
cenroll2425-v2.txt,2024_25,2024-25,39,68593,0000000,3968593,39685930000000,39685930000000,San Joaquin,Manteca Unified,27015
cenroll2425-v2.txt,2024_25,2024-25,39,68619,0000000,3968619,39686190000000,39686190000000,San Joaquin,New Hope Elementary,180
cenroll2425-v2.txt,2024_25,2024-25,39,68627,0000000,3968627,39686270000000,39686270000000,San Joaquin,New Jerusalem Elementary,9054
cenroll2425-v2.txt,2024_25,2024-25,39,68635,0000000,3968635,39686350000000,39686350000000,San Joaquin,Oak View Union Elementary,385
cenroll2425-v2.txt,2024_25,2024-25,39,68650,0000000,3968650,39686500000000,39686500000000,San Joaquin,Ripon Unified,5592
cenroll2425-v2.txt,2024_25,2024-25,39,10397,0000000,3910397,39103970000000,39103970000000,San Joaquin,San Joaquin County Office of Education,7471
cenroll2425-v2.txt,2024_25,2024-25,39,68676,0000000,3968676,39686760000000,39686760000000,San Joaquin,Stockton Unified,40727
cenroll2425-v2.txt,2024_25,2024-25,39,75499,0000000,3975499,39754990000000,39754990000000,San Joaquin,Tracy Joint Unified,15907
cenroll2425-v2.txt,2024_25,2024-25,40,68700,0000000,4068700,40687000000000,40687000000000,San Luis Obispo,Atascadero Unified,4546
cenroll2425-v2.txt,2024_25,2024-25,40,68726,0000000,4068726,40687260000000,40687260000000,San Luis Obispo,Cayucos Elementary,199
cenroll2425-v2.txt,2024_25,2024-25,40,75465,0000000,4075465,40754650000000,40754650000000,San Luis Obispo,Coast Unified,513
cenroll2425-v2.txt,2024_25,2024-25,40,68759,0000000,4068759,40687590000000,40687590000000,San Luis Obispo,Lucia Mar Unified,10000
cenroll2425-v2.txt,2024_25,2024-25,40,75457,0000000,4075457,40754570000000,40754570000000,San Luis Obispo,Paso Robles Joint Unified,6551
cenroll2425-v2.txt,2024_25,2024-25,40,68791,0000000,4068791,40687910000000,40687910000000,San Luis Obispo,Pleasant Valley Joint Union Elementary,62
cenroll2425-v2.txt,2024_25,2024-25,40,68809,0000000,4068809,40688090000000,40688090000000,San Luis Obispo,San Luis Coastal Unified,8060
cenroll2425-v2.txt,2024_25,2024-25,40,10405,0000000,4010405,40104050000000,40104050000000,San Luis Obispo,San Luis Obispo County Office of Education,1223
cenroll2425-v2.txt,2024_25,2024-25,40,68825,0000000,4068825,40688250000000,40688250000000,San Luis Obispo,San Miguel Joint Union,728
cenroll2425-v2.txt,2024_25,2024-25,40,68833,0000000,4068833,40688330000000,40688330000000,San Luis Obispo,Shandon Joint Unified,296
cenroll2425-v2.txt,2024_25,2024-25,40,68841,0000000,4068841,40688410000000,40688410000000,San Luis Obispo,Templeton Unified,2296
cenroll2425-v2.txt,2024_25,2024-25,41,68858,0000000,4168858,41688580000000,41688580000000,San Mateo,Bayshore Elementary,358
cenroll2425-v2.txt,2024_25,2024-25,41,68866,0000000,4168866,41688660000000,41688660000000,San Mateo,Belmont-Redwood Shores Elementary,4060
cenroll2425-v2.txt,2024_25,2024-25,41,68874,0000000,4168874,41688740000000,41688740000000,San Mateo,Brisbane Elementary,489
cenroll2425-v2.txt,2024_25,2024-25,41,68882,0000000,4168882,41688820000000,41688820000000,San Mateo,Burlingame Elementary,3495
cenroll2425-v2.txt,2024_25,2024-25,41,68890,0000000,4168890,41688900000000,41688900000000,San Mateo,Cabrillo Unified,2620
cenroll2425-v2.txt,2024_25,2024-25,41,68908,0000000,4168908,41689080000000,41689080000000,San Mateo,Hillsborough City Elementary,1256
cenroll2425-v2.txt,2024_25,2024-25,41,68916,0000000,4168916,41689160000000,41689160000000,San Mateo,Jefferson Elementary,6729
cenroll2425-v2.txt,2024_25,2024-25,41,68924,0000000,4168924,41689240000000,41689240000000,San Mateo,Jefferson Union High,4309
cenroll2425-v2.txt,2024_25,2024-25,41,68940,0000000,4168940,41689400000000,41689400000000,San Mateo,La Honda-Pescadero Unified,280
cenroll2425-v2.txt,2024_25,2024-25,41,68957,0000000,4168957,41689570000000,41689570000000,San Mateo,Las Lomitas Elementary,1185
cenroll2425-v2.txt,2024_25,2024-25,41,68965,0000000,4168965,41689650000000,41689650000000,San Mateo,Menlo Park City Elementary,2750
cenroll2425-v2.txt,2024_25,2024-25,41,68973,0000000,4168973,41689730000000,41689730000000,San Mateo,Millbrae Elementary,2170
cenroll2425-v2.txt,2024_25,2024-25,41,68932,0000000,4168932,41689320000000,41689320000000,San Mateo,Pacifica,2715
cenroll2425-v2.txt,2024_25,2024-25,41,68981,0000000,4168981,41689810000000,41689810000000,San Mateo,Portola Valley Elementary,507
cenroll2425-v2.txt,2024_25,2024-25,41,68999,0000000,4168999,41689990000000,41689990000000,San Mateo,Ravenswood City Elementary,2719
cenroll2425-v2.txt,2024_25,2024-25,41,69005,0000000,4169005,41690050000000,41690050000000,San Mateo,Redwood City Elementary,7825
cenroll2425-v2.txt,2024_25,2024-25,41,69013,0000000,4169013,41690130000000,41690130000000,San Mateo,San Bruno Park Elementary,2091
cenroll2425-v2.txt,2024_25,2024-25,41,69021,0000000,4169021,41690210000000,41690210000000,San Mateo,San Carlos Elementary,3298
cenroll2425-v2.txt,2024_25,2024-25,41,10413,0000000,4110413,41104130000000,41104130000000,San Mateo,San Mateo County Office of Education,353
cenroll2425-v2.txt,2024_25,2024-25,41,69047,0000000,4169047,41690470000000,41690470000000,San Mateo,San Mateo Union High,9592
cenroll2425-v2.txt,2024_25,2024-25,41,69039,0000000,4169039,41690390000000,41690390000000,San Mateo,San Mateo-Foster City,10278
cenroll2425-v2.txt,2024_25,2024-25,41,69062,0000000,4169062,41690620000000,41690620000000,San Mateo,Sequoia Union High,9733
cenroll2425-v2.txt,2024_25,2024-25,41,69070,0000000,4169070,41690700000000,41690700000000,San Mateo,South San Francisco Unified,7906
cenroll2425-v2.txt,2024_25,2024-25,41,69088,0000000,4169088,41690880000000,41690880000000,San Mateo,Woodside Elementary,394
cenroll2425-v2.txt,2024_25,2024-25,42,69104,0000000,4269104,42691040000000,42691040000000,Santa Barbara,Ballard Elementary,121
cenroll2425-v2.txt,2024_25,2024-25,42,69112,0000000,4269112,42691120000000,42691120000000,Santa Barbara,Blochman Union Elementary,1732
cenroll2425-v2.txt,2024_25,2024-25,42,69138,0000000,4269138,42691380000000,42691380000000,Santa Barbara,Buellton Union Elementary,559
cenroll2425-v2.txt,2024_25,2024-25,42,69146,0000000,4269146,42691460000000,42691460000000,Santa Barbara,Carpinteria Unified,1979
cenroll2425-v2.txt,2024_25,2024-25,42,69161,0000000,4269161,42691610000000,42691610000000,Santa Barbara,Cold Spring Elementary,199
cenroll2425-v2.txt,2024_25,2024-25,42,69179,0000000,4269179,42691790000000,42691790000000,Santa Barbara,College Elementary,386
cenroll2425-v2.txt,2024_25,2024-25,42,75010,0000000,4275010,42750100000000,42750100000000,Santa Barbara,Cuyama Joint Unified,362
cenroll2425-v2.txt,2024_25,2024-25,42,69195,0000000,4269195,42691950000000,42691950000000,Santa Barbara,Goleta Union Elementary,3481
cenroll2425-v2.txt,2024_25,2024-25,42,69203,0000000,4269203,42692030000000,42692030000000,Santa Barbara,Guadalupe Union Elementary,1405
cenroll2425-v2.txt,2024_25,2024-25,42,69211,0000000,4269211,42692110000000,42692110000000,Santa Barbara,Hope Elementary,878
cenroll2425-v2.txt,2024_25,2024-25,42,69229,0000000,4269229,42692290000000,42692290000000,Santa Barbara,Lompoc Unified,9847
cenroll2425-v2.txt,2024_25,2024-25,42,69245,0000000,4269245,42692450000000,42692450000000,Santa Barbara,Los Olivos Elementary,164
cenroll2425-v2.txt,2024_25,2024-25,42,69252,0000000,4269252,42692520000000,42692520000000,Santa Barbara,Montecito Union Elementary,414
cenroll2425-v2.txt,2024_25,2024-25,42,69260,0000000,4269260,42692600000000,42692600000000,Santa Barbara,Orcutt Union Elementary,5158
cenroll2425-v2.txt,2024_25,2024-25,42,10421,0000000,4210421,42104210000000,42104210000000,Santa Barbara,Santa Barbara County Office of Education,253
cenroll2425-v2.txt,2024_25,2024-25,42,76786,0000000,4276786,42767860000000,42767860000000,Santa Barbara,Santa Barbara Unified,13650
cenroll2425-v2.txt,2024_25,2024-25,42,69310,0000000,4269310,42693100000000,42693100000000,Santa Barbara,Santa Maria Joint Union High,9295
cenroll2425-v2.txt,2024_25,2024-25,42,69120,0000000,4269120,42691200000000,42691200000000,Santa Barbara,Santa Maria-Bonita,18109
cenroll2425-v2.txt,2024_25,2024-25,42,69328,0000000,4269328,42693280000000,42693280000000,Santa Barbara,Santa Ynez Valley Union High,831
cenroll2425-v2.txt,2024_25,2024-25,42,77214,0000000,4277214,42772140000000,42772140000000,Santa Barbara,SBE - Olive Grove Charter - Buellton,54
cenroll2425-v2.txt,2024_25,2024-25,42,77206,0000000,4277206,42772060000000,42772060000000,Santa Barbara,SBE - Olive Grove Charter - Lompoc,166
cenroll2425-v2.txt,2024_25,2024-25,42,77198,0000000,4277198,42771980000000,42771980000000,Santa Barbara,SBE - Olive Grove Charter - Orcutt/Santa Maria,251
cenroll2425-v2.txt,2024_25,2024-25,42,77222,0000000,4277222,42772220000000,42772220000000,Santa Barbara,SBE - Olive Grove Charter - Santa Barbara,107
cenroll2425-v2.txt,2024_25,2024-25,42,69336,0000000,4269336,42693360000000,42693360000000,Santa Barbara,Solvang Elementary,641
cenroll2425-v2.txt,2024_25,2024-25,42,69344,0000000,4269344,42693440000000,42693440000000,Santa Barbara,Vista del Mar Union,68
cenroll2425-v2.txt,2024_25,2024-25,43,69369,0000000,4369369,43693690000000,43693690000000,Santa Clara,Alum Rock Union Elementary,9157
cenroll2425-v2.txt,2024_25,2024-25,43,69377,0000000,4369377,43693770000000,43693770000000,Santa Clara,Berryessa Union Elementary,6171
cenroll2425-v2.txt,2024_25,2024-25,43,69385,0000000,4369385,43693850000000,43693850000000,Santa Clara,Cambrian,3209
cenroll2425-v2.txt,2024_25,2024-25,43,69393,0000000,4369393,43693930000000,43693930000000,Santa Clara,Campbell Union,6457
cenroll2425-v2.txt,2024_25,2024-25,43,69401,0000000,4369401,43694010000000,43694010000000,Santa Clara,Campbell Union High,8738
cenroll2425-v2.txt,2024_25,2024-25,43,69419,0000000,4369419,43694190000000,43694190000000,Santa Clara,Cupertino Union,14247
cenroll2425-v2.txt,2024_25,2024-25,43,69427,0000000,4369427,43694270000000,43694270000000,Santa Clara,East Side Union High,25264
cenroll2425-v2.txt,2024_25,2024-25,43,69435,0000000,4369435,43694350000000,43694350000000,Santa Clara,Evergreen Elementary,8761
cenroll2425-v2.txt,2024_25,2024-25,43,69450,0000000,4369450,43694500000000,43694500000000,Santa Clara,Franklin-McKinley Elementary,8244
cenroll2425-v2.txt,2024_25,2024-25,43,69468,0000000,4369468,43694680000000,43694680000000,Santa Clara,Fremont Union High,9676
cenroll2425-v2.txt,2024_25,2024-25,43,69484,0000000,4369484,43694840000000,43694840000000,Santa Clara,Gilroy Unified,11206
cenroll2425-v2.txt,2024_25,2024-25,43,69492,0000000,4369492,43694920000000,43694920000000,Santa Clara,Lakeside Joint,69
cenroll2425-v2.txt,2024_25,2024-25,43,69500,0000000,4369500,43695000000000,43695000000000,Santa Clara,Loma Prieta Joint Union Elementary,428
cenroll2425-v2.txt,2024_25,2024-25,43,69518,0000000,4369518,43695180000000,43695180000000,Santa Clara,Los Altos Elementary,3501
cenroll2425-v2.txt,2024_25,2024-25,43,69526,0000000,4369526,43695260000000,43695260000000,Santa Clara,Los Gatos Union Elementary,2861
cenroll2425-v2.txt,2024_25,2024-25,43,69534,0000000,4369534,43695340000000,43695340000000,Santa Clara,Los Gatos-Saratoga Union High,3115
cenroll2425-v2.txt,2024_25,2024-25,43,69542,0000000,4369542,43695420000000,43695420000000,Santa Clara,Luther Burbank,495
cenroll2425-v2.txt,2024_25,2024-25,43,73387,0000000,4373387,43733870000000,43733870000000,Santa Clara,Milpitas Unified,10497
cenroll2425-v2.txt,2024_25,2024-25,43,69575,0000000,4369575,43695750000000,43695750000000,Santa Clara,Moreland,4024
cenroll2425-v2.txt,2024_25,2024-25,43,69583,0000000,4369583,43695830000000,43695830000000,Santa Clara,Morgan Hill Unified,8886
cenroll2425-v2.txt,2024_25,2024-25,43,69617,0000000,4369617,43696170000000,43696170000000,Santa Clara,Mount Pleasant Elementary,1611
cenroll2425-v2.txt,2024_25,2024-25,43,69591,0000000,4369591,43695910000000,43695910000000,Santa Clara,Mountain View Whisman,4860
cenroll2425-v2.txt,2024_25,2024-25,43,69609,0000000,4369609,43696090000000,43696090000000,Santa Clara,Mountain View-Los Altos Union High,4597
cenroll2425-v2.txt,2024_25,2024-25,43,69625,0000000,4369625,43696250000000,43696250000000,Santa Clara,Oak Grove Elementary,9047
cenroll2425-v2.txt,2024_25,2024-25,43,69633,0000000,4369633,43696330000000,43696330000000,Santa Clara,Orchard Elementary,806
cenroll2425-v2.txt,2024_25,2024-25,43,69641,0000000,4369641,43696410000000,43696410000000,Santa Clara,Palo Alto Unified,10575
cenroll2425-v2.txt,2024_25,2024-25,43,69666,0000000,4369666,43696660000000,43696660000000,Santa Clara,San Jose Unified,26788
cenroll2425-v2.txt,2024_25,2024-25,43,10439,0000000,4310439,43104390000000,43104390000000,Santa Clara,Santa Clara County Office of Education,11456
cenroll2425-v2.txt,2024_25,2024-25,43,69674,0000000,4369674,43696740000000,43696740000000,Santa Clara,Santa Clara Unified,15127
cenroll2425-v2.txt,2024_25,2024-25,43,69682,0000000,4369682,43696820000000,43696820000000,Santa Clara,Saratoga Union Elementary,1688
cenroll2425-v2.txt,2024_25,2024-25,43,77149,0000000,4377149,43771490000000,43771490000000,Santa Clara,SBE - KIPP Navigate College Prep,313
cenroll2425-v2.txt,2024_25,2024-25,43,69690,0000000,4369690,43696900000000,43696900000000,Santa Clara,Sunnyvale,6048
cenroll2425-v2.txt,2024_25,2024-25,43,69708,0000000,4369708,43697080000000,43697080000000,Santa Clara,Union Elementary,5551
cenroll2425-v2.txt,2024_25,2024-25,44,69732,0000000,4469732,44697320000000,44697320000000,Santa Cruz,Bonny Doon Union Elementary,101
cenroll2425-v2.txt,2024_25,2024-25,44,69757,0000000,4469757,44697570000000,44697570000000,Santa Cruz,Happy Valley Elementary,109
cenroll2425-v2.txt,2024_25,2024-25,44,69765,0000000,4469765,44697650000000,44697650000000,Santa Cruz,Live Oak Elementary,1736
cenroll2425-v2.txt,2024_25,2024-25,44,69773,0000000,4469773,44697730000000,44697730000000,Santa Cruz,Mountain Elementary,148
cenroll2425-v2.txt,2024_25,2024-25,44,69781,0000000,4469781,44697810000000,44697810000000,Santa Cruz,Pacific Elementary,176
cenroll2425-v2.txt,2024_25,2024-25,44,69799,0000000,4469799,44697990000000,44697990000000,Santa Cruz,Pajaro Valley Unified,17566
cenroll2425-v2.txt,2024_25,2024-25,44,69807,0000000,4469807,44698070000000,44698070000000,Santa Cruz,San Lorenzo Valley Unified,5821
cenroll2425-v2.txt,2024_25,2024-25,44,69815,0000000,4469815,44698150000000,44698150000000,Santa Cruz,Santa Cruz City Elementary,1829
cenroll2425-v2.txt,2024_25,2024-25,44,69823,0000000,4469823,44698230000000,44698230000000,Santa Cruz,Santa Cruz City High,4611
cenroll2425-v2.txt,2024_25,2024-25,44,10447,0000000,4410447,44104470000000,44104470000000,Santa Cruz,Santa Cruz County Office of Education,2152
cenroll2425-v2.txt,2024_25,2024-25,44,77248,0000000,4477248,44772480000000,44772480000000,Santa Cruz,SBE - Watsonville Prep,536
cenroll2425-v2.txt,2024_25,2024-25,44,75432,0000000,4475432,44754320000000,44754320000000,Santa Cruz,Scotts Valley Unified,2821
cenroll2425-v2.txt,2024_25,2024-25,44,69849,0000000,4469849,44698490000000,44698490000000,Santa Cruz,Soquel Union Elementary,1570
cenroll2425-v2.txt,2024_25,2024-25,45,69856,0000000,4569856,45698560000000,45698560000000,Shasta,Anderson Union High,1732
cenroll2425-v2.txt,2024_25,2024-25,45,69872,0000000,4569872,45698720000000,45698720000000,Shasta,Bella Vista Elementary,372
cenroll2425-v2.txt,2024_25,2024-25,45,69880,0000000,4569880,45698800000000,45698800000000,Shasta,Black Butte Union Elementary,286
cenroll2425-v2.txt,2024_25,2024-25,45,69914,0000000,4569914,45699140000000,45699140000000,Shasta,Cascade Union Elementary,1553
cenroll2425-v2.txt,2024_25,2024-25,45,69922,0000000,4569922,45699220000000,45699220000000,Shasta,Castle Rock Union Elementary,43
cenroll2425-v2.txt,2024_25,2024-25,45,69948,0000000,4569948,45699480000000,45699480000000,Shasta,Columbia Elementary,2289
cenroll2425-v2.txt,2024_25,2024-25,45,69955,0000000,4569955,45699550000000,45699550000000,Shasta,Cottonwood Union Elementary,1279
cenroll2425-v2.txt,2024_25,2024-25,45,69971,0000000,4569971,45699710000000,45699710000000,Shasta,Enterprise Elementary,3899
cenroll2425-v2.txt,2024_25,2024-25,45,69989,0000000,4569989,45699890000000,45699890000000,Shasta,Fall River Joint Unified,1231
cenroll2425-v2.txt,2024_25,2024-25,45,69997,0000000,4569997,45699970000000,45699970000000,Shasta,French Gulch-Whiskeytown Elementary,21
cenroll2425-v2.txt,2024_25,2024-25,45,75267,0000000,4575267,45752670000000,45752670000000,Shasta,Gateway Unified,2584
cenroll2425-v2.txt,2024_25,2024-25,45,70003,0000000,4570003,45700030000000,45700030000000,Shasta,Grant Elementary,622
cenroll2425-v2.txt,2024_25,2024-25,45,70011,0000000,4570011,45700110000000,45700110000000,Shasta,Happy Valley Union Elementary,530
cenroll2425-v2.txt,2024_25,2024-25,45,70029,0000000,4570029,45700290000000,45700290000000,Shasta,"Igo, Ono, Platina Union Elementary",37
cenroll2425-v2.txt,2024_25,2024-25,45,70045,0000000,4570045,45700450000000,45700450000000,Shasta,Junction Elementary,446
cenroll2425-v2.txt,2024_25,2024-25,45,70052,0000000,4570052,45700520000000,45700520000000,Shasta,Millville Elementary,226
cenroll2425-v2.txt,2024_25,2024-25,45,73700,0000000,4573700,45737000000000,45737000000000,Shasta,Mountain Union Elementary,89
cenroll2425-v2.txt,2024_25,2024-25,45,70078,0000000,4570078,45700780000000,45700780000000,Shasta,North Cow Creek Elementary,274
cenroll2425-v2.txt,2024_25,2024-25,45,70086,0000000,4570086,45700860000000,45700860000000,Shasta,Oak Run Elementary,31
cenroll2425-v2.txt,2024_25,2024-25,45,70094,0000000,4570094,45700940000000,45700940000000,Shasta,Pacheco Union Elementary,748
cenroll2425-v2.txt,2024_25,2024-25,45,70110,0000000,4570110,45701100000000,45701100000000,Shasta,Redding Elementary,3402
cenroll2425-v2.txt,2024_25,2024-25,45,10454,0000000,4510454,45104540000000,45104540000000,Shasta,Shasta County Office of Education,1092
cenroll2425-v2.txt,2024_25,2024-25,45,70128,0000000,4570128,45701280000000,45701280000000,Shasta,Shasta Union Elementary,113
cenroll2425-v2.txt,2024_25,2024-25,45,70136,0000000,4570136,45701360000000,45701360000000,Shasta,Shasta Union High,5717
cenroll2425-v2.txt,2024_25,2024-25,45,70169,0000000,4570169,45701690000000,45701690000000,Shasta,Whitmore Union Elementary,73
cenroll2425-v2.txt,2024_25,2024-25,46,70177,0000000,4670177,46701770000000,46701770000000,Sierra,Sierra-Plumas Joint Unified,414
cenroll2425-v2.txt,2024_25,2024-25,47,70185,0000000,4770185,47701850000000,47701850000000,Siskiyou,Big Springs Union Elementary,178
cenroll2425-v2.txt,2024_25,2024-25,47,70193,0000000,4770193,47701930000000,47701930000000,Siskiyou,Bogus Elementary,23
cenroll2425-v2.txt,2024_25,2024-25,47,73684,0000000,4773684,47736840000000,47736840000000,Siskiyou,Butte Valley Unified,338
cenroll2425-v2.txt,2024_25,2024-25,47,70201,0000000,4770201,47702010000000,47702010000000,Siskiyou,Butteville Union Elementary,176
cenroll2425-v2.txt,2024_25,2024-25,47,70227,0000000,4770227,47702270000000,47702270000000,Siskiyou,Delphic Elementary,66
cenroll2425-v2.txt,2024_25,2024-25,47,70243,0000000,4770243,47702430000000,47702430000000,Siskiyou,Dunsmuir Elementary,76
cenroll2425-v2.txt,2024_25,2024-25,47,70250,0000000,4770250,47702500000000,47702500000000,Siskiyou,Dunsmuir Joint Union High,65
cenroll2425-v2.txt,2024_25,2024-25,47,70318,0000000,4770318,47703180000000,47703180000000,Siskiyou,Gazelle Union Elementary,35
cenroll2425-v2.txt,2024_25,2024-25,47,70326,0000000,4770326,47703260000000,47703260000000,Siskiyou,Grenada Elementary,219
cenroll2425-v2.txt,2024_25,2024-25,47,70334,0000000,4770334,47703340000000,47703340000000,Siskiyou,Happy Camp Union Elementary,90
cenroll2425-v2.txt,2024_25,2024-25,47,70359,0000000,4770359,47703590000000,47703590000000,Siskiyou,Hornbrook Elementary,38
cenroll2425-v2.txt,2024_25,2024-25,47,70367,0000000,4770367,47703670000000,47703670000000,Siskiyou,Junction Elementary,37
cenroll2425-v2.txt,2024_25,2024-25,47,70375,0000000,4770375,47703750000000,47703750000000,Siskiyou,Klamath River Union Elementary,7
cenroll2425-v2.txt,2024_25,2024-25,47,70383,0000000,4770383,47703830000000,47703830000000,Siskiyou,Little Shasta Elementary,18
cenroll2425-v2.txt,2024_25,2024-25,47,70409,0000000,4770409,47704090000000,47704090000000,Siskiyou,McCloud Union Elementary,61
cenroll2425-v2.txt,2024_25,2024-25,47,70417,0000000,4770417,47704170000000,47704170000000,Siskiyou,Montague Elementary,203
cenroll2425-v2.txt,2024_25,2024-25,47,70425,0000000,4770425,47704250000000,47704250000000,Siskiyou,Mt. Shasta Union Elementary,484
cenroll2425-v2.txt,2024_25,2024-25,47,76455,0000000,4776455,47764550000000,47764550000000,Siskiyou,Scott Valley Unified,642
cenroll2425-v2.txt,2024_25,2024-25,47,70458,0000000,4770458,47704580000000,47704580000000,Siskiyou,Seiad Elementary,23
cenroll2425-v2.txt,2024_25,2024-25,47,10470,0000000,4710470,47104700000000,47104700000000,Siskiyou,Siskiyou County Office of Education,818
cenroll2425-v2.txt,2024_25,2024-25,47,70466,0000000,4770466,47704660000000,47704660000000,Siskiyou,Siskiyou Union High,505
cenroll2425-v2.txt,2024_25,2024-25,47,70482,0000000,4770482,47704820000000,47704820000000,Siskiyou,Weed Union Elementary,321
cenroll2425-v2.txt,2024_25,2024-25,47,70490,0000000,4770490,47704900000000,47704900000000,Siskiyou,Willow Creek Elementary,54
cenroll2425-v2.txt,2024_25,2024-25,47,70508,0000000,4770508,47705080000000,47705080000000,Siskiyou,Yreka Union Elementary,951
cenroll2425-v2.txt,2024_25,2024-25,47,70516,0000000,4770516,47705160000000,47705160000000,Siskiyou,Yreka Union High,701
cenroll2425-v2.txt,2024_25,2024-25,48,70524,0000000,4870524,48705240000000,48705240000000,Solano,Benicia Unified,4438
cenroll2425-v2.txt,2024_25,2024-25,48,70532,0000000,4870532,48705320000000,48705320000000,Solano,Dixon Unified,3625
cenroll2425-v2.txt,2024_25,2024-25,48,70540,0000000,4870540,48705400000000,48705400000000,Solano,Fairfield-Suisun Unified,21313
cenroll2425-v2.txt,2024_25,2024-25,48,10488,0000000,4810488,48104880000000,48104880000000,Solano,Solano County Office of Education,1344
cenroll2425-v2.txt,2024_25,2024-25,48,70565,0000000,4870565,48705650000000,48705650000000,Solano,Travis Unified,5772
cenroll2425-v2.txt,2024_25,2024-25,48,70573,0000000,4870573,48705730000000,48705730000000,Solano,Vacaville Unified,14039
cenroll2425-v2.txt,2024_25,2024-25,48,70581,0000000,4870581,48705810000000,48705810000000,Solano,Vallejo City Unified,12460
cenroll2425-v2.txt,2024_25,2024-25,49,70599,0000000,4970599,49705990000000,49705990000000,Sonoma,Alexander Valley Union Elementary,116
cenroll2425-v2.txt,2024_25,2024-25,49,70615,0000000,4970615,49706150000000,49706150000000,Sonoma,Bellevue Union,1785
cenroll2425-v2.txt,2024_25,2024-25,49,70623,0000000,4970623,49706230000000,49706230000000,Sonoma,Bennett Valley Union Elementary,904
cenroll2425-v2.txt,2024_25,2024-25,49,70649,0000000,4970649,49706490000000,49706490000000,Sonoma,Cinnabar Elementary,188
cenroll2425-v2.txt,2024_25,2024-25,49,70656,0000000,4970656,49706560000000,49706560000000,Sonoma,Cloverdale Unified,1361
cenroll2425-v2.txt,2024_25,2024-25,49,73882,0000000,4973882,49738820000000,49738820000000,Sonoma,Cotati-Rohnert Park Unified,7085
cenroll2425-v2.txt,2024_25,2024-25,49,70672,0000000,4970672,49706720000000,49706720000000,Sonoma,Dunham Elementary,192
cenroll2425-v2.txt,2024_25,2024-25,49,70680,0000000,4970680,49706800000000,49706800000000,Sonoma,Forestville Union Elementary,234
cenroll2425-v2.txt,2024_25,2024-25,49,70698,0000000,4970698,49706980000000,49706980000000,Sonoma,Fort Ross Elementary,21
cenroll2425-v2.txt,2024_25,2024-25,49,70706,0000000,4970706,49707060000000,49707060000000,Sonoma,Geyserville Unified,203
cenroll2425-v2.txt,2024_25,2024-25,49,70714,0000000,4970714,49707140000000,49707140000000,Sonoma,Gravenstein Union Elementary,825
cenroll2425-v2.txt,2024_25,2024-25,49,70722,0000000,4970722,49707220000000,49707220000000,Sonoma,Guerneville Elementary,446
cenroll2425-v2.txt,2024_25,2024-25,49,70730,0000000,4970730,49707300000000,49707300000000,Sonoma,Harmony Union Elementary,673
cenroll2425-v2.txt,2024_25,2024-25,49,75390,0000000,4975390,49753900000000,49753900000000,Sonoma,Healdsburg Unified,1286
cenroll2425-v2.txt,2024_25,2024-25,49,70763,0000000,4970763,49707630000000,49707630000000,Sonoma,Horicon Elementary,78
cenroll2425-v2.txt,2024_25,2024-25,49,70888,0000000,4970888,49708880000000,49708880000000,Sonoma,Kashia Elementary,8
cenroll2425-v2.txt,2024_25,2024-25,49,70789,0000000,4970789,49707890000000,49707890000000,Sonoma,Kenwood,128
cenroll2425-v2.txt,2024_25,2024-25,49,70797,0000000,4970797,49707970000000,49707970000000,Sonoma,Liberty Elementary,2313
cenroll2425-v2.txt,2024_25,2024-25,49,70805,0000000,4970805,49708050000000,49708050000000,Sonoma,Mark West Union Elementary,1406
cenroll2425-v2.txt,2024_25,2024-25,49,70813,0000000,4970813,49708130000000,49708130000000,Sonoma,Monte Rio Union Elementary,73
cenroll2425-v2.txt,2024_25,2024-25,49,70821,0000000,4970821,49708210000000,49708210000000,Sonoma,Montgomery Elementary,27
cenroll2425-v2.txt,2024_25,2024-25,49,70839,0000000,4970839,49708390000000,49708390000000,Sonoma,Oak Grove Union Elementary,1362
cenroll2425-v2.txt,2024_25,2024-25,49,70847,0000000,4970847,49708470000000,49708470000000,Sonoma,Old Adobe Union,1942
cenroll2425-v2.txt,2024_25,2024-25,49,70854,0000000,4970854,49708540000000,49708540000000,Sonoma,Petaluma City Elementary,2558
cenroll2425-v2.txt,2024_25,2024-25,49,70862,0000000,4970862,49708620000000,49708620000000,Sonoma,Petaluma Joint Union High,5107
cenroll2425-v2.txt,2024_25,2024-25,49,70870,0000000,4970870,49708700000000,49708700000000,Sonoma,Piner-Olivet Union Elementary,1318
cenroll2425-v2.txt,2024_25,2024-25,49,70896,0000000,4970896,49708960000000,49708960000000,Sonoma,Rincon Valley Union Elementary,3207
cenroll2425-v2.txt,2024_25,2024-25,49,70904,0000000,4970904,49709040000000,49709040000000,Sonoma,Roseland,2977
cenroll2425-v2.txt,2024_25,2024-25,49,70912,0000000,4970912,49709120000000,49709120000000,Sonoma,Santa Rosa Elementary,5195
cenroll2425-v2.txt,2024_25,2024-25,49,70920,0000000,4970920,49709200000000,49709200000000,Sonoma,Santa Rosa High,9971
cenroll2425-v2.txt,2024_25,2024-25,49,70938,0000000,4970938,49709380000000,49709380000000,Sonoma,Sebastopol Union Elementary,807
cenroll2425-v2.txt,2024_25,2024-25,49,10496,0000000,4910496,49104960000000,49104960000000,Sonoma,Sonoma County Office of Education,489
cenroll2425-v2.txt,2024_25,2024-25,49,70953,0000000,4970953,49709530000000,49709530000000,Sonoma,Sonoma Valley Unified,3673
cenroll2425-v2.txt,2024_25,2024-25,49,70961,0000000,4970961,49709610000000,49709610000000,Sonoma,Twin Hills Union Elementary,1028
cenroll2425-v2.txt,2024_25,2024-25,49,70979,0000000,4970979,49709790000000,49709790000000,Sonoma,Two Rock Union,138
cenroll2425-v2.txt,2024_25,2024-25,49,70995,0000000,4970995,49709950000000,49709950000000,Sonoma,Waugh Elementary,807
cenroll2425-v2.txt,2024_25,2024-25,49,71001,0000000,4971001,49710010000000,49710010000000,Sonoma,West Side Union Elementary,131
cenroll2425-v2.txt,2024_25,2024-25,49,70607,0000000,4970607,49706070000000,49706070000000,Sonoma,West Sonoma County Union High,1612
cenroll2425-v2.txt,2024_25,2024-25,49,71019,0000000,4971019,49710190000000,49710190000000,Sonoma,Wilmar Union Elementary,253
cenroll2425-v2.txt,2024_25,2024-25,49,75358,0000000,4975358,49753580000000,49753580000000,Sonoma,Windsor Unified,5005
cenroll2425-v2.txt,2024_25,2024-25,49,71035,0000000,4971035,49710350000000,49710350000000,Sonoma,Wright Elementary,1275
cenroll2425-v2.txt,2024_25,2024-25,50,71043,0000000,5071043,50710430000000,50710430000000,Stanislaus,Ceres Unified,14779
cenroll2425-v2.txt,2024_25,2024-25,50,71050,0000000,5071050,50710500000000,50710500000000,Stanislaus,Chatom Union,599
cenroll2425-v2.txt,2024_25,2024-25,50,71068,0000000,5071068,50710680000000,50710680000000,Stanislaus,Denair Unified,1452
cenroll2425-v2.txt,2024_25,2024-25,50,71076,0000000,5071076,50710760000000,50710760000000,Stanislaus,Empire Union Elementary,3061
cenroll2425-v2.txt,2024_25,2024-25,50,71084,0000000,5071084,50710840000000,50710840000000,Stanislaus,Gratton Elementary,137
cenroll2425-v2.txt,2024_25,2024-25,50,71092,0000000,5071092,50710920000000,50710920000000,Stanislaus,Hart-Ransom Union Elementary,1246
cenroll2425-v2.txt,2024_25,2024-25,50,71100,0000000,5071100,50711000000000,50711000000000,Stanislaus,Hickman Community Charter,1112
cenroll2425-v2.txt,2024_25,2024-25,50,75549,0000000,5075549,50755490000000,50755490000000,Stanislaus,Hughson Unified,2331
cenroll2425-v2.txt,2024_25,2024-25,50,71134,0000000,5071134,50711340000000,50711340000000,Stanislaus,Keyes Union,1144
cenroll2425-v2.txt,2024_25,2024-25,50,71142,0000000,5071142,50711420000000,50711420000000,Stanislaus,Knights Ferry Elementary,110
cenroll2425-v2.txt,2024_25,2024-25,50,71167,0000000,5071167,50711670000000,50711670000000,Stanislaus,Modesto City Elementary,16851
cenroll2425-v2.txt,2024_25,2024-25,50,71175,0000000,5071175,50711750000000,50711750000000,Stanislaus,Modesto City High,16724
cenroll2425-v2.txt,2024_25,2024-25,50,73601,0000000,5073601,50736010000000,50736010000000,Stanislaus,Newman-Crows Landing Unified,3199
cenroll2425-v2.txt,2024_25,2024-25,50,75564,0000000,5075564,50755640000000,50755640000000,Stanislaus,Oakdale Joint Unified,5321
cenroll2425-v2.txt,2024_25,2024-25,50,71209,0000000,5071209,50712090000000,50712090000000,Stanislaus,Paradise Elementary,183
cenroll2425-v2.txt,2024_25,2024-25,50,71217,0000000,5071217,50712170000000,50712170000000,Stanislaus,Patterson Joint Unified,6447
cenroll2425-v2.txt,2024_25,2024-25,50,75556,0000000,5075556,50755560000000,50755560000000,Stanislaus,Riverbank Unified,3127
cenroll2425-v2.txt,2024_25,2024-25,50,71233,0000000,5071233,50712330000000,50712330000000,Stanislaus,Roberts Ferry Union Elementary,215
cenroll2425-v2.txt,2024_25,2024-25,50,71266,0000000,5071266,50712660000000,50712660000000,Stanislaus,Salida Union Elementary,3132
cenroll2425-v2.txt,2024_25,2024-25,50,71274,0000000,5071274,50712740000000,50712740000000,Stanislaus,Shiloh Elementary,198
cenroll2425-v2.txt,2024_25,2024-25,50,10504,0000000,5010504,50105040000000,50105040000000,Stanislaus,Stanislaus County Office of Education,3479
cenroll2425-v2.txt,2024_25,2024-25,50,71282,0000000,5071282,50712820000000,50712820000000,Stanislaus,Stanislaus Union Elementary,3615
cenroll2425-v2.txt,2024_25,2024-25,50,71290,0000000,5071290,50712900000000,50712900000000,Stanislaus,Sylvan Union Elementary,8625
cenroll2425-v2.txt,2024_25,2024-25,50,75739,0000000,5075739,50757390000000,50757390000000,Stanislaus,Turlock Unified,14662
cenroll2425-v2.txt,2024_25,2024-25,50,71324,0000000,5071324,50713240000000,50713240000000,Stanislaus,Valley Home Joint Elementary,197
cenroll2425-v2.txt,2024_25,2024-25,50,75572,0000000,5075572,50755720000000,50755720000000,Stanislaus,Waterford Unified,2743
cenroll2425-v2.txt,2024_25,2024-25,51,71357,0000000,5171357,51713570000000,51713570000000,Sutter,Brittan Elementary,555
cenroll2425-v2.txt,2024_25,2024-25,51,71365,0000000,5171365,51713650000000,51713650000000,Sutter,Browns Elementary,157
cenroll2425-v2.txt,2024_25,2024-25,51,71373,0000000,5171373,51713730000000,51713730000000,Sutter,East Nicolaus Joint Union High,318
cenroll2425-v2.txt,2024_25,2024-25,51,71381,0000000,5171381,51713810000000,51713810000000,Sutter,Franklin Elementary,516
cenroll2425-v2.txt,2024_25,2024-25,51,71399,0000000,5171399,51713990000000,51713990000000,Sutter,Live Oak Unified,2255
cenroll2425-v2.txt,2024_25,2024-25,51,71407,0000000,5171407,51714070000000,51714070000000,Sutter,Marcum-Illinois Union Elementary,2991
cenroll2425-v2.txt,2024_25,2024-25,51,71415,0000000,5171415,51714150000000,51714150000000,Sutter,Meridian Elementary,2453
cenroll2425-v2.txt,2024_25,2024-25,51,71423,0000000,5171423,51714230000000,51714230000000,Sutter,Nuestro Elementary,945
cenroll2425-v2.txt,2024_25,2024-25,51,71431,0000000,5171431,51714310000000,51714310000000,Sutter,Pleasant Grove Joint Union,170
cenroll2425-v2.txt,2024_25,2024-25,51,10512,0000000,5110512,51105120000000,51105120000000,Sutter,Sutter County Office of Education,594
cenroll2425-v2.txt,2024_25,2024-25,51,71449,0000000,5171449,51714490000000,51714490000000,Sutter,Sutter Union High,768
cenroll2425-v2.txt,2024_25,2024-25,51,71456,0000000,5171456,51714560000000,51714560000000,Sutter,Winship-Robbins,3003
cenroll2425-v2.txt,2024_25,2024-25,51,71464,0000000,5171464,51714640000000,51714640000000,Sutter,Yuba City Unified,13041
cenroll2425-v2.txt,2024_25,2024-25,52,71472,0000000,5271472,52714720000000,52714720000000,Tehama,Antelope Elementary,847
cenroll2425-v2.txt,2024_25,2024-25,52,71498,0000000,5271498,52714980000000,52714980000000,Tehama,Corning Union Elementary,2143
cenroll2425-v2.txt,2024_25,2024-25,52,71506,0000000,5271506,52715060000000,52715060000000,Tehama,Corning Union High,1133
cenroll2425-v2.txt,2024_25,2024-25,52,71522,0000000,5271522,52715220000000,52715220000000,Tehama,Evergreen Union,1317
cenroll2425-v2.txt,2024_25,2024-25,52,71530,0000000,5271530,52715300000000,52715300000000,Tehama,Flournoy Union Elementary,37
cenroll2425-v2.txt,2024_25,2024-25,52,71548,0000000,5271548,52715480000000,52715480000000,Tehama,Gerber Union Elementary,437
cenroll2425-v2.txt,2024_25,2024-25,52,71555,0000000,5271555,52715550000000,52715550000000,Tehama,Kirkwood Elementary,110
cenroll2425-v2.txt,2024_25,2024-25,52,71563,0000000,5271563,52715630000000,52715630000000,Tehama,Lassen View Union Elementary,394
cenroll2425-v2.txt,2024_25,2024-25,52,71571,0000000,5271571,52715710000000,52715710000000,Tehama,Los Molinos Unified,630
cenroll2425-v2.txt,2024_25,2024-25,52,71639,0000000,5271639,52716390000000,52716390000000,Tehama,Red Bluff Joint Union High,1792
cenroll2425-v2.txt,2024_25,2024-25,52,71621,0000000,5271621,52716210000000,52716210000000,Tehama,Red Bluff Union Elementary,1972
cenroll2425-v2.txt,2024_25,2024-25,52,71647,0000000,5271647,52716470000000,52716470000000,Tehama,Reeds Creek Elementary,205
cenroll2425-v2.txt,2024_25,2024-25,52,71654,0000000,5271654,52716540000000,52716540000000,Tehama,Richfield Elementary,261
cenroll2425-v2.txt,2024_25,2024-25,52,10520,0000000,5210520,52105200000000,52105200000000,Tehama,Tehama County Department of Education,418
cenroll2425-v2.txt,2024_25,2024-25,53,71662,0000000,5371662,53716620000000,53716620000000,Trinity,Burnt Ranch Elementary,89
cenroll2425-v2.txt,2024_25,2024-25,53,71670,0000000,5371670,53716700000000,53716700000000,Trinity,Coffee Creek Elementary,7
cenroll2425-v2.txt,2024_25,2024-25,53,71696,0000000,5371696,53716960000000,53716960000000,Trinity,Douglas City Elementary,167
cenroll2425-v2.txt,2024_25,2024-25,53,71738,0000000,5371738,53717380000000,53717380000000,Trinity,Junction City Elementary,69
cenroll2425-v2.txt,2024_25,2024-25,53,71746,0000000,5371746,53717460000000,53717460000000,Trinity,Lewiston Elementary,79
cenroll2425-v2.txt,2024_25,2024-25,53,75028,0000000,5375028,53750280000000,53750280000000,Trinity,Mountain Valley Unified,369
cenroll2425-v2.txt,2024_25,2024-25,53,73833,0000000,5373833,53738330000000,53738330000000,Trinity,Southern Trinity Joint Unified,79
cenroll2425-v2.txt,2024_25,2024-25,53,76513,0000000,5376513,53765130000000,53765130000000,Trinity,Trinity Alps Unified,693
cenroll2425-v2.txt,2024_25,2024-25,53,71761,0000000,5371761,53717610000000,53717610000000,Trinity,Trinity Center Elementary,13
cenroll2425-v2.txt,2024_25,2024-25,53,10538,0000000,5310538,53105380000000,53105380000000,Trinity,Trinity County Office of Education,238
cenroll2425-v2.txt,2024_25,2024-25,54,71795,0000000,5471795,54717950000000,54717950000000,Tulare,Allensworth Elementary,126
cenroll2425-v2.txt,2024_25,2024-25,54,71803,0000000,5471803,54718030000000,54718030000000,Tulare,Alpaugh Unified,1588
cenroll2425-v2.txt,2024_25,2024-25,54,71811,0000000,5471811,54718110000000,54718110000000,Tulare,Alta Vista Elementary,1952
cenroll2425-v2.txt,2024_25,2024-25,54,71829,0000000,5471829,54718290000000,54718290000000,Tulare,Buena Vista Elementary,182
cenroll2425-v2.txt,2024_25,2024-25,54,71837,0000000,5471837,54718370000000,54718370000000,Tulare,Burton Elementary,4951
cenroll2425-v2.txt,2024_25,2024-25,54,71852,0000000,5471852,54718520000000,54718520000000,Tulare,Columbine Elementary,179
cenroll2425-v2.txt,2024_25,2024-25,54,71860,0000000,5471860,54718600000000,54718600000000,Tulare,Cutler-Orosi Joint Unified,4010
cenroll2425-v2.txt,2024_25,2024-25,54,75531,0000000,5475531,54755310000000,54755310000000,Tulare,Dinuba Unified,6569
cenroll2425-v2.txt,2024_25,2024-25,54,71894,0000000,5471894,54718940000000,54718940000000,Tulare,Ducor Union Elementary,145
cenroll2425-v2.txt,2024_25,2024-25,54,71902,0000000,5471902,54719020000000,54719020000000,Tulare,Earlimart Elementary,1477
cenroll2425-v2.txt,2024_25,2024-25,54,76836,0000000,5476836,54768360000000,54768360000000,Tulare,Exeter Unified,2762
cenroll2425-v2.txt,2024_25,2024-25,54,75325,0000000,5475325,54753250000000,54753250000000,Tulare,Farmersville Unified,2495
cenroll2425-v2.txt,2024_25,2024-25,54,71944,0000000,5471944,54719440000000,54719440000000,Tulare,Hope Elementary,242
cenroll2425-v2.txt,2024_25,2024-25,54,71951,0000000,5471951,54719510000000,54719510000000,Tulare,Hot Springs Elementary,20
cenroll2425-v2.txt,2024_25,2024-25,54,71969,0000000,5471969,54719690000000,54719690000000,Tulare,Kings River Union Elementary,406
cenroll2425-v2.txt,2024_25,2024-25,54,71985,0000000,5471985,54719850000000,54719850000000,Tulare,Liberty Elementary,927
cenroll2425-v2.txt,2024_25,2024-25,54,71993,0000000,5471993,54719930000000,54719930000000,Tulare,Lindsay Unified,4109
cenroll2425-v2.txt,2024_25,2024-25,54,72009,0000000,5472009,54720090000000,54720090000000,Tulare,Monson-Sultana Joint Union Elementary,463
cenroll2425-v2.txt,2024_25,2024-25,54,72017,0000000,5472017,54720170000000,54720170000000,Tulare,Oak Valley Union Elementary,585
cenroll2425-v2.txt,2024_25,2024-25,54,72025,0000000,5472025,54720250000000,54720250000000,Tulare,Outside Creek Elementary,135
cenroll2425-v2.txt,2024_25,2024-25,54,72033,0000000,5472033,54720330000000,54720330000000,Tulare,Palo Verde Union Elementary,547
cenroll2425-v2.txt,2024_25,2024-25,54,72041,0000000,5472041,54720410000000,54720410000000,Tulare,Pixley Union Elementary,875
cenroll2425-v2.txt,2024_25,2024-25,54,72058,0000000,5472058,54720580000000,54720580000000,Tulare,Pleasant View Elementary,491
cenroll2425-v2.txt,2024_25,2024-25,54,75523,0000000,5475523,54755230000000,54755230000000,Tulare,Porterville Unified,14399
cenroll2425-v2.txt,2024_25,2024-25,54,72082,0000000,5472082,54720820000000,54720820000000,Tulare,Richgrove Elementary,500
cenroll2425-v2.txt,2024_25,2024-25,54,72090,0000000,5472090,54720900000000,54720900000000,Tulare,Rockford Elementary,322
cenroll2425-v2.txt,2024_25,2024-25,54,72108,0000000,5472108,54721080000000,54721080000000,Tulare,Saucelito Elementary,79
cenroll2425-v2.txt,2024_25,2024-25,54,72116,0000000,5472116,54721160000000,54721160000000,Tulare,Sequoia Union Elementary,414
cenroll2425-v2.txt,2024_25,2024-25,54,72132,0000000,5472132,54721320000000,54721320000000,Tulare,Springville Union Elementary,365
cenroll2425-v2.txt,2024_25,2024-25,54,72140,0000000,5472140,54721400000000,54721400000000,Tulare,Stone Corral Elementary,1438
cenroll2425-v2.txt,2024_25,2024-25,54,72157,0000000,5472157,54721570000000,54721570000000,Tulare,Strathmore Union Elementary,762
cenroll2425-v2.txt,2024_25,2024-25,54,72173,0000000,5472173,54721730000000,54721730000000,Tulare,Sundale Union Elementary,854
cenroll2425-v2.txt,2024_25,2024-25,54,72181,0000000,5472181,54721810000000,54721810000000,Tulare,Sunnyside Union Elementary,334
cenroll2425-v2.txt,2024_25,2024-25,54,72199,0000000,5472199,54721990000000,54721990000000,Tulare,Terra Bella Union Elementary,750
cenroll2425-v2.txt,2024_25,2024-25,54,72207,0000000,5472207,54722070000000,54722070000000,Tulare,Three Rivers Union Elementary,97
cenroll2425-v2.txt,2024_25,2024-25,54,72215,0000000,5472215,54722150000000,54722150000000,Tulare,Tipton Elementary,513
cenroll2425-v2.txt,2024_25,2024-25,54,72223,0000000,5472223,54722230000000,54722230000000,Tulare,Traver Joint Elementary,253
cenroll2425-v2.txt,2024_25,2024-25,54,72231,0000000,5472231,54722310000000,54722310000000,Tulare,Tulare City,9797
cenroll2425-v2.txt,2024_25,2024-25,54,10546,0000000,5410546,54105460000000,54105460000000,Tulare,Tulare County Office of Education,4239
cenroll2425-v2.txt,2024_25,2024-25,54,72249,0000000,5472249,54722490000000,54722490000000,Tulare,Tulare Joint Union High,5787
cenroll2425-v2.txt,2024_25,2024-25,54,72256,0000000,5472256,54722560000000,54722560000000,Tulare,Visalia Unified,30105
cenroll2425-v2.txt,2024_25,2024-25,54,72264,0000000,5472264,54722640000000,54722640000000,Tulare,Waukena Joint Union Elementary,233
cenroll2425-v2.txt,2024_25,2024-25,54,76794,0000000,5476794,54767940000000,54767940000000,Tulare,Woodlake Unified,2207
cenroll2425-v2.txt,2024_25,2024-25,54,72298,0000000,5472298,54722980000000,54722980000000,Tulare,Woodville Union Elementary,382
cenroll2425-v2.txt,2024_25,2024-25,55,72306,0000000,5572306,55723060000000,55723060000000,Tuolumne,Belleview Elementary,162
cenroll2425-v2.txt,2024_25,2024-25,55,75184,0000000,5575184,55751840000000,55751840000000,Tuolumne,Big Oak Flat-Groveland Unified,312
cenroll2425-v2.txt,2024_25,2024-25,55,72348,0000000,5572348,55723480000000,55723480000000,Tuolumne,Columbia Union,526
cenroll2425-v2.txt,2024_25,2024-25,55,72355,0000000,5572355,55723550000000,55723550000000,Tuolumne,Curtis Creek Elementary,442
cenroll2425-v2.txt,2024_25,2024-25,55,72363,0000000,5572363,55723630000000,55723630000000,Tuolumne,Jamestown Elementary,476
cenroll2425-v2.txt,2024_25,2024-25,55,72371,0000000,5572371,55723710000000,55723710000000,Tuolumne,Sonora Elementary,676
cenroll2425-v2.txt,2024_25,2024-25,55,72389,0000000,5572389,55723890000000,55723890000000,Tuolumne,Sonora Union High,1058
cenroll2425-v2.txt,2024_25,2024-25,55,72397,0000000,5572397,55723970000000,55723970000000,Tuolumne,Soulsbyville Elementary,524
cenroll2425-v2.txt,2024_25,2024-25,55,72405,0000000,5572405,55724050000000,55724050000000,Tuolumne,Summerville Elementary,494
cenroll2425-v2.txt,2024_25,2024-25,55,72413,0000000,5572413,55724130000000,55724130000000,Tuolumne,Summerville Union High,1193
cenroll2425-v2.txt,2024_25,2024-25,55,10553,0000000,5510553,55105530000000,55105530000000,Tuolumne,Tuolumne County Superintendent of Schools,147
cenroll2425-v2.txt,2024_25,2024-25,55,72421,0000000,5572421,55724210000000,55724210000000,Tuolumne,Twain Harte,283
cenroll2425-v2.txt,2024_25,2024-25,56,72447,0000000,5672447,56724470000000,56724470000000,Ventura,Briggs Elementary,472
cenroll2425-v2.txt,2024_25,2024-25,56,73759,0000000,5673759,56737590000000,56737590000000,Ventura,Conejo Valley Unified,16177
cenroll2425-v2.txt,2024_25,2024-25,56,72454,0000000,5672454,56724540000000,56724540000000,Ventura,Fillmore Unified,3799
cenroll2425-v2.txt,2024_25,2024-25,56,72462,0000000,5672462,56724620000000,56724620000000,Ventura,Hueneme Elementary,6989
cenroll2425-v2.txt,2024_25,2024-25,56,72470,0000000,5672470,56724700000000,56724700000000,Ventura,Mesa Union Elementary,1207
cenroll2425-v2.txt,2024_25,2024-25,56,73940,0000000,5673940,56739400000000,56739400000000,Ventura,Moorpark Unified,6568
cenroll2425-v2.txt,2024_25,2024-25,56,72504,0000000,5672504,56725040000000,56725040000000,Ventura,Mupu Elementary,177
cenroll2425-v2.txt,2024_25,2024-25,56,73874,0000000,5673874,56738740000000,56738740000000,Ventura,Oak Park Unified,4526
cenroll2425-v2.txt,2024_25,2024-25,56,72512,0000000,5672512,56725120000000,56725120000000,Ventura,Ocean View,2145
cenroll2425-v2.txt,2024_25,2024-25,56,72520,0000000,5672520,56725200000000,56725200000000,Ventura,Ojai Unified,2172
cenroll2425-v2.txt,2024_25,2024-25,56,72538,0000000,5672538,56725380000000,56725380000000,Ventura,Oxnard,13438
cenroll2425-v2.txt,2024_25,2024-25,56,72546,0000000,5672546,56725460000000,56725460000000,Ventura,Oxnard Union High,17491
cenroll2425-v2.txt,2024_25,2024-25,56,72553,0000000,5672553,56725530000000,56725530000000,Ventura,Pleasant Valley,7884
cenroll2425-v2.txt,2024_25,2024-25,56,72561,0000000,5672561,56725610000000,56725610000000,Ventura,Rio Elementary,5423
cenroll2425-v2.txt,2024_25,2024-25,56,72579,0000000,5672579,56725790000000,56725790000000,Ventura,Santa Clara Elementary,58
cenroll2425-v2.txt,2024_25,2024-25,56,76828,0000000,5676828,56768280000000,56768280000000,Ventura,Santa Paula Unified,4754
cenroll2425-v2.txt,2024_25,2024-25,56,72603,0000000,5672603,56726030000000,56726030000000,Ventura,Simi Valley Unified,15865
cenroll2425-v2.txt,2024_25,2024-25,56,72611,0000000,5672611,56726110000000,56726110000000,Ventura,Somis Union,279
cenroll2425-v2.txt,2024_25,2024-25,56,10561,0000000,5610561,56105610000000,56105610000000,Ventura,Ventura County Office of Education,4565
cenroll2425-v2.txt,2024_25,2024-25,56,72652,0000000,5672652,56726520000000,56726520000000,Ventura,Ventura Unified,14793
cenroll2425-v2.txt,2024_25,2024-25,57,72678,0000000,5772678,57726780000000,57726780000000,Yolo,Davis Joint Unified,8503
cenroll2425-v2.txt,2024_25,2024-25,57,72686,0000000,5772686,57726860000000,57726860000000,Yolo,Esparto Unified,1044
cenroll2425-v2.txt,2024_25,2024-25,57,72694,0000000,5772694,57726940000000,57726940000000,Yolo,Washington Unified,8807
cenroll2425-v2.txt,2024_25,2024-25,57,72702,0000000,5772702,57727020000000,57727020000000,Yolo,Winters Joint Unified,2169
cenroll2425-v2.txt,2024_25,2024-25,57,72710,0000000,5772710,57727100000000,57727100000000,Yolo,Woodland Joint Unified,9710
cenroll2425-v2.txt,2024_25,2024-25,57,10579,0000000,5710579,57105790000000,57105790000000,Yolo,Yolo County Office of Education,793
cenroll2425-v2.txt,2024_25,2024-25,58,72728,0000000,5872728,58727280000000,58727280000000,Yuba,Camptonville Elementary,678
cenroll2425-v2.txt,2024_25,2024-25,58,72736,0000000,5872736,58727360000000,58727360000000,Yuba,Marysville Joint Unified,11395
cenroll2425-v2.txt,2024_25,2024-25,58,72744,0000000,5872744,58727440000000,58727440000000,Yuba,Plumas Lake Elementary,1804
cenroll2425-v2.txt,2024_25,2024-25,58,72751,0000000,5872751,58727510000000,58727510000000,Yuba,Wheatland,1457
cenroll2425-v2.txt,2024_25,2024-25,58,72769,0000000,5872769,58727690000000,58727690000000,Yuba,Wheatland Union High,1188
cenroll2425-v2.txt,2024_25,2024-25,58,10587,0000000,5810587,58105870000000,58105870000000,Yuba,Yuba County Office of Education,851
