source_file,school_year,academic_year,county_code,district_code,school_code,county_district_code_7,cds_code,district_cds_code,county_name,district_name,reporting_category,cohort_students,graduation_count,graduation_rate,met_uc_csu_grad_reqs_count,met_uc_csu_grad_reqs_rate,seal_of_biliteracy_count,seal_of_biliteracy_rate,golden_state_seal_merit_diploma_count,golden_state_seal_merit_diploma_rate,dropout_count,dropout_rate,still_enrolled_count,still_enrolled_rate
acgr20.txt,2019_20,2019-20,01,10017,0000000,0110017,01100170000000,01100170000000,Alameda,Alameda County Office of Education,TA,345,185,53.6,87,47,0,0,40,21.6,107,31,52,15.1
acgr20.txt,2019_20,2019-20,01,31609,0000000,0131609,01316090000000,01316090000000,Alameda,California School for the Blind (State Special Schl),TA,NA,NA,NA,NA,NA,NA,NA,NA,NA,NA,NA,NA,NA
acgr20.txt,2019_20,2019-20,01,31617,0000000,0131617,01316170000000,01316170000000,Alameda,California School for the Deaf-Fremont (State Special Schl),TA,45,27,60,0,0,3,11.1,7,25.9,2,4.4,15,33.3
acgr20.txt,2019_20,2019-20,01,61119,0000000,0161119,01611190000000,01611190000000,Alameda,Alameda Unified,TA,905,810,89.5,534,65.9,48,5.9,430,53.1,58,6.4,16,1.8
acgr20.txt,2019_20,2019-20,01,61127,0000000,0161127,01611270000000,01611270000000,Alameda,Albany City Unified,TA,262,239,91.2,168,70.3,0,0,0,0,17,6.5,0,0
acgr20.txt,2019_20,2019-20,01,61143,0000000,0161143,01611430000000,01611430000000,Alameda,Berkeley Unified,TA,868,748,86.2,494,66,61,8.2,0,0,108,12.4,3,0.3
acgr20.txt,2019_20,2019-20,01,61150,0000000,0161150,01611500000000,01611500000000,Alameda,Castro Valley Unified,TA,769,731,95.1,461,63.1,78,10.7,313,42.8,22,2.9,1,0.1
acgr20.txt,2019_20,2019-20,01,61168,0000000,0161168,01611680000000,01611680000000,Alameda,Emery Unified,TA,59,58,98.3,0,0,0,0,0,0,0,0,1,1.7
acgr20.txt,2019_20,2019-20,01,61176,0000000,0161176,01611760000000,01611760000000,Alameda,Fremont Unified,TA,2597,2366,91.1,1705,72.1,478,20.2,1187,50.2,170,6.5,0,0
acgr20.txt,2019_20,2019-20,01,61192,0000000,0161192,01611920000000,01611920000000,Alameda,Hayward Unified,TA,1649,1390,84.3,705,50.7,146,10.5,446,32.1,145,8.8,85,5.2
acgr20.txt,2019_20,2019-20,01,61200,0000000,0161200,01612000000000,01612000000000,Alameda,Livermore Valley Joint Unified,TA,1140,1078,94.6,389,36.1,112,10.4,536,49.7,32,2.8,16,1.4
acgr20.txt,2019_20,2019-20,01,61234,0000000,0161234,01612340000000,01612340000000,Alameda,Newark Unified,TA,467,407,87.2,145,35.6,0,0,0,0,44,9.4,10,2.1
acgr20.txt,2019_20,2019-20,01,61242,0000000,0161242,01612420000000,01612420000000,Alameda,New Haven Unified,TA,973,883,90.8,430,48.7,49,5.5,257,29.1,28,2.9,36,3.7
acgr20.txt,2019_20,2019-20,01,61259,0000000,0161259,01612590000000,01612590000000,Alameda,Oakland Unified,TA,3621,2771,76.5,1712,61.8,152,5.5,86,3.1,407,11.2,344,9.5
acgr20.txt,2019_20,2019-20,01,61275,0000000,0161275,01612750000000,01612750000000,Alameda,Piedmont City Unified,TA,221,206,93.2,188,91.3,46,22.3,109,52.9,12,5.4,0,0
acgr20.txt,2019_20,2019-20,01,61291,0000000,0161291,01612910000000,01612910000000,Alameda,San Leandro Unified,TA,715,635,88.8,0,0,49,7.7,108,17,40,5.6,24,3.4
acgr20.txt,2019_20,2019-20,01,61309,0000000,0161309,01613090000000,01613090000000,Alameda,San Lorenzo Unified,TA,986,892,90.5,505,56.6,40,4.5,125,14,45,4.6,33,3.3
acgr20.txt,2019_20,2019-20,01,75093,0000000,0175093,01750930000000,01750930000000,Alameda,Dublin Unified,TA,770,733,95.2,475,64.8,238,32.5,453,61.8,20,2.6,4,0.5
acgr20.txt,2019_20,2019-20,01,75101,0000000,0175101,01751010000000,01751010000000,Alameda,Pleasanton Unified,TA,1247,1212,97.2,885,73,391,32.3,712,58.7,11,0.9,10,0.8
acgr20.txt,2019_20,2019-20,03,10033,0000000,0310033,03100330000000,03100330000000,Amador,Amador County Office of Education,TA,26,15,57.7,0,0,0,0,0,0,2,7.7,3,11.5
acgr20.txt,2019_20,2019-20,03,73981,0000000,0373981,03739810000000,03739810000000,Amador,Amador County Unified,TA,315,292,92.7,79,27.1,17,5.8,72,24.7,6,1.9,2,0.6
acgr20.txt,2019_20,2019-20,04,10041,0000000,0410041,04100410000000,04100410000000,Butte,Butte County Office of Education,TA,210,143,68.1,34,23.8,1,0.7,34,23.8,38,18.1,25,11.9
acgr20.txt,2019_20,2019-20,04,61408,0000000,0461408,04614080000000,04614080000000,Butte,Biggs Unified,TA,47,41,87.2,7,17.1,0,0,0,0,5,10.6,0,0
acgr20.txt,2019_20,2019-20,04,61424,0000000,0461424,04614240000000,04614240000000,Butte,Chico Unified,TA,1139,993,87.2,406,40.9,152,15.3,246,24.8,97,8.5,29,2.5
acgr20.txt,2019_20,2019-20,04,61432,0000000,0461432,04614320000000,04614320000000,Butte,Durham Unified,TA,70,66,94.3,33,50,23,34.8,19,28.8,2,2.9,0,0
acgr20.txt,2019_20,2019-20,04,61507,0000000,0461507,04615070000000,04615070000000,Butte,Oroville City Elementary,TA,NA,NA,NA,NA,NA,NA,NA,NA,NA,NA,NA,NA,NA
acgr20.txt,2019_20,2019-20,04,61515,0000000,0461515,04615150000000,04615150000000,Butte,Oroville Union High,TA,506,441,87.2,81,18.4,16,3.6,97,22,56,11.1,1,0.2
acgr20.txt,2019_20,2019-20,04,61531,0000000,0461531,04615310000000,04615310000000,Butte,Paradise Unified,TA,235,193,82.1,37,19.2,2,1,33,17.1,33,14,3,1.3
acgr20.txt,2019_20,2019-20,04,75507,0000000,0475507,04755070000000,04755070000000,Butte,Gridley Unified,TA,169,152,89.9,58,38.2,0,0,0,0,12,7.1,0,0
acgr20.txt,2019_20,2019-20,05,10058,0000000,0510058,05100580000000,05100580000000,Calaveras,Calaveras County Office of Education,TA,73,58,79.5,0,0,0,0,0,0,6,8.2,4,5.5
acgr20.txt,2019_20,2019-20,05,61556,0000000,0561556,05615560000000,05615560000000,Calaveras,Bret Harte Union High,TA,164,154,93.9,0,0,11,7.1,35,22.7,4,2.4,2,1.2
acgr20.txt,2019_20,2019-20,05,61564,0000000,0561564,05615640000000,05615640000000,Calaveras,Calaveras Unified,TA,218,208,95.4,57,27.4,0,0,20,9.6,7,3.2,0,0
acgr20.txt,2019_20,2019-20,06,10066,0000000,0610066,06100660000000,06100660000000,Colusa,Colusa County Office of Education,TA,NA,NA,NA,NA,NA,NA,NA,NA,NA,NA,NA,NA,NA
acgr20.txt,2019_20,2019-20,06,61598,0000000,0661598,06615980000000,06615980000000,Colusa,Colusa Unified,TA,126,117,92.9,30,25.6,7,6,17,14.5,7,5.6,1,0.8
acgr20.txt,2019_20,2019-20,06,61606,0000000,0661606,06616060000000,06616060000000,Colusa,Maxwell Unified,TA,25,21,84,7,33.3,0,0,0,0,3,12,0,0
acgr20.txt,2019_20,2019-20,06,61614,0000000,0661614,06616140000000,06616140000000,Colusa,Pierce Joint Unified,TA,109,102,93.6,35,34.3,0,0,0,0,3,2.8,1,0.9
acgr20.txt,2019_20,2019-20,06,61622,0000000,0661622,06616220000000,06616220000000,Colusa,Williams Unified,TA,98,93,94.9,44,47.3,22,23.7,0,0,4,4.1,0,0
acgr20.txt,2019_20,2019-20,07,10074,0000000,0710074,07100740000000,07100740000000,Contra Costa,Contra Costa County Office of Education,TA,923,775,84,579,74.7,84,10.8,434,56,82,8.9,31,3.4
acgr20.txt,2019_20,2019-20,07,61630,0000000,0761630,07616300000000,07616300000000,Contra Costa,Acalanes Union High,TA,1351,1307,96.7,1031,78.9,0,0,750,57.4,14,1,14,1
acgr20.txt,2019_20,2019-20,07,61648,0000000,0761648,07616480000000,07616480000000,Contra Costa,Antioch Unified,TA,1300,1034,79.5,251,24.3,0,0,201,19.4,118,9.1,104,8
acgr20.txt,2019_20,2019-20,07,61663,0000000,0761663,07616630000000,07616630000000,Contra Costa,Byron Union Elementary,TA,75,67,89.3,7,10.4,0,0,12,17.9,3,4,3,4
acgr20.txt,2019_20,2019-20,07,61697,0000000,0761697,07616970000000,07616970000000,Contra Costa,John Swett Unified,TA,142,126,88.7,59,46.8,0,0,0,0,7,4.9,4,2.8
acgr20.txt,2019_20,2019-20,07,61721,0000000,0761721,07617210000000,07617210000000,Contra Costa,Liberty Union High,TA,2001,1857,92.8,1017,54.8,336,18.1,468,25.2,39,1.9,52,2.6
acgr20.txt,2019_20,2019-20,07,61739,0000000,0761739,07617390000000,07617390000000,Contra Costa,Martinez Unified,TA,307,283,92.2,2,0.7,0,0,0,0,14,4.6,7,2.3
acgr20.txt,2019_20,2019-20,07,61754,0000000,0761754,07617540000000,07617540000000,Contra Costa,Mt. Diablo Unified,TA,2094,1810,86.4,801,44.3,192,10.6,440,24.3,238,11.4,0,0
acgr20.txt,2019_20,2019-20,07,61788,0000000,0761788,07617880000000,07617880000000,Contra Costa,Pittsburg Unified,TA,1030,891,86.5,338,37.9,119,13.4,147,16.5,47,4.6,62,6
acgr20.txt,2019_20,2019-20,07,61796,0000000,0761796,07617960000000,07617960000000,Contra Costa,West Contra Costa Unified,TA,2537,2037,80.3,1018,50,340,16.7,650,31.9,160,6.3,213,8.4
acgr20.txt,2019_20,2019-20,07,61804,0000000,0761804,07618040000000,07618040000000,Contra Costa,San Ramon Valley Unified,TA,2703,2640,97.7,1971,74.7,689,26.1,1377,52.2,18,0.7,7,0.3
acgr20.txt,2019_20,2019-20,08,10082,0000000,0810082,08100820000000,08100820000000,Del Norte,Del Norte County Office of Education,TA,87,53,60.9,0,0,0,0,4,7.5,15,17.2,15,17.2
acgr20.txt,2019_20,2019-20,08,61820,0000000,0861820,08618200000000,08618200000000,Del Norte,Del Norte County Unified,TA,239,218,91.2,33,15.1,11,5,23,10.6,8,3.3,8,3.3
acgr20.txt,2019_20,2019-20,09,10090,0000000,0910090,09100900000000,09100900000000,El Dorado,El Dorado County Office of Education,TA,175,116,66.3,1,0.9,0,0,0,0,44,25.1,11,6.3
acgr20.txt,2019_20,2019-20,09,61838,0000000,0961838,09618380000000,09618380000000,El Dorado,Buckeye Union Elementary,TA,56,50,89.3,1,2,0,0,7,14,3,5.4,2,3.6
acgr20.txt,2019_20,2019-20,09,61853,0000000,0961853,09618530000000,09618530000000,El Dorado,El Dorado Union High,TA,1633,1539,94.2,883,57.4,132,8.6,320,20.8,43,2.6,21,1.3
acgr20.txt,2019_20,2019-20,09,61903,0000000,0961903,09619030000000,09619030000000,El Dorado,Lake Tahoe Unified,TA,286,259,90.6,83,32,27,10.4,56,21.6,16,5.6,0,0
acgr20.txt,2019_20,2019-20,09,73783,0000000,0973783,09737830000000,09737830000000,El Dorado,Black Oak Mine Unified,TA,91,86,94.5,16,18.6,0,0,0,0,3,3.3,0,0
acgr20.txt,2019_20,2019-20,10,10108,0000000,1010108,10101080000000,10101080000000,Fresno,Fresno County Office of Education,TA,950,202,21.3,6,3,0,0,1,0.5,352,37.1,335,35.3
acgr20.txt,2019_20,2019-20,10,62117,0000000,1062117,10621170000000,10621170000000,Fresno,Clovis Unified,TA,3193,3026,94.8,1758,58.1,201,6.6,872,28.8,61,1.9,19,0.6
acgr20.txt,2019_20,2019-20,10,62125,0000000,1062125,10621250000000,10621250000000,Fresno,Coalinga-Huron Unified,TA,300,247,82.3,80,32.4,21,8.5,41,16.6,40,13.3,10,3.3
acgr20.txt,2019_20,2019-20,10,62158,0000000,1062158,10621580000000,10621580000000,Fresno,Fowler Unified,TA,166,161,97,95,59,14,8.7,0,0,2,1.2,2,1.2
acgr20.txt,2019_20,2019-20,10,62166,0000000,1062166,10621660000000,10621660000000,Fresno,Fresno Unified,TA,4791,4084,85.2,2178,53.3,650,15.9,651,15.9,468,9.8,126,2.6
acgr20.txt,2019_20,2019-20,10,62257,0000000,1062257,10622570000000,10622570000000,Fresno,Kingsburg Joint Union High,TA,278,260,93.5,104,40,0,0,0,0,1,0.4,0,0
acgr20.txt,2019_20,2019-20,10,62265,0000000,1062265,10622650000000,10622650000000,Fresno,Kings Canyon Joint Unified,TA,761,680,89.4,368,54.1,89,13.1,188,27.6,12,1.6,18,2.4
acgr20.txt,2019_20,2019-20,10,62281,0000000,1062281,10622810000000,10622810000000,Fresno,Laton Joint Unified,TA,42,40,95.2,14,35,7,17.5,0,0,0,0,0,0
acgr20.txt,2019_20,2019-20,10,62331,0000000,1062331,10623310000000,10623310000000,Fresno,Orange Center,TA,73,44,60.3,6,13.6,0,0,0,0,21,28.8,8,11
acgr20.txt,2019_20,2019-20,10,62364,0000000,1062364,10623640000000,10623640000000,Fresno,Parlier Unified,TA,253,232,91.7,79,34.1,9,3.9,0,0,14,5.5,1,0.4
acgr20.txt,2019_20,2019-20,10,62380,0000000,1062380,10623800000000,10623800000000,Fresno,Raisin City Elementary,TA,99,25,25.3,1,4,0,0,0,0,25,25.3,44,44.4
acgr20.txt,2019_20,2019-20,10,62414,0000000,1062414,10624140000000,10624140000000,Fresno,Sanger Unified,TA,825,779,94.4,380,48.8,84,10.8,116,14.9,28,3.4,0,0
acgr20.txt,2019_20,2019-20,10,62430,0000000,1062430,10624300000000,10624300000000,Fresno,Selma Unified,TA,511,57,11.2,2,3.5,0,0,0,0,435,85.1,2,0.4
acgr20.txt,2019_20,2019-20,10,62539,0000000,1062539,10625390000000,10625390000000,Fresno,West Park Elementary,TA,85,61,71.8,0,0,0,0,0,0,11,12.9,13,15.3
acgr20.txt,2019_20,2019-20,10,62547,0000000,1062547,10625470000000,10625470000000,Fresno,Westside Elementary,TA,471,145,30.8,15,10.3,0,0,6,4.1,103,21.9,203,43.1
acgr20.txt,2019_20,2019-20,10,73809,0000000,1073809,10738090000000,10738090000000,Fresno,Firebaugh-Las Deltas Unified,TA,161,154,95.7,64,41.6,20,13,20,13,1,0.6,1,0.6
acgr20.txt,2019_20,2019-20,10,73965,0000000,1073965,10739650000000,10739650000000,Fresno,Central Unified,TA,1094,962,87.9,361,37.5,0,0,197,20.5,62,5.7,25,2.3
acgr20.txt,2019_20,2019-20,10,73999,0000000,1073999,10739990000000,10739990000000,Fresno,Kerman Unified,TA,358,317,88.5,92,29,19,6,106,33.4,24,6.7,12,3.4
acgr20.txt,2019_20,2019-20,10,75127,0000000,1075127,10751270000000,10751270000000,Fresno,Mendota Unified,TA,192,155,80.7,78,50.3,31,20,58,37.4,22,11.5,10,5.2
acgr20.txt,2019_20,2019-20,10,75234,0000000,1075234,10752340000000,10752340000000,Fresno,Golden Plains Unified,TA,112,102,91.1,36,35.3,15,14.7,17,16.7,8,7.1,0,0
acgr20.txt,2019_20,2019-20,10,75275,0000000,1075275,10752750000000,10752750000000,Fresno,Sierra Unified,TA,101,88,87.1,24,27.3,0,0,0,0,8,7.9,0,0
acgr20.txt,2019_20,2019-20,10,75408,0000000,1075408,10754080000000,10754080000000,Fresno,Riverdale Joint Unified,TA,134,124,92.5,53,42.7,21,16.9,53,42.7,5,3.7,0,0
acgr20.txt,2019_20,2019-20,10,75598,0000000,1075598,10755980000000,10755980000000,Fresno,Caruthers Unified,TA,170,154,90.6,72,46.8,0,0,12,7.8,5,2.9,2,1.2
acgr20.txt,2019_20,2019-20,10,76778,0000000,1076778,10767780000000,10767780000000,Fresno,Washington Unified,TA,338,308,91.1,112,36.4,0,0,0,0,29,8.6,1,0.3
acgr20.txt,2019_20,2019-20,11,10116,0000000,1110116,11101160000000,11101160000000,Glenn,Glenn County Office of Education,TA,78,21,26.9,1,4.8,1,4.8,4,19,44,56.4,9,11.5
acgr20.txt,2019_20,2019-20,11,62646,0000000,1162646,11626460000000,11626460000000,Glenn,Princeton Joint Unified,TA,14,14,100,7,50,0,0,0,0,0,0,0,0
acgr20.txt,2019_20,2019-20,11,62653,0000000,1162653,11626530000000,11626530000000,Glenn,Stony Creek Joint Unified,TA,NA,NA,NA,NA,NA,NA,NA,NA,NA,NA,NA,NA,NA
acgr20.txt,2019_20,2019-20,11,62661,0000000,1162661,11626610000000,11626610000000,Glenn,Willows Unified,TA,122,107,87.7,35,32.7,0,0,26,24.3,10,8.2,5,4.1
acgr20.txt,2019_20,2019-20,11,75481,0000000,1175481,11754810000000,11754810000000,Glenn,Orland Joint Unified,TA,196,182,92.9,40,22,1,0.5,0,0,13,6.6,1,0.5
acgr20.txt,2019_20,2019-20,11,76562,0000000,1176562,11765620000000,11765620000000,Glenn,Hamilton Unified,TA,53,53,100,15,28.3,0,0,0,0,0,0,0,0
acgr20.txt,2019_20,2019-20,12,10124,0000000,1210124,12101240000000,12101240000000,Humboldt,Humboldt County Office of Education,TA,139,102,73.4,25,24.5,8,7.8,3,2.9,26,18.7,11,7.9
acgr20.txt,2019_20,2019-20,12,62687,0000000,1262687,12626870000000,12626870000000,Humboldt,Northern Humboldt Union High,TA,120,114,95,32,28.1,1,0.9,0,0,2,1.7,3,2.5
acgr20.txt,2019_20,2019-20,12,62810,0000000,1262810,12628100000000,12628100000000,Humboldt,Fortuna Union High,TA,221,213,96.4,91,42.7,12,5.6,12,5.6,3,1.4,5,2.3
acgr20.txt,2019_20,2019-20,12,62901,0000000,1262901,12629010000000,12629010000000,Humboldt,Klamath-Trinity Joint Unified,TA,75,73,97.3,8,11,0,0,0,0,1,1.3,0,0
acgr20.txt,2019_20,2019-20,12,63032,0000000,1263032,12630320000000,12630320000000,Humboldt,South Bay Union Elementary,TA,46,44,95.7,10,22.7,1,2.3,9,20.5,1,2.2,1,2.2
acgr20.txt,2019_20,2019-20,12,63040,0000000,1263040,12630400000000,12630400000000,Humboldt,Southern Humboldt Joint Unified,TA,48,43,89.6,17,39.5,1,2.3,6,14,5,10.4,0,0
acgr20.txt,2019_20,2019-20,12,75374,0000000,1275374,12753740000000,12753740000000,Humboldt,Ferndale Unified,TA,36,35,97.2,10,28.6,4,11.4,8,22.9,1,2.8,0,0
acgr20.txt,2019_20,2019-20,12,75515,0000000,1275515,12755150000000,12755150000000,Humboldt,Eureka City Schools,TA,312,284,91,78,27.5,44,15.5,49,17.3,23,7.4,2,0.6
acgr20.txt,2019_20,2019-20,13,10132,0000000,1310132,13101320000000,13101320000000,Imperial,Imperial County Office of Education,TA,190,68,35.8,2,2.9,0,0,0,0,85,44.7,37,19.5
acgr20.txt,2019_20,2019-20,13,63081,0000000,1363081,13630810000000,13630810000000,Imperial,Brawley Union High,TA,454,416,91.6,187,45,36,8.7,180,43.3,21,4.6,4,0.9
acgr20.txt,2019_20,2019-20,13,63099,0000000,1363099,13630990000000,13630990000000,Imperial,Calexico Unified,TA,804,660,82.1,218,33,142,21.5,107,16.2,132,16.4,0,0
acgr20.txt,2019_20,2019-20,13,63107,0000000,1363107,13631070000000,13631070000000,Imperial,Calipatria Unified,TA,89,86,96.6,27,31.4,11,12.8,16,18.6,0,0,1,1.1
acgr20.txt,2019_20,2019-20,13,63115,0000000,1363115,13631150000000,13631150000000,Imperial,Central Union High,TA,1008,900,89.3,291,32.3,133,14.8,0,0,74,7.3,31,3.1
acgr20.txt,2019_20,2019-20,13,63149,0000000,1363149,13631490000000,13631490000000,Imperial,Holtville Unified,TA,132,126,95.5,74,58.7,0,0,0,0,1,0.8,3,2.3
acgr20.txt,2019_20,2019-20,13,63164,0000000,1363164,13631640000000,13631640000000,Imperial,Imperial Unified,TA,306,282,92.2,98,34.8,0,0,0,0,5,1.6,4,1.3
acgr20.txt,2019_20,2019-20,13,63214,0000000,1363214,13632140000000,13632140000000,Imperial,San Pasqual Valley Unified,TA,65,47,72.3,11,23.4,0,0,0,0,5,7.7,2,3.1
acgr20.txt,2019_20,2019-20,14,10140,0000000,1410140,14101400000000,14101400000000,Inyo,Inyo County Office of Education,TA,583,180,30.9,50,27.8,0,0,0,0,236,40.5,167,28.6
acgr20.txt,2019_20,2019-20,14,63248,0000000,1463248,14632480000000,14632480000000,Inyo,Big Pine Unified,TA,NA,NA,NA,NA,NA,NA,NA,NA,NA,NA,NA,NA,NA
acgr20.txt,2019_20,2019-20,14,63271,0000000,1463271,14632710000000,14632710000000,Inyo,Death Valley Unified,TA,NA,NA,NA,NA,NA,NA,NA,NA,NA,NA,NA,NA,NA
acgr20.txt,2019_20,2019-20,14,63289,0000000,1463289,14632890000000,14632890000000,Inyo,Lone Pine Unified,TA,21,21,100,5,23.8,0,0,0,0,0,0,0,0
acgr20.txt,2019_20,2019-20,14,63297,0000000,1463297,14632970000000,14632970000000,Inyo,Owens Valley Unified,TA,NA,NA,NA,NA,NA,NA,NA,NA,NA,NA,NA,NA,NA
acgr20.txt,2019_20,2019-20,14,76687,0000000,1476687,14766870000000,14766870000000,Inyo,Bishop Unified,TA,145,124,85.5,57,46,0,0,0,0,5,3.4,9,6.2
acgr20.txt,2019_20,2019-20,15,10157,0000000,1510157,15101570000000,15101570000000,Kern,Kern County Office of Education,TA,637,306,48,104,34,0,0,22,7.2,223,35,97,15.2
acgr20.txt,2019_20,2019-20,15,63412,0000000,1563412,15634120000000,15634120000000,Kern,Delano Joint Union High,TA,1027,984,95.8,574,58.3,134,13.6,285,29,26,2.5,6,0.6
acgr20.txt,2019_20,2019-20,15,63529,0000000,1563529,15635290000000,15635290000000,Kern,Kern High,TA,9983,8744,87.6,3732,42.7,1047,12,3334,38.1,612,6.1,495,5
acgr20.txt,2019_20,2019-20,15,63628,0000000,1563628,15636280000000,15636280000000,Kern,Maricopa Unified,TA,800,615,76.9,54,8.8,0,0,103,16.7,101,12.6,78,9.8
acgr20.txt,2019_20,2019-20,15,63677,0000000,1563677,15636770000000,15636770000000,Kern,Mojave Unified,TA,158,145,91.8,30,20.7,0,0,0,0,7,4.4,1,0.6
acgr20.txt,2019_20,2019-20,15,63685,0000000,1563685,15636850000000,15636850000000,Kern,Muroc Joint Unified,TA,103,68,66,30,44.1,0,0,0,0,35,34,0,0
acgr20.txt,2019_20,2019-20,15,63776,0000000,1563776,15637760000000,15637760000000,Kern,Southern Kern Unified,TA,247,202,81.8,44,21.8,0,0,0,0,33,13.4,9,3.6
acgr20.txt,2019_20,2019-20,15,63818,0000000,1563818,15638180000000,15638180000000,Kern,Taft Union High,TA,234,209,89.3,60,28.7,0,0,39,18.7,14,6,8,3.4
acgr20.txt,2019_20,2019-20,15,63826,0000000,1563826,15638260000000,15638260000000,Kern,Tehachapi Unified,TA,296,270,91.2,78,28.9,0,0,0,0,10,3.4,12,4.1
acgr20.txt,2019_20,2019-20,15,63859,0000000,1563859,15638590000000,15638590000000,Kern,Wasco Union High,TA,449,376,83.7,148,39.4,8,2.1,104,27.7,39,8.7,19,4.2
acgr20.txt,2019_20,2019-20,15,73742,0000000,1573742,15737420000000,15737420000000,Kern,Sierra Sands Unified,TA,372,324,87.1,97,29.9,0,0,0,0,34,9.1,8,2.2
acgr20.txt,2019_20,2019-20,15,73908,0000000,1573908,15739080000000,15739080000000,Kern,McFarland Unified,TA,246,223,90.7,68,30.5,45,20.2,51,22.9,21,8.5,1,0.4
acgr20.txt,2019_20,2019-20,15,75168,0000000,1575168,15751680000000,15751680000000,Kern,El Tejon Unified,TA,67,64,95.5,0,0,0,0,0,0,3,4.5,0,0
acgr20.txt,2019_20,2019-20,16,10165,0000000,1610165,16101650000000,16101650000000,Kings,Kings County Office of Education,TA,35,6,17.1,0,0,0,0,0,0,11,31.4,6,17.1
acgr20.txt,2019_20,2019-20,16,63875,0000000,1663875,16638750000000,16638750000000,Kings,Armona Union Elementary,TA,86,60,69.8,3,5,0,0,5,8.3,14,16.3,10,11.6
acgr20.txt,2019_20,2019-20,16,63891,0000000,1663891,16638910000000,16638910000000,Kings,Corcoran Joint Unified,TA,203,181,89.2,62,34.3,0,0,0,0,8,3.9,13,6.4
acgr20.txt,2019_20,2019-20,16,63925,0000000,1663925,16639250000000,16639250000000,Kings,Hanford Joint Union High,TA,883,822,93.1,424,51.6,19,2.3,210,25.5,35,4,14,1.6
acgr20.txt,2019_20,2019-20,16,63958,0000000,1663958,16639580000000,16639580000000,Kings,Kit Carson Union Elementary,TA,425,125,29.4,3,2.4,0,0,0,0,61,14.4,221,52
acgr20.txt,2019_20,2019-20,16,63982,0000000,1663982,16639820000000,16639820000000,Kings,Lemoore Union High,TA,504,468,92.9,182,38.9,20,4.3,180,38.5,19,3.8,7,1.4
acgr20.txt,2019_20,2019-20,16,73932,0000000,1673932,16739320000000,16739320000000,Kings,Reef-Sunset Unified,TA,132,116,87.9,60,51.7,4,3.4,37,31.9,13,9.8,2,1.5
acgr20.txt,2019_20,2019-20,17,10173,0000000,1710173,17101730000000,17101730000000,Lake,Lake County Office of Education,TA,NA,NA,NA,NA,NA,NA,NA,NA,NA,NA,NA,NA,NA
acgr20.txt,2019_20,2019-20,17,64014,0000000,1764014,17640140000000,17640140000000,Lake,Kelseyville Unified,TA,149,126,84.6,42,33.3,0,0,0,0,12,8.1,0,0
acgr20.txt,2019_20,2019-20,17,64022,0000000,1764022,17640220000000,17640220000000,Lake,Konocti Unified,TA,248,160,64.5,43,26.9,0,0,24,15,56,22.6,15,6
acgr20.txt,2019_20,2019-20,17,64030,0000000,1764030,17640300000000,17640300000000,Lake,Lakeport Unified,TA,111,99,89.2,14,14.1,0,0,0,0,9,8.1,2,1.8
acgr20.txt,2019_20,2019-20,17,64055,0000000,1764055,17640550000000,17640550000000,Lake,Middletown Unified,TA,172,154,89.5,57,37,1,0.6,0,0,14,8.1,0,0
acgr20.txt,2019_20,2019-20,17,76976,0000000,1776976,17769760000000,17769760000000,Lake,Upper Lake Unified,TA,75,54,72,3,5.6,0,0,0,0,4,5.3,0,0
acgr20.txt,2019_20,2019-20,18,10181,0000000,1810181,18101810000000,18101810000000,Lassen,Lassen County Office of Education,TA,NA,NA,NA,NA,NA,NA,NA,NA,NA,NA,NA,NA,NA
acgr20.txt,2019_20,2019-20,18,64089,0000000,1864089,18640890000000,18640890000000,Lassen,Big Valley Joint Unified,TA,17,13,76.5,2,15.4,0,0,0,0,3,17.6,0,0
acgr20.txt,2019_20,2019-20,18,64139,0000000,1864139,18641390000000,18641390000000,Lassen,Lassen Union High,TA,179,168,93.9,54,32.1,9,5.4,34,20.2,1,0.6,0,0
acgr20.txt,2019_20,2019-20,18,64196,0000000,1864196,18641960000000,18641960000000,Lassen,Susanville Elementary,TA,29,23,79.3,1,4.3,0,0,3,13,5,17.2,0,0
acgr20.txt,2019_20,2019-20,18,64204,0000000,1864204,18642040000000,18642040000000,Lassen,Westwood Unified,TA,19,15,78.9,0,0,0,0,0,0,3,15.8,1,5.3
acgr20.txt,2019_20,2019-20,18,75036,0000000,1875036,18750360000000,18750360000000,Lassen,Fort Sage Unified,TA,40,33,82.5,1,3,0,0,8,24.2,5,12.5,0,0
acgr20.txt,2019_20,2019-20,19,10199,0000000,1910199,19101990000000,19101990000000,Los Angeles,Los Angeles County Office of Education,TA,1160,696,60,463,66.5,42,6,85,12.2,276,23.8,183,15.8
acgr20.txt,2019_20,2019-20,19,64212,0000000,1964212,19642120000000,19642120000000,Los Angeles,ABC Unified,TA,1597,1508,94.4,905,60,318,21.1,429,28.4,23,1.4,37,2.3
acgr20.txt,2019_20,2019-20,19,64246,0000000,1964246,19642460000000,19642460000000,Los Angeles,Antelope Valley Union High,TA,5383,4113,76.4,1406,34.2,233,5.7,561,13.6,520,9.7,718,13.3
acgr20.txt,2019_20,2019-20,19,64261,0000000,1964261,19642610000000,19642610000000,Los Angeles,Arcadia Unified,TA,825,790,95.8,3,0.4,0,0,0,0,6,0.7,15,1.8
acgr20.txt,2019_20,2019-20,19,64279,0000000,1964279,19642790000000,19642790000000,Los Angeles,Azusa Unified,TA,674,605,89.8,270,44.6,93,15.4,138,22.8,45,6.7,13,1.9
acgr20.txt,2019_20,2019-20,19,64287,0000000,1964287,19642870000000,19642870000000,Los Angeles,Baldwin Park Unified,TA,2433,1253,51.5,480,38.3,0,0,240,19.2,402,16.5,694,28.5
acgr20.txt,2019_20,2019-20,19,64295,0000000,1964295,19642950000000,19642950000000,Los Angeles,Bassett Unified,TA,249,229,92,78,34.1,0,0,37,16.2,19,7.6,0,0
acgr20.txt,2019_20,2019-20,19,64303,0000000,1964303,19643030000000,19643030000000,Los Angeles,Bellflower Unified,TA,953,900,94.4,254,28.2,120,13.3,176,19.6,15,1.6,18,1.9
acgr20.txt,2019_20,2019-20,19,64311,0000000,1964311,19643110000000,19643110000000,Los Angeles,Beverly Hills Unified,TA,329,316,96,179,56.6,0,0,0,0,3,0.9,0,0
acgr20.txt,2019_20,2019-20,19,64329,0000000,1964329,19643290000000,19643290000000,Los Angeles,Bonita Unified,TA,842,797,94.7,489,61.4,8,1,295,37,21,2.5,12,1.4
acgr20.txt,2019_20,2019-20,19,64337,0000000,1964337,19643370000000,19643370000000,Los Angeles,Burbank Unified,TA,1367,1247,91.2,689,55.3,144,11.5,476,38.2,33,2.4,14,1
acgr20.txt,2019_20,2019-20,19,64352,0000000,1964352,19643520000000,19643520000000,Los Angeles,Centinela Valley Union High,TA,3620,1494,41.3,715,47.9,209,14,121,8.1,2115,58.4,1,0
acgr20.txt,2019_20,2019-20,19,64378,0000000,1964378,19643780000000,19643780000000,Los Angeles,Charter Oak Unified,TA,391,375,95.9,192,51.2,25,6.7,97,25.9,8,2,3,0.8
acgr20.txt,2019_20,2019-20,19,64394,0000000,1964394,19643940000000,19643940000000,Los Angeles,Claremont Unified,TA,594,560,94.3,410,73.2,144,25.7,255,45.5,16,2.7,5,0.8
acgr20.txt,2019_20,2019-20,19,64436,0000000,1964436,19644360000000,19644360000000,Los Angeles,Covina-Valley Unified,TA,1028,1001,97.4,678,67.7,225,22.5,264,26.4,11,1.1,4,0.4
acgr20.txt,2019_20,2019-20,19,64444,0000000,1964444,19644440000000,19644440000000,Los Angeles,Culver City Unified,TA,536,506,94.4,331,65.4,134,26.5,126,24.9,18,3.4,0,0
acgr20.txt,2019_20,2019-20,19,64451,0000000,1964451,19644510000000,19644510000000,Los Angeles,Downey Unified,TA,2003,1890,94.4,992,52.5,201,10.6,413,21.9,31,1.5,26,1.3
acgr20.txt,2019_20,2019-20,19,64469,0000000,1964469,19644690000000,19644690000000,Los Angeles,Duarte Unified,TA,689,354,51.4,194,54.8,19,5.4,81,22.9,149,21.6,169,24.5
acgr20.txt,2019_20,2019-20,19,64519,0000000,1964519,19645190000000,19645190000000,Los Angeles,El Monte Union High,TA,2114,1787,84.5,838,46.9,270,15.1,384,21.5,113,5.3,137,6.5
acgr20.txt,2019_20,2019-20,19,64527,0000000,1964527,19645270000000,19645270000000,Los Angeles,El Rancho Unified,TA,655,616,94,331,53.7,22,3.6,121,19.6,25,3.8,9,1.4
acgr20.txt,2019_20,2019-20,19,64535,0000000,1964535,19645350000000,19645350000000,Los Angeles,El Segundo Unified,TA,302,295,97.7,217,73.6,29,9.8,125,42.4,1,0.3,6,2
acgr20.txt,2019_20,2019-20,19,64568,0000000,1964568,19645680000000,19645680000000,Los Angeles,Glendale Unified,TA,1996,1785,89.4,988,55.4,199,11.1,592,33.2,38,1.9,63,3.2
acgr20.txt,2019_20,2019-20,19,64576,0000000,1964576,19645760000000,19645760000000,Los Angeles,Glendora Unified,TA,583,569,97.6,360,63.3,22,3.9,207,36.4,6,1,0,0
acgr20.txt,2019_20,2019-20,19,64584,0000000,1964584,19645840000000,19645840000000,Los Angeles,Gorman Joint,TA,149,119,79.9,12,10.1,0,0,0,0,27,18.1,3,2
acgr20.txt,2019_20,2019-20,19,64592,0000000,1964592,19645920000000,19645920000000,Los Angeles,Hawthorne,TA,124,123,99.2,107,87,68,55.3,82,66.7,0,0,0,0
acgr20.txt,2019_20,2019-20,19,64634,0000000,1964634,19646340000000,19646340000000,Los Angeles,Inglewood Unified,TA,679,592,87.2,310,52.4,46,7.8,36,6.1,73,10.8,6,0.9
acgr20.txt,2019_20,2019-20,19,64642,0000000,1964642,19646420000000,19646420000000,Los Angeles,Keppel Union Elementary,TA,NA,NA,NA,NA,NA,NA,NA,NA,NA,NA,NA,NA,NA
acgr20.txt,2019_20,2019-20,19,64659,0000000,1964659,19646590000000,19646590000000,Los Angeles,La Canada Unified,TA,340,330,97.1,289,87.6,0,0,0,0,8,2.4,1,0.3
acgr20.txt,2019_20,2019-20,19,64683,0000000,1964683,19646830000000,19646830000000,Los Angeles,Las Virgenes Unified,TA,946,884,93.4,583,66,83,9.4,250,28.3,42,4.4,9,1
acgr20.txt,2019_20,2019-20,19,64691,0000000,1964691,19646910000000,19646910000000,Los Angeles,Lawndale Elementary,TA,124,119,96,115,96.6,43,36.1,80,67.2,1,0.8,4,3.2
acgr20.txt,2019_20,2019-20,19,64709,0000000,1964709,19647090000000,19647090000000,Los Angeles,Lennox,TA,287,281,97.9,247,87.9,168,59.8,87,31,5,1.7,0,0
acgr20.txt,2019_20,2019-20,19,64725,0000000,1964725,19647250000000,19647250000000,Los Angeles,Long Beach Unified,TA,5747,5123,89.1,3065,59.8,670,13.1,1494,29.2,420,7.3,131,2.3
acgr20.txt,2019_20,2019-20,19,64733,0000000,1964733,19647330000000,19647330000000,Los Angeles,Los Angeles Unified,TA,44373,36766,82.9,20522,55.8,6625,18,9266,25.2,3945,8.9,2643,6
acgr20.txt,2019_20,2019-20,19,64774,0000000,1964774,19647740000000,19647740000000,Los Angeles,Lynwood Unified,TA,1022,920,90,417,45.3,112,12.2,104,11.3,72,7,14,1.4
acgr20.txt,2019_20,2019-20,19,64790,0000000,1964790,19647900000000,19647900000000,Los Angeles,Monrovia Unified,TA,421,402,95.5,215,53.5,55,13.7,86,21.4,9,2.1,5,1.2
acgr20.txt,2019_20,2019-20,19,64808,0000000,1964808,19648080000000,19648080000000,Los Angeles,Montebello Unified,TA,2165,1820,84.1,364,20,198,10.9,518,28.5,303,14,0,0
acgr20.txt,2019_20,2019-20,19,64840,0000000,1964840,19648400000000,19648400000000,Los Angeles,Norwalk-La Mirada Unified,TA,1334,1214,91,563,46.4,67,5.5,222,18.3,52,3.9,21,1.6
acgr20.txt,2019_20,2019-20,19,64857,0000000,1964857,19648570000000,19648570000000,Los Angeles,Palmdale Elementary,TA,587,257,43.8,129,50.2,0,0,64,24.9,81,13.8,236,40.2
acgr20.txt,2019_20,2019-20,19,64865,0000000,1964865,19648650000000,19648650000000,Los Angeles,Palos Verdes Peninsula Unified,TA,947,933,98.5,642,68.8,213,22.8,668,71.6,4,0.4,0,0
acgr20.txt,2019_20,2019-20,19,64873,0000000,1964873,19648730000000,19648730000000,Los Angeles,Paramount Unified,TA,1242,1135,91.4,488,43,94,8.3,186,16.4,74,6,12,1
acgr20.txt,2019_20,2019-20,19,64881,0000000,1964881,19648810000000,19648810000000,Los Angeles,Pasadena Unified,TA,1230,972,79,496,51,134,13.8,279,28.7,99,8,135,11
acgr20.txt,2019_20,2019-20,19,64907,0000000,1964907,19649070000000,19649070000000,Los Angeles,Pomona Unified,TA,1870,1425,76.2,600,42.1,205,14.4,205,14.4,259,13.9,177,9.5
acgr20.txt,2019_20,2019-20,19,64964,0000000,1964964,19649640000000,19649640000000,Los Angeles,San Marino Unified,TA,263,252,95.8,216,85.7,73,29,133,52.8,3,1.1,1,0.4
acgr20.txt,2019_20,2019-20,19,64980,0000000,1964980,19649800000000,19649800000000,Los Angeles,Santa Monica-Malibu Unified,TA,840,791,94.2,579,73.2,178,22.5,364,46,21,2.5,19,2.3
acgr20.txt,2019_20,2019-20,19,65029,0000000,1965029,19650290000000,19650290000000,Los Angeles,South Pasadena Unified,TA,325,1,0.3,0,0,0,0,0,0,318,97.8,2,0.6
acgr20.txt,2019_20,2019-20,19,65052,0000000,1965052,19650520000000,19650520000000,Los Angeles,Temple City Unified,TA,513,496,96.7,316,63.7,61,12.3,270,54.4,3,0.6,1,0.2
acgr20.txt,2019_20,2019-20,19,65060,0000000,1965060,19650600000000,19650600000000,Los Angeles,Torrance Unified,TA,1956,1845,94.3,1131,61.3,307,16.6,1009,54.7,43,2.2,52,2.7
acgr20.txt,2019_20,2019-20,19,65094,0000000,1965094,19650940000000,19650940000000,Los Angeles,West Covina Unified,TA,1136,979,86.2,428,43.7,83,8.5,237,24.2,90,7.9,32,2.8
acgr20.txt,2019_20,2019-20,19,65128,0000000,1965128,19651280000000,19651280000000,Los Angeles,Whittier Union High,TA,2773,2520,90.9,1494,59.3,377,15,790,31.3,78,2.8,98,3.5
acgr20.txt,2019_20,2019-20,19,65136,0000000,1965136,19651360000000,19651360000000,Los Angeles,William S. Hart Union High,TA,4116,3652,88.7,1814,49.7,254,7,1482,40.6,138,3.4,283,6.9
acgr20.txt,2019_20,2019-20,19,73437,0000000,1973437,19734370000000,19734370000000,Los Angeles,Compton Unified,TA,1405,1214,86.4,636,52.4,170,14,366,30.1,148,10.5,25,1.8
acgr20.txt,2019_20,2019-20,19,73445,0000000,1973445,19734450000000,19734450000000,Los Angeles,Hacienda la Puente Unified,TA,1378,1325,96.2,660,49.8,194,14.6,365,27.5,22,1.6,12,0.9
acgr20.txt,2019_20,2019-20,19,73452,0000000,1973452,19734520000000,19734520000000,Los Angeles,Rowland Unified,TA,1156,992,85.8,418,42.1,214,21.6,248,25,85,7.4,39,3.4
acgr20.txt,2019_20,2019-20,19,73460,0000000,1973460,19734600000000,19734600000000,Los Angeles,Walnut Valley Unified,TA,1349,1292,95.8,900,69.7,0,0,0,0,26,1.9,0,0
acgr20.txt,2019_20,2019-20,19,75291,0000000,1975291,19752910000000,19752910000000,Los Angeles,San Gabriel Unified,TA,717,498,69.5,266,53.4,53,10.6,169,33.9,103,14.4,87,12.1
acgr20.txt,2019_20,2019-20,19,75309,0000000,1975309,19753090000000,19753090000000,Los Angeles,Acton-Agua Dulce Unified,TA,2542,602,23.7,86,14.3,0,0,25,4.2,740,29.1,1121,44.1
acgr20.txt,2019_20,2019-20,19,75333,0000000,1975333,19753330000000,19753330000000,Los Angeles,Manhattan Beach Unified,TA,684,664,97.1,546,82.2,147,22.1,355,53.5,5,0.7,6,0.9
acgr20.txt,2019_20,2019-20,19,75341,0000000,1975341,19753410000000,19753410000000,Los Angeles,Redondo Beach Unified,TA,764,727,95.2,465,64,70,9.6,319,43.9,18,2.4,2,0.3
acgr20.txt,2019_20,2019-20,19,75663,0000000,1975663,19756630000000,19756630000000,Los Angeles,SBE - New West Charter,TA,88,85,96.6,85,100,0,0,0,0,0,0,2,2.3
acgr20.txt,2019_20,2019-20,19,75697,0000000,1975697,19756970000000,19756970000000,Los Angeles,SBE - The School of Arts and Enterprise,TA,84,78,92.9,66,84.6,0,0,0,0,0,0,4,4.8
acgr20.txt,2019_20,2019-20,19,75713,0000000,1975713,19757130000000,19757130000000,Los Angeles,Alhambra Unified,TA,1747,1646,94.2,1006,61.1,215,13.1,722,43.9,33,1.9,34,1.9
acgr20.txt,2019_20,2019-20,19,76869,0000000,1976869,19768690000000,19768690000000,Los Angeles,Wiseburn Unified,TA,355,318,89.6,293,92.1,0,0,0,0,3,0.8,29,8.2
acgr20.txt,2019_20,2019-20,19,76968,0000000,1976968,19769680000000,19769680000000,Los Angeles,SBE - Academia Avance Charter,TA,57,49,86,29,59.2,0,0,0,0,2,3.5,6,10.5
acgr20.txt,2019_20,2019-20,19,76992,0000000,1976992,19769920000000,19769920000000,Los Angeles,SBE - Prepa Tec Los Angeles High,TA,73,65,89,65,100,0,0,0,0,3,4.1,5,6.8
acgr20.txt,2019_20,2019-20,19,77289,0000000,1977289,19772890000000,19772890000000,Los Angeles,SBE - Los Angeles College Prep Academy,TA,37,25,67.6,25,100,0,0,0,0,4,10.8,6,16.2
acgr20.txt,2019_20,2019-20,20,10207,0000000,2010207,20102070000000,20102070000000,Madera,Madera County Superintendent of Schools,TA,186,77,41.4,0,0,0,0,0,0,54,29,53,28.5
acgr20.txt,2019_20,2019-20,20,65201,0000000,2065201,20652010000000,20652010000000,Madera,Chowchilla Union High,TA,268,222,82.8,79,35.6,15,6.8,90,40.5,22,8.2,16,6
acgr20.txt,2019_20,2019-20,20,65243,0000000,2065243,20652430000000,20652430000000,Madera,Madera Unified,TA,1322,1222,92.4,440,36,75,6.1,291,23.8,52,3.9,22,1.7
acgr20.txt,2019_20,2019-20,20,75580,0000000,2075580,20755800000000,20755800000000,Madera,Golden Valley Unified,TA,153,135,88.2,69,51.1,0,0,0,0,11,7.2,1,0.7
acgr20.txt,2019_20,2019-20,20,75606,0000000,2075606,20756060000000,20756060000000,Madera,Chawanakee Unified,TA,146,138,94.5,61,44.2,0,0,29,21,0,0,4,2.7
acgr20.txt,2019_20,2019-20,20,76414,0000000,2076414,20764140000000,20764140000000,Madera,Yosemite Unified,TA,221,177,80.1,70,39.5,27,15.3,15,8.5,25,11.3,1,0.5
acgr20.txt,2019_20,2019-20,21,10215,0000000,2110215,21102150000000,21102150000000,Marin,Marin County Office of Education,TA,58,7,12.1,0,0,0,0,0,0,41,70.7,10,17.2
acgr20.txt,2019_20,2019-20,21,65417,0000000,2165417,21654170000000,21654170000000,Marin,Novato Unified,TA,707,648,91.7,318,49.1,67,10.3,233,36,25,3.5,24,3.4
acgr20.txt,2019_20,2019-20,21,65466,0000000,2165466,21654660000000,21654660000000,Marin,San Rafael City High,TA,786,585,74.4,339,57.9,115,19.7,210,35.9,83,10.6,31,3.9
acgr20.txt,2019_20,2019-20,21,65482,0000000,2165482,21654820000000,21654820000000,Marin,Tamalpais Union High,TA,1226,1175,95.8,916,78,0,0,1,0.1,22,1.8,12,1
acgr20.txt,2019_20,2019-20,21,73361,0000000,2173361,21733610000000,21733610000000,Marin,Shoreline Unified,TA,33,33,100,17,51.5,0,0,0,0,0,0,0,0
acgr20.txt,2019_20,2019-20,22,65532,0000000,2265532,22655320000000,22655320000000,Mariposa,Mariposa County Unified,TA,140,132,94.3,41,31.1,0,0,32,24.2,6,4.3,2,1.4
acgr20.txt,2019_20,2019-20,23,10231,0000000,2310231,23102310000000,23102310000000,Mendocino,Mendocino County Office of Education,TA,NA,NA,NA,NA,NA,NA,NA,NA,NA,NA,NA,NA,NA
acgr20.txt,2019_20,2019-20,23,65540,0000000,2365540,23655400000000,23655400000000,Mendocino,Anderson Valley Unified,TA,28,22,78.6,11,50,4,18.2,4,18.2,3,10.7,3,10.7
acgr20.txt,2019_20,2019-20,23,65557,0000000,2365557,23655570000000,23655570000000,Mendocino,Arena Union Elementary,TA,NA,NA,NA,NA,NA,NA,NA,NA,NA,NA,NA,NA,NA
acgr20.txt,2019_20,2019-20,23,65565,0000000,2365565,23655650000000,23655650000000,Mendocino,Fort Bragg Unified,TA,157,127,80.9,44,34.6,15,11.8,21,16.5,17,10.8,3,1.9
acgr20.txt,2019_20,2019-20,23,65581,0000000,2365581,23655810000000,23655810000000,Mendocino,Mendocino Unified,TA,45,2,4.4,0,0,0,0,0,0,42,93.3,0,0
acgr20.txt,2019_20,2019-20,23,65599,0000000,2365599,23655990000000,23655990000000,Mendocino,Point Arena Joint Union High,TA,42,31,73.8,7,22.6,0,0,2,6.5,5,11.9,2,4.8
acgr20.txt,2019_20,2019-20,23,65607,0000000,2365607,23656070000000,23656070000000,Mendocino,Round Valley Unified,TA,44,35,79.5,1,2.9,0,0,0,0,8,18.2,0,0
acgr20.txt,2019_20,2019-20,23,65615,0000000,2365615,23656150000000,23656150000000,Mendocino,Ukiah Unified,TA,489,436,89.2,146,33.5,60,13.8,0,0,22,4.5,2,0.4
acgr20.txt,2019_20,2019-20,23,65623,0000000,2365623,23656230000000,23656230000000,Mendocino,Willits Unified,TA,166,138,83.1,39,28.3,0,0,0,0,28,16.9,0,0
acgr20.txt,2019_20,2019-20,23,73866,0000000,2373866,23738660000000,23738660000000,Mendocino,Potter Valley Community Unified,TA,22,22,100,1,4.5,0,0,0,0,0,0,0,0
acgr20.txt,2019_20,2019-20,23,73916,0000000,2373916,23739160000000,23739160000000,Mendocino,Laytonville Unified,TA,26,26,100,7,26.9,4,15.4,4,15.4,0,0,0,0
acgr20.txt,2019_20,2019-20,23,75218,0000000,2375218,23752180000000,23752180000000,Mendocino,Leggett Valley Unified,TA,NA,NA,NA,NA,NA,NA,NA,NA,NA,NA,NA,NA,NA
acgr20.txt,2019_20,2019-20,24,10249,0000000,2410249,24102490000000,24102490000000,Merced,Merced County Office of Education,TA,369,150,40.7,1,0.7,0,0,0,0,165,44.7,46,12.5
acgr20.txt,2019_20,2019-20,24,65698,0000000,2465698,24656980000000,24656980000000,Merced,Hilmar Unified,TA,185,180,97.3,70,38.9,37,20.6,0,0,3,1.6,2,1.1
acgr20.txt,2019_20,2019-20,24,65730,0000000,2465730,24657300000000,24657300000000,Merced,Le Grand Union High,TA,149,139,93.3,70,50.4,18,12.9,0,0,8,5.4,1,0.7
acgr20.txt,2019_20,2019-20,24,65755,0000000,2465755,24657550000000,24657550000000,Merced,Los Banos Unified,TA,801,738,92.1,301,40.8,0,0,0,0,46,5.7,12,1.5
acgr20.txt,2019_20,2019-20,24,65789,0000000,2465789,24657890000000,24657890000000,Merced,Merced Union High,TA,2598,2473,95.2,875,35.4,126,5.1,644,26,83,3.2,9,0.3
acgr20.txt,2019_20,2019-20,24,73619,0000000,2473619,24736190000000,24736190000000,Merced,Gustine Unified,TA,157,147,93.6,49,33.3,0,0,0,0,7,4.5,3,1.9
acgr20.txt,2019_20,2019-20,24,75317,0000000,2475317,24753170000000,24753170000000,Merced,Dos Palos Oro Loma Joint Unified,TA,162,144,88.9,40,27.8,18,12.5,0,0,16,9.9,0,0
acgr20.txt,2019_20,2019-20,24,75366,0000000,2475366,24753660000000,24753660000000,Merced,Delhi Unified,TA,161,159,98.8,65,40.9,20,12.6,0,0,1,0.6,0,0
acgr20.txt,2019_20,2019-20,25,10256,0000000,2510256,25102560000000,25102560000000,Modoc,Modoc County Office of Education,TA,NA,NA,NA,NA,NA,NA,NA,NA,NA,NA,NA,NA,NA
acgr20.txt,2019_20,2019-20,25,65896,0000000,2565896,25658960000000,25658960000000,Modoc,Surprise Valley Joint Unified,TA,NA,NA,NA,NA,NA,NA,NA,NA,NA,NA,NA,NA,NA
acgr20.txt,2019_20,2019-20,25,73585,0000000,2573585,25735850000000,25735850000000,Modoc,Modoc Joint Unified,TA,57,43,75.4,7,16.3,0,0,0,0,11,19.3,0,0
acgr20.txt,2019_20,2019-20,25,73593,0000000,2573593,25735930000000,25735930000000,Modoc,Tulelake Basin Joint Unified,TA,32,28,87.5,14,50,0,0,0,0,1,3.1,1,3.1
acgr20.txt,2019_20,2019-20,26,10264,0000000,2610264,26102640000000,26102640000000,Mono,Mono County Office of Education,TA,99,8,8.1,0,0,0,0,0,0,91,91.9,0,0
acgr20.txt,2019_20,2019-20,26,73668,0000000,2673668,26736680000000,26736680000000,Mono,Eastern Sierra Unified,TA,21,0,0,0,0,0,0,0,0,21,100,0,0
acgr20.txt,2019_20,2019-20,26,73692,0000000,2673692,26736920000000,26736920000000,Mono,Mammoth Unified,TA,92,87,94.6,45,51.7,3,3.4,3,3.4,4,4.3,0,0
acgr20.txt,2019_20,2019-20,27,10272,0000000,2710272,27102720000000,27102720000000,Monterey,Monterey County Office of Education,TA,165,86,52.1,0,0,0,0,0,0,77,46.7,0,0
acgr20.txt,2019_20,2019-20,27,65987,0000000,2765987,27659870000000,27659870000000,Monterey,Carmel Unified,TA,229,217,94.8,159,73.3,0,0,0,0,9,3.9,1,0.4
acgr20.txt,2019_20,2019-20,27,66068,0000000,2766068,27660680000000,27660680000000,Monterey,South Monterey County Joint Union High,TA,589,503,85.4,170,33.8,40,8,60,11.9,52,8.8,22,3.7
acgr20.txt,2019_20,2019-20,27,66092,0000000,2766092,27660920000000,27660920000000,Monterey,Monterey Peninsula Unified,TA,831,759,91.3,496,65.3,59,7.8,243,32,20,2.4,15,1.8
acgr20.txt,2019_20,2019-20,27,66134,0000000,2766134,27661340000000,27661340000000,Monterey,Pacific Grove Unified,TA,149,141,94.6,80,56.7,1,0.7,70,49.6,5,3.4,2,1.3
acgr20.txt,2019_20,2019-20,27,66159,0000000,2766159,27661590000000,27661590000000,Monterey,Salinas Union High,TA,2642,2175,82.3,1095,50.3,252,11.6,535,24.6,215,8.1,163,6.2
acgr20.txt,2019_20,2019-20,27,73825,0000000,2773825,27738250000000,27738250000000,Monterey,North Monterey County Unified,TA,332,302,91,133,44,38,12.6,0,0,14,4.2,6,1.8
acgr20.txt,2019_20,2019-20,27,75440,0000000,2775440,27754400000000,27754400000000,Monterey,Soledad Unified,TA,381,357,93.7,164,45.9,0,0,0,0,16,4.2,4,1
acgr20.txt,2019_20,2019-20,27,75473,0000000,2775473,27754730000000,27754730000000,Monterey,Gonzales Unified,TA,199,180,90.5,63,35,16,8.9,26,14.4,4,2,4,2
acgr20.txt,2019_20,2019-20,28,10280,0000000,2810280,28102800000000,28102800000000,Napa,Napa County Office of Education,TA,34,14,41.2,0,0,0,0,0,0,18,52.9,1,2.9
acgr20.txt,2019_20,2019-20,28,66241,0000000,2866241,28662410000000,28662410000000,Napa,Calistoga Joint Unified,TA,61,57,93.4,18,31.6,0,0,0,0,3,4.9,0,0
acgr20.txt,2019_20,2019-20,28,66266,0000000,2866266,28662660000000,28662660000000,Napa,Napa Valley Unified,TA,1484,1350,91,710,52.6,250,18.5,402,29.8,98,6.6,1,0.1
acgr20.txt,2019_20,2019-20,28,66290,0000000,2866290,28662900000000,28662900000000,Napa,Saint Helena Unified,TA,112,104,92.9,50,48.1,34,32.7,40,38.5,3,2.7,1,0.9
acgr20.txt,2019_20,2019-20,29,10298,0000000,2910298,29102980000000,29102980000000,Nevada,Nevada County Office of Education,TA,393,168,42.7,0,0,0,0,0,0,129,32.8,91,23.2
acgr20.txt,2019_20,2019-20,29,66357,0000000,2966357,29663570000000,29663570000000,Nevada,Nevada Joint Union High,TA,696,601,86.4,237,39.4,36,6,182,30.3,56,8,14,2
acgr20.txt,2019_20,2019-20,29,76877,0000000,2976877,29768770000000,29768770000000,Nevada,Penn Valley Union Elementary,TA,NA,NA,NA,NA,NA,NA,NA,NA,NA,NA,NA,NA,NA
acgr20.txt,2019_20,2019-20,30,10306,0000000,3010306,30103060000000,30103060000000,Orange,Orange County Department of Education,TA,1552,640,41.2,171,26.7,26,4.1,40,6.3,375,24.2,469,30.2
acgr20.txt,2019_20,2019-20,30,66431,0000000,3066431,30664310000000,30664310000000,Orange,Anaheim Union High,TA,4905,4525,92.3,2391,52.8,1054,23.3,1099,24.3,156,3.2,108,2.2
acgr20.txt,2019_20,2019-20,30,66449,0000000,3066449,30664490000000,30664490000000,Orange,Brea-Olinda Unified,TA,448,397,88.6,213,53.7,48,12.1,117,29.5,41,9.2,0,0
acgr20.txt,2019_20,2019-20,30,66464,0000000,3066464,30664640000000,30664640000000,Orange,Capistrano Unified,TA,4766,4288,90,2514,58.6,856,20,1418,33.1,316,6.6,58,1.2
acgr20.txt,2019_20,2019-20,30,66514,0000000,3066514,30665140000000,30665140000000,Orange,Fullerton Joint Union High,TA,3435,3022,88,1726,57.1,341,11.3,726,24,344,10,3,0.1
acgr20.txt,2019_20,2019-20,30,66522,0000000,3066522,30665220000000,30665220000000,Orange,Garden Grove Unified,TA,3307,3108,94,1917,61.7,632,20.3,1377,44.3,117,3.5,35,1.1
acgr20.txt,2019_20,2019-20,30,66548,0000000,3066548,30665480000000,30665480000000,Orange,Huntington Beach Union High,TA,3946,3707,93.9,1923,51.9,1066,28.8,1383,37.3,74,1.9,32,0.8
acgr20.txt,2019_20,2019-20,30,66555,0000000,3066555,30665550000000,30665550000000,Orange,Laguna Beach Unified,TA,256,252,98.4,199,79,109,43.3,125,49.6,1,0.4,0,0
acgr20.txt,2019_20,2019-20,30,66597,0000000,3066597,30665970000000,30665970000000,Orange,Newport-Mesa Unified,TA,1736,1535,88.4,973,63.4,297,19.3,609,39.7,128,7.4,28,1.6
acgr20.txt,2019_20,2019-20,30,66621,0000000,3066621,30666210000000,30666210000000,Orange,Orange Unified,TA,2108,1964,93.2,914,46.5,259,13.2,373,19,109,5.2,1,0
acgr20.txt,2019_20,2019-20,30,66647,0000000,3066647,30666470000000,30666470000000,Orange,Placentia-Yorba Linda Unified,TA,2093,1993,95.2,1025,51.4,421,21.1,798,40,25,1.2,33,1.6
acgr20.txt,2019_20,2019-20,30,66670,0000000,3066670,30666700000000,30666700000000,Orange,Santa Ana Unified,TA,4034,3689,91.4,1754,47.5,817,22.1,1351,36.6,106,2.6,137,3.4
acgr20.txt,2019_20,2019-20,30,73635,0000000,3073635,30736350000000,30736350000000,Orange,Saddleback Valley Unified,TA,2270,2109,92.9,978,46.4,396,18.8,841,39.9,80,3.5,30,1.3
acgr20.txt,2019_20,2019-20,30,73643,0000000,3073643,30736430000000,30736430000000,Orange,Tustin Unified,TA,1951,1844,94.5,1195,64.8,305,16.5,259,14,57,2.9,4,0.2
acgr20.txt,2019_20,2019-20,30,73650,0000000,3073650,30736500000000,30736500000000,Orange,Irvine Unified,TA,2677,2533,94.6,1838,72.6,709,28,1486,58.7,65,2.4,16,0.6
acgr20.txt,2019_20,2019-20,30,73924,0000000,3073924,30739240000000,30739240000000,Orange,Los Alamitos Unified,TA,757,736,97.2,542,73.6,305,41.4,317,43.1,13,1.7,0,0
acgr20.txt,2019_20,2019-20,30,76893,0000000,3076893,30768930000000,30768930000000,Orange,SBE - Magnolia Science Academy Santa Ana,TA,26,25,96.2,25,100,4,16,8,32,1,3.8,0,0
acgr20.txt,2019_20,2019-20,31,10314,0000000,3110314,31103140000000,31103140000000,Placer,Placer County Office of Education,TA,111,54,48.6,1,1.9,0,0,0,0,20,18,37,33.3
acgr20.txt,2019_20,2019-20,31,66894,0000000,3166894,31668940000000,31668940000000,Placer,Placer Union High,TA,957,909,95,509,56,154,16.9,353,38.8,16,1.7,10,1
acgr20.txt,2019_20,2019-20,31,66928,0000000,3166928,31669280000000,31669280000000,Placer,Roseville Joint Union High,TA,2598,2340,90.1,1541,65.9,0,0,0,0,220,8.5,5,0.2
acgr20.txt,2019_20,2019-20,31,66944,0000000,3166944,31669440000000,31669440000000,Placer,Tahoe-Truckee Unified,TA,307,277,90.2,165,59.6,46,16.6,72,26,24,7.8,4,1.3
acgr20.txt,2019_20,2019-20,31,66951,0000000,3166951,31669510000000,31669510000000,Placer,Western Placer Unified,TA,803,702,87.4,460,65.5,71,10.1,147,20.9,75,9.3,16,2
acgr20.txt,2019_20,2019-20,31,75085,0000000,3175085,31750850000000,31750850000000,Placer,Rocklin Unified,TA,1211,1161,95.9,806,69.4,153,13.2,386,33.2,15,1.2,14,1.2
acgr20.txt,2019_20,2019-20,32,10322,0000000,3210322,32103220000000,32103220000000,Plumas,Plumas County Office of Education,TA,NA,NA,NA,NA,NA,NA,NA,NA,NA,NA,NA,NA,NA
acgr20.txt,2019_20,2019-20,32,66969,0000000,3266969,32669690000000,32669690000000,Plumas,Plumas Unified,TA,159,136,85.5,23,16.9,0,0,0,0,18,11.3,0,0
acgr20.txt,2019_20,2019-20,33,10330,0000000,3310330,33103300000000,33103300000000,Riverside,Riverside County Office of Education,TA,924,467,50.5,83,17.8,5,1.1,40,8.6,328,35.5,81,8.8
acgr20.txt,2019_20,2019-20,33,31625,0000000,3331625,33316250000000,33316250000000,Riverside,California School for the Deaf-Riverside (State Special Schl),TA,31,5,16.1,0,0,0,0,0,0,25,80.6,0,0
acgr20.txt,2019_20,2019-20,33,66977,0000000,3366977,33669770000000,33669770000000,Riverside,Alvord Unified,TA,1440,1270,88.2,549,43.2,100,7.9,313,24.6,84,5.8,60,4.2
acgr20.txt,2019_20,2019-20,33,66985,0000000,3366985,33669850000000,33669850000000,Riverside,Banning Unified,TA,327,226,69.1,68,30.1,16,7.1,0,0,56,17.1,20,6.1
acgr20.txt,2019_20,2019-20,33,66993,0000000,3366993,33669930000000,33669930000000,Riverside,Beaumont Unified,TA,756,724,95.8,340,47,45,6.2,220,30.4,23,3,3,0.4
acgr20.txt,2019_20,2019-20,33,67033,0000000,3367033,33670330000000,33670330000000,Riverside,Corona-Norco Unified,TA,4305,4067,94.5,2320,57,342,8.4,1066,26.2,116,2.7,68,1.6
acgr20.txt,2019_20,2019-20,33,67058,0000000,3367058,33670580000000,33670580000000,Riverside,Desert Sands Unified,TA,2304,2091,90.8,1217,58.2,317,15.2,404,19.3,119,5.2,31,1.3
acgr20.txt,2019_20,2019-20,33,67082,0000000,3367082,33670820000000,33670820000000,Riverside,Hemet Unified,TA,1750,1496,85.5,823,55,96,6.4,282,18.9,127,7.3,103,5.9
acgr20.txt,2019_20,2019-20,33,67090,0000000,3367090,33670900000000,33670900000000,Riverside,Jurupa Unified,TA,1466,1341,91.5,514,38.3,163,12.2,255,19,64,4.4,53,3.6
acgr20.txt,2019_20,2019-20,33,67116,0000000,3367116,33671160000000,33671160000000,Riverside,Menifee Union Elementary,TA,109,109,100,1,0.9,0,0,1,0.9,0,0,0,0
acgr20.txt,2019_20,2019-20,33,67124,0000000,3367124,33671240000000,33671240000000,Riverside,Moreno Valley Unified,TA,2203,1997,90.6,857,42.9,123,6.2,261,13.1,122,5.5,68,3.1
acgr20.txt,2019_20,2019-20,33,67157,0000000,3367157,33671570000000,33671570000000,Riverside,Nuview Union,TA,142,140,98.6,3,2.1,0,0,0,0,2,1.4,0,0
acgr20.txt,2019_20,2019-20,33,67173,0000000,3367173,33671730000000,33671730000000,Riverside,Palm Springs Unified,TA,1794,1612,89.9,692,42.9,5,0.3,0,0,96,5.4,38,2.1
acgr20.txt,2019_20,2019-20,33,67181,0000000,3367181,33671810000000,33671810000000,Riverside,Palo Verde Unified,TA,308,237,76.9,54,22.8,2,0.8,34,14.3,46,14.9,24,7.8
acgr20.txt,2019_20,2019-20,33,67207,0000000,3367207,33672070000000,33672070000000,Riverside,Perris Union High,TA,2176,1996,91.7,749,37.5,207,10.4,187,9.4,113,5.2,55,2.5
acgr20.txt,2019_20,2019-20,33,67215,0000000,3367215,33672150000000,33672150000000,Riverside,Riverside Unified,TA,3242,3087,95.2,1603,51.9,340,11,836,27.1,65,2,74,2.3
acgr20.txt,2019_20,2019-20,33,67249,0000000,3367249,33672490000000,33672490000000,Riverside,San Jacinto Unified,TA,853,775,90.9,334,43.1,46,5.9,80,10.3,25,2.9,21,2.5
acgr20.txt,2019_20,2019-20,33,73676,0000000,3373676,33736760000000,33736760000000,Riverside,Coachella Valley Unified,TA,1341,1109,82.7,493,44.5,95,8.6,205,18.5,165,12.3,19,1.4
acgr20.txt,2019_20,2019-20,33,75176,0000000,3375176,33751760000000,33751760000000,Riverside,Lake Elsinore Unified,TA,1540,1393,90.5,599,43,125,9,450,32.3,43,2.8,4,0.3
acgr20.txt,2019_20,2019-20,33,75192,0000000,3375192,33751920000000,33751920000000,Riverside,Temecula Valley Unified,TA,2402,2250,93.7,1685,74.9,389,17.3,1285,57.1,55,2.3,37,1.5
acgr20.txt,2019_20,2019-20,33,75200,0000000,3375200,33752000000000,33752000000000,Riverside,Murrieta Valley Unified,TA,2070,2005,96.9,1305,65.1,96,4.8,180,9,10,0.5,11,0.5
acgr20.txt,2019_20,2019-20,33,75242,0000000,3375242,33752420000000,33752420000000,Riverside,Val Verde Unified,TA,1736,1609,92.7,980,60.9,179,11.1,294,18.3,89,5.1,16,0.9
acgr20.txt,2019_20,2019-20,33,76943,0000000,3376943,33769430000000,33769430000000,Riverside,SBE - Baypoint Preparatory Academy,TA,NA,NA,NA,NA,NA,NA,NA,NA,NA,NA,NA,NA,NA
acgr20.txt,2019_20,2019-20,34,10348,0000000,3410348,34103480000000,34103480000000,Sacramento,Sacramento County Office of Education,TA,275,76,27.6,0,0,1,1.3,1,1.3,51,18.5,146,53.1
acgr20.txt,2019_20,2019-20,34,67314,0000000,3467314,34673140000000,34673140000000,Sacramento,Elk Grove Unified,TA,5052,4621,91.5,2538,54.9,395,8.5,1868,40.4,189,3.7,187,3.7
acgr20.txt,2019_20,2019-20,34,67322,0000000,3467322,34673220000000,34673220000000,Sacramento,Elverta Joint Elementary,TA,17,17,100,0,0,0,0,0,0,0,0,0,0
acgr20.txt,2019_20,2019-20,34,67330,0000000,3467330,34673300000000,34673300000000,Sacramento,Folsom-Cordova Unified,TA,1626,1481,91.1,742,50.1,216,14.6,532,35.9,44,2.7,54,3.3
acgr20.txt,2019_20,2019-20,34,67355,0000000,3467355,34673550000000,34673550000000,Sacramento,Galt Joint Union High,TA,502,463,92.2,250,54,91,19.7,110,23.8,21,4.2,14,2.8
acgr20.txt,2019_20,2019-20,34,67413,0000000,3467413,34674130000000,34674130000000,Sacramento,River Delta Joint Unified,TA,162,154,95.1,61,39.6,17,11,0,0,5,3.1,1,0.6
acgr20.txt,2019_20,2019-20,34,67421,0000000,3467421,34674210000000,34674210000000,Sacramento,Robla Elementary,TA,147,26,17.7,0,0,0,0,0,0,36,24.5,81,55.1
acgr20.txt,2019_20,2019-20,34,67439,0000000,3467439,34674390000000,34674390000000,Sacramento,Sacramento City Unified,TA,3050,2536,83.1,1384,54.6,332,13.1,930,36.7,228,7.5,229,7.5
acgr20.txt,2019_20,2019-20,34,67447,0000000,3467447,34674470000000,34674470000000,Sacramento,San Juan Unified,TA,4615,3624,78.5,1300,35.9,433,11.9,804,22.2,445,9.6,474,10.3
acgr20.txt,2019_20,2019-20,34,73973,0000000,3473973,34739730000000,34739730000000,Sacramento,Center Joint Unified,TA,324,278,85.8,51,18.3,45,16.2,0,0,16,4.9,22,6.8
acgr20.txt,2019_20,2019-20,34,75283,0000000,3475283,34752830000000,34752830000000,Sacramento,Natomas Unified,TA,1212,1160,95.7,811,69.9,192,16.6,412,35.5,20,1.7,13,1.1
acgr20.txt,2019_20,2019-20,34,76505,0000000,3476505,34765050000000,34765050000000,Sacramento,Twin Rivers Unified,TA,2065,1488,72.1,469,31.5,129,8.7,265,17.8,422,20.4,128,6.2
acgr20.txt,2019_20,2019-20,35,10355,0000000,3510355,35103550000000,35103550000000,San Benito,San Benito County Office of Education,TA,NA,NA,NA,NA,NA,NA,NA,NA,NA,NA,NA,NA,NA
acgr20.txt,2019_20,2019-20,35,67538,0000000,3567538,35675380000000,35675380000000,San Benito,San Benito High,TA,761,650,85.4,298,45.8,108,16.6,220,33.8,73,9.6,20,2.6
acgr20.txt,2019_20,2019-20,35,75259,0000000,3575259,35752590000000,35752590000000,San Benito,Aromas - San Juan Unified,TA,72,54,75,52,96.3,0,0,0,0,5,6.9,13,18.1
acgr20.txt,2019_20,2019-20,36,10363,0000000,3610363,36103630000000,36103630000000,San Bernardino,San Bernardino County Office of Education,TA,764,474,62,120,25.3,0,0,80,16.9,172,22.5,114,14.9
acgr20.txt,2019_20,2019-20,36,67587,0000000,3667587,36675870000000,36675870000000,San Bernardino,Adelanto Elementary,TA,77,17,22.1,0,0,0,0,0,0,45,58.4,13,16.9
acgr20.txt,2019_20,2019-20,36,67611,0000000,3667611,36676110000000,36676110000000,San Bernardino,Barstow Unified,TA,377,311,82.5,48,15.4,0,0,0,0,36,9.5,24,6.4
acgr20.txt,2019_20,2019-20,36,67637,0000000,3667637,36676370000000,36676370000000,San Bernardino,Bear Valley Unified,TA,178,166,93.3,54,32.5,7,4.2,25,15.1,7,3.9,3,1.7
acgr20.txt,2019_20,2019-20,36,67652,0000000,3667652,36676520000000,36676520000000,San Bernardino,Chaffey Joint Union High,TA,5760,5233,90.9,3771,72.1,830,15.9,1696,32.4,255,4.4,240,4.2
acgr20.txt,2019_20,2019-20,36,67678,0000000,3667678,36676780000000,36676780000000,San Bernardino,Chino Valley Unified,TA,2325,2127,91.5,1194,56.1,242,11.4,758,35.6,132,5.7,33,1.4
acgr20.txt,2019_20,2019-20,36,67686,0000000,3667686,36676860000000,36676860000000,San Bernardino,Colton Joint Unified,TA,1506,1362,90.4,463,34,115,8.4,115,8.4,93,6.2,30,2
acgr20.txt,2019_20,2019-20,36,67710,0000000,3667710,36677100000000,36677100000000,San Bernardino,Fontana Unified,TA,2824,2624,92.9,1439,54.8,433,16.5,419,16,108,3.8,55,1.9
acgr20.txt,2019_20,2019-20,36,67736,0000000,3667736,36677360000000,36677360000000,San Bernardino,Helendale Elementary,TA,407,216,53.1,74,34.3,1,0.5,48,22.2,108,26.5,70,17.2
acgr20.txt,2019_20,2019-20,36,67777,0000000,3667777,36677770000000,36677770000000,San Bernardino,Morongo Unified,TA,528,425,80.5,17,4,0,0,45,10.6,54,10.2,21,4
acgr20.txt,2019_20,2019-20,36,67801,0000000,3667801,36678010000000,36678010000000,San Bernardino,Needles Unified,TA,65,63,96.9,13,20.6,0,0,0,0,2,3.1,0,0
acgr20.txt,2019_20,2019-20,36,67827,0000000,3667827,36678270000000,36678270000000,San Bernardino,Oro Grande,TA,836,607,72.6,57,9.4,0,0,3,0.5,115,13.8,113,13.5
acgr20.txt,2019_20,2019-20,36,67843,0000000,3667843,36678430000000,36678430000000,San Bernardino,Redlands Unified,TA,1696,1565,92.3,755,48.2,124,7.9,431,27.5,67,4,38,2.2
acgr20.txt,2019_20,2019-20,36,67850,0000000,3667850,36678500000000,36678500000000,San Bernardino,Rialto Unified,TA,1956,1809,92.5,868,48,44,2.4,143,7.9,46,2.4,88,4.5
acgr20.txt,2019_20,2019-20,36,67868,0000000,3667868,36678680000000,36678680000000,San Bernardino,Rim of the World Unified,TA,243,204,84,56,27.5,7,3.4,140,68.6,39,16,0,0
acgr20.txt,2019_20,2019-20,36,67876,0000000,3667876,36678760000000,36678760000000,San Bernardino,San Bernardino City Unified,TA,3828,3048,79.6,1152,37.8,458,15,556,18.2,403,10.5,266,6.9
acgr20.txt,2019_20,2019-20,36,67892,0000000,3667892,36678920000000,36678920000000,San Bernardino,Trona Joint Unified,TA,212,20,9.4,5,25,0,0,0,0,188,88.7,3,1.4
acgr20.txt,2019_20,2019-20,36,67934,0000000,3667934,36679340000000,36679340000000,San Bernardino,Victor Valley Union High,TA,2144,1049,48.9,407,38.8,0,0,215,20.5,924,43.1,156,7.3
acgr20.txt,2019_20,2019-20,36,67959,0000000,3667959,36679590000000,36679590000000,San Bernardino,Yucaipa-Calimesa Joint Unified,TA,741,128,17.3,21,16.4,5,3.9,8,6.3,575,77.6,32,4.3
acgr20.txt,2019_20,2019-20,36,73858,0000000,3673858,36738580000000,36738580000000,San Bernardino,Baker Valley Unified,TA,14,10,71.4,0,0,0,0,0,0,3,21.4,0,0
acgr20.txt,2019_20,2019-20,36,73890,0000000,3673890,36738900000000,36738900000000,San Bernardino,Silver Valley Unified,TA,106,95,89.6,28,29.5,1,1.1,14,14.7,2,1.9,3,2.8
acgr20.txt,2019_20,2019-20,36,73957,0000000,3673957,36739570000000,36739570000000,San Bernardino,Snowline Joint Unified,TA,548,486,88.7,189,38.9,61,12.6,0,0,54,9.9,0,0
acgr20.txt,2019_20,2019-20,36,75044,0000000,3675044,36750440000000,36750440000000,San Bernardino,Hesperia Unified,TA,1974,1777,90,655,36.9,137,7.7,267,15,61,3.1,102,5.2
acgr20.txt,2019_20,2019-20,36,75051,0000000,3675051,36750510000000,36750510000000,San Bernardino,Lucerne Valley Unified,TA,1175,420,35.7,49,11.7,9,2.1,44,10.5,273,23.2,466,39.7
acgr20.txt,2019_20,2019-20,36,75069,0000000,3675069,36750690000000,36750690000000,San Bernardino,Upland Unified,TA,896,854,95.3,493,57.7,56,6.6,126,14.8,38,4.2,0,0
acgr20.txt,2019_20,2019-20,36,75077,0000000,3675077,36750770000000,36750770000000,San Bernardino,Apple Valley Unified,TA,991,881,88.9,329,37.3,56,6.4,141,16,47,4.7,22,2.2
acgr20.txt,2019_20,2019-20,37,10371,0000000,3710371,37103710000000,37103710000000,San Diego,San Diego County Office of Education,TA,577,260,45.1,36,13.8,0,0,33,12.7,304,52.7,8,1.4
acgr20.txt,2019_20,2019-20,37,67983,0000000,3767983,37679830000000,37679830000000,San Diego,Borrego Springs Unified,TA,1029,170,16.5,15,8.8,0,0,0,0,250,24.3,589,57.2
acgr20.txt,2019_20,2019-20,37,68023,0000000,3768023,37680230000000,37680230000000,San Diego,Chula Vista Elementary,TA,252,249,98.8,172,69.1,107,43,102,41,1,0.4,1,0.4
acgr20.txt,2019_20,2019-20,37,68031,0000000,3768031,37680310000000,37680310000000,San Diego,Coronado Unified,TA,289,269,93.1,171,63.6,36,13.4,129,48,15,5.2,2,0.7
acgr20.txt,2019_20,2019-20,37,68049,0000000,3768049,37680490000000,37680490000000,San Diego,Dehesa Elementary,TA,603,326,54.1,37,11.3,1,0.3,90,27.6,167,27.7,96,15.9
acgr20.txt,2019_20,2019-20,37,68106,0000000,3768106,37681060000000,37681060000000,San Diego,Escondido Union High,TA,2308,2034,88.1,1122,55.2,314,15.4,749,36.8,108,4.7,112,4.9
acgr20.txt,2019_20,2019-20,37,68122,0000000,3768122,37681220000000,37681220000000,San Diego,Fallbrook Union High,TA,532,435,81.8,169,38.9,36,8.3,154,35.4,47,8.8,42,7.9
acgr20.txt,2019_20,2019-20,37,68130,0000000,3768130,37681300000000,37681300000000,San Diego,Grossmont Union High,TA,4894,4175,85.3,2274,54.5,432,10.3,1770,42.4,385,7.9,210,4.3
acgr20.txt,2019_20,2019-20,37,68155,0000000,3768155,37681550000000,37681550000000,San Diego,Jamul-Dulzura Union Elementary,TA,15,11,73.3,4,36.4,0,0,4,36.4,2,13.3,2,13.3
acgr20.txt,2019_20,2019-20,37,68163,0000000,3768163,37681630000000,37681630000000,San Diego,Julian Union Elementary,TA,181,51,28.2,8,15.7,0,0,8,15.7,50,27.6,69,38.1
acgr20.txt,2019_20,2019-20,37,68171,0000000,3768171,37681710000000,37681710000000,San Diego,Julian Union High,TA,21,21,100,12,57.1,0,0,6,28.6,0,0,0,0
acgr20.txt,2019_20,2019-20,37,68189,0000000,3768189,37681890000000,37681890000000,San Diego,Lakeside Union Elementary,TA,58,48,82.8,48,100,0,0,0,0,9,15.5,0,0
acgr20.txt,2019_20,2019-20,37,68213,0000000,3768213,37682130000000,37682130000000,San Diego,Mountain Empire Unified,TA,412,280,68,32,11.4,0,0,22,7.9,68,16.5,60,14.6
acgr20.txt,2019_20,2019-20,37,68296,0000000,3768296,37682960000000,37682960000000,San Diego,Poway Unified,TA,2854,2686,94.1,2079,77.4,295,11,1591,59.2,62,2.2,69,2.4
acgr20.txt,2019_20,2019-20,37,68304,0000000,3768304,37683040000000,37683040000000,San Diego,Ramona City Unified,TA,456,409,89.7,182,44.5,38,9.3,101,24.7,15,3.3,19,4.2
acgr20.txt,2019_20,2019-20,37,68338,0000000,3768338,37683380000000,37683380000000,San Diego,San Diego Unified,TA,8869,7596,85.6,5468,72,595,7.8,2823,37.2,348,3.9,538,6.1
acgr20.txt,2019_20,2019-20,37,68346,0000000,3768346,37683460000000,37683460000000,San Diego,San Dieguito Union High,TA,2149,2059,95.8,1666,80.9,540,26.2,1665,80.9,52,2.4,12,0.6
acgr20.txt,2019_20,2019-20,37,68403,0000000,3768403,37684030000000,37684030000000,San Diego,Spencer Valley Elementary,TA,387,289,74.7,21,7.3,0,0,12,4.2,58,15,35,9
acgr20.txt,2019_20,2019-20,37,68411,0000000,3768411,37684110000000,37684110000000,San Diego,Sweetwater Union High,TA,6957,6129,88.1,3139,51.2,827,13.5,1164,19,320,4.6,383,5.5
acgr20.txt,2019_20,2019-20,37,68452,0000000,3768452,37684520000000,37684520000000,San Diego,Vista Unified,TA,2317,1567,67.6,696,44.4,123,7.8,229,14.6,684,29.5,6,0.3
acgr20.txt,2019_20,2019-20,37,73551,0000000,3773551,37735510000000,37735510000000,San Diego,Carlsbad Unified,TA,895,839,93.7,630,75.1,186,22.2,392,46.7,26,2.9,0,0
acgr20.txt,2019_20,2019-20,37,73569,0000000,3773569,37735690000000,37735690000000,San Diego,Oceanside Unified,TA,1499,1206,80.5,556,46.1,87,7.2,203,16.8,126,8.4,129,8.6
acgr20.txt,2019_20,2019-20,37,73791,0000000,3773791,37737910000000,37737910000000,San Diego,San Marcos Unified,TA,1599,1493,93.4,852,57.1,0,0,0,0,58,3.6,13,0.8
acgr20.txt,2019_20,2019-20,37,75416,0000000,3775416,37754160000000,37754160000000,San Diego,Warner Unified,TA,227,122,53.7,21,17.2,1,0.8,31,25.4,38,16.7,60,26.4
acgr20.txt,2019_20,2019-20,37,75614,0000000,3775614,37756140000000,37756140000000,San Diego,Valley Center-Pauma Unified,TA,288,267,92.7,0,0,18,6.7,86,32.2,9,3.1,5,1.7
acgr20.txt,2019_20,2019-20,37,76471,0000000,3776471,37764710000000,37764710000000,San Diego,SBC - High Tech High,TA,217,202,93.1,200,99,0,0,31,15.3,15,6.9,0,0
acgr20.txt,2019_20,2019-20,37,76851,0000000,3776851,37768510000000,37768510000000,San Diego,Bonsall Unified,TA,83,70,84.3,41,58.6,0,0,0,0,10,12,0,0
acgr20.txt,2019_20,2019-20,37,77032,0000000,3777032,37770320000000,37770320000000,San Diego,SBE - Audeo Charter II,TA,87,39,44.8,7,17.9,0,0,5,12.8,15,17.2,25,28.7
acgr20.txt,2019_20,2019-20,37,77099,0000000,3777099,37770990000000,37770990000000,San Diego,SBE - Grossmont Secondary,TA,128,57,44.5,4,7,0,0,7,12.3,12,9.4,47,36.7
acgr20.txt,2019_20,2019-20,37,77107,0000000,3777107,37771070000000,37771070000000,San Diego,SBE - Sweetwater Secondary,TA,93,47,50.5,6,12.8,0,0,8,17,6,6.5,32,34.4
acgr20.txt,2019_20,2019-20,38,10389,0000000,3810389,38103890000000,38103890000000,San Francisco,San Francisco County Office of Education,TA,89,41,46.1,1,2.4,0,0,1,2.4,45,50.6,1,1.1
acgr20.txt,2019_20,2019-20,38,68478,0000000,3868478,38684780000000,38684780000000,San Francisco,San Francisco Unified,TA,4866,3856,79.2,2412,62.6,607,15.7,1362,35.3,612,12.6,295,6.1
acgr20.txt,2019_20,2019-20,39,10397,0000000,3910397,39103970000000,39103970000000,San Joaquin,San Joaquin County Office of Education,TA,1130,546,48.3,59,10.8,28,5.1,44,8.1,221,19.6,361,31.9
acgr20.txt,2019_20,2019-20,39,68502,0000000,3968502,39685020000000,39685020000000,San Joaquin,Escalon Unified,TA,199,192,96.5,70,36.5,26,13.5,44,22.9,6,3,0,0
acgr20.txt,2019_20,2019-20,39,68569,0000000,3968569,39685690000000,39685690000000,San Joaquin,Lincoln Unified,TA,776,726,93.6,288,39.7,59,8.1,123,16.9,23,3,15,1.9
acgr20.txt,2019_20,2019-20,39,68577,0000000,3968577,39685770000000,39685770000000,San Joaquin,Linden Unified,TA,168,158,94,51,32.3,6,3.8,12,7.6,6,3.6,2,1.2
acgr20.txt,2019_20,2019-20,39,68585,0000000,3968585,39685850000000,39685850000000,San Joaquin,Lodi Unified,TA,2429,2127,87.6,580,27.3,120,5.6,589,27.7,148,6.1,107,4.4
acgr20.txt,2019_20,2019-20,39,68593,0000000,3968593,39685930000000,39685930000000,San Joaquin,Manteca Unified,TA,1841,1725,93.7,569,33,140,8.1,311,18,51,2.8,36,2
acgr20.txt,2019_20,2019-20,39,68627,0000000,3968627,39686270000000,39686270000000,San Joaquin,New Jerusalem Elementary,TA,769,593,77.1,77,13,1,0.2,18,3,88,11.4,84,10.9
acgr20.txt,2019_20,2019-20,39,68650,0000000,3968650,39686500000000,39686500000000,San Joaquin,Ripon Unified,TA,472,183,38.8,55,30.1,20,10.9,22,12,280,59.3,1,0.2
acgr20.txt,2019_20,2019-20,39,68676,0000000,3968676,39686760000000,39686760000000,San Joaquin,Stockton Unified,TA,2697,2148,79.6,904,42.1,231,10.8,309,14.4,283,10.5,138,5.1
acgr20.txt,2019_20,2019-20,39,75499,0000000,3975499,39754990000000,39754990000000,San Joaquin,Tracy Joint Unified,TA,1644,1509,91.8,580,38.4,0,0,165,10.9,85,5.2,30,1.8
acgr20.txt,2019_20,2019-20,39,76760,0000000,3976760,39767600000000,39767600000000,San Joaquin,Lammersville Joint Unified,TA,341,9,2.6,0,0,0,0,0,0,330,96.8,1,0.3
acgr20.txt,2019_20,2019-20,40,10405,0000000,4010405,40104050000000,40104050000000,San Luis Obispo,San Luis Obispo County Office of Education,TA,258,188,72.9,0,0,0,0,0,0,27,10.5,31,12
acgr20.txt,2019_20,2019-20,40,68700,0000000,4068700,40687000000000,40687000000000,San Luis Obispo,Atascadero Unified,TA,376,357,94.9,16,4.5,57,16,65,18.2,5,1.3,11,2.9
acgr20.txt,2019_20,2019-20,40,68759,0000000,4068759,40687590000000,40687590000000,San Luis Obispo,Lucia Mar Unified,TA,826,752,91,351,46.7,0,0,0,0,29,3.5,14,1.7
acgr20.txt,2019_20,2019-20,40,68809,0000000,4068809,40688090000000,40688090000000,San Luis Obispo,San Luis Coastal Unified,TA,576,546,94.8,326,59.7,85,15.6,259,47.4,19,3.3,0,0
acgr20.txt,2019_20,2019-20,40,68833,0000000,4068833,40688330000000,40688330000000,San Luis Obispo,Shandon Joint Unified,TA,20,18,90,4,22.2,0,0,0,0,2,10,0,0
acgr20.txt,2019_20,2019-20,40,68841,0000000,4068841,40688410000000,40688410000000,San Luis Obispo,Templeton Unified,TA,227,213,93.8,53,24.9,0,0,0,0,4,1.8,0,0
acgr20.txt,2019_20,2019-20,40,75457,0000000,4075457,40754570000000,40754570000000,San Luis Obispo,Paso Robles Joint Unified,TA,559,493,88.2,156,31.6,33,6.7,163,33.1,45,8.1,11,2
acgr20.txt,2019_20,2019-20,40,75465,0000000,4075465,40754650000000,40754650000000,San Luis Obispo,Coast Unified,TA,49,43,87.8,0,0,1,2.3,0,0,6,12.2,0,0
acgr20.txt,2019_20,2019-20,41,10413,0000000,4110413,41104130000000,41104130000000,San Mateo,San Mateo County Office of Education,TA,50,17,34,0,0,0,0,0,0,14,28,2,4
acgr20.txt,2019_20,2019-20,41,68890,0000000,4168890,41688900000000,41688900000000,San Mateo,Cabrillo Unified,TA,271,241,88.9,98,40.7,35,14.5,51,21.2,16,5.9,9,3.3
acgr20.txt,2019_20,2019-20,41,68916,0000000,4168916,41689160000000,41689160000000,San Mateo,Jefferson Elementary,TA,167,114,68.3,29,25.4,0,0,18,15.8,33,19.8,15,9
acgr20.txt,2019_20,2019-20,41,68924,0000000,4168924,41689240000000,41689240000000,San Mateo,Jefferson Union High,TA,1200,1089,90.8,526,48.3,39,3.6,198,18.2,40,3.3,22,1.8
acgr20.txt,2019_20,2019-20,41,68940,0000000,4168940,41689400000000,41689400000000,San Mateo,La Honda-Pescadero Unified,TA,20,20,100,12,60,7,35,11,55,0,0,0,0
acgr20.txt,2019_20,2019-20,41,69047,0000000,4169047,41690470000000,41690470000000,San Mateo,San Mateo Union High,TA,2459,2238,91,1528,68.3,623,27.8,1042,46.6,96,3.9,69,2.8
acgr20.txt,2019_20,2019-20,41,69062,0000000,4169062,41690620000000,41690620000000,San Mateo,Sequoia Union High,TA,2467,2161,87.6,1487,68.8,302,14,810,37.5,236,9.6,1,0
acgr20.txt,2019_20,2019-20,41,69070,0000000,4169070,41690700000000,41690700000000,San Mateo,South San Francisco Unified,TA,670,563,84,228,40.5,33,5.9,206,36.6,59,8.8,0,0
acgr20.txt,2019_20,2019-20,42,10421,0000000,4210421,42104210000000,42104210000000,Santa Barbara,Santa Barbara County Office of Education,TA,32,14,43.8,0,0,0,0,0,0,12,37.5,6,18.8
acgr20.txt,2019_20,2019-20,42,69112,0000000,4269112,42691120000000,42691120000000,Santa Barbara,Blochman Union Elementary,TA,96,86,89.6,11,12.8,0,0,20,23.3,2,2.1,3,3.1
acgr20.txt,2019_20,2019-20,42,69146,0000000,4269146,42691460000000,42691460000000,Santa Barbara,Carpinteria Unified,TA,159,148,93.1,76,51.4,20,13.5,79,53.4,2,1.3,0,0
acgr20.txt,2019_20,2019-20,42,69229,0000000,4269229,42692290000000,42692290000000,Santa Barbara,Lompoc Unified,TA,669,617,92.2,210,34,38,6.2,103,16.7,14,2.1,30,4.5
acgr20.txt,2019_20,2019-20,42,69260,0000000,4269260,42692600000000,42692600000000,Santa Barbara,Orcutt Union Elementary,TA,133,2,1.5,1,50,0,0,0,0,131,98.5,0,0
acgr20.txt,2019_20,2019-20,42,69310,0000000,4269310,42693100000000,42693100000000,Santa Barbara,Santa Maria Joint Union High,TA,1949,1774,91,619,34.9,208,11.7,385,21.7,93,4.8,69,3.5
acgr20.txt,2019_20,2019-20,42,69328,0000000,4269328,42693280000000,42693280000000,Santa Barbara,Santa Ynez Valley Union High,TA,209,198,94.7,75,37.9,0,0,48,24.2,6,2.9,4,1.9
acgr20.txt,2019_20,2019-20,42,75010,0000000,4275010,42750100000000,42750100000000,Santa Barbara,Cuyama Joint Unified,TA,101,14,13.9,13,92.9,0,0,0,0,84,83.2,1,1
acgr20.txt,2019_20,2019-20,42,76786,0000000,4276786,42767860000000,42767860000000,Santa Barbara,Santa Barbara Unified,TA,1540,1413,91.8,774,54.8,166,11.7,624,44.2,49,3.2,62,4
acgr20.txt,2019_20,2019-20,42,77198,0000000,4277198,42771980000000,42771980000000,Santa Barbara,SBE - Olive Grove Charter - Orcutt/Santa Maria,TA,94,63,67,0,0,0,0,10,15.9,22,23.4,8,8.5
acgr20.txt,2019_20,2019-20,42,77206,0000000,4277206,42772060000000,42772060000000,Santa Barbara,SBE - Olive Grove Charter - Lompoc,TA,36,28,77.8,0,0,0,0,1,3.6,4,11.1,4,11.1
acgr20.txt,2019_20,2019-20,42,77214,0000000,4277214,42772140000000,42772140000000,Santa Barbara,SBE - Olive Grove Charter - Buellton,TA,18,13,72.2,0,0,0,0,1,7.7,3,16.7,2,11.1
acgr20.txt,2019_20,2019-20,42,77222,0000000,4277222,42772220000000,42772220000000,Santa Barbara,SBE - Olive Grove Charter - Santa Barbara,TA,78,51,65.4,0,0,0,0,6,11.8,18,23.1,8,10.3
acgr20.txt,2019_20,2019-20,43,10439,0000000,4310439,43104390000000,43104390000000,Santa Clara,Santa Clara County Office of Education,TA,689,406,58.9,327,80.5,72,17.7,101,24.9,123,17.9,146,21.2
acgr20.txt,2019_20,2019-20,43,69401,0000000,4369401,43694010000000,43694010000000,Santa Clara,Campbell Union High,TA,1959,1757,89.7,1202,68.4,286,16.3,200,11.4,71,3.6,52,2.7
acgr20.txt,2019_20,2019-20,43,69427,0000000,4369427,43694270000000,43694270000000,Santa Clara,East Side Union High,TA,6895,5406,78.4,2895,53.6,832,15.4,1729,32,997,14.5,386,5.6
acgr20.txt,2019_20,2019-20,43,69468,0000000,4369468,43694680000000,43694680000000,Santa Clara,Fremont Union High,TA,2698,2546,94.4,2129,83.6,1124,44.1,1761,69.2,73,2.7,38,1.4
acgr20.txt,2019_20,2019-20,43,69484,0000000,4369484,43694840000000,43694840000000,Santa Clara,Gilroy Unified,TA,941,815,86.6,405,49.7,138,16.9,286,35.1,62,6.6,30,3.2
acgr20.txt,2019_20,2019-20,43,69534,0000000,4369534,43695340000000,43695340000000,Santa Clara,Los Gatos-Saratoga Union High,TA,889,865,97.3,691,79.9,153,17.7,0,0,14,1.6,1,0.1
acgr20.txt,2019_20,2019-20,43,69583,0000000,4369583,43695830000000,43695830000000,Santa Clara,Morgan Hill Unified,TA,691,601,87,325,54.1,103,17.1,235,39.1,62,9,4,0.6
acgr20.txt,2019_20,2019-20,43,69609,0000000,4369609,43696090000000,43696090000000,Santa Clara,Mountain View-Los Altos Union High,TA,1089,468,43,347,74.1,0,0,0,0,576,52.9,37,3.4
acgr20.txt,2019_20,2019-20,43,69641,0000000,4369641,43696410000000,43696410000000,Santa Clara,Palo Alto Unified,TA,1017,959,94.3,878,91.6,297,31,637,66.4,34,3.3,18,1.8
acgr20.txt,2019_20,2019-20,43,69666,0000000,4369666,43696660000000,43696660000000,Santa Clara,San Jose Unified,TA,2592,2391,92.2,1322,55.3,300,12.5,648,27.1,91,3.5,92,3.5
acgr20.txt,2019_20,2019-20,43,69674,0000000,4369674,43696740000000,43696740000000,Santa Clara,Santa Clara Unified,TA,1116,970,86.9,507,52.3,392,40.4,397,40.9,72,6.5,47,4.2
acgr20.txt,2019_20,2019-20,43,73387,0000000,4373387,43733870000000,43733870000000,Santa Clara,Milpitas Unified,TA,825,25,3,16,64,0,0,0,0,771,93.5,21,2.5
acgr20.txt,2019_20,2019-20,44,10447,0000000,4410447,44104470000000,44104470000000,Santa Cruz,Santa Cruz County Office of Education,TA,565,317,56.1,168,53,21,6.6,50,15.8,193,34.2,1,0.2
acgr20.txt,2019_20,2019-20,44,69799,0000000,4469799,44697990000000,44697990000000,Santa Cruz,Pajaro Valley Unified,TA,1316,1115,84.7,518,46.5,117,10.5,0,0,111,8.4,39,3
acgr20.txt,2019_20,2019-20,44,69807,0000000,4469807,44698070000000,44698070000000,Santa Cruz,San Lorenzo Valley Unified,TA,336,303,90.2,132,43.6,36,11.9,148,48.8,19,5.7,7,2.1
acgr20.txt,2019_20,2019-20,44,69823,0000000,4469823,44698230000000,44698230000000,Santa Cruz,Santa Cruz City High,TA,849,765,90.1,467,61,112,14.6,216,28.2,66,7.8,0,0
acgr20.txt,2019_20,2019-20,44,75432,0000000,4475432,44754320000000,44754320000000,Santa Cruz,Scotts Valley Unified,TA,232,216,93.1,19,8.8,16,7.4,97,44.9,14,6,0,0
acgr20.txt,2019_20,2019-20,45,10454,0000000,4510454,45104540000000,45104540000000,Shasta,Shasta County Office of Education,TA,101,74,73.3,0,0,0,0,0,0,27,26.7,0,0
acgr20.txt,2019_20,2019-20,45,69856,0000000,4569856,45698560000000,45698560000000,Shasta,Anderson Union High,TA,401,348,86.8,119,34.2,0,0,60,17.2,42,10.5,0,0
acgr20.txt,2019_20,2019-20,45,69971,0000000,4569971,45699710000000,45699710000000,Shasta,Enterprise Elementary,TA,11,10,90.9,8,80,0,0,2,20,0,0,1,9.1
acgr20.txt,2019_20,2019-20,45,69989,0000000,4569989,45699890000000,45699890000000,Shasta,Fall River Joint Unified,TA,90,81,90,19,23.5,0,0,0,0,8,8.9,0,0
acgr20.txt,2019_20,2019-20,45,70110,0000000,4570110,45701100000000,45701100000000,Shasta,Redding Elementary,TA,21,20,95.2,5,25,0,0,0,0,1,4.8,0,0
acgr20.txt,2019_20,2019-20,45,70136,0000000,4570136,45701360000000,45701360000000,Shasta,Shasta Union High,TA,1270,1153,90.8,479,41.5,0,0,328,28.4,51,4,23,1.8
acgr20.txt,2019_20,2019-20,45,70169,0000000,4570169,45701690000000,45701690000000,Shasta,Whitmore Union Elementary,TA,89,82,92.1,6,7.3,0,0,6,7.3,5,5.6,1,1.1
acgr20.txt,2019_20,2019-20,45,75267,0000000,4575267,45752670000000,45752670000000,Shasta,Gateway Unified,TA,169,133,78.7,44,33.1,0,0,0,0,29,17.2,0,0
acgr20.txt,2019_20,2019-20,46,70177,0000000,4670177,46701770000000,46701770000000,Sierra,Sierra-Plumas Joint Unified,TA,37,36,97.3,16,44.4,0,0,0,0,1,2.7,0,0
acgr20.txt,2019_20,2019-20,47,10470,0000000,4710470,47104700000000,47104700000000,Siskiyou,Siskiyou County Office of Education,TA,84,59,70.2,9,15.3,0,0,0,0,14,16.7,8,9.5
acgr20.txt,2019_20,2019-20,47,70250,0000000,4770250,47702500000000,47702500000000,Siskiyou,Dunsmuir Joint Union High,TA,16,16,100,16,100,0,0,0,0,0,0,0,0
acgr20.txt,2019_20,2019-20,47,70466,0000000,4770466,47704660000000,47704660000000,Siskiyou,Siskiyou Union High,TA,109,100,91.7,38,38,0,0,27,27,7,6.4,2,1.8
acgr20.txt,2019_20,2019-20,47,70516,0000000,4770516,47705160000000,47705160000000,Siskiyou,Yreka Union High,TA,146,123,84.2,55,44.7,0,0,0,0,13,8.9,2,1.4
acgr20.txt,2019_20,2019-20,47,73684,0000000,4773684,47736840000000,47736840000000,Siskiyou,Butte Valley Unified,TA,26,19,73.1,2,10.5,0,0,0,0,4,15.4,1,3.8
acgr20.txt,2019_20,2019-20,47,76455,0000000,4776455,47764550000000,47764550000000,Siskiyou,Scott Valley Unified,TA,53,52,98.1,25,48.1,2,3.8,12,23.1,0,0,0,0
acgr20.txt,2019_20,2019-20,48,10488,0000000,4810488,48104880000000,48104880000000,Solano,Solano County Office of Education,TA,77,27,35.1,0,0,0,0,0,0,37,48.1,13,16.9
acgr20.txt,2019_20,2019-20,48,70524,0000000,4870524,48705240000000,48705240000000,Solano,Benicia Unified,TA,438,421,96.1,183,43.5,39,9.3,119,28.3,5,1.1,8,1.8
acgr20.txt,2019_20,2019-20,48,70532,0000000,4870532,48705320000000,48705320000000,Solano,Dixon Unified,TA,305,265,86.9,112,42.3,0,0,0,0,37,12.1,0,0
acgr20.txt,2019_20,2019-20,48,70540,0000000,4870540,48705400000000,48705400000000,Solano,Fairfield-Suisun Unified,TA,1504,1313,87.3,499,38,136,10.4,361,27.5,130,8.6,22,1.5
acgr20.txt,2019_20,2019-20,48,70565,0000000,4870565,48705650000000,48705650000000,Solano,Travis Unified,TA,437,418,95.7,210,50.2,1,0.2,135,32.3,3,0.7,9,2.1
acgr20.txt,2019_20,2019-20,48,70573,0000000,4870573,48705730000000,48705730000000,Solano,Vacaville Unified,TA,1154,1059,91.8,559,52.8,92,8.7,22,2.1,81,7,7,0.6
acgr20.txt,2019_20,2019-20,48,70581,0000000,4870581,48705810000000,48705810000000,Solano,Vallejo City Unified,TA,1035,800,77.3,322,40.3,46,5.8,31,3.9,192,18.6,28,2.7
acgr20.txt,2019_20,2019-20,49,10496,0000000,4910496,49104960000000,49104960000000,Sonoma,Sonoma County Office of Education,TA,81,18,22.2,0,0,0,0,0,0,43,53.1,19,23.5
acgr20.txt,2019_20,2019-20,49,70607,0000000,4970607,49706070000000,49706070000000,Sonoma,West Sonoma County Union High,TA,444,287,64.6,115,40.1,24,8.4,82,28.6,148,33.3,3,0.7
acgr20.txt,2019_20,2019-20,49,70656,0000000,4970656,49706560000000,49706560000000,Sonoma,Cloverdale Unified,TA,99,69,69.7,27,39.1,16,23.2,21,30.4,12,12.1,18,18.2
acgr20.txt,2019_20,2019-20,49,70706,0000000,4970706,49707060000000,49707060000000,Sonoma,Geyserville Unified,TA,16,15,93.8,0,0,0,0,0,0,1,6.3,0,0
acgr20.txt,2019_20,2019-20,49,70722,0000000,4970722,49707220000000,49707220000000,Sonoma,Guerneville Elementary,TA,51,13,25.5,2,15.4,0,0,1,7.7,30,58.8,8,15.7
acgr20.txt,2019_20,2019-20,49,70730,0000000,4970730,49707300000000,49707300000000,Sonoma,Harmony Union Elementary,TA,63,41,65.1,4,9.8,0,0,6,14.6,9,14.3,10,15.9
acgr20.txt,2019_20,2019-20,49,70797,0000000,4970797,49707970000000,49707970000000,Sonoma,Liberty Elementary,TA,122,60,49.2,7,11.7,0,0,10,16.7,47,38.5,14,11.5
acgr20.txt,2019_20,2019-20,49,70839,0000000,4970839,49708390000000,49708390000000,Sonoma,Oak Grove Union Elementary,TA,133,55,41.4,2,3.6,0,0,0,0,42,31.6,36,27.1
acgr20.txt,2019_20,2019-20,49,70854,0000000,4970854,49708540000000,49708540000000,Sonoma,Petaluma City Elementary,TA,NA,NA,NA,NA,NA,NA,NA,NA,NA,NA,NA,NA,NA
acgr20.txt,2019_20,2019-20,49,70862,0000000,4970862,49708620000000,49708620000000,Sonoma,Petaluma Joint Union High,TA,764,657,86,273,41.6,79,12,217,33,41,5.4,29,3.8
acgr20.txt,2019_20,2019-20,49,70870,0000000,4970870,49708700000000,49708700000000,Sonoma,Piner-Olivet Union Elementary,TA,16,13,81.3,3,23.1,0,0,0,0,3,18.8,0,0
acgr20.txt,2019_20,2019-20,49,70904,0000000,4970904,49709040000000,49709040000000,Sonoma,Roseland,TA,145,136,93.8,83,61,31,22.8,19,14,8,5.5,1,0.7
acgr20.txt,2019_20,2019-20,49,70920,0000000,4970920,49709200000000,49709200000000,Sonoma,Santa Rosa High,TA,1984,1672,84.3,446,26.7,258,15.4,247,14.8,197,9.9,60,3
acgr20.txt,2019_20,2019-20,49,70953,0000000,4970953,49709530000000,49709530000000,Sonoma,Sonoma Valley Unified,TA,329,300,91.2,164,54.7,45,15,72,24,4,1.2,6,1.8
acgr20.txt,2019_20,2019-20,49,70961,0000000,4970961,49709610000000,49709610000000,Sonoma,Twin Hills Union Elementary,TA,32,31,96.9,7,22.6,0,0,0,0,1,3.1,0,0
acgr20.txt,2019_20,2019-20,49,73882,0000000,4973882,49738820000000,49738820000000,Sonoma,Cotati-Rohnert Park Unified,TA,568,521,91.7,285,54.7,45,8.6,71,13.6,26,4.6,5,0.9
acgr20.txt,2019_20,2019-20,49,75358,0000000,4975358,49753580000000,49753580000000,Sonoma,Windsor Unified,TA,467,419,89.7,162,38.7,42,10,75,17.9,21,4.5,18,3.9
acgr20.txt,2019_20,2019-20,49,75390,0000000,4975390,49753900000000,49753900000000,Sonoma,Healdsburg Unified,TA,129,111,86,58,52.3,10,9,21,18.9,10,7.8,2,1.6
acgr20.txt,2019_20,2019-20,50,10504,0000000,5010504,50105040000000,50105040000000,Stanislaus,Stanislaus County Office of Education,TA,480,84,17.5,8,9.5,0,0,0,0,280,58.3,116,24.2
acgr20.txt,2019_20,2019-20,50,71043,0000000,5071043,50710430000000,50710430000000,Stanislaus,Ceres Unified,TA,1089,938,86.1,467,49.8,110,11.7,175,18.7,112,10.3,1,0.1
acgr20.txt,2019_20,2019-20,50,71068,0000000,5071068,50710680000000,50710680000000,Stanislaus,Denair Unified,TA,151,116,76.8,28,24.1,7,6,28,24.1,20,13.2,10,6.6
acgr20.txt,2019_20,2019-20,50,71092,0000000,5071092,50710920000000,50710920000000,Stanislaus,Hart-Ransom Union Elementary,TA,26,23,88.5,0,0,0,0,0,0,3,11.5,0,0
acgr20.txt,2019_20,2019-20,50,71134,0000000,5071134,50711340000000,50711340000000,Stanislaus,Keyes Union,TA,23,21,91.3,2,9.5,0,0,0,0,2,8.7,0,0
acgr20.txt,2019_20,2019-20,50,71167,0000000,5071167,50711670000000,50711670000000,Stanislaus,Modesto City Elementary,TA,20,19,95,1,5.3,0,0,3,15.8,0,0,1,5
acgr20.txt,2019_20,2019-20,50,71175,0000000,5071175,50711750000000,50711750000000,Stanislaus,Modesto City High,TA,3654,3189,87.3,1291,40.5,240,7.5,916,28.7,217,5.9,159,4.4
acgr20.txt,2019_20,2019-20,50,71217,0000000,5071217,50712170000000,50712170000000,Stanislaus,Patterson Joint Unified,TA,483,421,87.2,111,26.4,37,8.8,171,40.6,32,6.6,13,2.7
acgr20.txt,2019_20,2019-20,50,73601,0000000,5073601,50736010000000,50736010000000,Stanislaus,Newman-Crows Landing Unified,TA,224,203,90.6,110,54.2,38,18.7,59,29.1,18,8,1,0.4
acgr20.txt,2019_20,2019-20,50,75549,0000000,5075549,50755490000000,50755490000000,Stanislaus,Hughson Unified,TA,184,182,98.9,66,36.3,0,0,0,0,1,0.5,0,0
acgr20.txt,2019_20,2019-20,50,75556,0000000,5075556,50755560000000,50755560000000,Stanislaus,Riverbank Unified,TA,204,44,21.6,2,4.5,0,0,0,0,155,76,5,2.5
acgr20.txt,2019_20,2019-20,50,75564,0000000,5075564,50755640000000,50755640000000,Stanislaus,Oakdale Joint Unified,TA,406,376,92.6,98,26.1,14,3.7,80,21.3,18,4.4,10,2.5
acgr20.txt,2019_20,2019-20,50,75572,0000000,5075572,50755720000000,50755720000000,Stanislaus,Waterford Unified,TA,328,283,86.3,90,31.8,25,8.8,39,13.8,19,5.8,14,4.3
acgr20.txt,2019_20,2019-20,50,75739,0000000,5075739,50757390000000,50757390000000,Stanislaus,Turlock Unified,TA,1260,1187,94.2,487,41,81,6.8,288,24.3,40,3.2,8,0.6
acgr20.txt,2019_20,2019-20,51,10512,0000000,5110512,51105120000000,51105120000000,Sutter,Sutter County Office of Education,TA,45,13,28.9,0,0,0,0,0,0,10,22.2,12,26.7
acgr20.txt,2019_20,2019-20,51,71373,0000000,5171373,51713730000000,51713730000000,Sutter,East Nicolaus Joint Union High,TA,78,76,97.4,41,53.9,1,1.3,0,0,2,2.6,0,0
acgr20.txt,2019_20,2019-20,51,71399,0000000,5171399,51713990000000,51713990000000,Sutter,Live Oak Unified,TA,154,140,90.9,66,47.1,17,12.1,43,30.7,7,4.5,0,0
acgr20.txt,2019_20,2019-20,51,71407,0000000,5171407,51714070000000,51714070000000,Sutter,Marcum-Illinois Union Elementary,TA,179,152,84.9,17,11.2,4,2.6,52,34.2,17,9.5,10,5.6
acgr20.txt,2019_20,2019-20,51,71415,0000000,5171415,51714150000000,51714150000000,Sutter,Meridian Elementary,TA,146,83,56.8,8,9.6,0,0,8,9.6,51,34.9,11,7.5
acgr20.txt,2019_20,2019-20,51,71423,0000000,5171423,51714230000000,51714230000000,Sutter,Nuestro Elementary,TA,24,23,95.8,0,0,0,0,0,0,1,4.2,0,0
acgr20.txt,2019_20,2019-20,51,71449,0000000,5171449,51714490000000,51714490000000,Sutter,Sutter Union High,TA,182,175,96.2,82,46.9,63,36,48,27.4,4,2.2,1,0.5
acgr20.txt,2019_20,2019-20,51,71456,0000000,5171456,51714560000000,51714560000000,Sutter,Winship-Robbins,TA,108,97,89.8,9,9.3,1,1,27,27.8,4,3.7,3,2.8
acgr20.txt,2019_20,2019-20,51,71464,0000000,5171464,51714640000000,51714640000000,Sutter,Yuba City Unified,TA,975,835,85.6,297,35.6,62,7.4,227,27.2,86,8.8,33,3.4
acgr20.txt,2019_20,2019-20,52,10520,0000000,5210520,52105200000000,52105200000000,Tehama,Tehama County Department of Education,TA,41,24,58.5,0,0,0,0,0,0,14,34.1,1,2.4
acgr20.txt,2019_20,2019-20,52,71506,0000000,5271506,52715060000000,52715060000000,Tehama,Corning Union High,TA,253,228,90.1,46,20.2,19,8.3,0,0,20,7.9,0,0
acgr20.txt,2019_20,2019-20,52,71522,0000000,5271522,52715220000000,52715220000000,Tehama,Evergreen Union,TA,11,11,100,2,18.2,0,0,1,9.1,0,0,0,0
acgr20.txt,2019_20,2019-20,52,71571,0000000,5271571,52715710000000,52715710000000,Tehama,Los Molinos Unified,TA,63,54,85.7,13,24.1,0,0,0,0,6,9.5,0,0
acgr20.txt,2019_20,2019-20,52,71639,0000000,5271639,52716390000000,52716390000000,Tehama,Red Bluff Joint Union High,TA,445,401,90.1,94,23.4,25,6.2,50,12.5,9,2,4,0.9
acgr20.txt,2019_20,2019-20,53,10538,0000000,5310538,53105380000000,53105380000000,Trinity,Trinity County Office of Education,TA,36,12,33.3,0,0,0,0,0,0,10,27.8,11,30.6
acgr20.txt,2019_20,2019-20,53,73833,0000000,5373833,53738330000000,53738330000000,Trinity,Southern Trinity Joint Unified,TA,NA,NA,NA,NA,NA,NA,NA,NA,NA,NA,NA,NA,NA
acgr20.txt,2019_20,2019-20,53,75028,0000000,5375028,53750280000000,53750280000000,Trinity,Mountain Valley Unified,TA,21,21,100,4,19,0,0,0,0,0,0,0,0
acgr20.txt,2019_20,2019-20,53,76513,0000000,5376513,53765130000000,53765130000000,Trinity,Trinity Alps Unified,TA,79,66,83.5,25,37.9,1,1.5,14,21.2,7,8.9,0,0
acgr20.txt,2019_20,2019-20,54,10546,0000000,5410546,54105460000000,54105460000000,Tulare,Tulare County Office of Education,TA,229,103,45,50,48.5,0,0,0,0,114,49.8,4,1.7
acgr20.txt,2019_20,2019-20,54,71803,0000000,5471803,54718030000000,54718030000000,Tulare,Alpaugh Unified,TA,89,51,57.3,9,17.6,1,2,0,0,36,40.4,1,1.1
acgr20.txt,2019_20,2019-20,54,71837,0000000,5471837,54718370000000,54718370000000,Tulare,Burton Elementary,TA,81,75,92.6,38,50.7,0,0,0,0,6,7.4,0,0
acgr20.txt,2019_20,2019-20,54,71860,0000000,5471860,54718600000000,54718600000000,Tulare,Cutler-Orosi Joint Unified,TA,297,266,89.6,132,49.6,38,14.3,38,14.3,11,3.7,4,1.3
acgr20.txt,2019_20,2019-20,54,71993,0000000,5471993,54719930000000,54719930000000,Tulare,Lindsay Unified,TA,288,261,90.6,109,41.8,44,16.9,0,0,11,3.8,4,1.4
acgr20.txt,2019_20,2019-20,54,72140,0000000,5472140,54721400000000,54721400000000,Tulare,Stone Corral Elementary,TA,188,39,20.7,0,0,0,0,0,0,42,22.3,104,55.3
acgr20.txt,2019_20,2019-20,54,72249,0000000,5472249,54722490000000,54722490000000,Tulare,Tulare Joint Union High,TA,1359,1305,96,529,40.5,160,12.3,258,19.8,45,3.3,3,0.2
acgr20.txt,2019_20,2019-20,54,72256,0000000,5472256,54722560000000,54722560000000,Tulare,Visalia Unified,TA,2138,1982,92.7,715,36.1,185,9.3,403,20.3,88,4.1,40,1.9
acgr20.txt,2019_20,2019-20,54,75325,0000000,5475325,54753250000000,54753250000000,Tulare,Farmersville Unified,TA,175,155,88.6,62,40,0,0,0,0,14,8,2,1.1
acgr20.txt,2019_20,2019-20,54,75523,0000000,5475523,54755230000000,54755230000000,Tulare,Porterville Unified,TA,1677,1475,88,583,39.5,63,4.3,184,12.5,117,7,45,2.7
acgr20.txt,2019_20,2019-20,54,75531,0000000,5475531,54755310000000,54755310000000,Tulare,Dinuba Unified,TA,556,507,91.2,216,42.6,20,3.9,76,15,19,3.4,12,2.2
acgr20.txt,2019_20,2019-20,54,76794,0000000,5476794,54767940000000,54767940000000,Tulare,Woodlake Unified,TA,163,133,81.6,65,48.9,30,22.6,34,25.6,12,7.4,18,11
acgr20.txt,2019_20,2019-20,54,76836,0000000,5476836,54768360000000,54768360000000,Tulare,Exeter Unified,TA,248,230,92.7,83,36.1,5,2.2,43,18.7,10,4,5,2
acgr20.txt,2019_20,2019-20,55,10553,0000000,5510553,55105530000000,55105530000000,Tuolumne,Tuolumne County Superintendent of Schools,TA,NA,NA,NA,NA,NA,NA,NA,NA,NA,NA,NA,NA,NA
acgr20.txt,2019_20,2019-20,55,72389,0000000,5572389,55723890000000,55723890000000,Tuolumne,Sonora Union High,TA,261,224,85.8,49,21.9,0,0,31,13.8,19,7.3,0,0
acgr20.txt,2019_20,2019-20,55,72413,0000000,5572413,55724130000000,55724130000000,Tuolumne,Summerville Union High,TA,209,187,89.5,64,34.2,0,0,8,4.3,12,5.7,2,1
acgr20.txt,2019_20,2019-20,55,75184,0000000,5575184,55751840000000,55751840000000,Tuolumne,Big Oak Flat-Groveland Unified,TA,27,21,77.8,2,9.5,0,0,0,0,5,18.5,0,0
acgr20.txt,2019_20,2019-20,56,10561,0000000,5610561,56105610000000,56105610000000,Ventura,Ventura County Office of Education,TA,638,109,17.1,6,5.5,0,0,0,0,150,23.5,340,53.3
acgr20.txt,2019_20,2019-20,56,72454,0000000,5672454,56724540000000,56724540000000,Ventura,Fillmore Unified,TA,270,257,95.2,45,17.5,20,7.8,44,17.1,4,1.5,8,3
acgr20.txt,2019_20,2019-20,56,72470,0000000,5672470,56724700000000,56724700000000,Ventura,Mesa Union Elementary,TA,28,22,78.6,0,0,0,0,16,72.7,1,3.6,2,7.1
acgr20.txt,2019_20,2019-20,56,72520,0000000,5672520,56725200000000,56725200000000,Ventura,Ojai Unified,TA,208,177,85.1,75,42.4,21,11.9,42,23.7,7,3.4,5,2.4
acgr20.txt,2019_20,2019-20,56,72546,0000000,5672546,56725460000000,56725460000000,Ventura,Oxnard Union High,TA,3931,3333,84.8,1455,43.7,384,11.5,849,25.5,300,7.6,241,6.1
acgr20.txt,2019_20,2019-20,56,72553,0000000,5672553,56725530000000,56725530000000,Ventura,Pleasant Valley,TA,69,12,17.4,12,100,0,0,0,0,57,82.6,0,0
acgr20.txt,2019_20,2019-20,56,72603,0000000,5672603,56726030000000,56726030000000,Ventura,Simi Valley Unified,TA,1439,1279,88.9,574,44.9,116,9.1,443,34.6,83,5.8,45,3.1
acgr20.txt,2019_20,2019-20,56,72652,0000000,5672652,56726520000000,56726520000000,Ventura,Ventura Unified,TA,1233,1108,89.9,550,49.6,192,17.3,391,35.3,64,5.2,33,2.7
acgr20.txt,2019_20,2019-20,56,73759,0000000,5673759,56737590000000,56737590000000,Ventura,Conejo Valley Unified,TA,1746,1658,95,954,57.5,180,10.9,680,41,60,3.4,0,0
acgr20.txt,2019_20,2019-20,56,73874,0000000,5673874,56738740000000,56738740000000,Ventura,Oak Park Unified,TA,410,397,96.8,249,62.7,0,0,1,0.3,2,0.5,6,1.5
acgr20.txt,2019_20,2019-20,56,73940,0000000,5673940,56739400000000,56739400000000,Ventura,Moorpark Unified,TA,546,479,87.7,244,50.9,34,7.1,235,49.1,44,8.1,2,0.4
acgr20.txt,2019_20,2019-20,56,76828,0000000,5676828,56768280000000,56768280000000,Ventura,Santa Paula Unified,TA,365,328,89.9,151,46,23,7,94,28.7,10,2.7,25,6.8
acgr20.txt,2019_20,2019-20,57,10579,0000000,5710579,57105790000000,57105790000000,Yolo,Yolo County Office of Education,TA,83,18,21.7,0,0,0,0,0,0,57,68.7,2,2.4
acgr20.txt,2019_20,2019-20,57,72678,0000000,5772678,57726780000000,57726780000000,Yolo,Davis Joint Unified,TA,745,703,94.4,545,77.5,212,30.2,340,48.4,17,2.3,14,1.9
acgr20.txt,2019_20,2019-20,57,72686,0000000,5772686,57726860000000,57726860000000,Yolo,Esparto Unified,TA,90,81,90,36,44.4,8,9.9,14,17.3,5,5.6,4,4.4
acgr20.txt,2019_20,2019-20,57,72694,0000000,5772694,57726940000000,57726940000000,Yolo,Washington Unified,TA,568,516,90.8,251,48.6,2,0.4,0,0,31,5.5,3,0.5
acgr20.txt,2019_20,2019-20,57,72702,0000000,5772702,57727020000000,57727020000000,Yolo,Winters Joint Unified,TA,141,99,70.2,37,37.4,22,22.2,36,36.4,24,17,17,12.1
acgr20.txt,2019_20,2019-20,57,72710,0000000,5772710,57727100000000,57727100000000,Yolo,Woodland Joint Unified,TA,759,697,91.8,273,39.2,117,16.8,152,21.8,25,3.3,11,1.4
acgr20.txt,2019_20,2019-20,58,10587,0000000,5810587,58105870000000,58105870000000,Yuba,Yuba County Office of Education,TA,128,41,32,0,0,0,0,0,0,45,35.2,41,32
acgr20.txt,2019_20,2019-20,58,72728,0000000,5872728,58727280000000,58727280000000,Yuba,Camptonville Elementary,TA,50,47,94,11,23.4,0,0,0,0,2,4,0,0
acgr20.txt,2019_20,2019-20,58,72736,0000000,5872736,58727360000000,58727360000000,Yuba,Marysville Joint Unified,TA,655,568,86.7,196,34.5,17,3,33,5.8,54,8.2,27,4.1
acgr20.txt,2019_20,2019-20,58,72769,0000000,5872769,58727690000000,58727690000000,Yuba,Wheatland Union High,TA,223,217,97.3,57,26.3,0,0,0,0,3,1.3,3,1.3
acgr21.txt,2020_21,2020-21,01,10017,0000000,0110017,01100170000000,01100170000000,Alameda,Alameda County Office of Education,TA,345,191,55.4,90,47.1,0,0,28,14.7,110,31.9,43,12.5
acgr21.txt,2020_21,2020-21,01,31609,0000000,0131609,01316090000000,01316090000000,Alameda,California School for the Blind (State Special Schl),TA,11,0,0,0,0,0,0,0,0,7,63.6,0,0
acgr21.txt,2020_21,2020-21,01,31617,0000000,0131617,01316170000000,01316170000000,Alameda,California School for the Deaf-Fremont (State Special Schl),TA,38,24,63.2,0,0,8,33.3,7,29.2,1,2.6,11,28.9
acgr21.txt,2020_21,2020-21,01,61119,0000000,0161119,01611190000000,01611190000000,Alameda,Alameda Unified,TA,875,787,89.9,550,69.9,111,14.1,366,46.5,37,4.2,28,3.2
acgr21.txt,2020_21,2020-21,01,61127,0000000,0161127,01611270000000,01611270000000,Alameda,Albany City Unified,TA,296,281,94.9,183,65.1,58,20.6,4,1.4,11,3.7,0,0
acgr21.txt,2020_21,2020-21,01,61143,0000000,0161143,01611430000000,01611430000000,Alameda,Berkeley Unified,TA,907,809,89.2,486,60.1,94,11.6,9,1.1,83,9.2,10,1.1
acgr21.txt,2020_21,2020-21,01,61150,0000000,0161150,01611500000000,01611500000000,Alameda,Castro Valley Unified,TA,789,744,94.3,492,66.1,164,22,311,41.8,32,4.1,0,0
acgr21.txt,2020_21,2020-21,01,61168,0000000,0161168,01611680000000,01611680000000,Alameda,Emery Unified,TA,40,38,95,29,76.3,0,0,3,7.9,2,5,0,0
acgr21.txt,2020_21,2020-21,01,61176,0000000,0161176,01611760000000,01611760000000,Alameda,Fremont Unified,TA,2631,2421,92,1482,61.2,532,22,1115,46.1,160,6.1,6,0.2
acgr21.txt,2020_21,2020-21,01,61192,0000000,0161192,01611920000000,01611920000000,Alameda,Hayward Unified,TA,1670,1341,80.3,728,54.3,156,11.6,380,28.3,197,11.8,96,5.7
acgr21.txt,2020_21,2020-21,01,61200,0000000,0161200,01612000000000,01612000000000,Alameda,Livermore Valley Joint Unified,TA,1105,1039,94,547,52.6,120,11.5,456,43.9,21,1.9,27,2.4
acgr21.txt,2020_21,2020-21,01,61234,0000000,0161234,01612340000000,01612340000000,Alameda,Newark Unified,TA,480,390,81.3,175,44.9,0,0,0,0,41,8.5,44,9.2
acgr21.txt,2020_21,2020-21,01,61242,0000000,0161242,01612420000000,01612420000000,Alameda,New Haven Unified,TA,944,813,86.1,407,50.1,57,7,241,29.6,22,2.3,103,10.9
acgr21.txt,2020_21,2020-21,01,61259,0000000,0161259,01612590000000,01612590000000,Alameda,Oakland Unified,TA,3640,2806,77.1,1870,66.6,176,6.3,157,5.6,411,11.3,372,10.2
acgr21.txt,2020_21,2020-21,01,61275,0000000,0161275,01612750000000,01612750000000,Alameda,Piedmont City Unified,TA,235,228,97,220,96.5,74,32.5,122,53.5,1,0.4,2,0.9
acgr21.txt,2020_21,2020-21,01,61291,0000000,0161291,01612910000000,01612910000000,Alameda,San Leandro Unified,TA,695,619,89.1,228,36.8,68,11,146,23.6,67,9.6,0,0
acgr21.txt,2020_21,2020-21,01,61309,0000000,0161309,01613090000000,01613090000000,Alameda,San Lorenzo Unified,TA,1091,1002,91.8,489,48.8,57,5.7,165,16.5,47,4.3,23,2.1
acgr21.txt,2020_21,2020-21,01,75093,0000000,0175093,01750930000000,01750930000000,Alameda,Dublin Unified,TA,789,757,95.9,564,74.5,280,37,475,62.7,6,0.8,12,1.5
acgr21.txt,2020_21,2020-21,01,75101,0000000,0175101,01751010000000,01751010000000,Alameda,Pleasanton Unified,TA,1264,1214,96,994,81.9,398,32.8,556,45.8,41,3.2,0,0
acgr21.txt,2020_21,2020-21,03,10033,0000000,0310033,03100330000000,03100330000000,Amador,Amador County Office of Education,TA,11,0,0,0,0,0,0,0,0,8,72.7,1,9.1
acgr21.txt,2020_21,2020-21,03,73981,0000000,0373981,03739810000000,03739810000000,Amador,Amador County Unified,TA,332,302,91,95,31.5,28,9.3,59,19.5,13,3.9,8,2.4
acgr21.txt,2020_21,2020-21,04,10041,0000000,0410041,04100410000000,04100410000000,Butte,Butte County Office of Education,TA,198,138,69.7,32,23.2,1,0.7,40,29,37,18.7,20,10.1
acgr21.txt,2020_21,2020-21,04,61408,0000000,0461408,04614080000000,04614080000000,Butte,Biggs Unified,TA,47,45,95.7,9,20,12,26.7,9,20,2,4.3,0,0
acgr21.txt,2020_21,2020-21,04,61424,0000000,0461424,04614240000000,04614240000000,Butte,Chico Unified,TA,1116,991,88.8,390,39.4,142,14.3,212,21.4,71,6.4,36,3.2
acgr21.txt,2020_21,2020-21,04,61432,0000000,0461432,04614320000000,04614320000000,Butte,Durham Unified,TA,84,78,92.9,45,57.7,26,33.3,13,16.7,3,3.6,2,2.4
acgr21.txt,2020_21,2020-21,04,61507,0000000,0461507,04615070000000,04615070000000,Butte,Oroville City Elementary,TA,15,13,86.7,0,0,0,0,0,0,2,13.3,0,0
acgr21.txt,2020_21,2020-21,04,61515,0000000,0461515,04615150000000,04615150000000,Butte,Oroville Union High,TA,575,474,82.4,61,12.9,26,5.5,34,7.2,54,9.4,22,3.8
acgr21.txt,2020_21,2020-21,04,61531,0000000,0461531,04615310000000,04615310000000,Butte,Paradise Unified,TA,203,182,89.7,27,14.8,0,0,0,0,14,6.9,2,1
acgr21.txt,2020_21,2020-21,04,75507,0000000,0475507,04755070000000,04755070000000,Butte,Gridley Unified,TA,173,153,88.4,53,34.6,0,0,0,0,12,6.9,0,0
acgr21.txt,2020_21,2020-21,05,10058,0000000,0510058,05100580000000,05100580000000,Calaveras,Calaveras County Office of Education,TA,59,46,78,0,0,0,0,5,10.9,2,3.4,6,10.2
acgr21.txt,2020_21,2020-21,05,61556,0000000,0561556,05615560000000,05615560000000,Calaveras,Bret Harte Union High,TA,154,147,95.5,46,31.3,7,4.8,19,12.9,5,3.2,0,0
acgr21.txt,2020_21,2020-21,05,61564,0000000,0561564,05615640000000,05615640000000,Calaveras,Calaveras Unified,TA,237,219,92.4,51,23.3,0,0,27,12.3,4,1.7,2,0.8
acgr21.txt,2020_21,2020-21,06,10066,0000000,0610066,06100660000000,06100660000000,Colusa,Colusa County Office of Education,TA,NA,NA,NA,NA,NA,NA,NA,NA,NA,NA,NA,NA,NA
acgr21.txt,2020_21,2020-21,06,61598,0000000,0661598,06615980000000,06615980000000,Colusa,Colusa Unified,TA,122,117,95.9,42,35.9,17,14.5,20,17.1,2,1.6,2,1.6
acgr21.txt,2020_21,2020-21,06,61606,0000000,0661606,06616060000000,06616060000000,Colusa,Maxwell Unified,TA,20,19,95,5,26.3,0,0,0,0,0,0,0,0
acgr21.txt,2020_21,2020-21,06,61614,0000000,0661614,06616140000000,06616140000000,Colusa,Pierce Joint Unified,TA,114,108,94.7,35,32.4,26,24.1,30,27.8,0,0,2,1.8
acgr21.txt,2020_21,2020-21,06,61622,0000000,0661622,06616220000000,06616220000000,Colusa,Williams Unified,TA,100,88,88,28,31.8,13,14.8,0,0,6,6,3,3
acgr21.txt,2020_21,2020-21,07,10074,0000000,0710074,07100740000000,07100740000000,Contra Costa,Contra Costa County Office of Education,TA,849,746,87.9,553,74.1,66,8.8,380,50.9,46,5.4,33,3.9
acgr21.txt,2020_21,2020-21,07,61630,0000000,0761630,07616300000000,07616300000000,Contra Costa,Acalanes Union High,TA,1414,1381,97.7,1105,80,407,29.5,753,54.5,16,1.1,1,0.1
acgr21.txt,2020_21,2020-21,07,61648,0000000,0761648,07616480000000,07616480000000,Contra Costa,Antioch Unified,TA,1335,1143,85.6,256,22.4,86,7.5,199,17.4,110,8.2,66,4.9
acgr21.txt,2020_21,2020-21,07,61663,0000000,0761663,07616630000000,07616630000000,Contra Costa,Byron Union Elementary,TA,84,73,86.9,17,23.3,0,0,11,15.1,3,3.6,6,7.1
acgr21.txt,2020_21,2020-21,07,61697,0000000,0761697,07616970000000,07616970000000,Contra Costa,John Swett Unified,TA,118,102,86.4,44,43.1,0,0,0,0,14,11.9,0,0
acgr21.txt,2020_21,2020-21,07,61721,0000000,0761721,07617210000000,07617210000000,Contra Costa,Liberty Union High,TA,2009,1847,91.9,988,53.5,81,4.4,351,19,56,2.8,67,3.3
acgr21.txt,2020_21,2020-21,07,61739,0000000,0761739,07617390000000,07617390000000,Contra Costa,Martinez Unified,TA,329,296,90,140,47.3,0,0,0,0,14,4.3,12,3.6
acgr21.txt,2020_21,2020-21,07,61754,0000000,0761754,07617540000000,07617540000000,Contra Costa,Mt. Diablo Unified,TA,2101,1772,84.3,759,42.8,279,15.7,736,41.5,222,10.6,54,2.6
acgr21.txt,2020_21,2020-21,07,61788,0000000,0761788,07617880000000,07617880000000,Contra Costa,Pittsburg Unified,TA,970,843,86.9,316,37.5,198,23.5,135,16,58,6,47,4.8
acgr21.txt,2020_21,2020-21,07,61796,0000000,0761796,07617960000000,07617960000000,Contra Costa,West Contra Costa Unified,TA,2364,1989,84.1,1081,54.3,436,21.9,563,28.3,136,5.8,143,6
acgr21.txt,2020_21,2020-21,07,61804,0000000,0761804,07618040000000,07618040000000,Contra Costa,San Ramon Valley Unified,TA,2751,2655,96.5,1935,72.9,813,30.6,1113,41.9,45,1.6,12,0.4
acgr21.txt,2020_21,2020-21,07,77354,0000000,0777354,07773540000000,07773540000000,Contra Costa,SBE - John Henry High,TA,74,55,74.3,48,87.3,0,0,0,0,17,23,0,0
acgr21.txt,2020_21,2020-21,08,10082,0000000,0810082,08100820000000,08100820000000,Del Norte,Del Norte County Office of Education,TA,56,35,62.5,0,0,0,0,0,0,17,30.4,0,0
acgr21.txt,2020_21,2020-21,08,61820,0000000,0861820,08618200000000,08618200000000,Del Norte,Del Norte County Unified,TA,226,196,86.7,39,19.9,10,5.1,27,13.8,18,8,0,0
acgr21.txt,2020_21,2020-21,09,10090,0000000,0910090,09100900000000,09100900000000,El Dorado,El Dorado County Office of Education,TA,163,109,66.9,0,0,0,0,0,0,36,22.1,1,0.6
acgr21.txt,2020_21,2020-21,09,61838,0000000,0961838,09618380000000,09618380000000,El Dorado,Buckeye Union Elementary,TA,177,153,86.4,22,14.4,6,3.9,52,34,17,9.6,5,2.8
acgr21.txt,2020_21,2020-21,09,61853,0000000,0961853,09618530000000,09618530000000,El Dorado,El Dorado Union High,TA,1684,1600,95,823,51.4,182,11.4,511,31.9,21,1.2,38,2.3
acgr21.txt,2020_21,2020-21,09,61903,0000000,0961903,09619030000000,09619030000000,El Dorado,Lake Tahoe Unified,TA,280,256,91.4,99,38.7,12,4.7,87,34,12,4.3,0,0
acgr21.txt,2020_21,2020-21,09,73783,0000000,0973783,09737830000000,09737830000000,El Dorado,Black Oak Mine Unified,TA,110,100,90.9,24,24,0,0,0,0,6,5.5,2,1.8
acgr21.txt,2020_21,2020-21,10,10108,0000000,1010108,10101080000000,10101080000000,Fresno,Fresno County Office of Education,TA,946,171,18.1,19,11.1,0,0,6,3.5,346,36.6,348,36.8
acgr21.txt,2020_21,2020-21,10,62117,0000000,1062117,10621170000000,10621170000000,Fresno,Clovis Unified,TA,3191,2948,92.4,1808,61.3,252,8.5,715,24.3,61,1.9,44,1.4
acgr21.txt,2020_21,2020-21,10,62125,0000000,1062125,10621250000000,10621250000000,Fresno,Coalinga-Huron Unified,TA,315,244,77.5,77,31.6,12,4.9,49,20.1,48,15.2,13,4.1
acgr21.txt,2020_21,2020-21,10,62158,0000000,1062158,10621580000000,10621580000000,Fresno,Fowler Unified,TA,209,198,94.7,121,61.1,14,7.1,0,0,9,4.3,0,0
acgr21.txt,2020_21,2020-21,10,62166,0000000,1062166,10621660000000,10621660000000,Fresno,Fresno Unified,TA,4884,4159,85.2,2141,51.5,27,0.6,701,16.9,467,9.6,139,2.8
acgr21.txt,2020_21,2020-21,10,62257,0000000,1062257,10622570000000,10622570000000,Fresno,Kingsburg Joint Union High,TA,288,263,91.3,115,43.7,0,0,115,43.7,5,1.7,2,0.7
acgr21.txt,2020_21,2020-21,10,62265,0000000,1062265,10622650000000,10622650000000,Fresno,Kings Canyon Joint Unified,TA,765,622,81.3,282,45.3,86,13.8,120,19.3,17,2.2,17,2.2
acgr21.txt,2020_21,2020-21,10,62281,0000000,1062281,10622810000000,10622810000000,Fresno,Laton Joint Unified,TA,38,32,84.2,22,68.8,4,12.5,0,0,1,2.6,1,2.6
acgr21.txt,2020_21,2020-21,10,62331,0000000,1062331,10623310000000,10623310000000,Fresno,Orange Center,TA,95,60,63.2,9,15,0,0,0,0,34,35.8,0,0
acgr21.txt,2020_21,2020-21,10,62364,0000000,1062364,10623640000000,10623640000000,Fresno,Parlier Unified,TA,272,255,93.8,24,9.4,0,0,0,0,11,4,0,0
acgr21.txt,2020_21,2020-21,10,62380,0000000,1062380,10623800000000,10623800000000,Fresno,Raisin City Elementary,TA,99,27,27.3,1,3.7,0,0,2,7.4,27,27.3,41,41.4
acgr21.txt,2020_21,2020-21,10,62414,0000000,1062414,10624140000000,10624140000000,Fresno,Sanger Unified,TA,859,827,96.3,446,53.9,108,13.1,164,19.8,15,1.7,0,0
acgr21.txt,2020_21,2020-21,10,62430,0000000,1062430,10624300000000,10624300000000,Fresno,Selma Unified,TA,489,423,86.5,148,35,14,3.3,33,7.8,19,3.9,7,1.4
acgr21.txt,2020_21,2020-21,10,62539,0000000,1062539,10625390000000,10625390000000,Fresno,West Park Elementary,TA,72,51,70.8,0,0,0,0,0,0,12,16.7,9,12.5
acgr21.txt,2020_21,2020-21,10,62547,0000000,1062547,10625470000000,10625470000000,Fresno,Westside Elementary,TA,612,224,36.6,6,2.7,0,0,4,1.8,139,22.7,240,39.2
acgr21.txt,2020_21,2020-21,10,73809,0000000,1073809,10738090000000,10738090000000,Fresno,Firebaugh-Las Deltas Unified,TA,159,144,90.6,62,43.1,10,6.9,10,6.9,4,2.5,0,0
acgr21.txt,2020_21,2020-21,10,73965,0000000,1073965,10739650000000,10739650000000,Fresno,Central Unified,TA,1099,907,82.5,355,39.1,83,9.2,167,18.4,78,7.1,77,7
acgr21.txt,2020_21,2020-21,10,73999,0000000,1073999,10739990000000,10739990000000,Fresno,Kerman Unified,TA,396,363,91.7,100,27.5,12,3.3,106,29.2,11,2.8,10,2.5
acgr21.txt,2020_21,2020-21,10,75127,0000000,1075127,10751270000000,10751270000000,Fresno,Mendota Unified,TA,201,162,80.6,71,43.8,26,16,28,17.3,30,14.9,1,0.5
acgr21.txt,2020_21,2020-21,10,75234,0000000,1075234,10752340000000,10752340000000,Fresno,Golden Plains Unified,TA,147,137,93.2,63,46,11,8,35,25.5,10,6.8,0,0
acgr21.txt,2020_21,2020-21,10,75275,0000000,1075275,10752750000000,10752750000000,Fresno,Sierra Unified,TA,104,94,90.4,36,38.3,0,0,0,0,4,3.8,0,0
acgr21.txt,2020_21,2020-21,10,75408,0000000,1075408,10754080000000,10754080000000,Fresno,Riverdale Joint Unified,TA,110,104,94.5,54,51.9,23,22.1,41,39.4,3,2.7,0,0
acgr21.txt,2020_21,2020-21,10,75598,0000000,1075598,10755980000000,10755980000000,Fresno,Caruthers Unified,TA,150,137,91.3,45,32.8,0,0,24,17.5,4,2.7,1,0.7
acgr21.txt,2020_21,2020-21,10,76778,0000000,1076778,10767780000000,10767780000000,Fresno,Washington Unified,TA,342,300,87.7,112,37.3,0,0,0,0,31,9.1,4,1.2
acgr21.txt,2020_21,2020-21,11,10116,0000000,1110116,11101160000000,11101160000000,Glenn,Glenn County Office of Education,TA,87,23,26.4,1,4.3,1,4.3,5,21.7,49,56.3,11,12.6
acgr21.txt,2020_21,2020-21,11,62596,0000000,1162596,11625960000000,11625960000000,Glenn,Lake Elementary,TA,12,12,100,0,0,0,0,0,0,0,0,0,0
acgr21.txt,2020_21,2020-21,11,62646,0000000,1162646,11626460000000,11626460000000,Glenn,Princeton Joint Unified,TA,NA,NA,NA,NA,NA,NA,NA,NA,NA,NA,NA,NA,NA
acgr21.txt,2020_21,2020-21,11,62653,0000000,1162653,11626530000000,11626530000000,Glenn,Stony Creek Joint Unified,TA,NA,NA,NA,NA,NA,NA,NA,NA,NA,NA,NA,NA,NA
acgr21.txt,2020_21,2020-21,11,62661,0000000,1162661,11626610000000,11626610000000,Glenn,Willows Unified,TA,111,98,88.3,48,49,0,0,28,28.6,7,6.3,6,5.4
acgr21.txt,2020_21,2020-21,11,75481,0000000,1175481,11754810000000,11754810000000,Glenn,Orland Joint Unified,TA,182,161,88.5,52,32.3,42,26.1,42,26.1,10,5.5,6,3.3
acgr21.txt,2020_21,2020-21,11,76562,0000000,1176562,11765620000000,11765620000000,Glenn,Hamilton Unified,TA,77,74,96.1,22,29.7,10,13.5,0,0,0,0,2,2.6
acgr21.txt,2020_21,2020-21,12,10124,0000000,1210124,12101240000000,12101240000000,Humboldt,Humboldt County Office of Education,TA,111,73,65.8,40,54.8,10,13.7,3,4.1,27,24.3,11,9.9
acgr21.txt,2020_21,2020-21,12,62679,0000000,1262679,12626790000000,12626790000000,Humboldt,Arcata Elementary,TA,NA,NA,NA,NA,NA,NA,NA,NA,NA,NA,NA,NA,NA
acgr21.txt,2020_21,2020-21,12,62687,0000000,1262687,12626870000000,12626870000000,Humboldt,Northern Humboldt Union High,TA,402,385,95.8,167,43.4,32,8.3,98,25.5,7,1.7,8,2
acgr21.txt,2020_21,2020-21,12,62810,0000000,1262810,12628100000000,12628100000000,Humboldt,Fortuna Union High,TA,276,257,93.1,89,34.6,10,3.9,10,3.9,17,6.2,0,0
acgr21.txt,2020_21,2020-21,12,62901,0000000,1262901,12629010000000,12629010000000,Humboldt,Klamath-Trinity Joint Unified,TA,73,64,87.7,7,10.9,0,0,0,0,4,5.5,4,5.5
acgr21.txt,2020_21,2020-21,12,63032,0000000,1263032,12630320000000,12630320000000,Humboldt,South Bay Union Elementary,TA,37,37,100,3,8.1,0,0,12,32.4,0,0,0,0
acgr21.txt,2020_21,2020-21,12,63040,0000000,1263040,12630400000000,12630400000000,Humboldt,Southern Humboldt Joint Unified,TA,47,41,87.2,2,4.9,1,2.4,12,29.3,6,12.8,0,0
acgr21.txt,2020_21,2020-21,12,75374,0000000,1275374,12753740000000,12753740000000,Humboldt,Ferndale Unified,TA,49,48,98,11,22.9,5,10.4,15,31.3,0,0,0,0
acgr21.txt,2020_21,2020-21,12,75382,0000000,1275382,12753820000000,12753820000000,Humboldt,Mattole Unified,TA,NA,NA,NA,NA,NA,NA,NA,NA,NA,NA,NA,NA,NA
acgr21.txt,2020_21,2020-21,12,75515,0000000,1275515,12755150000000,12755150000000,Humboldt,Eureka City Schools,TA,331,301,90.9,86,28.6,48,15.9,53,17.6,20,6,8,2.4
acgr21.txt,2020_21,2020-21,13,10132,0000000,1310132,13101320000000,13101320000000,Imperial,Imperial County Office of Education,TA,196,51,26,0,0,0,0,0,0,79,40.3,65,33.2
acgr21.txt,2020_21,2020-21,13,63081,0000000,1363081,13630810000000,13630810000000,Imperial,Brawley Union High,TA,484,442,91.3,176,39.8,36,8.1,171,38.7,16,3.3,4,0.8
acgr21.txt,2020_21,2020-21,13,63099,0000000,1363099,13630990000000,13630990000000,Imperial,Calexico Unified,TA,774,587,75.8,243,41.4,140,23.9,74,12.6,90,11.6,76,9.8
acgr21.txt,2020_21,2020-21,13,63107,0000000,1363107,13631070000000,13631070000000,Imperial,Calipatria Unified,TA,75,65,86.7,27,41.5,11,16.9,11,16.9,8,10.7,0,0
acgr21.txt,2020_21,2020-21,13,63115,0000000,1363115,13631150000000,13631150000000,Imperial,Central Union High,TA,1018,858,84.3,251,29.3,159,18.5,0,0,103,10.1,54,5.3
acgr21.txt,2020_21,2020-21,13,63149,0000000,1363149,13631490000000,13631490000000,Imperial,Holtville Unified,TA,147,140,95.2,105,75,0,0,0,0,5,3.4,1,0.7
acgr21.txt,2020_21,2020-21,13,63164,0000000,1363164,13631640000000,13631640000000,Imperial,Imperial Unified,TA,326,302,92.6,113,37.4,0,0,0,0,19,5.8,1,0.3
acgr21.txt,2020_21,2020-21,13,63214,0000000,1363214,13632140000000,13632140000000,Imperial,San Pasqual Valley Unified,TA,54,41,75.9,8,19.5,0,0,0,0,5,9.3,3,5.6
acgr21.txt,2020_21,2020-21,14,10140,0000000,1410140,14101400000000,14101400000000,Inyo,Inyo County Office of Education,TA,495,130,26.3,39,30,0,0,0,0,197,39.8,168,33.9
acgr21.txt,2020_21,2020-21,14,63248,0000000,1463248,14632480000000,14632480000000,Inyo,Big Pine Unified,TA,NA,NA,NA,NA,NA,NA,NA,NA,NA,NA,NA,NA,NA
acgr21.txt,2020_21,2020-21,14,63271,0000000,1463271,14632710000000,14632710000000,Inyo,Death Valley Unified,TA,NA,NA,NA,NA,NA,NA,NA,NA,NA,NA,NA,NA,NA
acgr21.txt,2020_21,2020-21,14,63289,0000000,1463289,14632890000000,14632890000000,Inyo,Lone Pine Unified,TA,19,19,100,9,47.4,0,0,0,0,0,0,0,0
acgr21.txt,2020_21,2020-21,14,63297,0000000,1463297,14632970000000,14632970000000,Inyo,Owens Valley Unified,TA,NA,NA,NA,NA,NA,NA,NA,NA,NA,NA,NA,NA,NA
acgr21.txt,2020_21,2020-21,14,76687,0000000,1476687,14766870000000,14766870000000,Inyo,Bishop Unified,TA,164,140,85.4,64,45.7,25,17.9,35,25,18,11,0,0
acgr21.txt,2020_21,2020-21,15,10157,0000000,1510157,15101570000000,15101570000000,Kern,Kern County Office of Education,TA,652,302,46.3,105,34.8,0,0,21,7,249,38.2,94,14.4
acgr21.txt,2020_21,2020-21,15,63412,0000000,1563412,15634120000000,15634120000000,Kern,Delano Joint Union High,TA,1070,1011,94.5,550,54.4,170,16.8,246,24.3,29,2.7,11,1
acgr21.txt,2020_21,2020-21,15,63529,0000000,1563529,15635290000000,15635290000000,Kern,Kern High,TA,9973,8474,85,3440,40.6,1155,13.6,4030,47.6,885,8.9,466,4.7
acgr21.txt,2020_21,2020-21,15,63628,0000000,1563628,15636280000000,15636280000000,Kern,Maricopa Unified,TA,696,512,73.6,24,4.7,2,0.4,97,18.9,114,16.4,54,7.8
acgr21.txt,2020_21,2020-21,15,63677,0000000,1563677,15636770000000,15636770000000,Kern,Mojave Unified,TA,163,134,82.2,32,23.9,0,0,0,0,22,13.5,3,1.8
acgr21.txt,2020_21,2020-21,15,63685,0000000,1563685,15636850000000,15636850000000,Kern,Muroc Joint Unified,TA,95,85,89.5,27,31.8,0,0,0,0,7,7.4,1,1.1
acgr21.txt,2020_21,2020-21,15,63776,0000000,1563776,15637760000000,15637760000000,Kern,Southern Kern Unified,TA,217,174,80.2,30,17.2,0,0,0,0,40,18.4,2,0.9
acgr21.txt,2020_21,2020-21,15,63818,0000000,1563818,15638180000000,15638180000000,Kern,Taft Union High,TA,226,200,88.5,58,29,0,0,40,20,7,3.1,13,5.8
acgr21.txt,2020_21,2020-21,15,63826,0000000,1563826,15638260000000,15638260000000,Kern,Tehachapi Unified,TA,280,265,94.6,54,20.4,0,0,0,0,9,3.2,5,1.8
acgr21.txt,2020_21,2020-21,15,63859,0000000,1563859,15638590000000,15638590000000,Kern,Wasco Union High,TA,470,398,84.7,136,34.2,10,2.5,93,23.4,35,7.4,24,5.1
acgr21.txt,2020_21,2020-21,15,73742,0000000,1573742,15737420000000,15737420000000,Kern,Sierra Sands Unified,TA,396,328,82.8,93,28.4,0,0,2,0.6,40,10.1,18,4.5
acgr21.txt,2020_21,2020-21,15,73908,0000000,1573908,15739080000000,15739080000000,Kern,McFarland Unified,TA,247,222,89.9,93,41.9,69,31.1,41,18.5,19,7.7,6,2.4
acgr21.txt,2020_21,2020-21,15,75168,0000000,1575168,15751680000000,15751680000000,Kern,El Tejon Unified,TA,68,64,94.1,20,31.3,1,1.6,0,0,1,1.5,3,4.4
acgr21.txt,2020_21,2020-21,16,10165,0000000,1610165,16101650000000,16101650000000,Kings,Kings County Office of Education,TA,36,6,16.7,0,0,0,0,0,0,9,25,3,8.3
acgr21.txt,2020_21,2020-21,16,63875,0000000,1663875,16638750000000,16638750000000,Kings,Armona Union Elementary,TA,88,73,83,7,9.6,0,0,0,0,13,14.8,1,1.1
acgr21.txt,2020_21,2020-21,16,63891,0000000,1663891,16638910000000,16638910000000,Kings,Corcoran Joint Unified,TA,182,146,80.2,74,50.7,0,0,0,0,5,2.7,31,17
acgr21.txt,2020_21,2020-21,16,63925,0000000,1663925,16639250000000,16639250000000,Kings,Hanford Joint Union High,TA,861,794,92.2,296,37.3,28,3.5,266,33.5,22,2.6,13,1.5
acgr21.txt,2020_21,2020-21,16,63958,0000000,1663958,16639580000000,16639580000000,Kings,Kit Carson Union Elementary,TA,418,125,29.9,1,0.8,0,0,6,4.8,100,23.9,187,44.7
acgr21.txt,2020_21,2020-21,16,63982,0000000,1663982,16639820000000,16639820000000,Kings,Lemoore Union High,TA,553,517,93.5,224,43.3,34,6.6,203,39.3,22,4,8,1.4
acgr21.txt,2020_21,2020-21,16,73932,0000000,1673932,16739320000000,16739320000000,Kings,Reef-Sunset Unified,TA,176,143,81.3,75,52.4,33,23.1,46,32.2,24,13.6,6,3.4
acgr21.txt,2020_21,2020-21,17,10173,0000000,1710173,17101730000000,17101730000000,Lake,Lake County Office of Education,TA,NA,NA,NA,NA,NA,NA,NA,NA,NA,NA,NA,NA,NA
acgr21.txt,2020_21,2020-21,17,64014,0000000,1764014,17640140000000,17640140000000,Lake,Kelseyville Unified,TA,163,136,83.4,31,22.8,0,0,0,0,13,8,0,0
acgr21.txt,2020_21,2020-21,17,64022,0000000,1764022,17640220000000,17640220000000,Lake,Konocti Unified,TA,258,152,58.9,32,21.1,0,0,20,13.2,70,27.1,18,7
acgr21.txt,2020_21,2020-21,17,64030,0000000,1764030,17640300000000,17640300000000,Lake,Lakeport Unified,TA,120,114,95,17,14.9,0,0,0,0,3,2.5,1,0.8
acgr21.txt,2020_21,2020-21,17,64055,0000000,1764055,17640550000000,17640550000000,Lake,Middletown Unified,TA,156,133,85.3,14,10.5,0,0,0,0,15,9.6,4,2.6
acgr21.txt,2020_21,2020-21,17,76976,0000000,1776976,17769760000000,17769760000000,Lake,Upper Lake Unified,TA,80,65,81.3,10,15.4,0,0,1,1.5,9,11.3,1,1.3
acgr21.txt,2020_21,2020-21,18,10181,0000000,1810181,18101810000000,18101810000000,Lassen,Lassen County Office of Education,TA,NA,NA,NA,NA,NA,NA,NA,NA,NA,NA,NA,NA,NA
acgr21.txt,2020_21,2020-21,18,64089,0000000,1864089,18640890000000,18640890000000,Lassen,Big Valley Joint Unified,TA,11,9,81.8,0,0,0,0,0,0,0,0,0,0
acgr21.txt,2020_21,2020-21,18,64139,0000000,1864139,18641390000000,18641390000000,Lassen,Lassen Union High,TA,186,168,90.3,49,29.2,0,0,0,0,9,4.8,0,0
acgr21.txt,2020_21,2020-21,18,64196,0000000,1864196,18641960000000,18641960000000,Lassen,Susanville Elementary,TA,34,29,85.3,2,6.9,0,0,8,27.6,3,8.8,0,0
acgr21.txt,2020_21,2020-21,18,64204,0000000,1864204,18642040000000,18642040000000,Lassen,Westwood Unified,TA,13,12,92.3,0,0,0,0,0,0,1,7.7,0,0
acgr21.txt,2020_21,2020-21,18,75036,0000000,1875036,18750360000000,18750360000000,Lassen,Fort Sage Unified,TA,48,38,79.2,2,5.3,0,0,5,13.2,9,18.8,1,2.1
acgr21.txt,2020_21,2020-21,19,10199,0000000,1910199,19101990000000,19101990000000,Los Angeles,Los Angeles County Office of Education,TA,1185,862,72.7,606,70.3,93,10.8,133,15.4,170,14.3,144,12.2
acgr21.txt,2020_21,2020-21,19,64212,0000000,1964212,19642120000000,19642120000000,Los Angeles,ABC Unified,TA,1638,1548,94.5,936,60.5,488,31.5,408,26.4,71,4.3,0,0
acgr21.txt,2020_21,2020-21,19,64246,0000000,1964246,19642460000000,19642460000000,Los Angeles,Antelope Valley Union High,TA,5307,3815,71.9,1582,41.5,320,8.4,973,25.5,971,18.3,462,8.7
acgr21.txt,2020_21,2020-21,19,64261,0000000,1964261,19642610000000,19642610000000,Los Angeles,Arcadia Unified,TA,807,789,97.8,442,56,0,0,0,0,11,1.4,3,0.4
acgr21.txt,2020_21,2020-21,19,64279,0000000,1964279,19642790000000,19642790000000,Los Angeles,Azusa Unified,TA,532,456,85.7,173,37.9,82,18,60,13.2,49,9.2,10,1.9
acgr21.txt,2020_21,2020-21,19,64287,0000000,1964287,19642870000000,19642870000000,Los Angeles,Baldwin Park Unified,TA,2246,1190,53,546,45.9,0,0,225,18.9,462,20.6,528,23.5
acgr21.txt,2020_21,2020-21,19,64295,0000000,1964295,19642950000000,19642950000000,Los Angeles,Bassett Unified,TA,259,230,88.8,86,37.4,24,10.4,27,11.7,14,5.4,2,0.8
acgr21.txt,2020_21,2020-21,19,64303,0000000,1964303,19643030000000,19643030000000,Los Angeles,Bellflower Unified,TA,927,812,87.6,250,30.8,125,15.4,140,17.2,34,3.7,52,5.6
acgr21.txt,2020_21,2020-21,19,64311,0000000,1964311,19643110000000,19643110000000,Los Angeles,Beverly Hills Unified,TA,372,331,89,205,61.9,0,0,0,0,12,3.2,4,1.1
acgr21.txt,2020_21,2020-21,19,64329,0000000,1964329,19643290000000,19643290000000,Los Angeles,Bonita Unified,TA,830,783,94.3,519,66.3,17,2.2,243,31,17,2,15,1.8
acgr21.txt,2020_21,2020-21,19,64337,0000000,1964337,19643370000000,19643370000000,Los Angeles,Burbank Unified,TA,1351,1245,92.2,609,48.9,238,19.1,602,48.4,36,2.7,33,2.4
acgr21.txt,2020_21,2020-21,19,64352,0000000,1964352,19643520000000,19643520000000,Los Angeles,Centinela Valley Union High,TA,3437,1378,40.1,598,43.4,273,19.8,198,14.4,1982,57.7,43,1.3
acgr21.txt,2020_21,2020-21,19,64378,0000000,1964378,19643780000000,19643780000000,Los Angeles,Charter Oak Unified,TA,409,386,94.4,180,46.6,39,10.1,89,23.1,14,3.4,1,0.2
acgr21.txt,2020_21,2020-21,19,64394,0000000,1964394,19643940000000,19643940000000,Los Angeles,Claremont Unified,TA,602,562,93.4,379,67.4,172,30.6,188,33.5,12,2,1,0.2
acgr21.txt,2020_21,2020-21,19,64436,0000000,1964436,19644360000000,19644360000000,Los Angeles,Covina-Valley Unified,TA,1049,1009,96.2,667,66.1,235,23.3,258,25.6,14,1.3,11,1
acgr21.txt,2020_21,2020-21,19,64444,0000000,1964444,19644440000000,19644440000000,Los Angeles,Culver City Unified,TA,581,550,94.7,408,74.2,2,0.4,140,25.5,27,4.6,0,0
acgr21.txt,2020_21,2020-21,19,64451,0000000,1964451,19644510000000,19644510000000,Los Angeles,Downey Unified,TA,2009,1893,94.2,978,51.7,236,12.5,350,18.5,84,4.2,1,0
acgr21.txt,2020_21,2020-21,19,64469,0000000,1964469,19644690000000,19644690000000,Los Angeles,Duarte Unified,TA,896,501,55.9,278,55.5,84,16.8,75,15,177,19.8,192,21.4
acgr21.txt,2020_21,2020-21,19,64519,0000000,1964519,19645190000000,19645190000000,Los Angeles,El Monte Union High,TA,2131,1795,84.2,971,54.1,313,17.4,344,19.2,181,8.5,66,3.1
acgr21.txt,2020_21,2020-21,19,64527,0000000,1964527,19645270000000,19645270000000,Los Angeles,El Rancho Unified,TA,694,633,91.2,317,50.1,94,14.8,73,11.5,27,3.9,21,3
acgr21.txt,2020_21,2020-21,19,64535,0000000,1964535,19645350000000,19645350000000,Los Angeles,El Segundo Unified,TA,312,309,99,203,65.7,26,8.4,102,33,0,0,3,1
acgr21.txt,2020_21,2020-21,19,64568,0000000,1964568,19645680000000,19645680000000,Los Angeles,Glendale Unified,TA,1960,1797,91.7,992,55.2,240,13.4,264,14.7,30,1.5,72,3.7
acgr21.txt,2020_21,2020-21,19,64576,0000000,1964576,19645760000000,19645760000000,Los Angeles,Glendora Unified,TA,621,601,96.8,365,60.7,1,0.2,163,27.1,3,0.5,4,0.6
acgr21.txt,2020_21,2020-21,19,64584,0000000,1964584,19645840000000,19645840000000,Los Angeles,Gorman Joint,TA,143,100,69.9,4,4,0,0,0,0,39,27.3,2,1.4
acgr21.txt,2020_21,2020-21,19,64592,0000000,1964592,19645920000000,19645920000000,Los Angeles,Hawthorne,TA,118,116,98.3,99,85.3,68,58.6,72,62.1,1,0.8,0,0
acgr21.txt,2020_21,2020-21,19,64634,0000000,1964634,19646340000000,19646340000000,Los Angeles,Inglewood Unified,TA,602,519,86.2,323,62.2,72,13.9,45,8.7,58,9.6,3,0.5
acgr21.txt,2020_21,2020-21,19,64642,0000000,1964642,19646420000000,19646420000000,Los Angeles,Keppel Union Elementary,TA,NA,NA,NA,NA,NA,NA,NA,NA,NA,NA,NA,NA,NA
acgr21.txt,2020_21,2020-21,19,64659,0000000,1964659,19646590000000,19646590000000,Los Angeles,La Canada Unified,TA,321,319,99.4,262,82.1,0,0,0,0,0,0,1,0.3
acgr21.txt,2020_21,2020-21,19,64683,0000000,1964683,19646830000000,19646830000000,Los Angeles,Las Virgenes Unified,TA,959,915,95.4,615,67.2,109,11.9,283,30.9,19,2,4,0.4
acgr21.txt,2020_21,2020-21,19,64691,0000000,1964691,19646910000000,19646910000000,Los Angeles,Lawndale Elementary,TA,117,104,88.9,104,100,40,38.5,53,51,4,3.4,8,6.8
acgr21.txt,2020_21,2020-21,19,64709,0000000,1964709,19647090000000,19647090000000,Los Angeles,Lennox,TA,287,272,94.8,227,83.5,175,64.3,78,28.7,10,3.5,0,0
acgr21.txt,2020_21,2020-21,19,64725,0000000,1964725,19647250000000,19647250000000,Los Angeles,Long Beach Unified,TA,5716,4800,84,2832,59,0,0,0,0,595,10.4,237,4.1
acgr21.txt,2020_21,2020-21,19,64733,0000000,1964733,19647330000000,19647330000000,Los Angeles,Los Angeles Unified,TA,43262,36109,83.5,23559,65.2,8271,22.9,9318,25.8,3498,8.1,2691,6.2
acgr21.txt,2020_21,2020-21,19,64774,0000000,1964774,19647740000000,19647740000000,Los Angeles,Lynwood Unified,TA,988,826,83.6,396,47.9,176,21.3,129,15.6,155,15.7,0,0
acgr21.txt,2020_21,2020-21,19,64790,0000000,1964790,19647900000000,19647900000000,Los Angeles,Monrovia Unified,TA,436,424,97.2,241,56.8,64,15.1,106,25,7,1.6,1,0.2
acgr21.txt,2020_21,2020-21,19,64808,0000000,1964808,19648080000000,19648080000000,Los Angeles,Montebello Unified,TA,2048,1617,79,251,15.5,222,13.7,97,6,363,17.7,2,0.1
acgr21.txt,2020_21,2020-21,19,64840,0000000,1964840,19648400000000,19648400000000,Los Angeles,Norwalk-La Mirada Unified,TA,1334,1197,89.7,592,49.5,126,10.5,172,14.4,30,2.2,55,4.1
acgr21.txt,2020_21,2020-21,19,64857,0000000,1964857,19648570000000,19648570000000,Los Angeles,Palmdale Elementary,TA,558,278,49.8,141,50.7,29,10.4,83,29.9,72,12.9,199,35.7
acgr21.txt,2020_21,2020-21,19,64865,0000000,1964865,19648650000000,19648650000000,Los Angeles,Palos Verdes Peninsula Unified,TA,1056,1038,98.3,747,72,371,35.7,751,72.4,2,0.2,1,0.1
acgr21.txt,2020_21,2020-21,19,64873,0000000,1964873,19648730000000,19648730000000,Los Angeles,Paramount Unified,TA,1147,978,85.3,403,41.2,108,11,185,18.9,86,7.5,69,6
acgr21.txt,2020_21,2020-21,19,64881,0000000,1964881,19648810000000,19648810000000,Los Angeles,Pasadena Unified,TA,1337,1085,81.2,552,50.9,146,13.5,127,11.7,98,7.3,141,10.5
acgr21.txt,2020_21,2020-21,19,64907,0000000,1964907,19649070000000,19649070000000,Los Angeles,Pomona Unified,TA,1723,1458,84.6,630,43.2,191,13.1,170,11.7,103,6,149,8.6
acgr21.txt,2020_21,2020-21,19,64964,0000000,1964964,19649640000000,19649640000000,Los Angeles,San Marino Unified,TA,271,258,95.2,207,80.2,75,29.1,126,48.8,6,2.2,2,0.7
acgr21.txt,2020_21,2020-21,19,64980,0000000,1964980,19649800000000,19649800000000,Los Angeles,Santa Monica-Malibu Unified,TA,889,854,96.1,663,77.6,186,21.8,71,8.3,20,2.2,10,1.1
acgr21.txt,2020_21,2020-21,19,65029,0000000,1965029,19650290000000,19650290000000,Los Angeles,South Pasadena Unified,TA,367,347,94.6,246,70.9,86,24.8,119,34.3,9,2.5,7,1.9
acgr21.txt,2020_21,2020-21,19,65052,0000000,1965052,19650520000000,19650520000000,Los Angeles,Temple City Unified,TA,467,446,95.5,294,65.9,94,21.1,220,49.3,7,1.5,0,0
acgr21.txt,2020_21,2020-21,19,65060,0000000,1965060,19650600000000,19650600000000,Los Angeles,Torrance Unified,TA,1936,1833,94.7,1183,64.5,430,23.5,928,50.6,21,1.1,49,2.5
acgr21.txt,2020_21,2020-21,19,65094,0000000,1965094,19650940000000,19650940000000,Los Angeles,West Covina Unified,TA,1044,945,90.5,425,45,111,11.7,170,18,75,7.2,17,1.6
acgr21.txt,2020_21,2020-21,19,65128,0000000,1965128,19651280000000,19651280000000,Los Angeles,Whittier Union High,TA,2801,2539,90.6,1496,58.9,480,18.9,737,29,71,2.5,98,3.5
acgr21.txt,2020_21,2020-21,19,65136,0000000,1965136,19651360000000,19651360000000,Los Angeles,William S. Hart Union High,TA,4080,3631,89,1872,51.6,243,6.7,1364,37.6,129,3.2,285,7
acgr21.txt,2020_21,2020-21,19,73437,0000000,1973437,19734370000000,19734370000000,Los Angeles,Compton Unified,TA,1352,1127,83.4,546,48.4,220,19.5,366,32.5,204,15.1,0,0
acgr21.txt,2020_21,2020-21,19,73445,0000000,1973445,19734450000000,19734450000000,Los Angeles,Hacienda la Puente Unified,TA,1316,1188,90.3,560,47.1,41,3.5,212,17.8,53,4,59,4.5
acgr21.txt,2020_21,2020-21,19,73452,0000000,1973452,19734520000000,19734520000000,Los Angeles,Rowland Unified,TA,1147,998,87,446,44.7,103,10.3,208,20.8,80,7,28,2.4
acgr21.txt,2020_21,2020-21,19,73460,0000000,1973460,19734600000000,19734600000000,Los Angeles,Walnut Valley Unified,TA,1221,1183,96.9,805,68,156,13.2,696,58.8,12,1,0,0
acgr21.txt,2020_21,2020-21,19,75291,0000000,1975291,19752910000000,19752910000000,Los Angeles,San Gabriel Unified,TA,641,489,76.3,316,64.6,90,18.4,177,36.2,70,10.9,53,8.3
acgr21.txt,2020_21,2020-21,19,75309,0000000,1975309,19753090000000,19753090000000,Los Angeles,Acton-Agua Dulce Unified,TA,2580,671,26,152,22.7,4,0.6,106,15.8,712,27.6,1105,42.8
acgr21.txt,2020_21,2020-21,19,75333,0000000,1975333,19753330000000,19753330000000,Los Angeles,Manhattan Beach Unified,TA,638,610,95.6,496,81.3,178,29.2,296,48.5,7,1.1,9,1.4
acgr21.txt,2020_21,2020-21,19,75341,0000000,1975341,19753410000000,19753410000000,Los Angeles,Redondo Beach Unified,TA,777,739,95.1,446,60.4,51,6.9,280,37.9,26,3.3,1,0.1
acgr21.txt,2020_21,2020-21,19,75663,0000000,1975663,19756630000000,19756630000000,Los Angeles,SBE - New West Charter,TA,131,126,96.2,126,100,0,0,0,0,5,3.8,0,0
acgr21.txt,2020_21,2020-21,19,75697,0000000,1975697,19756970000000,19756970000000,Los Angeles,SBE - The School of Arts and Enterprise,TA,108,98,90.7,98,100,0,0,0,0,2,1.9,6,5.6
acgr21.txt,2020_21,2020-21,19,75713,0000000,1975713,19757130000000,19757130000000,Los Angeles,Alhambra Unified,TA,1650,1579,95.7,1105,70,325,20.6,1173,74.3,15,0.9,26,1.6
acgr21.txt,2020_21,2020-21,19,76869,0000000,1976869,19768690000000,19768690000000,Los Angeles,Wiseburn Unified,TA,381,355,93.2,324,91.3,0,0,0,0,1,0.3,17,4.5
acgr21.txt,2020_21,2020-21,19,76968,0000000,1976968,19769680000000,19769680000000,Los Angeles,SBE - Academia Avance Charter,TA,75,60,80,50,83.3,0,0,0,0,15,20,0,0
acgr21.txt,2020_21,2020-21,19,76992,0000000,1976992,19769920000000,19769920000000,Los Angeles,SBE - Prepa Tec Los Angeles High,TA,102,82,80.4,82,100,0,0,8,9.8,17,16.7,3,2.9
acgr21.txt,2020_21,2020-21,19,77289,0000000,1977289,19772890000000,19772890000000,Los Angeles,SBE - Los Angeles College Prep Academy,TA,20,10,50,10,100,0,0,0,0,8,40,0,0
acgr21.txt,2020_21,2020-21,20,10207,0000000,2010207,20102070000000,20102070000000,Madera,Madera County Superintendent of Schools,TA,150,55,36.7,0,0,0,0,0,0,33,22,59,39.3
acgr21.txt,2020_21,2020-21,20,65201,0000000,2065201,20652010000000,20652010000000,Madera,Chowchilla Union High,TA,267,221,82.8,72,32.6,0,0,0,0,19,7.1,27,10.1
acgr21.txt,2020_21,2020-21,20,65243,0000000,2065243,20652430000000,20652430000000,Madera,Madera Unified,TA,1246,1109,89,516,46.5,179,16.1,307,27.7,100,8,4,0.3
acgr21.txt,2020_21,2020-21,20,75580,0000000,2075580,20755800000000,20755800000000,Madera,Golden Valley Unified,TA,143,124,86.7,59,47.6,0,0,0,0,13,9.1,1,0.7
acgr21.txt,2020_21,2020-21,20,75606,0000000,2075606,20756060000000,20756060000000,Madera,Chawanakee Unified,TA,159,154,96.9,37,24,0,0,0,0,1,0.6,0,0
acgr21.txt,2020_21,2020-21,20,76414,0000000,2076414,20764140000000,20764140000000,Madera,Yosemite Unified,TA,214,159,74.3,76,47.8,0,0,5,3.1,43,20.1,1,0.5
acgr21.txt,2020_21,2020-21,21,10215,0000000,2110215,21102150000000,21102150000000,Marin,Marin County Office of Education,TA,43,8,18.6,0,0,0,0,0,0,24,55.8,10,23.3
acgr21.txt,2020_21,2020-21,21,65417,0000000,2165417,21654170000000,21654170000000,Marin,Novato Unified,TA,682,635,93.1,428,67.4,1,0.2,1,0.2,27,4,1,0.1
acgr21.txt,2020_21,2020-21,21,65466,0000000,2165466,21654660000000,21654660000000,Marin,San Rafael City High,TA,746,615,82.4,371,60.3,166,27,226,36.7,78,10.5,7,0.9
acgr21.txt,2020_21,2020-21,21,65482,0000000,2165482,21654820000000,21654820000000,Marin,Tamalpais Union High,TA,1274,1243,97.6,962,77.4,500,40.2,553,44.5,18,1.4,0,0
acgr21.txt,2020_21,2020-21,21,73361,0000000,2173361,21733610000000,21733610000000,Marin,Shoreline Unified,TA,36,34,94.4,18,52.9,0,0,0,0,2,5.6,0,0
acgr21.txt,2020_21,2020-21,22,10223,0000000,2210223,22102230000000,22102230000000,Mariposa,Mariposa County Office of Education,TA,NA,NA,NA,NA,NA,NA,NA,NA,NA,NA,NA,NA,NA
acgr21.txt,2020_21,2020-21,22,65532,0000000,2265532,22655320000000,22655320000000,Mariposa,Mariposa County Unified,TA,141,120,85.1,43,35.8,0,0,38,31.7,15,10.6,4,2.8
acgr21.txt,2020_21,2020-21,23,10231,0000000,2310231,23102310000000,23102310000000,Mendocino,Mendocino County Office of Education,TA,19,2,10.5,0,0,0,0,0,0,9,47.4,2,10.5
acgr21.txt,2020_21,2020-21,23,65540,0000000,2365540,23655400000000,23655400000000,Mendocino,Anderson Valley Unified,TA,32,28,87.5,1,3.6,0,0,0,0,0,0,4,12.5
acgr21.txt,2020_21,2020-21,23,65557,0000000,2365557,23655570000000,23655570000000,Mendocino,Arena Union Elementary,TA,NA,NA,NA,NA,NA,NA,NA,NA,NA,NA,NA,NA,NA
acgr21.txt,2020_21,2020-21,23,65565,0000000,2365565,23655650000000,23655650000000,Mendocino,Fort Bragg Unified,TA,160,139,86.9,31,22.3,2,1.4,12,8.6,10,6.3,1,0.6
acgr21.txt,2020_21,2020-21,23,65581,0000000,2365581,23655810000000,23655810000000,Mendocino,Mendocino Unified,TA,44,42,95.5,27,64.3,0,0,0,0,2,4.5,0,0
acgr21.txt,2020_21,2020-21,23,65599,0000000,2365599,23655990000000,23655990000000,Mendocino,Point Arena Joint Union High,TA,24,19,79.2,0,0,0,0,0,0,3,12.5,0,0
acgr21.txt,2020_21,2020-21,23,65607,0000000,2365607,23656070000000,23656070000000,Mendocino,Round Valley Unified,TA,28,24,85.7,1,4.2,0,0,0,0,3,10.7,1,3.6
acgr21.txt,2020_21,2020-21,23,65615,0000000,2365615,23656150000000,23656150000000,Mendocino,Ukiah Unified,TA,489,430,87.9,160,37.2,74,17.2,0,0,9,1.8,32,6.5
acgr21.txt,2020_21,2020-21,23,65623,0000000,2365623,23656230000000,23656230000000,Mendocino,Willits Unified,TA,180,153,85,46,30.1,0,0,3,2,27,15,0,0
acgr21.txt,2020_21,2020-21,23,73866,0000000,2373866,23738660000000,23738660000000,Mendocino,Potter Valley Community Unified,TA,14,12,85.7,3,25,0,0,0,0,2,14.3,0,0
acgr21.txt,2020_21,2020-21,23,73916,0000000,2373916,23739160000000,23739160000000,Mendocino,Laytonville Unified,TA,24,22,91.7,6,27.3,6,27.3,2,9.1,2,8.3,0,0
acgr21.txt,2020_21,2020-21,23,75218,0000000,2375218,23752180000000,23752180000000,Mendocino,Leggett Valley Unified,TA,NA,NA,NA,NA,NA,NA,NA,NA,NA,NA,NA,NA,NA
acgr21.txt,2020_21,2020-21,24,10249,0000000,2410249,24102490000000,24102490000000,Merced,Merced County Office of Education,TA,389,201,51.7,0,0,4,2,0,0,102,26.2,39,10
acgr21.txt,2020_21,2020-21,24,65698,0000000,2465698,24656980000000,24656980000000,Merced,Hilmar Unified,TA,185,175,94.6,76,43.4,0,0,0,0,6,3.2,1,0.5
acgr21.txt,2020_21,2020-21,24,65730,0000000,2465730,24657300000000,24657300000000,Merced,Le Grand Union High,TA,135,123,91.1,56,45.5,0,0,0,0,7,5.2,5,3.7
acgr21.txt,2020_21,2020-21,24,65755,0000000,2465755,24657550000000,24657550000000,Merced,Los Banos Unified,TA,786,718,91.3,341,47.5,28,3.9,100,13.9,21,2.7,36,4.6
acgr21.txt,2020_21,2020-21,24,65789,0000000,2465789,24657890000000,24657890000000,Merced,Merced Union High,TA,2665,2521,94.6,852,33.8,85,3.4,165,6.5,99,3.7,18,0.7
acgr21.txt,2020_21,2020-21,24,73619,0000000,2473619,24736190000000,24736190000000,Merced,Gustine Unified,TA,140,127,90.7,1,0.8,0,0,0,0,12,8.6,1,0.7
acgr21.txt,2020_21,2020-21,24,75317,0000000,2475317,24753170000000,24753170000000,Merced,Dos Palos Oro Loma Joint Unified,TA,162,150,92.6,44,29.3,19,12.7,0,0,12,7.4,0,0
acgr21.txt,2020_21,2020-21,24,75366,0000000,2475366,24753660000000,24753660000000,Merced,Delhi Unified,TA,197,193,98,99,51.3,20,10.4,36,18.7,1,0.5,0,0
acgr21.txt,2020_21,2020-21,25,65896,0000000,2565896,25658960000000,25658960000000,Modoc,Surprise Valley Joint Unified,TA,NA,NA,NA,NA,NA,NA,NA,NA,NA,NA,NA,NA,NA
acgr21.txt,2020_21,2020-21,25,73585,0000000,2573585,25735850000000,25735850000000,Modoc,Modoc Joint Unified,TA,66,57,86.4,8,14,0,0,0,0,9,13.6,0,0
acgr21.txt,2020_21,2020-21,25,73593,0000000,2573593,25735930000000,25735930000000,Modoc,Tulelake Basin Joint Unified,TA,22,19,86.4,13,68.4,2,10.5,2,10.5,0,0,1,4.5
acgr21.txt,2020_21,2020-21,26,10264,0000000,2610264,26102640000000,26102640000000,Mono,Mono County Office of Education,TA,89,6,6.7,0,0,0,0,0,0,46,51.7,37,41.6
acgr21.txt,2020_21,2020-21,26,73668,0000000,2673668,26736680000000,26736680000000,Mono,Eastern Sierra Unified,TA,28,28,100,23,82.1,0,0,0,0,0,0,0,0
acgr21.txt,2020_21,2020-21,26,73692,0000000,2673692,26736920000000,26736920000000,Mono,Mammoth Unified,TA,84,80,95.2,36,45,44,55,33,41.3,2,2.4,0,0
acgr21.txt,2020_21,2020-21,27,10272,0000000,2710272,27102720000000,27102720000000,Monterey,Monterey County Office of Education,TA,158,77,48.7,0,0,0,0,0,0,38,24.1,40,25.3
acgr21.txt,2020_21,2020-21,27,65987,0000000,2765987,27659870000000,27659870000000,Monterey,Carmel Unified,TA,224,219,97.8,144,65.8,0,0,0,0,0,0,2,0.9
acgr21.txt,2020_21,2020-21,27,66068,0000000,2766068,27660680000000,27660680000000,Monterey,South Monterey County Joint Union High,TA,620,527,85,125,23.7,57,10.8,50,9.5,78,12.6,5,0.8
acgr21.txt,2020_21,2020-21,27,66092,0000000,2766092,27660920000000,27660920000000,Monterey,Monterey Peninsula Unified,TA,874,806,92.2,459,56.9,62,7.7,241,29.9,33,3.8,7,0.8
acgr21.txt,2020_21,2020-21,27,66134,0000000,2766134,27661340000000,27661340000000,Monterey,Pacific Grove Unified,TA,142,132,93,0,0,0,0,0,0,3,2.1,0,0
acgr21.txt,2020_21,2020-21,27,66159,0000000,2766159,27661590000000,27661590000000,Monterey,Salinas Union High,TA,2667,2219,83.2,1053,47.5,351,15.8,361,16.3,203,7.6,210,7.9
acgr21.txt,2020_21,2020-21,27,73825,0000000,2773825,27738250000000,27738250000000,Monterey,North Monterey County Unified,TA,372,320,86,11,3.4,24,7.5,0,0,24,6.5,1,0.3
acgr21.txt,2020_21,2020-21,27,75150,0000000,2775150,27751500000000,27751500000000,Monterey,Big Sur Unified,TA,NA,NA,NA,NA,NA,NA,NA,NA,NA,NA,NA,NA,NA
acgr21.txt,2020_21,2020-21,27,75440,0000000,2775440,27754400000000,27754400000000,Monterey,Soledad Unified,TA,361,326,90.3,154,47.2,36,11,130,39.9,14,3.9,12,3.3
acgr21.txt,2020_21,2020-21,27,75473,0000000,2775473,27754730000000,27754730000000,Monterey,Gonzales Unified,TA,221,202,91.4,76,37.6,19,9.4,35,17.3,14,6.3,0,0
acgr21.txt,2020_21,2020-21,28,10280,0000000,2810280,28102800000000,28102800000000,Napa,Napa County Office of Education,TA,38,20,52.6,0,0,0,0,0,0,10,26.3,6,15.8
acgr21.txt,2020_21,2020-21,28,66241,0000000,2866241,28662410000000,28662410000000,Napa,Calistoga Joint Unified,TA,67,62,92.5,30,48.4,20,32.3,21,33.9,2,3,0,0
acgr21.txt,2020_21,2020-21,28,66266,0000000,2866266,28662660000000,28662660000000,Napa,Napa Valley Unified,TA,1519,1390,91.5,692,49.8,385,27.7,394,28.3,75,4.9,4,0.3
acgr21.txt,2020_21,2020-21,28,66290,0000000,2866290,28662900000000,28662900000000,Napa,Saint Helena Unified,TA,117,102,87.2,67,65.7,37,36.3,32,31.4,3,2.6,1,0.9
acgr21.txt,2020_21,2020-21,29,10298,0000000,2910298,29102980000000,29102980000000,Nevada,Nevada County Office of Education,TA,324,148,45.7,0,0,0,0,1,0.7,101,31.2,71,21.9
acgr21.txt,2020_21,2020-21,29,66357,0000000,2966357,29663570000000,29663570000000,Nevada,Nevada Joint Union High,TA,652,575,88.2,194,33.7,35,6.1,109,19,42,6.4,15,2.3
acgr21.txt,2020_21,2020-21,29,76877,0000000,2976877,29768770000000,29768770000000,Nevada,Penn Valley Union Elementary,TA,13,13,100,0,0,0,0,0,0,0,0,0,0
acgr21.txt,2020_21,2020-21,30,10306,0000000,3010306,30103060000000,30103060000000,Orange,Orange County Department of Education,TA,1787,986,55.2,543,55.1,245,24.8,367,37.2,291,16.3,451,25.2
acgr21.txt,2020_21,2020-21,30,66431,0000000,3066431,30664310000000,30664310000000,Orange,Anaheim Union High,TA,5006,4549,90.9,2364,52,1261,27.7,1131,24.9,146,2.9,179,3.6
acgr21.txt,2020_21,2020-21,30,66449,0000000,3066449,30664490000000,30664490000000,Orange,Brea-Olinda Unified,TA,456,426,93.4,229,53.8,89,20.9,215,50.5,18,3.9,0,0
acgr21.txt,2020_21,2020-21,30,66464,0000000,3066464,30664640000000,30664640000000,Orange,Capistrano Unified,TA,4733,4412,93.2,2629,59.6,893,20.2,1556,35.3,148,3.1,90,1.9
acgr21.txt,2020_21,2020-21,30,66514,0000000,3066514,30665140000000,30665140000000,Orange,Fullerton Joint Union High,TA,3357,2985,88.9,1712,57.4,487,16.3,865,29,173,5.2,97,2.9
acgr21.txt,2020_21,2020-21,30,66522,0000000,3066522,30665220000000,30665220000000,Orange,Garden Grove Unified,TA,3545,3293,92.9,1901,57.7,646,19.6,1308,39.7,146,4.1,54,1.5
acgr21.txt,2020_21,2020-21,30,66548,0000000,3066548,30665480000000,30665480000000,Orange,Huntington Beach Union High,TA,3926,3656,93.1,1935,52.9,1114,30.5,1231,33.7,128,3.3,26,0.7
acgr21.txt,2020_21,2020-21,30,66555,0000000,3066555,30665550000000,30665550000000,Orange,Laguna Beach Unified,TA,233,229,98.3,180,78.6,95,41.5,102,44.5,2,0.9,0,0
acgr21.txt,2020_21,2020-21,30,66597,0000000,3066597,30665970000000,30665970000000,Orange,Newport-Mesa Unified,TA,1752,1606,91.7,1053,65.6,411,25.6,631,39.3,87,5,32,1.8
acgr21.txt,2020_21,2020-21,30,66621,0000000,3066621,30666210000000,30666210000000,Orange,Orange Unified,TA,2209,2109,95.5,1059,50.2,251,11.9,347,16.5,77,3.5,0,0
acgr21.txt,2020_21,2020-21,30,66647,0000000,3066647,30666470000000,30666470000000,Orange,Placentia-Yorba Linda Unified,TA,2042,1947,95.3,1077,55.3,488,25.1,721,37,37,1.8,18,0.9
acgr21.txt,2020_21,2020-21,30,66670,0000000,3066670,30666700000000,30666700000000,Orange,Santa Ana Unified,TA,3620,3200,88.4,1411,44.1,894,27.9,1162,36.3,169,4.7,172,4.8
acgr21.txt,2020_21,2020-21,30,73635,0000000,3073635,30736350000000,30736350000000,Orange,Saddleback Valley Unified,TA,2262,2048,90.5,1190,58.1,313,15.3,767,37.5,79,3.5,65,2.9
acgr21.txt,2020_21,2020-21,30,73643,0000000,3073643,30736430000000,30736430000000,Orange,Tustin Unified,TA,2053,1963,95.6,1281,65.3,435,22.2,237,12.1,49,2.4,3,0.1
acgr21.txt,2020_21,2020-21,30,73650,0000000,3073650,30736500000000,30736500000000,Orange,Irvine Unified,TA,2665,2542,95.4,1763,69.4,688,27.1,1285,50.6,57,2.1,12,0.5
acgr21.txt,2020_21,2020-21,30,73924,0000000,3073924,30739240000000,30739240000000,Orange,Los Alamitos Unified,TA,790,774,98,553,71.4,327,42.2,389,50.3,7,0.9,2,0.3
acgr21.txt,2020_21,2020-21,30,76893,0000000,3076893,30768930000000,30768930000000,Orange,SBE - Magnolia Science Academy Santa Ana,TA,23,22,95.7,19,86.4,10,45.5,13,59.1,0,0,1,4.3
acgr21.txt,2020_21,2020-21,31,10314,0000000,3110314,31103140000000,31103140000000,Placer,Placer County Office of Education,TA,108,46,42.6,0,0,0,0,0,0,27,25,35,32.4
acgr21.txt,2020_21,2020-21,31,66894,0000000,3166894,31668940000000,31668940000000,Placer,Placer Union High,TA,1028,965,93.9,516,53.5,160,16.6,308,31.9,44,4.3,0,0
acgr21.txt,2020_21,2020-21,31,66928,0000000,3166928,31669280000000,31669280000000,Placer,Roseville Joint Union High,TA,2673,2355,88.1,1470,62.4,42,1.8,107,4.5,268,10,4,0.1
acgr21.txt,2020_21,2020-21,31,66944,0000000,3166944,31669440000000,31669440000000,Placer,Tahoe-Truckee Unified,TA,315,292,92.7,196,67.1,109,37.3,82,28.1,16,5.1,0,0
acgr21.txt,2020_21,2020-21,31,66951,0000000,3166951,31669510000000,31669510000000,Placer,Western Placer Unified,TA,836,713,85.3,329,46.1,65,9.1,147,20.6,58,6.9,52,6.2
acgr21.txt,2020_21,2020-21,31,75085,0000000,3175085,31750850000000,31750850000000,Placer,Rocklin Unified,TA,1148,1098,95.6,829,75.5,119,10.8,252,23,17,1.5,12,1
acgr21.txt,2020_21,2020-21,32,10322,0000000,3210322,32103220000000,32103220000000,Plumas,Plumas County Office of Education,TA,NA,NA,NA,NA,NA,NA,NA,NA,NA,NA,NA,NA,NA
acgr21.txt,2020_21,2020-21,32,66969,0000000,3266969,32669690000000,32669690000000,Plumas,Plumas Unified,TA,161,135,83.9,38,28.1,0,0,0,0,22,13.7,0,0
acgr21.txt,2020_21,2020-21,33,10330,0000000,3310330,33103300000000,33103300000000,Riverside,Riverside County Office of Education,TA,896,506,56.5,115,22.7,0,0,43,8.5,255,28.5,97,10.8
acgr21.txt,2020_21,2020-21,33,31625,0000000,3331625,33316250000000,33316250000000,Riverside,California School for the Deaf-Riverside (State Special Schl),TA,42,23,54.8,0,0,0,0,0,0,0,0,19,45.2
acgr21.txt,2020_21,2020-21,33,66977,0000000,3366977,33669770000000,33669770000000,Riverside,Alvord Unified,TA,1485,1275,85.9,505,39.6,111,8.7,297,23.3,63,4.2,126,8.5
acgr21.txt,2020_21,2020-21,33,66985,0000000,3366985,33669850000000,33669850000000,Riverside,Banning Unified,TA,338,257,76,101,39.3,15,5.8,0,0,60,17.8,0,0
acgr21.txt,2020_21,2020-21,33,66993,0000000,3366993,33669930000000,33669930000000,Riverside,Beaumont Unified,TA,777,710,91.4,373,52.5,0,0,0,0,39,5,19,2.4
acgr21.txt,2020_21,2020-21,33,67033,0000000,3367033,33670330000000,33670330000000,Riverside,Corona-Norco Unified,TA,4364,4154,95.2,2197,52.9,394,9.5,853,20.5,89,2,87,2
acgr21.txt,2020_21,2020-21,33,67058,0000000,3367058,33670580000000,33670580000000,Riverside,Desert Sands Unified,TA,2265,2097,92.6,1119,53.4,378,18,401,19.1,76,3.4,14,0.6
acgr21.txt,2020_21,2020-21,33,67082,0000000,3367082,33670820000000,33670820000000,Riverside,Hemet Unified,TA,1747,1568,89.8,765,48.8,117,7.5,310,19.8,94,5.4,60,3.4
acgr21.txt,2020_21,2020-21,33,67090,0000000,3367090,33670900000000,33670900000000,Riverside,Jurupa Unified,TA,1514,1307,86.3,457,35,144,11,351,26.9,82,5.4,114,7.5
acgr21.txt,2020_21,2020-21,33,67116,0000000,3367116,33671160000000,33671160000000,Riverside,Menifee Union Elementary,TA,125,122,97.6,71,58.2,0,0,34,27.9,0,0,0,0
acgr21.txt,2020_21,2020-21,33,67124,0000000,3367124,33671240000000,33671240000000,Riverside,Moreno Valley Unified,TA,2345,2135,91,862,40.4,106,5,409,19.2,128,5.5,39,1.7
acgr21.txt,2020_21,2020-21,33,67157,0000000,3367157,33671570000000,33671570000000,Riverside,Nuview Union,TA,137,137,100,108,78.8,0,0,50,36.5,0,0,0,0
acgr21.txt,2020_21,2020-21,33,67173,0000000,3367173,33671730000000,33671730000000,Riverside,Palm Springs Unified,TA,1738,1505,86.6,751,49.9,342,22.7,324,21.5,88,5.1,69,4
acgr21.txt,2020_21,2020-21,33,67181,0000000,3367181,33671810000000,33671810000000,Riverside,Palo Verde Unified,TA,323,256,79.3,65,25.4,12,4.7,49,19.1,50,15.5,14,4.3
acgr21.txt,2020_21,2020-21,33,67207,0000000,3367207,33672070000000,33672070000000,Riverside,Perris Union High,TA,2279,2064,90.6,773,37.5,169,8.2,260,12.6,143,6.3,52,2.3
acgr21.txt,2020_21,2020-21,33,67215,0000000,3367215,33672150000000,33672150000000,Riverside,Riverside Unified,TA,3072,2898,94.3,1555,53.7,357,12.3,620,21.4,68,2.2,91,3
acgr21.txt,2020_21,2020-21,33,67249,0000000,3367249,33672490000000,33672490000000,Riverside,San Jacinto Unified,TA,823,748,90.9,350,46.8,87,11.6,90,12,39,4.7,0,0
acgr21.txt,2020_21,2020-21,33,73676,0000000,3373676,33736760000000,33736760000000,Riverside,Coachella Valley Unified,TA,1376,1042,75.7,385,36.9,141,13.5,220,21.1,211,15.3,31,2.3
acgr21.txt,2020_21,2020-21,33,75176,0000000,3375176,33751760000000,33751760000000,Riverside,Lake Elsinore Unified,TA,1657,1485,89.6,570,38.4,98,6.6,498,33.5,33,2,1,0.1
acgr21.txt,2020_21,2020-21,33,75192,0000000,3375192,33751920000000,33751920000000,Riverside,Temecula Valley Unified,TA,2376,2248,94.6,1800,80.1,423,18.8,1433,63.7,47,2,40,1.7
acgr21.txt,2020_21,2020-21,33,75200,0000000,3375200,33752000000000,33752000000000,Riverside,Murrieta Valley Unified,TA,2052,1976,96.3,1253,63.4,307,15.5,510,25.8,25,1.2,14,0.7
acgr21.txt,2020_21,2020-21,33,75242,0000000,3375242,33752420000000,33752420000000,Riverside,Val Verde Unified,TA,1681,1518,90.3,849,55.9,172,11.3,160,10.5,116,6.9,20,1.2
acgr21.txt,2020_21,2020-21,34,10348,0000000,3410348,34103480000000,34103480000000,Sacramento,Sacramento County Office of Education,TA,365,95,26,18,18.9,0,0,0,0,105,28.8,161,44.1
acgr21.txt,2020_21,2020-21,34,67314,0000000,3467314,34673140000000,34673140000000,Sacramento,Elk Grove Unified,TA,5155,4547,88.2,2513,55.3,487,10.7,1773,39,272,5.3,284,5.5
acgr21.txt,2020_21,2020-21,34,67322,0000000,3467322,34673220000000,34673220000000,Sacramento,Elverta Joint Elementary,TA,16,15,93.8,0,0,0,0,0,0,1,6.3,0,0
acgr21.txt,2020_21,2020-21,34,67330,0000000,3467330,34673300000000,34673300000000,Sacramento,Folsom-Cordova Unified,TA,1624,1518,93.5,837,55.1,263,17.3,532,35,45,2.8,46,2.8
acgr21.txt,2020_21,2020-21,34,67355,0000000,3467355,34673550000000,34673550000000,Sacramento,Galt Joint Union High,TA,524,431,82.3,202,46.9,120,27.8,109,25.3,47,9,39,7.4
acgr21.txt,2020_21,2020-21,34,67413,0000000,3467413,34674130000000,34674130000000,Sacramento,River Delta Joint Unified,TA,181,168,92.8,84,50,21,12.5,0,0,5,2.8,1,0.6
acgr21.txt,2020_21,2020-21,34,67421,0000000,3467421,34674210000000,34674210000000,Sacramento,Robla Elementary,TA,140,25,17.9,0,0,0,0,0,0,25,17.9,82,58.6
acgr21.txt,2020_21,2020-21,34,67439,0000000,3467439,34674390000000,34674390000000,Sacramento,Sacramento City Unified,TA,3106,2526,81.3,1357,53.7,575,22.8,1073,42.5,313,10.1,219,7.1
acgr21.txt,2020_21,2020-21,34,67447,0000000,3467447,34674470000000,34674470000000,Sacramento,San Juan Unified,TA,4650,3658,78.7,1354,37,491,13.4,726,19.8,514,11.1,388,8.3
acgr21.txt,2020_21,2020-21,34,73973,0000000,3473973,34739730000000,34739730000000,Sacramento,Center Joint Unified,TA,305,264,86.6,48,18.2,36,13.6,0,0,15,4.9,18,5.9
acgr21.txt,2020_21,2020-21,34,75283,0000000,3475283,34752830000000,34752830000000,Sacramento,Natomas Unified,TA,1121,1068,95.3,733,68.6,189,17.7,454,42.5,18,1.6,11,1
acgr21.txt,2020_21,2020-21,34,76505,0000000,3476505,34765050000000,34765050000000,Sacramento,Twin Rivers Unified,TA,2470,1526,61.8,394,25.8,147,9.6,228,14.9,763,30.9,145,5.9
acgr21.txt,2020_21,2020-21,35,10355,0000000,3510355,35103550000000,35103550000000,San Benito,San Benito County Office of Education,TA,NA,NA,NA,NA,NA,NA,NA,NA,NA,NA,NA,NA,NA
acgr21.txt,2020_21,2020-21,35,67538,0000000,3567538,35675380000000,35675380000000,San Benito,San Benito High,TA,802,709,88.4,313,44.1,152,21.4,270,38.1,65,8.1,1,0.1
acgr21.txt,2020_21,2020-21,35,75259,0000000,3575259,35752590000000,35752590000000,San Benito,Aromas - San Juan Unified,TA,84,65,77.4,0,0,0,0,0,0,8,9.5,11,13.1
acgr21.txt,2020_21,2020-21,36,10363,0000000,3610363,36103630000000,36103630000000,San Bernardino,San Bernardino County Office of Education,TA,654,408,62.4,73,17.9,0,0,66,16.2,112,17.1,130,19.9
acgr21.txt,2020_21,2020-21,36,67587,0000000,3667587,36675870000000,36675870000000,San Bernardino,Adelanto Elementary,TA,42,13,31,1,7.7,0,0,0,0,29,69,0,0
acgr21.txt,2020_21,2020-21,36,67611,0000000,3667611,36676110000000,36676110000000,San Bernardino,Barstow Unified,TA,388,290,74.7,47,16.2,0,0,34,11.7,62,16,32,8.2
acgr21.txt,2020_21,2020-21,36,67637,0000000,3667637,36676370000000,36676370000000,San Bernardino,Bear Valley Unified,TA,188,169,89.9,64,37.9,12,7.1,23,13.6,12,6.4,6,3.2
acgr21.txt,2020_21,2020-21,36,67652,0000000,3667652,36676520000000,36676520000000,San Bernardino,Chaffey Joint Union High,TA,5957,5268,88.4,3617,68.7,892,16.9,1672,31.7,385,6.5,259,4.3
acgr21.txt,2020_21,2020-21,36,67678,0000000,3667678,36676780000000,36676780000000,San Bernardino,Chino Valley Unified,TA,2339,2181,93.2,1295,59.4,330,15.1,702,32.2,100,4.3,20,0.9
acgr21.txt,2020_21,2020-21,36,67686,0000000,3667686,36676860000000,36676860000000,San Bernardino,Colton Joint Unified,TA,1550,1260,81.3,387,30.7,177,14,158,12.5,186,12,71,4.6
acgr21.txt,2020_21,2020-21,36,67710,0000000,3667710,36677100000000,36677100000000,San Bernardino,Fontana Unified,TA,2828,2540,89.8,1339,52.7,453,17.8,268,10.6,141,5,97,3.4
acgr21.txt,2020_21,2020-21,36,67736,0000000,3667736,36677360000000,36677360000000,San Bernardino,Helendale Elementary,TA,456,255,55.9,78,30.6,5,2,57,22.4,71,15.6,113,24.8
acgr21.txt,2020_21,2020-21,36,67777,0000000,3667777,36677770000000,36677770000000,San Bernardino,Morongo Unified,TA,588,455,77.4,123,27,22,4.8,84,18.5,97,16.5,26,4.4
acgr21.txt,2020_21,2020-21,36,67801,0000000,3667801,36678010000000,36678010000000,San Bernardino,Needles Unified,TA,74,74,100,8,10.8,0,0,0,0,0,0,0,0
acgr21.txt,2020_21,2020-21,36,67827,0000000,3667827,36678270000000,36678270000000,San Bernardino,Oro Grande,TA,840,677,80.6,38,5.6,0,0,0,0,71,8.5,89,10.6
acgr21.txt,2020_21,2020-21,36,67843,0000000,3667843,36678430000000,36678430000000,San Bernardino,Redlands Unified,TA,1743,1625,93.2,722,44.4,138,8.5,530,32.6,56,3.2,46,2.6
acgr21.txt,2020_21,2020-21,36,67850,0000000,3667850,36678500000000,36678500000000,San Bernardino,Rialto Unified,TA,1817,1681,92.5,761,45.3,232,13.8,317,18.9,60,3.3,66,3.6
acgr21.txt,2020_21,2020-21,36,67868,0000000,3667868,36678680000000,36678680000000,San Bernardino,Rim of the World Unified,TA,230,203,88.3,67,33,15,7.4,27,13.3,18,7.8,6,2.6
acgr21.txt,2020_21,2020-21,36,67876,0000000,3667876,36678760000000,36678760000000,San Bernardino,San Bernardino City Unified,TA,3907,3056,78.2,1186,38.8,592,19.4,482,15.8,503,12.9,247,6.3
acgr21.txt,2020_21,2020-21,36,67892,0000000,3667892,36678920000000,36678920000000,San Bernardino,Trona Joint Unified,TA,134,18,13.4,0,0,0,0,0,0,116,86.6,0,0
acgr21.txt,2020_21,2020-21,36,67934,0000000,3667934,36679340000000,36679340000000,San Bernardino,Victor Valley Union High,TA,2059,1615,78.4,621,38.5,180,11.1,347,21.5,267,13,136,6.6
acgr21.txt,2020_21,2020-21,36,67959,0000000,3667959,36679590000000,36679590000000,San Bernardino,Yucaipa-Calimesa Joint Unified,TA,764,680,89,300,44.1,57,8.4,0,0,32,4.2,49,6.4
acgr21.txt,2020_21,2020-21,36,73858,0000000,3673858,36738580000000,36738580000000,San Bernardino,Baker Valley Unified,TA,NA,NA,NA,NA,NA,NA,NA,NA,NA,NA,NA,NA,NA
acgr21.txt,2020_21,2020-21,36,73890,0000000,3673890,36738900000000,36738900000000,San Bernardino,Silver Valley Unified,TA,115,114,99.1,27,23.7,1,0.9,4,3.5,0,0,0,0
acgr21.txt,2020_21,2020-21,36,73957,0000000,3673957,36739570000000,36739570000000,San Bernardino,Snowline Joint Unified,TA,596,552,92.6,176,31.9,53,9.6,0,0,25,4.2,15,2.5
acgr21.txt,2020_21,2020-21,36,75044,0000000,3675044,36750440000000,36750440000000,San Bernardino,Hesperia Unified,TA,2010,1738,86.5,675,38.8,149,8.6,181,10.4,153,7.6,75,3.7
acgr21.txt,2020_21,2020-21,36,75051,0000000,3675051,36750510000000,36750510000000,San Bernardino,Lucerne Valley Unified,TA,1303,549,42.1,139,25.3,4,0.7,93,16.9,273,21,465,35.7
acgr21.txt,2020_21,2020-21,36,75069,0000000,3675069,36750690000000,36750690000000,San Bernardino,Upland Unified,TA,797,741,93,379,51.1,0,0,0,0,32,4,11,1.4
acgr21.txt,2020_21,2020-21,36,75077,0000000,3675077,36750770000000,36750770000000,San Bernardino,Apple Valley Unified,TA,1034,909,87.9,428,47.1,90,9.9,145,16,64,6.2,31,3
acgr21.txt,2020_21,2020-21,37,10371,0000000,3710371,37103710000000,37103710000000,San Diego,San Diego County Office of Education,TA,475,196,41.3,40,20.4,0,0,45,23,118,24.8,158,33.3
acgr21.txt,2020_21,2020-21,37,67983,0000000,3767983,37679830000000,37679830000000,San Diego,Borrego Springs Unified,TA,1020,235,23,14,6,0,0,0,0,224,22,551,54
acgr21.txt,2020_21,2020-21,37,68023,0000000,3768023,37680230000000,37680230000000,San Diego,Chula Vista Elementary,TA,263,256,97.3,196,76.6,112,43.8,104,40.6,5,1.9,0,0
acgr21.txt,2020_21,2020-21,37,68031,0000000,3768031,37680310000000,37680310000000,San Diego,Coronado Unified,TA,279,271,97.1,134,49.4,49,18.1,136,50.2,8,2.9,0,0
acgr21.txt,2020_21,2020-21,37,68049,0000000,3768049,37680490000000,37680490000000,San Diego,Dehesa Elementary,TA,688,454,66,64,14.1,16,3.5,129,28.4,130,18.9,91,13.2
acgr21.txt,2020_21,2020-21,37,68106,0000000,3768106,37681060000000,37681060000000,San Diego,Escondido Union High,TA,2351,2043,86.9,843,41.3,75,3.7,767,37.5,142,6,125,5.3
acgr21.txt,2020_21,2020-21,37,68122,0000000,3768122,37681220000000,37681220000000,San Diego,Fallbrook Union High,TA,500,400,80,168,42,62,15.5,143,35.8,49,9.8,32,6.4
acgr21.txt,2020_21,2020-21,37,68130,0000000,3768130,37681300000000,37681300000000,San Diego,Grossmont Union High,TA,5058,4143,81.9,1938,46.8,247,6,635,15.3,471,9.3,304,6
acgr21.txt,2020_21,2020-21,37,68155,0000000,3768155,37681550000000,37681550000000,San Diego,Jamul-Dulzura Union Elementary,TA,12,10,83.3,9,90,0,0,3,30,1,8.3,1,8.3
acgr21.txt,2020_21,2020-21,37,68163,0000000,3768163,37681630000000,37681630000000,San Diego,Julian Union Elementary,TA,156,51,32.7,6,11.8,0,0,5,9.8,27,17.3,75,48.1
acgr21.txt,2020_21,2020-21,37,68171,0000000,3768171,37681710000000,37681710000000,San Diego,Julian Union High,TA,18,16,88.9,11,68.8,0,0,6,37.5,1,5.6,0,0
acgr21.txt,2020_21,2020-21,37,68189,0000000,3768189,37681890000000,37681890000000,San Diego,Lakeside Union Elementary,TA,59,44,74.6,0,0,0,0,0,0,14,23.7,1,1.7
acgr21.txt,2020_21,2020-21,37,68213,0000000,3768213,37682130000000,37682130000000,San Diego,Mountain Empire Unified,TA,430,316,73.5,45,14.2,0,0,33,10.4,73,17,30,7
acgr21.txt,2020_21,2020-21,37,68296,0000000,3768296,37682960000000,37682960000000,San Diego,Poway Unified,TA,2847,2679,94.1,2165,80.8,246,9.2,1128,42.1,38,1.3,84,3
acgr21.txt,2020_21,2020-21,37,68304,0000000,3768304,37683040000000,37683040000000,San Diego,Ramona City Unified,TA,418,381,91.1,177,46.5,34,8.9,85,22.3,10,2.4,11,2.6
acgr21.txt,2020_21,2020-21,37,68338,0000000,3768338,37683380000000,37683380000000,San Diego,San Diego Unified,TA,9010,7738,85.9,5583,72.2,572,7.4,4297,55.5,377,4.2,583,6.5
acgr21.txt,2020_21,2020-21,37,68346,0000000,3768346,37683460000000,37683460000000,San Diego,San Dieguito Union High,TA,2229,2139,96,1749,81.8,701,32.8,1686,78.8,33,1.5,31,1.4
acgr21.txt,2020_21,2020-21,37,68403,0000000,3768403,37684030000000,37684030000000,San Diego,Spencer Valley Elementary,TA,390,283,72.6,43,15.2,0,0,0,0,82,21,21,5.4
acgr21.txt,2020_21,2020-21,37,68411,0000000,3768411,37684110000000,37684110000000,San Diego,Sweetwater Union High,TA,6903,5783,83.8,3146,54.4,1070,18.5,1400,24.2,526,7.6,472,6.8
acgr21.txt,2020_21,2020-21,37,68452,0000000,3768452,37684520000000,37684520000000,San Diego,Vista Unified,TA,2182,1526,69.9,698,45.7,229,15,476,31.2,487,22.3,100,4.6
acgr21.txt,2020_21,2020-21,37,73551,0000000,3773551,37735510000000,37735510000000,San Diego,Carlsbad Unified,TA,970,890,91.8,696,78.2,263,29.6,411,46.2,51,5.3,0,0
acgr21.txt,2020_21,2020-21,37,73569,0000000,3773569,37735690000000,37735690000000,San Diego,Oceanside Unified,TA,1527,1228,80.4,539,43.9,129,10.5,232,18.9,121,7.9,148,9.7
acgr21.txt,2020_21,2020-21,37,73791,0000000,3773791,37737910000000,37737910000000,San Diego,San Marcos Unified,TA,1616,1511,93.5,1019,67.4,226,15,762,50.4,71,4.4,9,0.6
acgr21.txt,2020_21,2020-21,37,75416,0000000,3775416,37754160000000,37754160000000,San Diego,Warner Unified,TA,204,120,58.8,24,20,0,0,19,15.8,30,14.7,48,23.5
acgr21.txt,2020_21,2020-21,37,75614,0000000,3775614,37756140000000,37756140000000,San Diego,Valley Center-Pauma Unified,TA,310,275,88.7,116,42.2,17,6.2,77,28,15,4.8,15,4.8
acgr21.txt,2020_21,2020-21,37,76471,0000000,3776471,37764710000000,37764710000000,San Diego,SBC - High Tech High,TA,216,214,99.1,213,99.5,1,0.5,211,98.6,1,0.5,1,0.5
acgr21.txt,2020_21,2020-21,37,76851,0000000,3776851,37768510000000,37768510000000,San Diego,Bonsall Unified,TA,88,73,83,30,41.1,0,0,0,0,11,12.5,0,0
acgr21.txt,2020_21,2020-21,37,77032,0000000,3777032,37770320000000,37770320000000,San Diego,SBE - Audeo Charter II,TA,108,50,46.3,15,30,0,0,8,16,15,13.9,21,19.4
acgr21.txt,2020_21,2020-21,37,77099,0000000,3777099,37770990000000,37770990000000,San Diego,SBE - Grossmont Secondary,TA,112,61,54.5,2,3.3,0,0,2,3.3,5,4.5,33,29.5
acgr21.txt,2020_21,2020-21,37,77107,0000000,3777107,37771070000000,37771070000000,San Diego,SBE - Sweetwater Secondary,TA,104,63,60.6,5,7.9,0,0,3,4.8,4,3.8,29,27.9
acgr21.txt,2020_21,2020-21,37,77156,0000000,3777156,37771560000000,37771560000000,San Diego,SBE - Vista Springs Charter,TA,NA,NA,NA,NA,NA,NA,NA,NA,NA,NA,NA,NA,NA
acgr21.txt,2020_21,2020-21,38,10389,0000000,3810389,38103890000000,38103890000000,San Francisco,San Francisco County Office of Education,TA,107,37,34.6,1,2.7,0,0,1,2.7,12,11.2,58,54.2
acgr21.txt,2020_21,2020-21,38,68478,0000000,3868478,38684780000000,38684780000000,San Francisco,San Francisco Unified,TA,6891,4012,58.2,2861,71.3,787,19.6,1643,41,2524,36.6,261,3.8
acgr21.txt,2020_21,2020-21,39,10397,0000000,3910397,39103970000000,39103970000000,San Joaquin,San Joaquin County Office of Education,TA,1061,448,42.2,44,9.8,17,3.8,37,8.3,372,35.1,239,22.5
acgr21.txt,2020_21,2020-21,39,68502,0000000,3968502,39685020000000,39685020000000,San Joaquin,Escalon Unified,TA,233,218,93.6,82,37.6,0,0,0,0,11,4.7,0,0
acgr21.txt,2020_21,2020-21,39,68569,0000000,3968569,39685690000000,39685690000000,San Joaquin,Lincoln Unified,TA,698,656,94,289,44.1,82,12.5,135,20.6,25,3.6,11,1.6
acgr21.txt,2020_21,2020-21,39,68577,0000000,3968577,39685770000000,39685770000000,San Joaquin,Linden Unified,TA,170,156,91.8,72,46.2,13,8.3,16,10.3,7,4.1,6,3.5
acgr21.txt,2020_21,2020-21,39,68585,0000000,3968585,39685850000000,39685850000000,San Joaquin,Lodi Unified,TA,2277,1967,86.4,525,26.7,150,7.6,304,15.5,144,6.3,122,5.4
acgr21.txt,2020_21,2020-21,39,68593,0000000,3968593,39685930000000,39685930000000,San Joaquin,Manteca Unified,TA,1862,1692,90.9,557,32.9,165,9.8,324,19.1,114,6.1,43,2.3
acgr21.txt,2020_21,2020-21,39,68627,0000000,3968627,39686270000000,39686270000000,San Joaquin,New Jerusalem Elementary,TA,767,599,78.1,113,18.9,0,0,29,4.8,145,18.9,19,2.5
acgr21.txt,2020_21,2020-21,39,68650,0000000,3968650,39686500000000,39686500000000,San Joaquin,Ripon Unified,TA,472,396,83.9,143,36.1,52,13.1,70,17.7,59,12.5,5,1.1
acgr21.txt,2020_21,2020-21,39,68676,0000000,3968676,39686760000000,39686760000000,San Joaquin,Stockton Unified,TA,2695,2141,79.4,791,36.9,219,10.2,295,13.8,345,12.8,90,3.3
acgr21.txt,2020_21,2020-21,39,75499,0000000,3975499,39754990000000,39754990000000,San Joaquin,Tracy Joint Unified,TA,1548,1260,81.4,550,43.7,197,15.6,285,22.6,224,14.5,41,2.6
acgr21.txt,2020_21,2020-21,39,76760,0000000,3976760,39767600000000,39767600000000,San Joaquin,Lammersville Joint Unified,TA,352,346,98.3,224,64.7,42,12.1,196,56.6,2,0.6,0,0
acgr21.txt,2020_21,2020-21,40,10405,0000000,4010405,40104050000000,40104050000000,San Luis Obispo,San Luis Obispo County Office of Education,TA,246,189,76.8,0,0,0,0,0,0,9,3.7,37,15
acgr21.txt,2020_21,2020-21,40,68700,0000000,4068700,40687000000000,40687000000000,San Luis Obispo,Atascadero Unified,TA,384,349,90.9,112,32.1,49,14,48,13.8,16,4.2,15,3.9
acgr21.txt,2020_21,2020-21,40,68759,0000000,4068759,40687590000000,40687590000000,San Luis Obispo,Lucia Mar Unified,TA,845,757,89.6,354,46.8,34,4.5,0,0,48,5.7,28,3.3
acgr21.txt,2020_21,2020-21,40,68809,0000000,4068809,40688090000000,40688090000000,San Luis Obispo,San Luis Coastal Unified,TA,607,567,93.4,340,60,46,8.1,91,16,18,3,8,1.3
acgr21.txt,2020_21,2020-21,40,68833,0000000,4068833,40688330000000,40688330000000,San Luis Obispo,Shandon Joint Unified,TA,20,19,95,2,10.5,0,0,0,0,0,0,0,0
acgr21.txt,2020_21,2020-21,40,68841,0000000,4068841,40688410000000,40688410000000,San Luis Obispo,Templeton Unified,TA,212,197,92.9,77,39.1,0,0,0,0,9,4.2,1,0.5
acgr21.txt,2020_21,2020-21,40,75457,0000000,4075457,40754570000000,40754570000000,San Luis Obispo,Paso Robles Joint Unified,TA,565,503,89,128,25.4,24,4.8,120,23.9,26,4.6,34,6
acgr21.txt,2020_21,2020-21,40,75465,0000000,4075465,40754650000000,40754650000000,San Luis Obispo,Coast Unified,TA,45,37,82.2,21,56.8,5,13.5,7,18.9,7,15.6,1,2.2
acgr21.txt,2020_21,2020-21,41,10413,0000000,4110413,41104130000000,41104130000000,San Mateo,San Mateo County Office of Education,TA,67,27,40.3,17,63,0,0,0,0,22,32.8,12,17.9
acgr21.txt,2020_21,2020-21,41,68890,0000000,4168890,41688900000000,41688900000000,San Mateo,Cabrillo Unified,TA,260,217,83.5,0,0,35,16.1,56,25.8,16,6.2,22,8.5
acgr21.txt,2020_21,2020-21,41,68916,0000000,4168916,41689160000000,41689160000000,San Mateo,Jefferson Elementary,TA,114,80,70.2,16,20,1,1.3,0,0,26,22.8,7,6.1
acgr21.txt,2020_21,2020-21,41,68924,0000000,4168924,41689240000000,41689240000000,San Mateo,Jefferson Union High,TA,1207,1103,91.4,550,49.9,54,4.9,314,28.5,43,3.6,32,2.7
acgr21.txt,2020_21,2020-21,41,68940,0000000,4168940,41689400000000,41689400000000,San Mateo,La Honda-Pescadero Unified,TA,21,19,90.5,6,31.6,2,10.5,0,0,0,0,0,0
acgr21.txt,2020_21,2020-21,41,69047,0000000,4169047,41690470000000,41690470000000,San Mateo,San Mateo Union High,TA,2458,2265,92.1,1648,72.8,713,31.5,968,42.7,94,3.8,69,2.8
acgr21.txt,2020_21,2020-21,41,69062,0000000,4169062,41690620000000,41690620000000,San Mateo,Sequoia Union High,TA,2587,2272,87.8,1470,64.7,786,34.6,584,25.7,130,5,122,4.7
acgr21.txt,2020_21,2020-21,41,69070,0000000,4169070,41690700000000,41690700000000,San Mateo,South San Francisco Unified,TA,681,593,87.1,301,50.8,66,11.1,254,42.8,35,5.1,30,4.4
acgr21.txt,2020_21,2020-21,42,10421,0000000,4210421,42104210000000,42104210000000,Santa Barbara,Santa Barbara County Office of Education,TA,20,5,25,0,0,0,0,0,0,11,55,4,20
acgr21.txt,2020_21,2020-21,42,69112,0000000,4269112,42691120000000,42691120000000,Santa Barbara,Blochman Union Elementary,TA,94,85,90.4,5,5.9,0,0,3,3.5,8,8.5,0,0
acgr21.txt,2020_21,2020-21,42,69146,0000000,4269146,42691460000000,42691460000000,Santa Barbara,Carpinteria Unified,TA,152,139,91.4,64,46,20,14.4,61,43.9,3,2,1,0.7
acgr21.txt,2020_21,2020-21,42,69229,0000000,4269229,42692290000000,42692290000000,Santa Barbara,Lompoc Unified,TA,702,617,87.9,213,34.5,31,5,79,12.8,22,3.1,48,6.8
acgr21.txt,2020_21,2020-21,42,69260,0000000,4269260,42692600000000,42692600000000,Santa Barbara,Orcutt Union Elementary,TA,143,134,93.7,99,73.9,0,0,0,0,9,6.3,0,0
acgr21.txt,2020_21,2020-21,42,69310,0000000,4269310,42693100000000,42693100000000,Santa Barbara,Santa Maria Joint Union High,TA,2025,1873,92.5,637,34,242,12.9,80,4.3,72,3.6,66,3.3
acgr21.txt,2020_21,2020-21,42,69328,0000000,4269328,42693280000000,42693280000000,Santa Barbara,Santa Ynez Valley Union High,TA,233,214,91.8,107,50,61,28.5,55,25.7,17,7.3,0,0
acgr21.txt,2020_21,2020-21,42,75010,0000000,4275010,42750100000000,42750100000000,Santa Barbara,Cuyama Joint Unified,TA,66,16,24.2,1,6.3,0,0,0,0,50,75.8,0,0
acgr21.txt,2020_21,2020-21,42,76786,0000000,4276786,42767860000000,42767860000000,Santa Barbara,Santa Barbara Unified,TA,1595,1452,91,864,59.5,239,16.5,694,47.8,56,3.5,72,4.5
acgr21.txt,2020_21,2020-21,42,77198,0000000,4277198,42771980000000,42771980000000,Santa Barbara,SBE - Olive Grove Charter - Orcutt/Santa Maria,TA,68,48,70.6,1,2.1,0,0,3,6.3,12,17.6,8,11.8
acgr21.txt,2020_21,2020-21,42,77206,0000000,4277206,42772060000000,42772060000000,Santa Barbara,SBE - Olive Grove Charter - Lompoc,TA,47,32,68.1,1,3.1,0,0,2,6.3,9,19.1,5,10.6
acgr21.txt,2020_21,2020-21,42,77214,0000000,4277214,42772140000000,42772140000000,Santa Barbara,SBE - Olive Grove Charter - Buellton,TA,13,8,61.5,1,12.5,0,0,0,0,2,15.4,1,7.7
acgr21.txt,2020_21,2020-21,42,77222,0000000,4277222,42772220000000,42772220000000,Santa Barbara,SBE - Olive Grove Charter - Santa Barbara,TA,43,34,79.1,3,8.8,0,0,5,14.7,7,16.3,2,4.7
acgr21.txt,2020_21,2020-21,43,10439,0000000,4310439,43104390000000,43104390000000,Santa Clara,Santa Clara County Office of Education,TA,643,395,61.4,347,87.8,95,24.1,26,6.6,79,12.3,119,18.5
acgr21.txt,2020_21,2020-21,43,69401,0000000,4369401,43694010000000,43694010000000,Santa Clara,Campbell Union High,TA,2072,1857,89.6,1227,66.1,339,18.3,329,17.7,64,3.1,60,2.9
acgr21.txt,2020_21,2020-21,43,69427,0000000,4369427,43694270000000,43694270000000,Santa Clara,East Side Union High,TA,7012,5413,77.2,2929,54.1,827,15.3,1724,31.8,981,14,480,6.8
acgr21.txt,2020_21,2020-21,43,69468,0000000,4369468,43694680000000,43694680000000,Santa Clara,Fremont Union High,TA,2801,2683,95.8,2251,83.9,1304,48.6,2055,76.6,64,2.3,24,0.9
acgr21.txt,2020_21,2020-21,43,69484,0000000,4369484,43694840000000,43694840000000,Santa Clara,Gilroy Unified,TA,1006,815,81,434,53.3,180,22.1,326,40,97,9.6,13,1.3
acgr21.txt,2020_21,2020-21,43,69534,0000000,4369534,43695340000000,43695340000000,Santa Clara,Los Gatos-Saratoga Union High,TA,884,856,96.8,721,84.2,172,20.1,0,0,12,1.4,8,0.9
acgr21.txt,2020_21,2020-21,43,69583,0000000,4369583,43695830000000,43695830000000,Santa Clara,Morgan Hill Unified,TA,674,601,89.2,340,56.6,48,8,118,19.6,22,3.3,27,4
acgr21.txt,2020_21,2020-21,43,69609,0000000,4369609,43696090000000,43696090000000,Santa Clara,Mountain View-Los Altos Union High,TA,1103,1020,92.5,846,82.9,422,41.4,523,51.3,71,6.4,0,0
acgr21.txt,2020_21,2020-21,43,69641,0000000,4369641,43696410000000,43696410000000,Santa Clara,Palo Alto Unified,TA,1047,992,94.7,902,90.9,482,48.6,684,69,43,4.1,0,0
acgr21.txt,2020_21,2020-21,43,69666,0000000,4369666,43696660000000,43696660000000,Santa Clara,San Jose Unified,TA,2525,2308,91.4,1390,60.2,353,15.3,664,28.8,178,7,11,0.4
acgr21.txt,2020_21,2020-21,43,69674,0000000,4369674,43696740000000,43696740000000,Santa Clara,Santa Clara Unified,TA,1155,1045,90.5,570,54.5,180,17.2,455,43.5,42,3.6,32,2.8
acgr21.txt,2020_21,2020-21,43,73387,0000000,4373387,43733870000000,43733870000000,Santa Clara,Milpitas Unified,TA,849,790,93.1,479,60.6,60,7.6,0,0,19,2.2,31,3.7
acgr21.txt,2020_21,2020-21,44,10447,0000000,4410447,44104470000000,44104470000000,Santa Cruz,Santa Cruz County Office of Education,TA,579,397,68.6,206,51.9,34,8.6,57,14.4,180,31.1,1,0.2
acgr21.txt,2020_21,2020-21,44,69799,0000000,4469799,44697990000000,44697990000000,Santa Cruz,Pajaro Valley Unified,TA,1346,1159,86.1,493,42.5,149,12.9,156,13.5,136,10.1,19,1.4
acgr21.txt,2020_21,2020-21,44,69807,0000000,4469807,44698070000000,44698070000000,Santa Cruz,San Lorenzo Valley Unified,TA,311,285,91.6,122,42.8,21,7.4,129,45.3,10,3.2,8,2.6
acgr21.txt,2020_21,2020-21,44,69823,0000000,4469823,44698230000000,44698230000000,Santa Cruz,Santa Cruz City High,TA,886,802,90.5,441,55,145,18.1,226,28.2,65,7.3,1,0.1
acgr21.txt,2020_21,2020-21,44,75432,0000000,4475432,44754320000000,44754320000000,Santa Cruz,Scotts Valley Unified,TA,264,241,91.3,145,60.2,6,2.5,105,43.6,16,6.1,3,1.1
acgr21.txt,2020_21,2020-21,45,10454,0000000,4510454,45104540000000,45104540000000,Shasta,Shasta County Office of Education,TA,115,80,69.6,0,0,0,0,0,0,24,20.9,11,9.6
acgr21.txt,2020_21,2020-21,45,69856,0000000,4569856,45698560000000,45698560000000,Shasta,Anderson Union High,TA,408,366,89.7,125,34.2,0,0,0,0,33,8.1,0,0
acgr21.txt,2020_21,2020-21,45,69948,0000000,4569948,45699480000000,45699480000000,Shasta,Columbia Elementary,TA,27,25,92.6,0,0,0,0,0,0,0,0,1,3.7
acgr21.txt,2020_21,2020-21,45,69971,0000000,4569971,45699710000000,45699710000000,Shasta,Enterprise Elementary,TA,28,23,82.1,1,4.3,0,0,4,17.4,4,14.3,0,0
acgr21.txt,2020_21,2020-21,45,69989,0000000,4569989,45699890000000,45699890000000,Shasta,Fall River Joint Unified,TA,92,81,88,20,24.7,0,0,0,0,9,9.8,1,1.1
acgr21.txt,2020_21,2020-21,45,70110,0000000,4570110,45701100000000,45701100000000,Shasta,Redding Elementary,TA,31,30,96.8,15,50,0,0,0,0,1,3.2,0,0
acgr21.txt,2020_21,2020-21,45,70136,0000000,4570136,45701360000000,45701360000000,Shasta,Shasta Union High,TA,1265,1122,88.7,485,43.2,0,0,342,30.5,53,4.2,14,1.1
acgr21.txt,2020_21,2020-21,45,70169,0000000,4570169,45701690000000,45701690000000,Shasta,Whitmore Union Elementary,TA,58,53,91.4,1,1.9,0,0,1,1.9,5,8.6,0,0
acgr21.txt,2020_21,2020-21,45,75267,0000000,4575267,45752670000000,45752670000000,Shasta,Gateway Unified,TA,167,142,85,52,36.6,0,0,0,0,23,13.8,0,0
acgr21.txt,2020_21,2020-21,46,70177,0000000,4670177,46701770000000,46701770000000,Sierra,Sierra-Plumas Joint Unified,TA,34,0,0,0,0,0,0,0,0,1,2.9,33,97.1
acgr21.txt,2020_21,2020-21,47,10470,0000000,4710470,47104700000000,47104700000000,Siskiyou,Siskiyou County Office of Education,TA,88,66,75,12,18.2,0,0,6,9.1,13,14.8,6,6.8
acgr21.txt,2020_21,2020-21,47,70250,0000000,4770250,47702500000000,47702500000000,Siskiyou,Dunsmuir Joint Union High,TA,15,9,60,1,11.1,0,0,0,0,4,26.7,1,6.7
acgr21.txt,2020_21,2020-21,47,70466,0000000,4770466,47704660000000,47704660000000,Siskiyou,Siskiyou Union High,TA,136,115,84.6,42,36.5,10,8.7,21,18.3,14,10.3,4,2.9
acgr21.txt,2020_21,2020-21,47,70516,0000000,4770516,47705160000000,47705160000000,Siskiyou,Yreka Union High,TA,149,130,87.2,58,44.6,0,0,0,0,7,4.7,1,0.7
acgr21.txt,2020_21,2020-21,47,73684,0000000,4773684,47736840000000,47736840000000,Siskiyou,Butte Valley Unified,TA,25,22,88,6,27.3,0,0,0,0,3,12,0,0
acgr21.txt,2020_21,2020-21,47,76455,0000000,4776455,47764550000000,47764550000000,Siskiyou,Scott Valley Unified,TA,47,45,95.7,23,51.1,3,6.7,13,28.9,0,0,0,0
acgr21.txt,2020_21,2020-21,48,10488,0000000,4810488,48104880000000,48104880000000,Solano,Solano County Office of Education,TA,55,20,36.4,0,0,0,0,0,0,16,29.1,3,5.5
acgr21.txt,2020_21,2020-21,48,70524,0000000,4870524,48705240000000,48705240000000,Solano,Benicia Unified,TA,410,378,92.2,195,51.6,23,6.1,98,25.9,15,3.7,8,2
acgr21.txt,2020_21,2020-21,48,70532,0000000,4870532,48705320000000,48705320000000,Solano,Dixon Unified,TA,298,260,87.2,110,42.3,0,0,0,0,27,9.1,9,3
acgr21.txt,2020_21,2020-21,48,70540,0000000,4870540,48705400000000,48705400000000,Solano,Fairfield-Suisun Unified,TA,1532,1339,87.4,478,35.7,139,10.4,249,18.6,112,7.3,31,2
acgr21.txt,2020_21,2020-21,48,70565,0000000,4870565,48705650000000,48705650000000,Solano,Travis Unified,TA,466,442,94.8,203,45.9,0,0,137,31,4,0.9,14,3
acgr21.txt,2020_21,2020-21,48,70573,0000000,4870573,48705730000000,48705730000000,Solano,Vacaville Unified,TA,1054,961,91.2,504,52.4,110,11.4,111,11.6,45,4.3,35,3.3
acgr21.txt,2020_21,2020-21,48,70581,0000000,4870581,48705810000000,48705810000000,Solano,Vallejo City Unified,TA,1049,774,73.8,310,40.1,24,3.1,21,2.7,202,19.3,58,5.5
acgr21.txt,2020_21,2020-21,49,10496,0000000,4910496,49104960000000,49104960000000,Sonoma,Sonoma County Office of Education,TA,59,11,18.6,0,0,0,0,0,0,24,40.7,23,39
acgr21.txt,2020_21,2020-21,49,70607,0000000,4970607,49706070000000,49706070000000,Sonoma,West Sonoma County Union High,TA,480,455,94.8,208,45.7,56,12.3,126,27.7,12,2.5,1,0.2
acgr21.txt,2020_21,2020-21,49,70656,0000000,4970656,49706560000000,49706560000000,Sonoma,Cloverdale Unified,TA,109,97,89,43,44.3,24,24.7,28,28.9,10,9.2,0,0
acgr21.txt,2020_21,2020-21,49,70706,0000000,4970706,49707060000000,49707060000000,Sonoma,Geyserville Unified,TA,16,16,100,4,25,0,0,0,0,0,0,0,0
acgr21.txt,2020_21,2020-21,49,70722,0000000,4970722,49707220000000,49707220000000,Sonoma,Guerneville Elementary,TA,51,20,39.2,3,15,0,0,2,10,30,58.8,1,2
acgr21.txt,2020_21,2020-21,49,70730,0000000,4970730,49707300000000,49707300000000,Sonoma,Harmony Union Elementary,TA,46,40,87,5,12.5,0,0,3,7.5,3,6.5,0,0
acgr21.txt,2020_21,2020-21,49,70797,0000000,4970797,49707970000000,49707970000000,Sonoma,Liberty Elementary,TA,115,62,53.9,13,21,0,0,0,0,49,42.6,0,0
acgr21.txt,2020_21,2020-21,49,70839,0000000,4970839,49708390000000,49708390000000,Sonoma,Oak Grove Union Elementary,TA,125,57,45.6,8,14,0,0,1,1.8,53,42.4,11,8.8
acgr21.txt,2020_21,2020-21,49,70854,0000000,4970854,49708540000000,49708540000000,Sonoma,Petaluma City Elementary,TA,NA,NA,NA,NA,NA,NA,NA,NA,NA,NA,NA,NA,NA
acgr21.txt,2020_21,2020-21,49,70862,0000000,4970862,49708620000000,49708620000000,Sonoma,Petaluma Joint Union High,TA,873,768,88,339,44.1,130,16.9,263,34.2,36,4.1,40,4.6
acgr21.txt,2020_21,2020-21,49,70870,0000000,4970870,49708700000000,49708700000000,Sonoma,Piner-Olivet Union Elementary,TA,13,13,100,2,15.4,0,0,0,0,0,0,0,0
acgr21.txt,2020_21,2020-21,49,70904,0000000,4970904,49709040000000,49709040000000,Sonoma,Roseland,TA,181,159,87.8,109,68.6,90,56.6,30,18.9,6,3.3,16,8.8
acgr21.txt,2020_21,2020-21,49,70920,0000000,4970920,49709200000000,49709200000000,Sonoma,Santa Rosa High,TA,1905,1531,80.4,217,14.2,249,16.3,227,14.8,267,14,79,4.1
acgr21.txt,2020_21,2020-21,49,70953,0000000,4970953,49709530000000,49709530000000,Sonoma,Sonoma Valley Unified,TA,323,284,87.9,159,56,67,23.6,74,26.1,8,2.5,4,1.2
acgr21.txt,2020_21,2020-21,49,70961,0000000,4970961,49709610000000,49709610000000,Sonoma,Twin Hills Union Elementary,TA,37,33,89.2,12,36.4,0,0,0,0,3,8.1,0,0
acgr21.txt,2020_21,2020-21,49,73882,0000000,4973882,49738820000000,49738820000000,Sonoma,Cotati-Rohnert Park Unified,TA,549,504,91.8,182,36.1,19,3.8,85,16.9,27,4.9,3,0.5
acgr21.txt,2020_21,2020-21,49,75358,0000000,4975358,49753580000000,49753580000000,Sonoma,Windsor Unified,TA,437,403,92.2,149,37,39,9.7,85,21.1,18,4.1,7,1.6
acgr21.txt,2020_21,2020-21,49,75390,0000000,4975390,49753900000000,49753900000000,Sonoma,Healdsburg Unified,TA,136,125,91.9,77,61.6,28,22.4,39,31.2,4,2.9,2,1.5
acgr21.txt,2020_21,2020-21,50,10504,0000000,5010504,50105040000000,50105040000000,Stanislaus,Stanislaus County Office of Education,TA,410,92,22.4,0,0,0,0,0,0,206,50.2,112,27.3
acgr21.txt,2020_21,2020-21,50,71043,0000000,5071043,50710430000000,50710430000000,Stanislaus,Ceres Unified,TA,1120,962,85.9,440,45.7,111,11.5,213,22.1,93,8.3,32,2.9
acgr21.txt,2020_21,2020-21,50,71068,0000000,5071068,50710680000000,50710680000000,Stanislaus,Denair Unified,TA,145,125,86.2,22,17.6,4,3.2,12,9.6,17,11.7,0,0
acgr21.txt,2020_21,2020-21,50,71092,0000000,5071092,50710920000000,50710920000000,Stanislaus,Hart-Ransom Union Elementary,TA,23,22,95.7,0,0,0,0,0,0,1,4.3,0,0
acgr21.txt,2020_21,2020-21,50,71134,0000000,5071134,50711340000000,50711340000000,Stanislaus,Keyes Union,TA,24,19,79.2,6,31.6,0,0,2,10.5,3,12.5,2,8.3
acgr21.txt,2020_21,2020-21,50,71167,0000000,5071167,50711670000000,50711670000000,Stanislaus,Modesto City Elementary,TA,43,37,86,2,5.4,0,0,3,8.1,3,7,3,7
acgr21.txt,2020_21,2020-21,50,71175,0000000,5071175,50711750000000,50711750000000,Stanislaus,Modesto City High,TA,3772,3289,87.2,1303,39.6,309,9.4,893,27.2,146,3.9,139,3.7
acgr21.txt,2020_21,2020-21,50,71217,0000000,5071217,50712170000000,50712170000000,Stanislaus,Patterson Joint Unified,TA,480,404,84.2,92,22.8,39,9.7,159,39.4,33,6.9,22,4.6
acgr21.txt,2020_21,2020-21,50,73601,0000000,5073601,50736010000000,50736010000000,Stanislaus,Newman-Crows Landing Unified,TA,265,239,90.2,117,49,47,19.7,61,25.5,21,7.9,1,0.4
acgr21.txt,2020_21,2020-21,50,75549,0000000,5075549,50755490000000,50755490000000,Stanislaus,Hughson Unified,TA,191,189,99,61,32.3,31,16.4,42,22.2,2,1,0,0
acgr21.txt,2020_21,2020-21,50,75556,0000000,5075556,50755560000000,50755560000000,Stanislaus,Riverbank Unified,TA,213,198,93,64,32.3,24,12.1,37,18.7,8,3.8,6,2.8
acgr21.txt,2020_21,2020-21,50,75564,0000000,5075564,50755640000000,50755640000000,Stanislaus,Oakdale Joint Unified,TA,454,413,91,138,33.4,0,0,61,14.8,26,5.7,8,1.8
acgr21.txt,2020_21,2020-21,50,75572,0000000,5075572,50755720000000,50755720000000,Stanislaus,Waterford Unified,TA,289,255,88.2,58,22.7,17,6.7,46,18,13,4.5,8,2.8
acgr21.txt,2020_21,2020-21,50,75739,0000000,5075739,50757390000000,50757390000000,Stanislaus,Turlock Unified,TA,1283,1155,90,509,44.1,134,11.6,314,27.2,80,6.2,20,1.6
acgr21.txt,2020_21,2020-21,51,10512,0000000,5110512,51105120000000,51105120000000,Sutter,Sutter County Office of Education,TA,43,10,23.3,0,0,0,0,0,0,15,34.9,7,16.3
acgr21.txt,2020_21,2020-21,51,71373,0000000,5171373,51713730000000,51713730000000,Sutter,East Nicolaus Joint Union High,TA,78,75,96.2,28,37.3,0,0,0,0,3,3.8,0,0
acgr21.txt,2020_21,2020-21,51,71399,0000000,5171399,51713990000000,51713990000000,Sutter,Live Oak Unified,TA,153,146,95.4,69,47.3,19,13,36,24.7,4,2.6,0,0
acgr21.txt,2020_21,2020-21,51,71407,0000000,5171407,51714070000000,51714070000000,Sutter,Marcum-Illinois Union Elementary,TA,210,194,92.4,26,13.4,2,1,75,38.7,10,4.8,6,2.9
acgr21.txt,2020_21,2020-21,51,71415,0000000,5171415,51714150000000,51714150000000,Sutter,Meridian Elementary,TA,130,83,63.8,21,25.3,0,0,1,1.2,41,31.5,5,3.8
acgr21.txt,2020_21,2020-21,51,71423,0000000,5171423,51714230000000,51714230000000,Sutter,Nuestro Elementary,TA,32,31,96.9,6,19.4,0,0,0,0,0,0,0,0
acgr21.txt,2020_21,2020-21,51,71449,0000000,5171449,51714490000000,51714490000000,Sutter,Sutter Union High,TA,192,189,98.4,96,50.8,60,31.7,76,40.2,3,1.6,0,0
acgr21.txt,2020_21,2020-21,51,71456,0000000,5171456,51714560000000,51714560000000,Sutter,Winship-Robbins,TA,57,49,86,9,18.4,1,2,12,24.5,6,10.5,1,1.8
acgr21.txt,2020_21,2020-21,51,71464,0000000,5171464,51714640000000,51714640000000,Sutter,Yuba City Unified,TA,992,820,82.7,313,38.2,79,9.6,297,36.2,96,9.7,41,4.1
acgr21.txt,2020_21,2020-21,52,10520,0000000,5210520,52105200000000,52105200000000,Tehama,Tehama County Department of Education,TA,56,33,58.9,0,0,0,0,0,0,8,14.3,4,7.1
acgr21.txt,2020_21,2020-21,52,71506,0000000,5271506,52715060000000,52715060000000,Tehama,Corning Union High,TA,251,227,90.4,76,33.5,23,10.1,0,0,14,5.6,1,0.4
acgr21.txt,2020_21,2020-21,52,71522,0000000,5271522,52715220000000,52715220000000,Tehama,Evergreen Union,TA,NA,NA,NA,NA,NA,NA,NA,NA,NA,NA,NA,NA,NA
acgr21.txt,2020_21,2020-21,52,71571,0000000,5271571,52715710000000,52715710000000,Tehama,Los Molinos Unified,TA,53,48,90.6,17,35.4,3,6.3,15,31.3,1,1.9,0,0
acgr21.txt,2020_21,2020-21,52,71639,0000000,5271639,52716390000000,52716390000000,Tehama,Red Bluff Joint Union High,TA,455,389,85.5,85,21.9,20,5.1,50,12.9,24,5.3,4,0.9
acgr21.txt,2020_21,2020-21,53,10538,0000000,5310538,53105380000000,53105380000000,Trinity,Trinity County Office of Education,TA,47,17,36.2,1,5.9,0,0,0,0,20,42.6,10,21.3
acgr21.txt,2020_21,2020-21,53,73833,0000000,5373833,53738330000000,53738330000000,Trinity,Southern Trinity Joint Unified,TA,NA,NA,NA,NA,NA,NA,NA,NA,NA,NA,NA,NA,NA
acgr21.txt,2020_21,2020-21,53,75028,0000000,5375028,53750280000000,53750280000000,Trinity,Mountain Valley Unified,TA,19,14,73.7,4,28.6,0,0,3,21.4,1,5.3,0,0
acgr21.txt,2020_21,2020-21,53,76513,0000000,5376513,53765130000000,53765130000000,Trinity,Trinity Alps Unified,TA,98,84,85.7,31,36.9,0,0,13,15.5,6,6.1,0,0
acgr21.txt,2020_21,2020-21,54,10546,0000000,5410546,54105460000000,54105460000000,Tulare,Tulare County Office of Education,TA,213,104,48.8,10,9.6,0,0,0,0,101,47.4,7,3.3
acgr21.txt,2020_21,2020-21,54,71803,0000000,5471803,54718030000000,54718030000000,Tulare,Alpaugh Unified,TA,92,66,71.7,12,18.2,1,1.5,0,0,16,17.4,9,9.8
acgr21.txt,2020_21,2020-21,54,71811,0000000,5471811,54718110000000,54718110000000,Tulare,Alta Vista Elementary,TA,NA,NA,NA,NA,NA,NA,NA,NA,NA,NA,NA,NA,NA
acgr21.txt,2020_21,2020-21,54,71837,0000000,5471837,54718370000000,54718370000000,Tulare,Burton Elementary,TA,90,87,96.7,28,32.2,0,0,0,0,2,2.2,0,0
acgr21.txt,2020_21,2020-21,54,71860,0000000,5471860,54718600000000,54718600000000,Tulare,Cutler-Orosi Joint Unified,TA,292,254,87,115,45.3,31,12.2,46,18.1,12,4.1,8,2.7
acgr21.txt,2020_21,2020-21,54,71993,0000000,5471993,54719930000000,54719930000000,Tulare,Lindsay Unified,TA,316,294,93,60,20.4,52,17.7,1,0.3,8,2.5,4,1.3
acgr21.txt,2020_21,2020-21,54,72140,0000000,5472140,54721400000000,54721400000000,Tulare,Stone Corral Elementary,TA,222,42,18.9,1,2.4,0,0,0,0,50,22.5,124,55.9
acgr21.txt,2020_21,2020-21,54,72249,0000000,5472249,54722490000000,54722490000000,Tulare,Tulare Joint Union High,TA,1339,1296,96.8,512,39.5,113,8.7,213,16.4,20,1.5,5,0.4
acgr21.txt,2020_21,2020-21,54,72256,0000000,5472256,54722560000000,54722560000000,Tulare,Visalia Unified,TA,2177,1976,90.8,420,21.3,164,8.3,394,19.9,98,4.5,64,2.9
acgr21.txt,2020_21,2020-21,54,75325,0000000,5475325,54753250000000,54753250000000,Tulare,Farmersville Unified,TA,182,168,92.3,56,33.3,0,0,0,0,10,5.5,0,0
acgr21.txt,2020_21,2020-21,54,75523,0000000,5475523,54755230000000,54755230000000,Tulare,Porterville Unified,TA,1720,1469,85.4,544,37,232,15.8,272,18.5,183,10.6,35,2
acgr21.txt,2020_21,2020-21,54,75531,0000000,5475531,54755310000000,54755310000000,Tulare,Dinuba Unified,TA,582,486,83.5,327,67.3,26,5.3,84,17.3,25,4.3,34,5.8
acgr21.txt,2020_21,2020-21,54,76794,0000000,5476794,54767940000000,54767940000000,Tulare,Woodlake Unified,TA,170,146,85.9,78,53.4,36,24.7,31,21.2,19,11.2,4,2.4
acgr21.txt,2020_21,2020-21,54,76836,0000000,5476836,54768360000000,54768360000000,Tulare,Exeter Unified,TA,261,246,94.3,109,44.3,23,9.3,37,15,12,4.6,3,1.1
acgr21.txt,2020_21,2020-21,55,10553,0000000,5510553,55105530000000,55105530000000,Tuolumne,Tuolumne County Superintendent of Schools,TA,19,9,47.4,0,0,0,0,0,0,0,0,3,15.8
acgr21.txt,2020_21,2020-21,55,72389,0000000,5572389,55723890000000,55723890000000,Tuolumne,Sonora Union High,TA,258,213,82.6,17,8,1,0.5,0,0,35,13.6,5,1.9
acgr21.txt,2020_21,2020-21,55,72413,0000000,5572413,55724130000000,55724130000000,Tuolumne,Summerville Union High,TA,186,176,94.6,56,31.8,0,0,12,6.8,3,1.6,3,1.6
acgr21.txt,2020_21,2020-21,55,75184,0000000,5575184,55751840000000,55751840000000,Tuolumne,Big Oak Flat-Groveland Unified,TA,25,20,80,2,10,0,0,0,0,4,16,0,0
acgr21.txt,2020_21,2020-21,56,10561,0000000,5610561,56105610000000,56105610000000,Ventura,Ventura County Office of Education,TA,640,115,18,8,7,0,0,4,3.5,140,21.9,358,55.9
acgr21.txt,2020_21,2020-21,56,72454,0000000,5672454,56724540000000,56724540000000,Ventura,Fillmore Unified,TA,307,282,91.9,85,30.1,53,18.8,45,16,16,5.2,0,0
acgr21.txt,2020_21,2020-21,56,72470,0000000,5672470,56724700000000,56724700000000,Ventura,Mesa Union Elementary,TA,23,18,78.3,4,22.2,0,0,12,66.7,1,4.3,3,13
acgr21.txt,2020_21,2020-21,56,72520,0000000,5672520,56725200000000,56725200000000,Ventura,Ojai Unified,TA,214,187,87.4,97,51.9,12,6.4,59,31.6,5,2.3,11,5.1
acgr21.txt,2020_21,2020-21,56,72546,0000000,5672546,56725460000000,56725460000000,Ventura,Oxnard Union High,TA,4092,3375,82.5,1376,40.8,431,12.8,614,18.2,361,8.8,297,7.3
acgr21.txt,2020_21,2020-21,56,72553,0000000,5672553,56725530000000,56725530000000,Ventura,Pleasant Valley,TA,68,30,44.1,8,26.7,0,0,0,0,28,41.2,9,13.2
acgr21.txt,2020_21,2020-21,56,72603,0000000,5672603,56726030000000,56726030000000,Ventura,Simi Valley Unified,TA,1357,1252,92.3,630,50.3,184,14.7,498,39.8,40,2.9,37,2.7
acgr21.txt,2020_21,2020-21,56,72652,0000000,5672652,56726520000000,56726520000000,Ventura,Ventura Unified,TA,1282,1106,86.3,549,49.6,241,21.8,357,32.3,89,6.9,55,4.3
acgr21.txt,2020_21,2020-21,56,73759,0000000,5673759,56737590000000,56737590000000,Ventura,Conejo Valley Unified,TA,1806,1689,93.5,1016,60.2,250,14.8,555,32.9,62,3.4,31,1.7
acgr21.txt,2020_21,2020-21,56,73874,0000000,5673874,56738740000000,56738740000000,Ventura,Oak Park Unified,TA,408,391,95.8,293,74.9,71,18.2,355,90.8,2,0.5,6,1.5
acgr21.txt,2020_21,2020-21,56,73940,0000000,5673940,56739400000000,56739400000000,Ventura,Moorpark Unified,TA,531,472,88.9,258,54.7,34,7.2,238,50.4,34,6.4,14,2.6
acgr21.txt,2020_21,2020-21,56,76828,0000000,5676828,56768280000000,56768280000000,Ventura,Santa Paula Unified,TA,399,356,89.2,119,33.4,38,10.7,88,24.7,10,2.5,28,7
acgr21.txt,2020_21,2020-21,57,10579,0000000,5710579,57105790000000,57105790000000,Yolo,Yolo County Office of Education,TA,47,8,17,0,0,0,0,0,0,22,46.8,9,19.1
acgr21.txt,2020_21,2020-21,57,72678,0000000,5772678,57726780000000,57726780000000,Yolo,Davis Joint Unified,TA,749,710,94.8,547,77,143,20.1,366,51.5,10,1.3,16,2.1
acgr21.txt,2020_21,2020-21,57,72686,0000000,5772686,57726860000000,57726860000000,Yolo,Esparto Unified,TA,76,70,92.1,23,32.9,5,7.1,7,10,2,2.6,4,5.3
acgr21.txt,2020_21,2020-21,57,72694,0000000,5772694,57726940000000,57726940000000,Yolo,Washington Unified,TA,647,602,93,145,24.1,58,9.6,0,0,16,2.5,6,0.9
acgr21.txt,2020_21,2020-21,57,72702,0000000,5772702,57727020000000,57727020000000,Yolo,Winters Joint Unified,TA,139,113,81.3,36,31.9,27,23.9,36,31.9,8,5.8,17,12.2
acgr21.txt,2020_21,2020-21,57,72710,0000000,5772710,57727100000000,57727100000000,Yolo,Woodland Joint Unified,TA,704,651,92.5,284,43.6,142,21.8,133,20.4,42,6,0,0
acgr21.txt,2020_21,2020-21,58,10587,0000000,5810587,58105870000000,58105870000000,Yuba,Yuba County Office of Education,TA,135,34,25.2,0,0,0,0,0,0,51,37.8,48,35.6
acgr21.txt,2020_21,2020-21,58,72728,0000000,5872728,58727280000000,58727280000000,Yuba,Camptonville Elementary,TA,65,59,90.8,18,30.5,11,18.6,0,0,4,6.2,2,3.1
acgr21.txt,2020_21,2020-21,58,72736,0000000,5872736,58727360000000,58727360000000,Yuba,Marysville Joint Unified,TA,667,540,81,173,32,27,5,101,18.7,88,13.2,35,5.2
acgr21.txt,2020_21,2020-21,58,72769,0000000,5872769,58727690000000,58727690000000,Yuba,Wheatland Union High,TA,219,197,90,65,33,0,0,0,0,1,0.5,19,8.7
acgr22-v3.txt,2021_22,2021-22,01,10017,0000000,0110017,01100170000000,01100170000000,Alameda,Alameda County Office of Education,TA,341,209,61.3,102,48.8,0,0,38,18.2,77,22.6,54,15.8
acgr22-v3.txt,2021_22,2021-22,01,31609,0000000,0131609,01316090000000,01316090000000,Alameda,California School for the Blind (State Special Schl),TA,NA,NA,NA,NA,NA,NA,NA,NA,NA,NA,NA,NA,NA
acgr22-v3.txt,2021_22,2021-22,01,31617,0000000,0131617,01316170000000,01316170000000,Alameda,California School for the Deaf-Fremont (State Special Schl),TA,29,14,48.3,0,0,5,35.7,2,14.3,1,3.4,14,48.3
acgr22-v3.txt,2021_22,2021-22,01,61119,0000000,0161119,01611190000000,01611190000000,Alameda,Alameda Unified,TA,856,805,94,556,69.1,84,10.4,430,53.4,16,1.9,21,2.5
acgr22-v3.txt,2021_22,2021-22,01,61127,0000000,0161127,01611270000000,01611270000000,Alameda,Albany City Unified,TA,316,288,91.1,207,71.9,0,0,0,0,20,6.3,3,0.9
acgr22-v3.txt,2021_22,2021-22,01,61143,0000000,0161143,01611430000000,01611430000000,Alameda,Berkeley Unified,TA,905,790,87.3,624,79,29,3.7,0,0,101,11.2,7,0.8
acgr22-v3.txt,2021_22,2021-22,01,61150,0000000,0161150,01611500000000,01611500000000,Alameda,Castro Valley Unified,TA,706,670,94.9,439,65.5,168,25.1,305,45.5,10,1.4,14,2
acgr22-v3.txt,2021_22,2021-22,01,61168,0000000,0161168,01611680000000,01611680000000,Alameda,Emery Unified,TA,51,50,98,4,8,0,0,0,0,1,2,0,0
acgr22-v3.txt,2021_22,2021-22,01,61176,0000000,0161176,01611760000000,01611760000000,Alameda,Fremont Unified,TA,2717,2542,93.6,1967,77.4,566,22.3,1533,60.3,99,3.6,43,1.6
acgr22-v3.txt,2021_22,2021-22,01,61192,0000000,0161192,01611920000000,01611920000000,Alameda,Hayward Unified,TA,1640,1365,83.2,511,37.4,123,9,289,21.2,171,10.4,74,4.5
acgr22-v3.txt,2021_22,2021-22,01,61200,0000000,0161200,01612000000000,01612000000000,Alameda,Livermore Valley Joint Unified,TA,1049,1015,96.8,538,53,85,8.4,544,53.6,10,1,8,0.8
acgr22-v3.txt,2021_22,2021-22,01,61234,0000000,0161234,01612340000000,01612340000000,Alameda,Newark Unified,TA,418,367,87.8,156,42.5,0,0,0,0,37,8.9,4,1
acgr22-v3.txt,2021_22,2021-22,01,61242,0000000,0161242,01612420000000,01612420000000,Alameda,New Haven Unified,TA,941,836,88.8,381,45.6,46,5.5,291,34.8,41,4.4,58,6.2
acgr22-v3.txt,2021_22,2021-22,01,61259,0000000,0161259,01612590000000,01612590000000,Alameda,Oakland Unified,TA,3603,2840,78.8,1831,64.5,185,6.5,148,5.2,520,14.4,183,5.1
acgr22-v3.txt,2021_22,2021-22,01,61275,0000000,0161275,01612750000000,01612750000000,Alameda,Piedmont City Unified,TA,237,227,95.8,215,94.7,55,24.2,122,53.7,8,3.4,0,0
acgr22-v3.txt,2021_22,2021-22,01,61291,0000000,0161291,01612910000000,01612910000000,Alameda,San Leandro Unified,TA,758,697,92,309,44.3,49,7,273,39.2,36,4.7,16,2.1
acgr22-v3.txt,2021_22,2021-22,01,61309,0000000,0161309,01613090000000,01613090000000,Alameda,San Lorenzo Unified,TA,944,882,93.4,466,52.8,0,0,0,0,31,3.3,18,1.9
acgr22-v3.txt,2021_22,2021-22,01,75093,0000000,0175093,01750930000000,01750930000000,Alameda,Dublin Unified,TA,802,776,96.8,590,76,257,33.1,420,54.1,14,1.7,0,0
acgr22-v3.txt,2021_22,2021-22,01,75101,0000000,0175101,01751010000000,01751010000000,Alameda,Pleasanton Unified,TA,1296,1248,96.3,991,79.4,490,39.3,482,38.6,29,2.2,12,0.9
acgr22-v3.txt,2021_22,2021-22,01,77180,0000000,0177180,01771800000000,01771800000000,Alameda,SBE - Latitude 37.8 High,TA,42,37,88.1,34,91.9,0,0,0,0,3,7.1,2,4.8
acgr22-v3.txt,2021_22,2021-22,03,10033,0000000,0310033,03100330000000,03100330000000,Amador,Amador County Office of Education,TA,NA,NA,NA,NA,NA,NA,NA,NA,NA,NA,NA,NA,NA
acgr22-v3.txt,2021_22,2021-22,03,73981,0000000,0373981,03739810000000,03739810000000,Amador,Amador County Unified,TA,318,300,94.3,68,22.7,11,3.7,64,21.3,12,3.8,4,1.3
acgr22-v3.txt,2021_22,2021-22,04,10041,0000000,0410041,04100410000000,04100410000000,Butte,Butte County Office of Education,TA,194,140,72.2,48,34.3,2,1.4,44,31.4,37,19.1,11,5.7
acgr22-v3.txt,2021_22,2021-22,04,61408,0000000,0461408,04614080000000,04614080000000,Butte,Biggs Unified,TA,51,49,96.1,9,18.4,8,16.3,10,20.4,2,3.9,0,0
acgr22-v3.txt,2021_22,2021-22,04,61424,0000000,0461424,04614240000000,04614240000000,Butte,Chico Unified,TA,1139,1012,88.8,429,42.4,6,0.6,273,27,87,7.6,23,2
acgr22-v3.txt,2021_22,2021-22,04,61432,0000000,0461432,04614320000000,04614320000000,Butte,Durham Unified,TA,67,66,98.5,31,47,8,12.1,22,33.3,0,0,0,0
acgr22-v3.txt,2021_22,2021-22,04,61507,0000000,0461507,04615070000000,04615070000000,Butte,Oroville City Elementary,TA,NA,NA,NA,NA,NA,NA,NA,NA,NA,NA,NA,NA,NA
acgr22-v3.txt,2021_22,2021-22,04,61515,0000000,0461515,04615150000000,04615150000000,Butte,Oroville Union High,TA,572,501,87.6,70,14,10,2,73,14.6,42,7.3,16,2.8
acgr22-v3.txt,2021_22,2021-22,04,61531,0000000,0461531,04615310000000,04615310000000,Butte,Paradise Unified,TA,199,179,89.9,22,12.3,4,2.2,29,16.2,16,8,1,0.5
acgr22-v3.txt,2021_22,2021-22,04,75507,0000000,0475507,04755070000000,04755070000000,Butte,Gridley Unified,TA,163,149,91.4,52,34.9,0,0,0,0,8,4.9,0,0
acgr22-v3.txt,2021_22,2021-22,05,10058,0000000,0510058,05100580000000,05100580000000,Calaveras,Calaveras County Office of Education,TA,82,71,86.6,4,5.6,0,0,11,15.5,6,7.3,3,3.7
acgr22-v3.txt,2021_22,2021-22,05,61556,0000000,0561556,05615560000000,05615560000000,Calaveras,Bret Harte Union High,TA,141,140,99.3,46,32.9,7,5,26,18.6,0,0,0,0
acgr22-v3.txt,2021_22,2021-22,05,61564,0000000,0561564,05615640000000,05615640000000,Calaveras,Calaveras Unified,TA,212,203,95.8,50,24.6,4,2,0,0,7,3.3,1,0.5
acgr22-v3.txt,2021_22,2021-22,06,10066,0000000,0610066,06100660000000,06100660000000,Colusa,Colusa County Office of Education,TA,NA,NA,NA,NA,NA,NA,NA,NA,NA,NA,NA,NA,NA
acgr22-v3.txt,2021_22,2021-22,06,61598,0000000,0661598,06615980000000,06615980000000,Colusa,Colusa Unified,TA,120,105,87.5,24,22.9,0,0,0,0,5,4.2,3,2.5
acgr22-v3.txt,2021_22,2021-22,06,61606,0000000,0661606,06616060000000,06616060000000,Colusa,Maxwell Unified,TA,25,24,96,3,12.5,0,0,0,0,1,4,0,0
acgr22-v3.txt,2021_22,2021-22,06,61614,0000000,0661614,06616140000000,06616140000000,Colusa,Pierce Joint Unified,TA,109,98,89.9,43,43.9,0,0,0,0,3,2.8,1,0.9
acgr22-v3.txt,2021_22,2021-22,06,61622,0000000,0661622,06616220000000,06616220000000,Colusa,Williams Unified,TA,96,86,89.6,19,22.1,0,0,0,0,5,5.2,0,0
acgr22-v3.txt,2021_22,2021-22,07,10074,0000000,0710074,07100740000000,07100740000000,Contra Costa,Contra Costa County Office of Education,TA,860,784,91.2,558,71.2,87,11.1,262,33.4,31,3.6,24,2.8
acgr22-v3.txt,2021_22,2021-22,07,61630,0000000,0761630,07616300000000,07616300000000,Contra Costa,Acalanes Union High,TA,1418,1383,97.5,1038,75.1,442,32,897,64.9,12,0.8,6,0.4
acgr22-v3.txt,2021_22,2021-22,07,61648,0000000,0761648,07616480000000,07616480000000,Contra Costa,Antioch Unified,TA,1270,1062,83.6,264,24.9,57,5.4,144,13.6,140,11,46,3.6
acgr22-v3.txt,2021_22,2021-22,07,61663,0000000,0761663,07616630000000,07616630000000,Contra Costa,Byron Union Elementary,TA,64,62,96.9,6,9.7,0,0,17,27.4,1,1.6,1,1.6
acgr22-v3.txt,2021_22,2021-22,07,61697,0000000,0761697,07616970000000,07616970000000,Contra Costa,John Swett Unified,TA,106,91,85.8,44,48.4,0,0,0,0,14,13.2,1,0.9
acgr22-v3.txt,2021_22,2021-22,07,61721,0000000,0761721,07617210000000,07617210000000,Contra Costa,Liberty Union High,TA,2123,1993,93.9,1081,54.2,344,17.3,623,31.3,70,3.3,48,2.3
acgr22-v3.txt,2021_22,2021-22,07,61739,0000000,0761739,07617390000000,07617390000000,Contra Costa,Martinez Unified,TA,359,341,95,159,46.6,14,4.1,98,28.7,4,1.1,2,0.6
acgr22-v3.txt,2021_22,2021-22,07,61754,0000000,0761754,07617540000000,07617540000000,Contra Costa,Mt. Diablo Unified,TA,2082,1838,88.3,786,42.8,118,6.4,212,11.5,173,8.3,45,2.2
acgr22-v3.txt,2021_22,2021-22,07,61788,0000000,0761788,07617880000000,07617880000000,Contra Costa,Pittsburg Unified,TA,995,879,88.3,283,32.2,196,22.3,125,14.2,77,7.7,24,2.4
acgr22-v3.txt,2021_22,2021-22,07,61796,0000000,0761796,07617960000000,07617960000000,Contra Costa,West Contra Costa Unified,TA,2382,2036,85.5,978,48,378,18.6,485,23.8,192,8.1,62,2.6
acgr22-v3.txt,2021_22,2021-22,07,61804,0000000,0761804,07618040000000,07618040000000,Contra Costa,San Ramon Valley Unified,TA,2747,2684,97.7,1903,70.9,699,26,1470,54.8,18,0.7,7,0.3
acgr22-v3.txt,2021_22,2021-22,07,77354,0000000,0777354,07773540000000,07773540000000,Contra Costa,SBE - John Henry High,TA,78,58,74.4,50,86.2,0,0,0,0,8,10.3,10,12.8
acgr22-v3.txt,2021_22,2021-22,08,10082,0000000,0810082,08100820000000,08100820000000,Del Norte,Del Norte County Office of Education,TA,78,51,65.4,0,0,0,0,0,0,13,16.7,12,15.4
acgr22-v3.txt,2021_22,2021-22,08,61820,0000000,0861820,08618200000000,08618200000000,Del Norte,Del Norte County Unified,TA,252,235,93.3,40,17,12,5.1,28,11.9,10,4,2,0.8
acgr22-v3.txt,2021_22,2021-22,09,10090,0000000,0910090,09100900000000,09100900000000,El Dorado,El Dorado County Office of Education,TA,141,99,70.2,0,0,0,0,0,0,30,21.3,5,3.5
acgr22-v3.txt,2021_22,2021-22,09,61838,0000000,0961838,09618380000000,09618380000000,El Dorado,Buckeye Union Elementary,TA,173,166,96,32,19.3,6,3.6,57,34.3,4,2.3,3,1.7
acgr22-v3.txt,2021_22,2021-22,09,61853,0000000,0961853,09618530000000,09618530000000,El Dorado,El Dorado Union High,TA,1701,1634,96.1,836,51.2,171,10.5,557,34.1,22,1.3,22,1.3
acgr22-v3.txt,2021_22,2021-22,09,61903,0000000,0961903,09619030000000,09619030000000,El Dorado,Lake Tahoe Unified,TA,299,275,92,108,39.3,41,14.9,2,0.7,9,3,1,0.3
acgr22-v3.txt,2021_22,2021-22,09,73783,0000000,0973783,09737830000000,09737830000000,El Dorado,Black Oak Mine Unified,TA,100,88,88,18,20.5,0,0,0,0,6,6,4,4
acgr22-v3.txt,2021_22,2021-22,10,10108,0000000,1010108,10101080000000,10101080000000,Fresno,Fresno County Office of Education,TA,951,228,24,63,27.6,0,0,8,3.5,316,33.2,327,34.4
acgr22-v3.txt,2021_22,2021-22,10,62117,0000000,1062117,10621170000000,10621170000000,Fresno,Clovis Unified,TA,3424,3269,95.5,1909,58.4,219,6.7,815,24.9,58,1.7,14,0.4
acgr22-v3.txt,2021_22,2021-22,10,62125,0000000,1062125,10621250000000,10621250000000,Fresno,Coalinga-Huron Unified,TA,325,287,88.3,80,27.9,13,4.5,0,0,26,8,11,3.4
acgr22-v3.txt,2021_22,2021-22,10,62158,0000000,1062158,10621580000000,10621580000000,Fresno,Fowler Unified,TA,226,217,96,125,57.6,9,4.1,0,0,5,2.2,0,0
acgr22-v3.txt,2021_22,2021-22,10,62166,0000000,1062166,10621660000000,10621660000000,Fresno,Fresno Unified,TA,4920,4355,88.5,2090,48,575,13.2,820,18.8,382,7.8,93,1.9
acgr22-v3.txt,2021_22,2021-22,10,62257,0000000,1062257,10622570000000,10622570000000,Fresno,Kingsburg Joint Union High,TA,309,301,97.4,113,37.5,0,0,126,41.9,2,0.6,0,0
acgr22-v3.txt,2021_22,2021-22,10,62265,0000000,1062265,10622650000000,10622650000000,Fresno,Kings Canyon Joint Unified,TA,777,692,89.1,321,46.4,78,11.3,175,25.3,11,1.4,22,2.8
acgr22-v3.txt,2021_22,2021-22,10,62281,0000000,1062281,10622810000000,10622810000000,Fresno,Laton Joint Unified,TA,35,32,91.4,14,43.8,4,12.5,0,0,1,2.9,0,0
acgr22-v3.txt,2021_22,2021-22,10,62331,0000000,1062331,10623310000000,10623310000000,Fresno,Orange Center,TA,97,74,76.3,22,29.7,0,0,0,0,18,18.6,4,4.1
acgr22-v3.txt,2021_22,2021-22,10,62364,0000000,1062364,10623640000000,10623640000000,Fresno,Parlier Unified,TA,252,235,93.3,82,34.9,15,6.4,0,0,9,3.6,1,0.4
acgr22-v3.txt,2021_22,2021-22,10,62380,0000000,1062380,10623800000000,10623800000000,Fresno,Raisin City Elementary,TA,113,18,15.9,0,0,0,0,1,5.6,47,41.6,46,40.7
acgr22-v3.txt,2021_22,2021-22,10,62414,0000000,1062414,10624140000000,10624140000000,Fresno,Sanger Unified,TA,886,842,95,199,23.6,54,6.4,144,17.1,28,3.2,0,0
acgr22-v3.txt,2021_22,2021-22,10,62430,0000000,1062430,10624300000000,10624300000000,Fresno,Selma Unified,TA,478,428,89.5,122,28.5,29,6.8,108,25.2,17,3.6,6,1.3
acgr22-v3.txt,2021_22,2021-22,10,62539,0000000,1062539,10625390000000,10625390000000,Fresno,West Park Elementary,TA,56,23,41.1,0,0,0,0,0,0,30,53.6,3,5.4
acgr22-v3.txt,2021_22,2021-22,10,62547,0000000,1062547,10625470000000,10625470000000,Fresno,Westside Elementary,TA,582,175,30.1,13,7.4,1,0.6,41,23.4,160,27.5,238,40.9
acgr22-v3.txt,2021_22,2021-22,10,73809,0000000,1073809,10738090000000,10738090000000,Fresno,Firebaugh-Las Deltas Unified,TA,185,173,93.5,69,39.9,2,1.2,0,0,3,1.6,1,0.5
acgr22-v3.txt,2021_22,2021-22,10,73965,0000000,1073965,10739650000000,10739650000000,Fresno,Central Unified,TA,1108,961,86.7,401,41.7,66,6.9,230,23.9,66,6,42,3.8
acgr22-v3.txt,2021_22,2021-22,10,73999,0000000,1073999,10739990000000,10739990000000,Fresno,Kerman Unified,TA,431,407,94.4,153,37.6,28,6.9,133,32.7,9,2.1,6,1.4
acgr22-v3.txt,2021_22,2021-22,10,75127,0000000,1075127,10751270000000,10751270000000,Fresno,Mendota Unified,TA,245,191,78,82,42.9,19,9.9,43,22.5,41,16.7,4,1.6
acgr22-v3.txt,2021_22,2021-22,10,75234,0000000,1075234,10752340000000,10752340000000,Fresno,Golden Plains Unified,TA,127,107,84.3,52,48.6,3,2.8,28,26.2,16,12.6,2,1.6
acgr22-v3.txt,2021_22,2021-22,10,75275,0000000,1075275,10752750000000,10752750000000,Fresno,Sierra Unified,TA,114,98,86,28,28.6,0,0,0,0,6,5.3,2,1.8
acgr22-v3.txt,2021_22,2021-22,10,75408,0000000,1075408,10754080000000,10754080000000,Fresno,Riverdale Joint Unified,TA,132,123,93.2,48,39,18,14.6,40,32.5,5,3.8,2,1.5
acgr22-v3.txt,2021_22,2021-22,10,75598,0000000,1075598,10755980000000,10755980000000,Fresno,Caruthers Unified,TA,150,141,94,68,48.2,0,0,35,24.8,4,2.7,0,0
acgr22-v3.txt,2021_22,2021-22,10,76778,0000000,1076778,10767780000000,10767780000000,Fresno,Washington Unified,TA,337,277,82.2,91,32.9,21,7.6,0,0,48,14.2,3,0.9
acgr22-v3.txt,2021_22,2021-22,11,10116,0000000,1110116,11101160000000,11101160000000,Glenn,Glenn County Office of Education,TA,73,26,35.6,0,0,0,0,3,11.5,31,42.5,11,15.1
acgr22-v3.txt,2021_22,2021-22,11,62596,0000000,1162596,11625960000000,11625960000000,Glenn,Lake Elementary,TA,12,9,75,1,11.1,0,0,3,33.3,2,16.7,0,0
acgr22-v3.txt,2021_22,2021-22,11,62646,0000000,1162646,11626460000000,11626460000000,Glenn,Princeton Joint Unified,TA,15,14,93.3,3,21.4,0,0,2,14.3,0,0,1,6.7
acgr22-v3.txt,2021_22,2021-22,11,62653,0000000,1162653,11626530000000,11626530000000,Glenn,Stony Creek Joint Unified,TA,NA,NA,NA,NA,NA,NA,NA,NA,NA,NA,NA,NA,NA
acgr22-v3.txt,2021_22,2021-22,11,62661,0000000,1162661,11626610000000,11626610000000,Glenn,Willows Unified,TA,115,106,92.2,25,23.6,0,0,0,0,5,4.3,4,3.5
acgr22-v3.txt,2021_22,2021-22,11,75481,0000000,1175481,11754810000000,11754810000000,Glenn,Orland Joint Unified,TA,180,173,96.1,30,17.3,30,17.3,30,17.3,1,0.6,0,0
acgr22-v3.txt,2021_22,2021-22,11,76562,0000000,1176562,11765620000000,11765620000000,Glenn,Hamilton Unified,TA,78,76,97.4,38,50,10,13.2,17,22.4,0,0,0,0
acgr22-v3.txt,2021_22,2021-22,12,10124,0000000,1210124,12101240000000,12101240000000,Humboldt,Humboldt County Office of Education,TA,121,87,71.9,28,32.2,10,11.5,5,5.7,23,19,11,9.1
acgr22-v3.txt,2021_22,2021-22,12,62679,0000000,1262679,12626790000000,12626790000000,Humboldt,Arcata Elementary,TA,NA,NA,NA,NA,NA,NA,NA,NA,NA,NA,NA,NA,NA
acgr22-v3.txt,2021_22,2021-22,12,62687,0000000,1262687,12626870000000,12626870000000,Humboldt,Northern Humboldt Union High,TA,427,414,97,165,39.9,24,5.8,119,28.7,6,1.4,5,1.2
acgr22-v3.txt,2021_22,2021-22,12,62810,0000000,1262810,12628100000000,12628100000000,Humboldt,Fortuna Union High,TA,285,267,93.7,100,37.5,16,6,16,6,14,4.9,2,0.7
acgr22-v3.txt,2021_22,2021-22,12,62901,0000000,1262901,12629010000000,12629010000000,Humboldt,Klamath-Trinity Joint Unified,TA,69,66,95.7,15,22.7,0,0,0,0,2,2.9,0,0
acgr22-v3.txt,2021_22,2021-22,12,63032,0000000,1263032,12630320000000,12630320000000,Humboldt,South Bay Union Elementary,TA,46,45,97.8,6,13.3,1,2.2,15,33.3,0,0,1,2.2
acgr22-v3.txt,2021_22,2021-22,12,63040,0000000,1263040,12630400000000,12630400000000,Humboldt,Southern Humboldt Joint Unified,TA,72,60,83.3,0,0,1,1.7,10,16.7,7,9.7,0,0
acgr22-v3.txt,2021_22,2021-22,12,75374,0000000,1275374,12753740000000,12753740000000,Humboldt,Ferndale Unified,TA,35,35,100,12,34.3,4,11.4,5,14.3,0,0,0,0
acgr22-v3.txt,2021_22,2021-22,12,75382,0000000,1275382,12753820000000,12753820000000,Humboldt,Mattole Unified,TA,NA,NA,NA,NA,NA,NA,NA,NA,NA,NA,NA,NA,NA
acgr22-v3.txt,2021_22,2021-22,12,75515,0000000,1275515,12755150000000,12755150000000,Humboldt,Eureka City Schools,TA,299,282,94.3,85,30.1,29,10.3,51,18.1,5,1.7,5,1.7
acgr22-v3.txt,2021_22,2021-22,13,10132,0000000,1310132,13101320000000,13101320000000,Imperial,Imperial County Office of Education,TA,157,54,34.4,0,0,0,0,0,0,50,31.8,32,20.4
acgr22-v3.txt,2021_22,2021-22,13,63081,0000000,1363081,13630810000000,13630810000000,Imperial,Brawley Union High,TA,495,469,94.7,198,42.2,31,6.6,198,42.2,12,2.4,7,1.4
acgr22-v3.txt,2021_22,2021-22,13,63099,0000000,1363099,13630990000000,13630990000000,Imperial,Calexico Unified,TA,804,632,78.6,208,32.9,104,16.5,107,16.9,128,15.9,35,4.4
acgr22-v3.txt,2021_22,2021-22,13,63107,0000000,1363107,13631070000000,13631070000000,Imperial,Calipatria Unified,TA,81,76,93.8,32,42.1,13,17.1,19,25,3,3.7,2,2.5
acgr22-v3.txt,2021_22,2021-22,13,63115,0000000,1363115,13631150000000,13631150000000,Imperial,Central Union High,TA,970,869,89.6,200,23,58,6.7,210,24.2,76,7.8,25,2.6
acgr22-v3.txt,2021_22,2021-22,13,63149,0000000,1363149,13631490000000,13631490000000,Imperial,Holtville Unified,TA,134,129,96.3,100,77.5,0,0,0,0,0,0,1,0.7
acgr22-v3.txt,2021_22,2021-22,13,63164,0000000,1363164,13631640000000,13631640000000,Imperial,Imperial Unified,TA,309,296,95.8,108,36.5,0,0,0,0,8,2.6,2,0.6
acgr22-v3.txt,2021_22,2021-22,13,63214,0000000,1363214,13632140000000,13632140000000,Imperial,San Pasqual Valley Unified,TA,50,38,76,5,13.2,0,0,0,0,5,10,2,4
acgr22-v3.txt,2021_22,2021-22,14,10140,0000000,1410140,14101400000000,14101400000000,Inyo,Inyo County Office of Education,TA,386,96,24.9,37,38.5,0,0,0,0,174,45.1,116,30.1
acgr22-v3.txt,2021_22,2021-22,14,63248,0000000,1463248,14632480000000,14632480000000,Inyo,Big Pine Unified,TA,NA,NA,NA,NA,NA,NA,NA,NA,NA,NA,NA,NA,NA
acgr22-v3.txt,2021_22,2021-22,14,63271,0000000,1463271,14632710000000,14632710000000,Inyo,Death Valley Unified,TA,NA,NA,NA,NA,NA,NA,NA,NA,NA,NA,NA,NA,NA
acgr22-v3.txt,2021_22,2021-22,14,63289,0000000,1463289,14632890000000,14632890000000,Inyo,Lone Pine Unified,TA,33,28,84.8,5,17.9,0,0,0,0,4,12.1,1,3
acgr22-v3.txt,2021_22,2021-22,14,63297,0000000,1463297,14632970000000,14632970000000,Inyo,Owens Valley Unified,TA,NA,NA,NA,NA,NA,NA,NA,NA,NA,NA,NA,NA,NA
acgr22-v3.txt,2021_22,2021-22,14,76687,0000000,1476687,14766870000000,14766870000000,Inyo,Bishop Unified,TA,175,163,93.1,70,42.9,16,9.8,46,28.2,7,4,2,1.1
acgr22-v3.txt,2021_22,2021-22,15,10157,0000000,1510157,15101570000000,15101570000000,Kern,Kern County Office of Education,TA,564,318,56.4,134,42.1,0,0,26,8.2,185,32.8,51,9
acgr22-v3.txt,2021_22,2021-22,15,63412,0000000,1563412,15634120000000,15634120000000,Kern,Delano Joint Union High,TA,986,937,95,571,60.9,149,15.9,319,34,26,2.6,10,1
acgr22-v3.txt,2021_22,2021-22,15,63529,0000000,1563529,15635290000000,15635290000000,Kern,Kern High,TA,10487,9312,88.8,3468,37.2,925,9.9,3776,40.5,786,7.5,265,2.5
acgr22-v3.txt,2021_22,2021-22,15,63628,0000000,1563628,15636280000000,15636280000000,Kern,Maricopa Unified,TA,757,559,73.8,95,17,3,0.5,172,30.8,144,19,46,6.1
acgr22-v3.txt,2021_22,2021-22,15,63677,0000000,1563677,15636770000000,15636770000000,Kern,Mojave Unified,TA,174,136,78.2,26,19.1,0,0,0,0,31,17.8,3,1.7
acgr22-v3.txt,2021_22,2021-22,15,63685,0000000,1563685,15636850000000,15636850000000,Kern,Muroc Joint Unified,TA,139,127,91.4,36,28.3,0,0,0,0,11,7.9,1,0.7
acgr22-v3.txt,2021_22,2021-22,15,63776,0000000,1563776,15637760000000,15637760000000,Kern,Southern Kern Unified,TA,211,184,87.2,35,19,0,0,0,0,26,12.3,0,0
acgr22-v3.txt,2021_22,2021-22,15,63818,0000000,1563818,15638180000000,15638180000000,Kern,Taft Union High,TA,246,222,90.2,45,20.3,0,0,29,13.1,17,6.9,6,2.4
acgr22-v3.txt,2021_22,2021-22,15,63826,0000000,1563826,15638260000000,15638260000000,Kern,Tehachapi Unified,TA,289,273,94.5,53,19.4,9,3.3,54,19.8,16,5.5,0,0
acgr22-v3.txt,2021_22,2021-22,15,63859,0000000,1563859,15638590000000,15638590000000,Kern,Wasco Union High,TA,487,417,85.6,150,36,6,1.4,113,27.1,34,7,26,5.3
acgr22-v3.txt,2021_22,2021-22,15,73742,0000000,1573742,15737420000000,15737420000000,Kern,Sierra Sands Unified,TA,388,313,80.7,88,28.1,0,0,0,0,46,11.9,22,5.7
acgr22-v3.txt,2021_22,2021-22,15,73908,0000000,1573908,15739080000000,15739080000000,Kern,McFarland Unified,TA,254,247,97.2,94,38.1,41,16.6,43,17.4,5,2,1,0.4
acgr22-v3.txt,2021_22,2021-22,15,75168,0000000,1575168,15751680000000,15751680000000,Kern,El Tejon Unified,TA,60,51,85,14,27.5,0,0,0,0,7,11.7,1,1.7
acgr22-v3.txt,2021_22,2021-22,16,10165,0000000,1610165,16101650000000,16101650000000,Kings,Kings County Office of Education,TA,24,4,16.7,0,0,0,0,0,0,8,33.3,10,41.7
acgr22-v3.txt,2021_22,2021-22,16,63875,0000000,1663875,16638750000000,16638750000000,Kings,Armona Union Elementary,TA,78,53,67.9,7,13.2,0,0,0,0,12,15.4,10,12.8
acgr22-v3.txt,2021_22,2021-22,16,63891,0000000,1663891,16638910000000,16638910000000,Kings,Corcoran Joint Unified,TA,205,180,87.8,32,17.8,0,0,0,0,16,7.8,9,4.4
acgr22-v3.txt,2021_22,2021-22,16,63925,0000000,1663925,16639250000000,16639250000000,Kings,Hanford Joint Union High,TA,932,899,96.5,329,36.6,5,0.6,272,30.3,24,2.6,3,0.3
acgr22-v3.txt,2021_22,2021-22,16,63958,0000000,1663958,16639580000000,16639580000000,Kings,Kit Carson Union Elementary,TA,432,87,20.1,0,0,0,0,3,3.4,151,35,187,43.3
acgr22-v3.txt,2021_22,2021-22,16,63982,0000000,1663982,16639820000000,16639820000000,Kings,Lemoore Union High,TA,542,526,97,222,42.2,27,5.1,31,5.9,11,2,0,0
acgr22-v3.txt,2021_22,2021-22,16,73932,0000000,1673932,16739320000000,16739320000000,Kings,Reef-Sunset Unified,TA,160,145,90.6,50,34.5,20,13.8,38,26.2,9,5.6,2,1.3
acgr22-v3.txt,2021_22,2021-22,17,10173,0000000,1710173,17101730000000,17101730000000,Lake,Lake County Office of Education,TA,NA,NA,NA,NA,NA,NA,NA,NA,NA,NA,NA,NA,NA
acgr22-v3.txt,2021_22,2021-22,17,64014,0000000,1764014,17640140000000,17640140000000,Lake,Kelseyville Unified,TA,147,132,89.8,16,12.1,0,0,0,0,12,8.2,0,0
acgr22-v3.txt,2021_22,2021-22,17,64022,0000000,1764022,17640220000000,17640220000000,Lake,Konocti Unified,TA,266,184,69.2,42,22.8,0,0,0,0,48,18,26,9.8
acgr22-v3.txt,2021_22,2021-22,17,64030,0000000,1764030,17640300000000,17640300000000,Lake,Lakeport Unified,TA,116,112,96.6,17,15.2,0,0,0,0,4,3.4,0,0
acgr22-v3.txt,2021_22,2021-22,17,64055,0000000,1764055,17640550000000,17640550000000,Lake,Middletown Unified,TA,158,143,90.5,39,27.3,0,0,0,0,11,7,1,0.6
acgr22-v3.txt,2021_22,2021-22,17,76976,0000000,1776976,17769760000000,17769760000000,Lake,Upper Lake Unified,TA,76,62,81.6,10,16.1,0,0,0,0,13,17.1,0,0
acgr22-v3.txt,2021_22,2021-22,18,64089,0000000,1864089,18640890000000,18640890000000,Lassen,Big Valley Joint Unified,TA,NA,NA,NA,NA,NA,NA,NA,NA,NA,NA,NA,NA,NA
acgr22-v3.txt,2021_22,2021-22,18,64139,0000000,1864139,18641390000000,18641390000000,Lassen,Lassen Union High,TA,211,185,87.7,48,25.9,13,7,40,21.6,12,5.7,0,0
acgr22-v3.txt,2021_22,2021-22,18,64196,0000000,1864196,18641960000000,18641960000000,Lassen,Susanville Elementary,TA,26,24,92.3,3,12.5,0,0,6,25,1,3.8,1,3.8
acgr22-v3.txt,2021_22,2021-22,18,64204,0000000,1864204,18642040000000,18642040000000,Lassen,Westwood Unified,TA,14,14,100,1,7.1,0,0,0,0,0,0,0,0
acgr22-v3.txt,2021_22,2021-22,18,75036,0000000,1875036,18750360000000,18750360000000,Lassen,Fort Sage Unified,TA,52,44,84.6,4,9.1,0,0,8,18.2,4,7.7,0,0
acgr22-v3.txt,2021_22,2021-22,19,10199,0000000,1910199,19101990000000,19101990000000,Los Angeles,Los Angeles County Office of Education,TA,1071,779,72.7,566,72.7,41,5.3,157,20.2,143,13.4,145,13.5
acgr22-v3.txt,2021_22,2021-22,19,64212,0000000,1964212,19642120000000,19642120000000,Los Angeles,ABC Unified,TA,1578,1524,96.6,914,60,420,27.6,574,37.7,20,1.3,16,1
acgr22-v3.txt,2021_22,2021-22,19,64246,0000000,1964246,19642460000000,19642460000000,Los Angeles,Antelope Valley Union High,TA,5431,4376,80.6,1459,33.3,331,7.6,981,22.4,530,9.8,485,8.9
acgr22-v3.txt,2021_22,2021-22,19,64261,0000000,1964261,19642610000000,19642610000000,Los Angeles,Arcadia Unified,TA,764,750,98.2,381,50.8,0,0,0,0,5,0.7,7,0.9
acgr22-v3.txt,2021_22,2021-22,19,64279,0000000,1964279,19642790000000,19642790000000,Los Angeles,Azusa Unified,TA,592,516,87.2,195,37.8,55,10.7,91,17.6,59,10,1,0.2
acgr22-v3.txt,2021_22,2021-22,19,64287,0000000,1964287,19642870000000,19642870000000,Los Angeles,Baldwin Park Unified,TA,1711,1145,66.9,464,40.5,70,6.1,193,16.9,402,23.5,112,6.5
acgr22-v3.txt,2021_22,2021-22,19,64295,0000000,1964295,19642950000000,19642950000000,Los Angeles,Bassett Unified,TA,226,211,93.4,72,34.1,24,11.4,41,19.4,6,2.7,3,1.3
acgr22-v3.txt,2021_22,2021-22,19,64303,0000000,1964303,19643030000000,19643030000000,Los Angeles,Bellflower Unified,TA,825,755,91.5,297,39.3,86,11.4,222,29.4,27,3.3,16,1.9
acgr22-v3.txt,2021_22,2021-22,19,64311,0000000,1964311,19643110000000,19643110000000,Los Angeles,Beverly Hills Unified,TA,327,303,92.7,180,59.4,0,0,0,0,5,1.5,7,2.1
acgr22-v3.txt,2021_22,2021-22,19,64329,0000000,1964329,19643290000000,19643290000000,Los Angeles,Bonita Unified,TA,759,730,96.2,461,63.2,28,3.8,240,32.9,10,1.3,3,0.4
acgr22-v3.txt,2021_22,2021-22,19,64337,0000000,1964337,19643370000000,19643370000000,Los Angeles,Burbank Unified,TA,1275,1226,96.2,634,51.7,119,9.7,547,44.6,17,1.3,15,1.2
acgr22-v3.txt,2021_22,2021-22,19,64352,0000000,1964352,19643520000000,19643520000000,Los Angeles,Centinela Valley Union High,TA,3268,1402,42.9,610,43.5,151,10.8,161,11.5,1814,55.5,43,1.3
acgr22-v3.txt,2021_22,2021-22,19,64378,0000000,1964378,19643780000000,19643780000000,Los Angeles,Charter Oak Unified,TA,372,362,97.3,187,51.7,7,1.9,122,33.7,6,1.6,2,0.5
acgr22-v3.txt,2021_22,2021-22,19,64394,0000000,1964394,19643940000000,19643940000000,Los Angeles,Claremont Unified,TA,607,597,98.4,397,66.5,112,18.8,228,38.2,3,0.5,3,0.5
acgr22-v3.txt,2021_22,2021-22,19,64436,0000000,1964436,19644360000000,19644360000000,Los Angeles,Covina-Valley Unified,TA,1103,1054,95.6,690,65.5,232,22,435,41.3,32,2.9,5,0.5
acgr22-v3.txt,2021_22,2021-22,19,64444,0000000,1964444,19644440000000,19644440000000,Los Angeles,Culver City Unified,TA,590,570,96.6,417,73.2,135,23.7,260,45.6,13,2.2,1,0.2
acgr22-v3.txt,2021_22,2021-22,19,64451,0000000,1964451,19644510000000,19644510000000,Los Angeles,Downey Unified,TA,2036,1917,94.2,1084,56.5,137,7.1,448,23.4,61,3,10,0.5
acgr22-v3.txt,2021_22,2021-22,19,64469,0000000,1964469,19644690000000,19644690000000,Los Angeles,Duarte Unified,TA,1242,571,46,281,49.2,83,14.5,10,1.8,205,16.5,450,36.2
acgr22-v3.txt,2021_22,2021-22,19,64519,0000000,1964519,19645190000000,19645190000000,Los Angeles,El Monte Union High,TA,2108,1801,85.4,745,41.4,22,1.2,362,20.1,166,7.9,65,3.1
acgr22-v3.txt,2021_22,2021-22,19,64527,0000000,1964527,19645270000000,19645270000000,Los Angeles,El Rancho Unified,TA,693,654,94.4,310,47.4,81,12.4,126,19.3,24,3.5,3,0.4
acgr22-v3.txt,2021_22,2021-22,19,64535,0000000,1964535,19645350000000,19645350000000,Los Angeles,El Segundo Unified,TA,323,322,99.7,256,79.5,27,8.4,156,48.4,0,0,0,0
acgr22-v3.txt,2021_22,2021-22,19,64568,0000000,1964568,19645680000000,19645680000000,Los Angeles,Glendale Unified,TA,1908,1796,94.1,1112,61.9,210,11.7,837,46.6,32,1.7,17,0.9
acgr22-v3.txt,2021_22,2021-22,19,64576,0000000,1964576,19645760000000,19645760000000,Los Angeles,Glendora Unified,TA,608,591,97.2,318,53.8,0,0,0,0,8,1.3,3,0.5
acgr22-v3.txt,2021_22,2021-22,19,64584,0000000,1964584,19645840000000,19645840000000,Los Angeles,Gorman Joint,TA,111,96,86.5,11,11.5,0,0,0,0,13,11.7,2,1.8
acgr22-v3.txt,2021_22,2021-22,19,64592,0000000,1964592,19645920000000,19645920000000,Los Angeles,Hawthorne,TA,147,145,98.6,84,57.9,66,45.5,96,66.2,0,0,1,0.7
acgr22-v3.txt,2021_22,2021-22,19,64634,0000000,1964634,19646340000000,19646340000000,Los Angeles,Inglewood Unified,TA,677,617,91.1,289,46.8,46,7.5,32,5.2,46,6.8,8,1.2
acgr22-v3.txt,2021_22,2021-22,19,64642,0000000,1964642,19646420000000,19646420000000,Los Angeles,Keppel Union Elementary,TA,NA,NA,NA,NA,NA,NA,NA,NA,NA,NA,NA,NA,NA
acgr22-v3.txt,2021_22,2021-22,19,64659,0000000,1964659,19646590000000,19646590000000,Los Angeles,La Canada Unified,TA,343,339,98.8,307,90.6,74,21.8,2,0.6,0,0,0,0
acgr22-v3.txt,2021_22,2021-22,19,64683,0000000,1964683,19646830000000,19646830000000,Los Angeles,Las Virgenes Unified,TA,966,927,96,580,62.6,99,10.7,443,47.8,28,2.9,3,0.3
acgr22-v3.txt,2021_22,2021-22,19,64691,0000000,1964691,19646910000000,19646910000000,Los Angeles,Lawndale Elementary,TA,128,119,93,114,95.8,24,20.2,88,73.9,7,5.5,2,1.6
acgr22-v3.txt,2021_22,2021-22,19,64709,0000000,1964709,19647090000000,19647090000000,Los Angeles,Lennox,TA,291,287,98.6,248,86.4,96,33.4,82,28.6,4,1.4,0,0
acgr22-v3.txt,2021_22,2021-22,19,64725,0000000,1964725,19647250000000,19647250000000,Los Angeles,Long Beach Unified,TA,5733,4882,85.2,2901,59.4,540,11.1,2185,44.8,592,10.3,182,3.2
acgr22-v3.txt,2021_22,2021-22,19,64733,0000000,1964733,19647330000000,19647330000000,Los Angeles,Los Angeles Unified,TA,43582,38084,87.4,24814,65.2,6876,18.1,11205,29.4,3378,7.8,1338,3.1
acgr22-v3.txt,2021_22,2021-22,19,64774,0000000,1964774,19647740000000,19647740000000,Los Angeles,Lynwood Unified,TA,1024,860,84,443,51.5,98,11.4,183,21.3,120,11.7,42,4.1
acgr22-v3.txt,2021_22,2021-22,19,64790,0000000,1964790,19647900000000,19647900000000,Los Angeles,Monrovia Unified,TA,424,402,94.8,242,60.2,2,0.5,3,0.7,16,3.8,2,0.5
acgr22-v3.txt,2021_22,2021-22,19,64808,0000000,1964808,19648080000000,19648080000000,Los Angeles,Montebello Unified,TA,2004,1782,88.9,675,37.9,224,12.6,391,21.9,127,6.3,36,1.8
acgr22-v3.txt,2021_22,2021-22,19,64840,0000000,1964840,19648400000000,19648400000000,Los Angeles,Norwalk-La Mirada Unified,TA,1276,1174,92,573,48.8,70,6,253,21.6,37,2.9,35,2.7
acgr22-v3.txt,2021_22,2021-22,19,64857,0000000,1964857,19648570000000,19648570000000,Los Angeles,Palmdale Elementary,TA,498,271,54.4,114,42.1,12,4.4,99,36.5,70,14.1,145,29.1
acgr22-v3.txt,2021_22,2021-22,19,64865,0000000,1964865,19648650000000,19648650000000,Los Angeles,Palos Verdes Peninsula Unified,TA,971,950,97.8,662,69.7,255,26.8,718,75.6,4,0.4,2,0.2
acgr22-v3.txt,2021_22,2021-22,19,64873,0000000,1964873,19648730000000,19648730000000,Los Angeles,Paramount Unified,TA,1151,1057,91.8,488,46.2,112,10.6,267,25.3,43,3.7,27,2.3
acgr22-v3.txt,2021_22,2021-22,19,64881,0000000,1964881,19648810000000,19648810000000,Los Angeles,Pasadena Unified,TA,1260,1070,84.9,523,48.9,107,10,286,26.7,132,10.5,45,3.6
acgr22-v3.txt,2021_22,2021-22,19,64907,0000000,1964907,19649070000000,19649070000000,Los Angeles,Pomona Unified,TA,1811,1605,88.6,550,34.3,94,5.9,426,26.5,95,5.2,100,5.5
acgr22-v3.txt,2021_22,2021-22,19,64964,0000000,1964964,19649640000000,19649640000000,Los Angeles,San Marino Unified,TA,274,263,96,215,81.7,62,23.6,155,58.9,2,0.7,2,0.7
acgr22-v3.txt,2021_22,2021-22,19,64980,0000000,1964980,19649800000000,19649800000000,Los Angeles,Santa Monica-Malibu Unified,TA,847,826,97.5,516,62.5,142,17.2,554,67.1,9,1.1,2,0.2
acgr22-v3.txt,2021_22,2021-22,19,65029,0000000,1965029,19650290000000,19650290000000,Los Angeles,South Pasadena Unified,TA,362,355,98.1,292,82.3,81,22.8,124,34.9,2,0.6,3,0.8
acgr22-v3.txt,2021_22,2021-22,19,65052,0000000,1965052,19650520000000,19650520000000,Los Angeles,Temple City Unified,TA,519,505,97.3,339,67.1,24,4.8,274,54.3,4,0.8,3,0.6
acgr22-v3.txt,2021_22,2021-22,19,65060,0000000,1965060,19650600000000,19650600000000,Los Angeles,Torrance Unified,TA,2002,1932,96.5,1305,67.5,448,23.2,1068,55.3,19,0.9,36,1.8
acgr22-v3.txt,2021_22,2021-22,19,65094,0000000,1965094,19650940000000,19650940000000,Los Angeles,West Covina Unified,TA,1194,1086,91,513,47.2,90,8.3,232,21.4,72,6,28,2.3
acgr22-v3.txt,2021_22,2021-22,19,65128,0000000,1965128,19651280000000,19651280000000,Los Angeles,Whittier Union High,TA,2711,2519,92.9,1477,58.6,376,14.9,881,35,53,2,43,1.6
acgr22-v3.txt,2021_22,2021-22,19,65136,0000000,1965136,19651360000000,19651360000000,Los Angeles,William S. Hart Union High,TA,4091,3805,93,1998,52.5,207,5.4,1581,41.6,123,3,151,3.7
acgr22-v3.txt,2021_22,2021-22,19,73437,0000000,1973437,19734370000000,19734370000000,Los Angeles,Compton Unified,TA,1282,1139,88.8,572,50.2,225,19.8,12,1.1,115,9,3,0.2
acgr22-v3.txt,2021_22,2021-22,19,73445,0000000,1973445,19734450000000,19734450000000,Los Angeles,Hacienda la Puente Unified,TA,1352,1296,95.9,617,47.6,42,3.2,55,4.2,26,1.9,11,0.8
acgr22-v3.txt,2021_22,2021-22,19,73452,0000000,1973452,19734520000000,19734520000000,Los Angeles,Rowland Unified,TA,1086,1000,92.1,437,43.7,0,0,229,22.9,51,4.7,22,2
acgr22-v3.txt,2021_22,2021-22,19,73460,0000000,1973460,19734600000000,19734600000000,Los Angeles,Walnut Valley Unified,TA,1172,1144,97.6,786,68.7,223,19.5,658,57.5,7,0.6,1,0.1
acgr22-v3.txt,2021_22,2021-22,19,75291,0000000,1975291,19752910000000,19752910000000,Los Angeles,San Gabriel Unified,TA,612,525,85.8,301,57.3,44,8.4,187,35.6,48,7.8,27,4.4
acgr22-v3.txt,2021_22,2021-22,19,75309,0000000,1975309,19753090000000,19753090000000,Los Angeles,Acton-Agua Dulce Unified,TA,2434,923,37.9,153,16.6,4,0.4,99,10.7,654,26.9,806,33.1
acgr22-v3.txt,2021_22,2021-22,19,75333,0000000,1975333,19753330000000,19753330000000,Los Angeles,Manhattan Beach Unified,TA,602,582,96.7,491,84.4,22,3.8,322,55.3,6,1,10,1.7
acgr22-v3.txt,2021_22,2021-22,19,75341,0000000,1975341,19753410000000,19753410000000,Los Angeles,Redondo Beach Unified,TA,754,722,95.8,540,74.8,97,13.4,306,42.4,16,2.1,6,0.8
acgr22-v3.txt,2021_22,2021-22,19,75663,0000000,1975663,19756630000000,19756630000000,Los Angeles,SBE - New West Charter,TA,158,146,92.4,141,96.6,77,52.7,0,0,7,4.4,0,0
acgr22-v3.txt,2021_22,2021-22,19,75713,0000000,1975713,19757130000000,19757130000000,Los Angeles,Alhambra Unified,TA,1688,1610,95.4,1094,68,302,18.8,1191,74,18,1.1,26,1.5
acgr22-v3.txt,2021_22,2021-22,19,76869,0000000,1976869,19768690000000,19768690000000,Los Angeles,Wiseburn Unified,TA,431,404,93.7,381,94.3,0,0,0,0,7,1.6,20,4.6
acgr22-v3.txt,2021_22,2021-22,19,76968,0000000,1976968,19769680000000,19769680000000,Los Angeles,SBE - Academia Avance Charter,TA,51,46,90.2,31,67.4,0,0,0,0,3,5.9,2,3.9
acgr22-v3.txt,2021_22,2021-22,19,77289,0000000,1977289,19772890000000,19772890000000,Los Angeles,SBE - Los Angeles College Prep Academy,TA,14,11,78.6,7,63.6,1,9.1,2,18.2,2,14.3,0,0
acgr22-v3.txt,2021_22,2021-22,20,10207,0000000,2010207,20102070000000,20102070000000,Madera,Madera County Superintendent of Schools,TA,170,75,44.1,0,0,0,0,0,0,45,26.5,37,21.8
acgr22-v3.txt,2021_22,2021-22,20,65201,0000000,2065201,20652010000000,20652010000000,Madera,Chowchilla Union High,TA,262,236,90.1,68,28.8,9,3.8,69,29.2,11,4.2,9,3.4
acgr22-v3.txt,2021_22,2021-22,20,65243,0000000,2065243,20652430000000,20652430000000,Madera,Madera Unified,TA,1399,1284,91.8,508,39.6,146,11.4,310,24.1,64,4.6,32,2.3
acgr22-v3.txt,2021_22,2021-22,20,75580,0000000,2075580,20755800000000,20755800000000,Madera,Golden Valley Unified,TA,165,153,92.7,67,43.8,0,0,0,0,5,3,6,3.6
acgr22-v3.txt,2021_22,2021-22,20,75606,0000000,2075606,20756060000000,20756060000000,Madera,Chawanakee Unified,TA,167,161,96.4,58,36,0,0,0,0,5,3,0,0
acgr22-v3.txt,2021_22,2021-22,20,76414,0000000,2076414,20764140000000,20764140000000,Madera,Yosemite Unified,TA,192,161,83.9,68,42.2,0,0,11,6.8,27,14.1,0,0
acgr22-v3.txt,2021_22,2021-22,21,10215,0000000,2110215,21102150000000,21102150000000,Marin,Marin County Office of Education,TA,56,21,37.5,0,0,0,0,0,0,15,26.8,19,33.9
acgr22-v3.txt,2021_22,2021-22,21,65417,0000000,2165417,21654170000000,21654170000000,Marin,Novato Unified,TA,706,639,90.5,388,60.7,0,0,0,0,35,5,20,2.8
acgr22-v3.txt,2021_22,2021-22,21,65466,0000000,2165466,21654660000000,21654660000000,Marin,San Rafael City High,TA,769,616,80.1,354,57.5,133,21.6,245,39.8,119,15.5,19,2.5
acgr22-v3.txt,2021_22,2021-22,21,65482,0000000,2165482,21654820000000,21654820000000,Marin,Tamalpais Union High,TA,1360,1334,98.1,939,70.4,347,26,648,48.6,12,0.9,9,0.7
acgr22-v3.txt,2021_22,2021-22,21,73361,0000000,2173361,21733610000000,21733610000000,Marin,Shoreline Unified,TA,41,38,92.7,15,39.5,0,0,0,0,2,4.9,0,0
acgr22-v3.txt,2021_22,2021-22,22,10223,0000000,2210223,22102230000000,22102230000000,Mariposa,Mariposa County Office of Education,TA,NA,NA,NA,NA,NA,NA,NA,NA,NA,NA,NA,NA,NA
acgr22-v3.txt,2021_22,2021-22,22,65532,0000000,2265532,22655320000000,22655320000000,Mariposa,Mariposa County Unified,TA,135,120,88.9,44,36.7,0,0,39,32.5,12,8.9,1,0.7
acgr22-v3.txt,2021_22,2021-22,23,10231,0000000,2310231,23102310000000,23102310000000,Mendocino,Mendocino County Office of Education,TA,15,4,26.7,0,0,0,0,0,0,9,60,1,6.7
acgr22-v3.txt,2021_22,2021-22,23,65540,0000000,2365540,23655400000000,23655400000000,Mendocino,Anderson Valley Unified,TA,29,27,93.1,9,33.3,0,0,0,0,1,3.4,1,3.4
acgr22-v3.txt,2021_22,2021-22,23,65557,0000000,2365557,23655570000000,23655570000000,Mendocino,Arena Union Elementary,TA,NA,NA,NA,NA,NA,NA,NA,NA,NA,NA,NA,NA,NA
acgr22-v3.txt,2021_22,2021-22,23,65565,0000000,2365565,23655650000000,23655650000000,Mendocino,Fort Bragg Unified,TA,126,111,88.1,36,32.4,6,5.4,32,28.8,7,5.6,0,0
acgr22-v3.txt,2021_22,2021-22,23,65581,0000000,2365581,23655810000000,23655810000000,Mendocino,Mendocino Unified,TA,38,36,94.7,21,58.3,0,0,0,0,1,2.6,0,0
acgr22-v3.txt,2021_22,2021-22,23,65599,0000000,2365599,23655990000000,23655990000000,Mendocino,Point Arena Joint Union High,TA,40,35,87.5,7,20,2,5.7,3,8.6,5,12.5,0,0
acgr22-v3.txt,2021_22,2021-22,23,65607,0000000,2365607,23656070000000,23656070000000,Mendocino,Round Valley Unified,TA,49,37,75.5,3,8.1,0,0,0,0,10,20.4,0,0
acgr22-v3.txt,2021_22,2021-22,23,65615,0000000,2365615,23656150000000,23656150000000,Mendocino,Ukiah Unified,TA,513,454,88.5,166,36.6,72,15.9,0,0,24,4.7,5,1
acgr22-v3.txt,2021_22,2021-22,23,65623,0000000,2365623,23656230000000,23656230000000,Mendocino,Willits Unified,TA,161,111,68.9,29,26.1,1,0.9,18,16.2,39,24.2,8,5
acgr22-v3.txt,2021_22,2021-22,23,73866,0000000,2373866,23738660000000,23738660000000,Mendocino,Potter Valley Community Unified,TA,15,14,93.3,0,0,0,0,0,0,1,6.7,0,0
acgr22-v3.txt,2021_22,2021-22,23,73916,0000000,2373916,23739160000000,23739160000000,Mendocino,Laytonville Unified,TA,27,25,92.6,12,48,6,24,8,32,2,7.4,0,0
acgr22-v3.txt,2021_22,2021-22,23,75218,0000000,2375218,23752180000000,23752180000000,Mendocino,Leggett Valley Unified,TA,NA,NA,NA,NA,NA,NA,NA,NA,NA,NA,NA,NA,NA
acgr22-v3.txt,2021_22,2021-22,24,10249,0000000,2410249,24102490000000,24102490000000,Merced,Merced County Office of Education,TA,322,166,51.6,0,0,2,1.2,0,0,85,26.4,19,5.9
acgr22-v3.txt,2021_22,2021-22,24,65698,0000000,2465698,24656980000000,24656980000000,Merced,Hilmar Unified,TA,172,165,95.9,60,36.4,41,24.8,0,0,5,2.9,2,1.2
acgr22-v3.txt,2021_22,2021-22,24,65730,0000000,2465730,24657300000000,24657300000000,Merced,Le Grand Union High,TA,135,131,97,69,52.7,17,13,44,33.6,3,2.2,1,0.7
acgr22-v3.txt,2021_22,2021-22,24,65755,0000000,2465755,24657550000000,24657550000000,Merced,Los Banos Unified,TA,828,793,95.8,341,43,66,8.3,191,24.1,21,2.5,4,0.5
acgr22-v3.txt,2021_22,2021-22,24,65789,0000000,2465789,24657890000000,24657890000000,Merced,Merced Union High,TA,2685,2528,94.2,834,33,73,2.9,83,3.3,106,3.9,24,0.9
acgr22-v3.txt,2021_22,2021-22,24,73619,0000000,2473619,24736190000000,24736190000000,Merced,Gustine Unified,TA,135,121,89.6,47,38.8,7,5.8,0,0,11,8.1,3,2.2
acgr22-v3.txt,2021_22,2021-22,24,75317,0000000,2475317,24753170000000,24753170000000,Merced,Dos Palos Oro Loma Joint Unified,TA,170,155,91.2,34,21.9,5,3.2,29,18.7,13,7.6,0,0
acgr22-v3.txt,2021_22,2021-22,24,75366,0000000,2475366,24753660000000,24753660000000,Merced,Delhi Unified,TA,185,181,97.8,60,33.1,13,7.2,35,19.3,3,1.6,1,0.5
acgr22-v3.txt,2021_22,2021-22,25,65896,0000000,2565896,25658960000000,25658960000000,Modoc,Surprise Valley Joint Unified,TA,NA,NA,NA,NA,NA,NA,NA,NA,NA,NA,NA,NA,NA
acgr22-v3.txt,2021_22,2021-22,25,73585,0000000,2573585,25735850000000,25735850000000,Modoc,Modoc Joint Unified,TA,70,60,85.7,14,23.3,0,0,0,0,7,10,2,2.9
acgr22-v3.txt,2021_22,2021-22,25,73593,0000000,2573593,25735930000000,25735930000000,Modoc,Tulelake Basin Joint Unified,TA,31,29,93.5,18,62.1,0,0,0,0,1,3.2,0,0
acgr22-v3.txt,2021_22,2021-22,26,10264,0000000,2610264,26102640000000,26102640000000,Mono,Mono County Office of Education,TA,130,4,3.1,0,0,0,0,0,0,60,46.2,66,50.8
acgr22-v3.txt,2021_22,2021-22,26,73668,0000000,2673668,26736680000000,26736680000000,Mono,Eastern Sierra Unified,TA,28,27,96.4,11,40.7,0,0,0,0,1,3.6,0,0
acgr22-v3.txt,2021_22,2021-22,26,73692,0000000,2673692,26736920000000,26736920000000,Mono,Mammoth Unified,TA,99,94,94.9,50,53.2,26,27.7,38,40.4,2,2,0,0
acgr22-v3.txt,2021_22,2021-22,27,10272,0000000,2710272,27102720000000,27102720000000,Monterey,Monterey County Office of Education,TA,166,108,65.1,0,0,0,0,0,0,21,12.7,30,18.1
acgr22-v3.txt,2021_22,2021-22,27,65987,0000000,2765987,27659870000000,27659870000000,Monterey,Carmel Unified,TA,193,189,97.9,127,67.2,0,0,0,0,2,1,1,0.5
acgr22-v3.txt,2021_22,2021-22,27,66068,0000000,2766068,27660680000000,27660680000000,Monterey,South Monterey County Joint Union High,TA,605,505,83.5,163,32.3,60,11.9,109,21.6,90,14.9,5,0.8
acgr22-v3.txt,2021_22,2021-22,27,66092,0000000,2766092,27660920000000,27660920000000,Monterey,Monterey Peninsula Unified,TA,828,775,93.6,501,64.6,40,5.2,259,33.4,29,3.5,1,0.1
acgr22-v3.txt,2021_22,2021-22,27,66134,0000000,2766134,27661340000000,27661340000000,Monterey,Pacific Grove Unified,TA,155,146,94.2,99,67.8,15,10.3,34,23.3,8,5.2,0,0
acgr22-v3.txt,2021_22,2021-22,27,66159,0000000,2766159,27661590000000,27661590000000,Monterey,Salinas Union High,TA,2794,2446,87.5,1116,45.6,414,16.9,646,26.4,169,6,106,3.8
acgr22-v3.txt,2021_22,2021-22,27,73825,0000000,2773825,27738250000000,27738250000000,Monterey,North Monterey County Unified,TA,365,337,92.3,114,33.8,0,0,0,0,17,4.7,8,2.2
acgr22-v3.txt,2021_22,2021-22,27,75150,0000000,2775150,27751500000000,27751500000000,Monterey,Big Sur Unified,TA,NA,NA,NA,NA,NA,NA,NA,NA,NA,NA,NA,NA,NA
acgr22-v3.txt,2021_22,2021-22,27,75440,0000000,2775440,27754400000000,27754400000000,Monterey,Soledad Unified,TA,408,373,91.4,160,42.9,19,5.1,50,13.4,27,6.6,5,1.2
acgr22-v3.txt,2021_22,2021-22,27,75473,0000000,2775473,27754730000000,27754730000000,Monterey,Gonzales Unified,TA,212,196,92.5,90,45.9,0,0,0,0,9,4.2,1,0.5
acgr22-v3.txt,2021_22,2021-22,28,10280,0000000,2810280,28102800000000,28102800000000,Napa,Napa County Office of Education,TA,34,20,58.8,0,0,0,0,0,0,5,14.7,8,23.5
acgr22-v3.txt,2021_22,2021-22,28,66241,0000000,2866241,28662410000000,28662410000000,Napa,Calistoga Joint Unified,TA,61,54,88.5,22,40.7,21,38.9,16,29.6,4,6.6,0,0
acgr22-v3.txt,2021_22,2021-22,28,66266,0000000,2866266,28662660000000,28662660000000,Napa,Napa Valley Unified,TA,1502,1406,93.6,699,49.7,263,18.7,412,29.3,45,3,10,0.7
acgr22-v3.txt,2021_22,2021-22,28,66290,0000000,2866290,28662900000000,28662900000000,Napa,Saint Helena Unified,TA,120,111,92.5,59,53.2,36,32.4,28,25.2,5,4.2,1,0.8
acgr22-v3.txt,2021_22,2021-22,29,10298,0000000,2910298,29102980000000,29102980000000,Nevada,Nevada County Office of Education,TA,986,251,25.5,1,0.4,0,0,1,0.4,662,67.1,66,6.7
acgr22-v3.txt,2021_22,2021-22,29,66357,0000000,2966357,29663570000000,29663570000000,Nevada,Nevada Joint Union High,TA,674,606,89.9,257,42.4,41,6.8,137,22.6,38,5.6,12,1.8
acgr22-v3.txt,2021_22,2021-22,29,76877,0000000,2976877,29768770000000,29768770000000,Nevada,Penn Valley Union Elementary,TA,NA,NA,NA,NA,NA,NA,NA,NA,NA,NA,NA,NA,NA
acgr22-v3.txt,2021_22,2021-22,30,10306,0000000,3010306,30103060000000,30103060000000,Orange,Orange County Department of Education,TA,1743,1110,63.7,543,48.9,187,16.8,359,32.3,252,14.5,333,19.1
acgr22-v3.txt,2021_22,2021-22,30,66431,0000000,3066431,30664310000000,30664310000000,Orange,Anaheim Union High,TA,4825,4460,92.4,2494,55.9,952,21.3,1256,28.2,176,3.6,67,1.4
acgr22-v3.txt,2021_22,2021-22,30,66449,0000000,3066449,30664490000000,30664490000000,Orange,Brea-Olinda Unified,TA,477,440,92.2,274,62.3,77,17.5,203,46.1,30,6.3,2,0.4
acgr22-v3.txt,2021_22,2021-22,30,66464,0000000,3066464,30664640000000,30664640000000,Orange,Capistrano Unified,TA,4544,4274,94.1,2532,59.2,762,17.8,1498,35,123,2.7,74,1.6
acgr22-v3.txt,2021_22,2021-22,30,66514,0000000,3066514,30665140000000,30665140000000,Orange,Fullerton Joint Union High,TA,3353,3116,92.9,1822,58.5,268,8.6,589,18.9,177,5.3,21,0.6
acgr22-v3.txt,2021_22,2021-22,30,66522,0000000,3066522,30665220000000,30665220000000,Orange,Garden Grove Unified,TA,3322,3036,91.4,1804,59.4,0,0,1463,48.2,225,6.8,2,0.1
acgr22-v3.txt,2021_22,2021-22,30,66548,0000000,3066548,30665480000000,30665480000000,Orange,Huntington Beach Union High,TA,3945,3750,95.1,2105,56.1,976,26,1356,36.2,85,2.2,24,0.6
acgr22-v3.txt,2021_22,2021-22,30,66555,0000000,3066555,30665550000000,30665550000000,Orange,Laguna Beach Unified,TA,249,244,98,200,82,86,35.2,168,68.9,2,0.8,0,0
acgr22-v3.txt,2021_22,2021-22,30,66597,0000000,3066597,30665970000000,30665970000000,Orange,Newport-Mesa Unified,TA,1719,1596,92.8,938,58.8,306,19.2,639,40,74,4.3,26,1.5
acgr22-v3.txt,2021_22,2021-22,30,66621,0000000,3066621,30666210000000,30666210000000,Orange,Orange Unified,TA,2191,2090,95.4,1043,49.9,147,7,70,3.3,57,2.6,30,1.4
acgr22-v3.txt,2021_22,2021-22,30,66647,0000000,3066647,30666470000000,30666470000000,Orange,Placentia-Yorba Linda Unified,TA,2113,1992,94.3,1122,56.3,395,19.8,846,42.5,57,2.7,15,0.7
acgr22-v3.txt,2021_22,2021-22,30,66670,0000000,3066670,30666700000000,30666700000000,Orange,Santa Ana Unified,TA,3724,3440,92.4,1338,38.9,548,15.9,1268,36.9,136,3.7,87,2.3
acgr22-v3.txt,2021_22,2021-22,30,73635,0000000,3073635,30736350000000,30736350000000,Orange,Saddleback Valley Unified,TA,2203,2073,94.1,1150,55.5,365,17.6,887,42.8,85,3.9,10,0.5
acgr22-v3.txt,2021_22,2021-22,30,73643,0000000,3073643,30736430000000,30736430000000,Orange,Tustin Unified,TA,2082,2004,96.3,1291,64.4,450,22.5,290,14.5,48,2.3,1,0
acgr22-v3.txt,2021_22,2021-22,30,73650,0000000,3073650,30736500000000,30736500000000,Orange,Irvine Unified,TA,2845,2691,94.6,1962,72.9,662,24.6,1586,58.9,76,2.7,13,0.5
acgr22-v3.txt,2021_22,2021-22,30,73924,0000000,3073924,30739240000000,30739240000000,Orange,Los Alamitos Unified,TA,772,756,97.9,577,76.3,337,44.6,450,59.5,10,1.3,0,0
acgr22-v3.txt,2021_22,2021-22,30,76893,0000000,3076893,30768930000000,30768930000000,Orange,SBE - Magnolia Science Academy Santa Ana,TA,40,37,92.5,32,86.5,6,16.2,8,21.6,1,2.5,2,5
acgr22-v3.txt,2021_22,2021-22,31,10314,0000000,3110314,31103140000000,31103140000000,Placer,Placer County Office of Education,TA,111,52,46.8,0,0,0,0,0,0,28,25.2,31,27.9
acgr22-v3.txt,2021_22,2021-22,31,66894,0000000,3166894,31668940000000,31668940000000,Placer,Placer Union High,TA,998,938,94,525,56,184,19.6,403,43,32,3.2,16,1.6
acgr22-v3.txt,2021_22,2021-22,31,66928,0000000,3166928,31669280000000,31669280000000,Placer,Roseville Joint Union High,TA,2749,2499,90.9,1628,65.1,430,17.2,945,37.8,160,5.8,32,1.2
acgr22-v3.txt,2021_22,2021-22,31,66944,0000000,3166944,31669440000000,31669440000000,Placer,Tahoe-Truckee Unified,TA,304,293,96.4,188,64.2,85,29,80,27.3,1,0.3,3,1
acgr22-v3.txt,2021_22,2021-22,31,66951,0000000,3166951,31669510000000,31669510000000,Placer,Western Placer Unified,TA,776,666,85.8,332,49.8,68,10.2,175,26.3,62,8,37,4.8
acgr22-v3.txt,2021_22,2021-22,31,75085,0000000,3175085,31750850000000,31750850000000,Placer,Rocklin Unified,TA,1290,1258,97.5,961,76.4,119,9.5,369,29.3,14,1.1,4,0.3
acgr22-v3.txt,2021_22,2021-22,32,10322,0000000,3210322,32103220000000,32103220000000,Plumas,Plumas County Office of Education,TA,NA,NA,NA,NA,NA,NA,NA,NA,NA,NA,NA,NA,NA
acgr22-v3.txt,2021_22,2021-22,32,66969,0000000,3266969,32669690000000,32669690000000,Plumas,Plumas Unified,TA,171,131,76.6,34,26,0,0,0,0,31,18.1,1,0.6
acgr22-v3.txt,2021_22,2021-22,33,10330,0000000,3310330,33103300000000,33103300000000,Riverside,Riverside County Office of Education,TA,904,544,60.2,82,15.1,0,0,51,9.4,219,24.2,108,11.9
acgr22-v3.txt,2021_22,2021-22,33,31625,0000000,3331625,33316250000000,33316250000000,Riverside,California School for the Deaf-Riverside (State Special Schl),TA,33,17,51.5,0,0,0,0,0,0,16,48.5,0,0
acgr22-v3.txt,2021_22,2021-22,33,66977,0000000,3366977,33669770000000,33669770000000,Riverside,Alvord Unified,TA,1452,1372,94.5,542,39.5,78,5.7,305,22.2,57,3.9,18,1.2
acgr22-v3.txt,2021_22,2021-22,33,66985,0000000,3366985,33669850000000,33669850000000,Riverside,Banning Unified,TA,360,301,83.6,86,28.6,22,7.3,0,0,47,13.1,3,0.8
acgr22-v3.txt,2021_22,2021-22,33,66993,0000000,3366993,33669930000000,33669930000000,Riverside,Beaumont Unified,TA,793,728,91.8,275,37.8,33,4.5,249,34.2,34,4.3,10,1.3
acgr22-v3.txt,2021_22,2021-22,33,67033,0000000,3367033,33670330000000,33670330000000,Riverside,Corona-Norco Unified,TA,4374,4202,96.1,2329,55.4,396,9.4,1028,24.5,66,1.5,77,1.8
acgr22-v3.txt,2021_22,2021-22,33,67058,0000000,3367058,33670580000000,33670580000000,Riverside,Desert Sands Unified,TA,2300,2172,94.4,1114,51.3,253,11.6,757,34.9,71,3.1,5,0.2
acgr22-v3.txt,2021_22,2021-22,33,67082,0000000,3367082,33670820000000,33670820000000,Riverside,Hemet Unified,TA,1861,1657,89,800,48.3,130,7.8,355,21.4,123,6.6,56,3
acgr22-v3.txt,2021_22,2021-22,33,67090,0000000,3367090,33670900000000,33670900000000,Riverside,Jurupa Unified,TA,1464,1347,92,500,37.1,114,8.5,111,8.2,73,5,35,2.4
acgr22-v3.txt,2021_22,2021-22,33,67116,0000000,3367116,33671160000000,33671160000000,Riverside,Menifee Union Elementary,TA,121,120,99.2,44,36.7,0,0,65,54.2,0,0,1,0.8
acgr22-v3.txt,2021_22,2021-22,33,67124,0000000,3367124,33671240000000,33671240000000,Riverside,Moreno Valley Unified,TA,2381,2195,92.2,829,37.8,129,5.9,426,19.4,113,4.7,19,0.8
acgr22-v3.txt,2021_22,2021-22,33,67157,0000000,3367157,33671570000000,33671570000000,Riverside,Nuview Union,TA,167,166,99.4,122,73.5,0,0,72,43.4,1,0.6,0,0
acgr22-v3.txt,2021_22,2021-22,33,67173,0000000,3367173,33671730000000,33671730000000,Riverside,Palm Springs Unified,TA,1704,1521,89.3,691,45.4,232,15.3,319,21,125,7.3,35,2.1
acgr22-v3.txt,2021_22,2021-22,33,67181,0000000,3367181,33671810000000,33671810000000,Riverside,Palo Verde Unified,TA,293,251,85.7,68,27.1,4,1.6,44,17.5,29,9.9,5,1.7
acgr22-v3.txt,2021_22,2021-22,33,67207,0000000,3367207,33672070000000,33672070000000,Riverside,Perris Union High,TA,2227,2047,91.9,704,34.4,200,9.8,219,10.7,116,5.2,61,2.7
acgr22-v3.txt,2021_22,2021-22,33,67215,0000000,3367215,33672150000000,33672150000000,Riverside,Riverside Unified,TA,3201,3013,94.1,1577,52.3,95,3.2,610,20.2,101,3.2,70,2.2
acgr22-v3.txt,2021_22,2021-22,33,67249,0000000,3367249,33672490000000,33672490000000,Riverside,San Jacinto Unified,TA,900,855,95,360,42.1,71,8.3,159,18.6,21,2.3,4,0.4
acgr22-v3.txt,2021_22,2021-22,33,73676,0000000,3373676,33736760000000,33736760000000,Riverside,Coachella Valley Unified,TA,1319,1165,88.3,387,33.2,86,7.4,221,19,93,7.1,7,0.5
acgr22-v3.txt,2021_22,2021-22,33,75176,0000000,3375176,33751760000000,33751760000000,Riverside,Lake Elsinore Unified,TA,1725,1603,92.9,535,33.4,150,9.4,446,27.8,39,2.3,7,0.4
acgr22-v3.txt,2021_22,2021-22,33,75192,0000000,3375192,33751920000000,33751920000000,Riverside,Temecula Valley Unified,TA,2509,2372,94.5,1705,71.9,299,12.6,1382,58.3,47,1.9,37,1.5
acgr22-v3.txt,2021_22,2021-22,33,75200,0000000,3375200,33752000000000,33752000000000,Riverside,Murrieta Valley Unified,TA,2039,1964,96.3,1230,62.6,117,6,273,13.9,23,1.1,9,0.4
acgr22-v3.txt,2021_22,2021-22,33,75242,0000000,3375242,33752420000000,33752420000000,Riverside,Val Verde Unified,TA,1663,1553,93.4,920,59.2,171,11,123,7.9,78,4.7,15,0.9
acgr22-v3.txt,2021_22,2021-22,34,10348,0000000,3410348,34103480000000,34103480000000,Sacramento,Sacramento County Office of Education,TA,366,136,37.2,11,8.1,1,0.7,1,0.7,85,23.2,140,38.3
acgr22-v3.txt,2021_22,2021-22,34,67314,0000000,3467314,34673140000000,34673140000000,Sacramento,Elk Grove Unified,TA,5209,4747,91.1,2676,56.4,256,5.4,2184,46,223,4.3,212,4.1
acgr22-v3.txt,2021_22,2021-22,34,67322,0000000,3467322,34673220000000,34673220000000,Sacramento,Elverta Joint Elementary,TA,18,17,94.4,0,0,0,0,0,0,1,5.6,0,0
acgr22-v3.txt,2021_22,2021-22,34,67330,0000000,3467330,34673300000000,34673300000000,Sacramento,Folsom-Cordova Unified,TA,1724,1602,92.9,878,54.8,282,17.6,478,29.8,50,2.9,35,2
acgr22-v3.txt,2021_22,2021-22,34,67355,0000000,3467355,34673550000000,34673550000000,Sacramento,Galt Joint Union High,TA,594,550,92.6,234,42.5,110,20,133,24.2,42,7.1,1,0.2
acgr22-v3.txt,2021_22,2021-22,34,67413,0000000,3467413,34674130000000,34674130000000,Sacramento,River Delta Joint Unified,TA,173,168,97.1,85,50.6,24,14.3,0,0,1,0.6,1,0.6
acgr22-v3.txt,2021_22,2021-22,34,67421,0000000,3467421,34674210000000,34674210000000,Sacramento,Robla Elementary,TA,128,16,12.5,0,0,0,0,0,0,37,28.9,66,51.6
acgr22-v3.txt,2021_22,2021-22,34,67439,0000000,3467439,34674390000000,34674390000000,Sacramento,Sacramento City Unified,TA,3187,2716,85.2,1326,48.8,302,11.1,966,35.6,245,7.7,177,5.6
acgr22-v3.txt,2021_22,2021-22,34,67447,0000000,3467447,34674470000000,34674470000000,Sacramento,San Juan Unified,TA,4667,3806,81.6,1310,34.4,294,7.7,758,19.9,545,11.7,254,5.4
acgr22-v3.txt,2021_22,2021-22,34,73973,0000000,3473973,34739730000000,34739730000000,Sacramento,Center Joint Unified,TA,349,318,91.1,52,16.4,33,10.4,0,0,14,4,15,4.3
acgr22-v3.txt,2021_22,2021-22,34,75283,0000000,3475283,34752830000000,34752830000000,Sacramento,Natomas Unified,TA,1191,1144,96.1,780,68.2,172,15,486,42.5,18,1.5,13,1.1
acgr22-v3.txt,2021_22,2021-22,34,76505,0000000,3476505,34765050000000,34765050000000,Sacramento,Twin Rivers Unified,TA,2600,1758,67.6,475,27,108,6.1,238,13.5,724,27.8,84,3.2
acgr22-v3.txt,2021_22,2021-22,35,10355,0000000,3510355,35103550000000,35103550000000,San Benito,San Benito County Office of Education,TA,NA,NA,NA,NA,NA,NA,NA,NA,NA,NA,NA,NA,NA
acgr22-v3.txt,2021_22,2021-22,35,67538,0000000,3567538,35675380000000,35675380000000,San Benito,San Benito High,TA,792,725,91.5,350,48.3,0,0,309,42.6,48,6.1,9,1.1
acgr22-v3.txt,2021_22,2021-22,35,75259,0000000,3575259,35752590000000,35752590000000,San Benito,Aromas - San Juan Unified,TA,64,55,85.9,7,12.7,0,0,0,0,8,12.5,1,1.6
acgr22-v3.txt,2021_22,2021-22,36,10363,0000000,3610363,36103630000000,36103630000000,San Bernardino,San Bernardino County Office of Education,TA,729,466,63.9,91,19.5,0,0,98,21,135,18.5,119,16.3
acgr22-v3.txt,2021_22,2021-22,36,67587,0000000,3667587,36675870000000,36675870000000,San Bernardino,Adelanto Elementary,TA,68,35,51.5,0,0,0,0,0,0,20,29.4,13,19.1
acgr22-v3.txt,2021_22,2021-22,36,67611,0000000,3667611,36676110000000,36676110000000,San Bernardino,Barstow Unified,TA,404,340,84.2,57,16.8,8,2.4,52,15.3,54,13.4,6,1.5
acgr22-v3.txt,2021_22,2021-22,36,67637,0000000,3667637,36676370000000,36676370000000,San Bernardino,Bear Valley Unified,TA,163,148,90.8,43,29.1,10,6.8,19,12.8,11,6.7,4,2.5
acgr22-v3.txt,2021_22,2021-22,36,67652,0000000,3667652,36676520000000,36676520000000,San Bernardino,Chaffey Joint Union High,TA,5878,5394,91.8,3492,64.7,517,9.6,1804,33.4,333,5.7,128,2.2
acgr22-v3.txt,2021_22,2021-22,36,67678,0000000,3667678,36676780000000,36676780000000,San Bernardino,Chino Valley Unified,TA,2301,2164,94,1249,57.7,334,15.4,751,34.7,91,4,14,0.6
acgr22-v3.txt,2021_22,2021-22,36,67686,0000000,3667686,36676860000000,36676860000000,San Bernardino,Colton Joint Unified,TA,1482,1290,87,384,29.8,173,13.4,160,12.4,140,9.4,34,2.3
acgr22-v3.txt,2021_22,2021-22,36,67710,0000000,3667710,36677100000000,36677100000000,San Bernardino,Fontana Unified,TA,2938,2705,92.1,1503,55.6,493,18.2,333,12.3,147,5,27,0.9
acgr22-v3.txt,2021_22,2021-22,36,67736,0000000,3667736,36677360000000,36677360000000,San Bernardino,Helendale Elementary,TA,499,310,62.1,97,31.3,2,0.6,28,9,85,17,93,18.6
acgr22-v3.txt,2021_22,2021-22,36,67777,0000000,3667777,36677770000000,36677770000000,San Bernardino,Morongo Unified,TA,539,456,84.6,114,25,9,2,70,15.4,55,10.2,21,3.9
acgr22-v3.txt,2021_22,2021-22,36,67801,0000000,3667801,36678010000000,36678010000000,San Bernardino,Needles Unified,TA,95,94,98.9,15,16,0,0,0,0,0,0,1,1.1
acgr22-v3.txt,2021_22,2021-22,36,67827,0000000,3667827,36678270000000,36678270000000,San Bernardino,Oro Grande,TA,906,765,84.4,47,6.1,13,1.7,29,3.8,84,9.3,56,6.2
acgr22-v3.txt,2021_22,2021-22,36,67843,0000000,3667843,36678430000000,36678430000000,San Bernardino,Redlands Unified,TA,1675,1531,91.4,674,44,44,2.9,299,19.5,95,5.7,34,2
acgr22-v3.txt,2021_22,2021-22,36,67850,0000000,3667850,36678500000000,36678500000000,San Bernardino,Rialto Unified,TA,1785,1670,93.6,854,51.1,189,11.3,374,22.4,85,4.8,22,1.2
acgr22-v3.txt,2021_22,2021-22,36,67868,0000000,3667868,36678680000000,36678680000000,San Bernardino,Rim of the World Unified,TA,241,217,90,44,20.3,6,2.8,26,12,18,7.5,0,0
acgr22-v3.txt,2021_22,2021-22,36,67876,0000000,3667876,36678760000000,36678760000000,San Bernardino,San Bernardino City Unified,TA,3861,3220,83.4,1225,38,460,14.3,588,18.3,393,10.2,170,4.4
acgr22-v3.txt,2021_22,2021-22,36,67892,0000000,3667892,36678920000000,36678920000000,San Bernardino,Trona Joint Unified,TA,87,22,25.3,6,27.3,0,0,0,0,64,73.6,0,0
acgr22-v3.txt,2021_22,2021-22,36,67934,0000000,3667934,36679340000000,36679340000000,San Bernardino,Victor Valley Union High,TA,2154,1753,81.4,657,37.5,114,6.5,407,23.2,260,12.1,118,5.5
acgr22-v3.txt,2021_22,2021-22,36,67959,0000000,3667959,36679590000000,36679590000000,San Bernardino,Yucaipa-Calimesa Joint Unified,TA,788,740,93.9,323,43.6,59,8,173,23.4,26,3.3,21,2.7
acgr22-v3.txt,2021_22,2021-22,36,73858,0000000,3673858,36738580000000,36738580000000,San Bernardino,Baker Valley Unified,TA,11,11,100,0,0,0,0,0,0,0,0,0,0
acgr22-v3.txt,2021_22,2021-22,36,73890,0000000,3673890,36738900000000,36738900000000,San Bernardino,Silver Valley Unified,TA,90,87,96.7,1,1.1,1,1.1,10,11.5,0,0,2,2.2
acgr22-v3.txt,2021_22,2021-22,36,73957,0000000,3673957,36739570000000,36739570000000,San Bernardino,Snowline Joint Unified,TA,589,509,86.4,174,34.2,52,10.2,0,0,54,9.2,21,3.6
acgr22-v3.txt,2021_22,2021-22,36,75044,0000000,3675044,36750440000000,36750440000000,San Bernardino,Hesperia Unified,TA,2118,1896,89.5,662,34.9,112,5.9,215,11.3,109,5.1,73,3.4
acgr22-v3.txt,2021_22,2021-22,36,75051,0000000,3675051,36750510000000,36750510000000,San Bernardino,Lucerne Valley Unified,TA,1239,572,46.2,88,15.4,4,0.7,107,18.7,260,21,386,31.2
acgr22-v3.txt,2021_22,2021-22,36,75069,0000000,3675069,36750690000000,36750690000000,San Bernardino,Upland Unified,TA,865,826,95.5,449,54.4,86,10.4,253,30.6,25,2.9,6,0.7
acgr22-v3.txt,2021_22,2021-22,36,75077,0000000,3675077,36750770000000,36750770000000,San Bernardino,Apple Valley Unified,TA,1071,997,93.1,410,41.1,86,8.6,267,26.8,59,5.5,1,0.1
acgr22-v3.txt,2021_22,2021-22,37,10371,0000000,3710371,37103710000000,37103710000000,San Diego,San Diego County Office of Education,TA,508,266,52.4,64,24.1,1,0.4,58,21.8,96,18.9,129,25.4
acgr22-v3.txt,2021_22,2021-22,37,67983,0000000,3767983,37679830000000,37679830000000,San Diego,Borrego Springs Unified,TA,996,289,29,24,8.3,0,0,9,3.1,245,24.6,447,44.9
acgr22-v3.txt,2021_22,2021-22,37,68023,0000000,3768023,37680230000000,37680230000000,San Diego,Chula Vista Elementary,TA,266,257,96.6,193,75.1,108,42,113,44,4,1.5,4,1.5
acgr22-v3.txt,2021_22,2021-22,37,68031,0000000,3768031,37680310000000,37680310000000,San Diego,Coronado Unified,TA,284,277,97.5,201,72.6,46,16.6,146,52.7,5,1.8,0,0
acgr22-v3.txt,2021_22,2021-22,37,68049,0000000,3768049,37680490000000,37680490000000,San Diego,Dehesa Elementary,TA,643,455,70.8,104,22.9,8,1.8,159,34.9,112,17.4,56,8.7
acgr22-v3.txt,2021_22,2021-22,37,68106,0000000,3768106,37681060000000,37681060000000,San Diego,Escondido Union High,TA,2337,2037,87.2,1077,52.9,246,12.1,671,32.9,155,6.6,90,3.9
acgr22-v3.txt,2021_22,2021-22,37,68122,0000000,3768122,37681220000000,37681220000000,San Diego,Fallbrook Union High,TA,500,421,84.2,163,38.7,53,12.6,158,37.5,46,9.2,23,4.6
acgr22-v3.txt,2021_22,2021-22,37,68130,0000000,3768130,37681300000000,37681300000000,San Diego,Grossmont Union High,TA,5098,4470,87.7,2490,55.7,310,6.9,1541,34.5,356,7,180,3.5
acgr22-v3.txt,2021_22,2021-22,37,68155,0000000,3768155,37681550000000,37681550000000,San Diego,Jamul-Dulzura Union Elementary,TA,NA,NA,NA,NA,NA,NA,NA,NA,NA,NA,NA,NA,NA
acgr22-v3.txt,2021_22,2021-22,37,68163,0000000,3768163,37681630000000,37681630000000,San Diego,Julian Union Elementary,TA,196,60,30.6,4,6.7,0,0,3,5,65,33.2,65,33.2
acgr22-v3.txt,2021_22,2021-22,37,68171,0000000,3768171,37681710000000,37681710000000,San Diego,Julian Union High,TA,21,17,81,10,58.8,1,5.9,6,35.3,2,9.5,1,4.8
acgr22-v3.txt,2021_22,2021-22,37,68189,0000000,3768189,37681890000000,37681890000000,San Diego,Lakeside Union Elementary,TA,53,47,88.7,47,100,10,21.3,30,63.8,6,11.3,0,0
acgr22-v3.txt,2021_22,2021-22,37,68213,0000000,3768213,37682130000000,37682130000000,San Diego,Mountain Empire Unified,TA,450,345,76.7,47,13.6,6,1.7,83,24.1,80,17.8,10,2.2
acgr22-v3.txt,2021_22,2021-22,37,68296,0000000,3768296,37682960000000,37682960000000,San Diego,Poway Unified,TA,2893,2708,93.6,1725,63.7,299,11,1667,61.6,93,3.2,48,1.7
acgr22-v3.txt,2021_22,2021-22,37,68304,0000000,3768304,37683040000000,37683040000000,San Diego,Ramona City Unified,TA,413,387,93.7,170,43.9,16,4.1,84,21.7,11,2.7,1,0.2
acgr22-v3.txt,2021_22,2021-22,37,68338,0000000,3768338,37683380000000,37683380000000,San Diego,San Diego Unified,TA,8717,7666,87.9,5275,68.8,528,6.9,3986,52,421,4.8,384,4.4
acgr22-v3.txt,2021_22,2021-22,37,68346,0000000,3768346,37683460000000,37683460000000,San Diego,San Dieguito Union High,TA,2185,2107,96.4,1740,82.6,583,27.7,1648,78.2,43,2,11,0.5
acgr22-v3.txt,2021_22,2021-22,37,68403,0000000,3768403,37684030000000,37684030000000,San Diego,Spencer Valley Elementary,TA,394,314,79.7,53,16.9,0,0,0,0,56,14.2,21,5.3
acgr22-v3.txt,2021_22,2021-22,37,68411,0000000,3768411,37684110000000,37684110000000,San Diego,Sweetwater Union High,TA,6873,5876,85.5,2916,49.6,624,10.6,1716,29.2,480,7,329,4.8
acgr22-v3.txt,2021_22,2021-22,37,68452,0000000,3768452,37684520000000,37684520000000,San Diego,Vista Unified,TA,2139,1642,76.8,723,44,134,8.2,191,11.6,328,15.3,126,5.9
acgr22-v3.txt,2021_22,2021-22,37,73551,0000000,3773551,37735510000000,37735510000000,San Diego,Carlsbad Unified,TA,974,926,95.1,706,76.2,177,19.1,422,45.6,29,3,5,0.5
acgr22-v3.txt,2021_22,2021-22,37,73569,0000000,3773569,37735690000000,37735690000000,San Diego,Oceanside Unified,TA,1537,1337,87,518,38.7,86,6.4,245,18.3,97,6.3,70,4.6
acgr22-v3.txt,2021_22,2021-22,37,73791,0000000,3773791,37737910000000,37737910000000,San Diego,San Marcos Unified,TA,1722,1634,94.9,1119,68.5,116,7.1,881,53.9,57,3.3,11,0.6
acgr22-v3.txt,2021_22,2021-22,37,75416,0000000,3775416,37754160000000,37754160000000,San Diego,Warner Unified,TA,230,146,63.5,42,28.8,2,1.4,28,19.2,33,14.3,42,18.3
acgr22-v3.txt,2021_22,2021-22,37,75614,0000000,3775614,37756140000000,37756140000000,San Diego,Valley Center-Pauma Unified,TA,322,303,94.1,121,39.9,27,8.9,9,3,13,4,2,0.6
acgr22-v3.txt,2021_22,2021-22,37,76471,0000000,3776471,37764710000000,37764710000000,San Diego,SBC - High Tech High,TA,320,308,96.3,304,98.7,0,0,208,67.5,3,0.9,7,2.2
acgr22-v3.txt,2021_22,2021-22,37,76851,0000000,3776851,37768510000000,37768510000000,San Diego,Bonsall Unified,TA,93,80,86,36,45,0,0,0,0,11,11.8,0,0
acgr22-v3.txt,2021_22,2021-22,37,77099,0000000,3777099,37770990000000,37770990000000,San Diego,SBE - Grossmont Secondary,TA,123,74,60.2,7,9.5,0,0,2,2.7,8,6.5,26,21.1
acgr22-v3.txt,2021_22,2021-22,37,77107,0000000,3777107,37771070000000,37771070000000,San Diego,SBE - Sweetwater Secondary,TA,117,74,63.2,11,14.9,1,1.4,8,10.8,10,8.5,26,22.2
acgr22-v3.txt,2021_22,2021-22,37,77156,0000000,3777156,37771560000000,37771560000000,San Diego,SBE - Vista Springs Charter,TA,NA,NA,NA,NA,NA,NA,NA,NA,NA,NA,NA,NA,NA
acgr22-v3.txt,2021_22,2021-22,38,10389,0000000,3810389,38103890000000,38103890000000,San Francisco,San Francisco County Office of Education,TA,113,45,39.8,2,4.4,0,0,0,0,33,29.2,28,24.8
acgr22-v3.txt,2021_22,2021-22,38,68478,0000000,3868478,38684780000000,38684780000000,San Francisco,San Francisco Unified,TA,8730,4148,47.5,2763,66.6,618,14.9,1740,41.9,4182,47.9,337,3.9
acgr22-v3.txt,2021_22,2021-22,39,10397,0000000,3910397,39103970000000,39103970000000,San Joaquin,San Joaquin County Office of Education,TA,1030,480,46.6,41,8.5,17,3.5,47,9.8,249,24.2,297,28.8
acgr22-v3.txt,2021_22,2021-22,39,68502,0000000,3968502,39685020000000,39685020000000,San Joaquin,Escalon Unified,TA,210,203,96.7,62,30.5,0,0,0,0,4,1.9,3,1.4
acgr22-v3.txt,2021_22,2021-22,39,68569,0000000,3968569,39685690000000,39685690000000,San Joaquin,Lincoln Unified,TA,742,696,93.8,266,38.2,58,8.3,224,32.2,30,4,7,0.9
acgr22-v3.txt,2021_22,2021-22,39,68577,0000000,3968577,39685770000000,39685770000000,San Joaquin,Linden Unified,TA,190,187,98.4,72,38.5,15,8,29,15.5,2,1.1,1,0.5
acgr22-v3.txt,2021_22,2021-22,39,68585,0000000,3968585,39685850000000,39685850000000,San Joaquin,Lodi Unified,TA,2408,2143,89,669,31.2,109,5.1,313,14.6,170,7.1,80,3.3
acgr22-v3.txt,2021_22,2021-22,39,68593,0000000,3968593,39685930000000,39685930000000,San Joaquin,Manteca Unified,TA,1768,1647,93.2,545,33.1,105,6.4,291,17.7,69,3.9,36,2
acgr22-v3.txt,2021_22,2021-22,39,68627,0000000,3968627,39686270000000,39686270000000,San Joaquin,New Jerusalem Elementary,TA,726,577,79.5,101,17.5,0,0,21,3.6,74,10.2,68,9.4
acgr22-v3.txt,2021_22,2021-22,39,68650,0000000,3968650,39686500000000,39686500000000,San Joaquin,Ripon Unified,TA,500,452,90.4,152,33.6,45,10,76,16.8,40,8,5,1
acgr22-v3.txt,2021_22,2021-22,39,68676,0000000,3968676,39686760000000,39686760000000,San Joaquin,Stockton Unified,TA,2901,2440,84.1,797,32.7,308,12.6,471,19.3,316,10.9,62,2.1
acgr22-v3.txt,2021_22,2021-22,39,75499,0000000,3975499,39754990000000,39754990000000,San Joaquin,Tracy Joint Unified,TA,1588,1439,90.6,556,38.6,143,9.9,276,19.2,113,7.1,17,1.1
acgr22-v3.txt,2021_22,2021-22,39,76760,0000000,3976760,39767600000000,39767600000000,San Joaquin,Lammersville Joint Unified,TA,417,414,99.3,278,67.1,26,6.3,279,67.4,1,0.2,1,0.2
acgr22-v3.txt,2021_22,2021-22,40,10405,0000000,4010405,40104050000000,40104050000000,San Luis Obispo,San Luis Obispo County Office of Education,TA,204,171,83.8,0,0,0,0,0,0,7,3.4,19,9.3
acgr22-v3.txt,2021_22,2021-22,40,68700,0000000,4068700,40687000000000,40687000000000,San Luis Obispo,Atascadero Unified,TA,370,341,92.2,114,33.4,47,13.8,59,17.3,25,6.8,0,0
acgr22-v3.txt,2021_22,2021-22,40,68759,0000000,4068759,40687590000000,40687590000000,San Luis Obispo,Lucia Mar Unified,TA,871,823,94.5,422,51.3,66,8,0,0,24,2.8,6,0.7
acgr22-v3.txt,2021_22,2021-22,40,68809,0000000,4068809,40688090000000,40688090000000,San Luis Obispo,San Luis Coastal Unified,TA,646,619,95.8,391,63.2,49,7.9,281,45.4,10,1.5,2,0.3
acgr22-v3.txt,2021_22,2021-22,40,68833,0000000,4068833,40688330000000,40688330000000,San Luis Obispo,Shandon Joint Unified,TA,22,20,90.9,1,5,0,0,0,0,2,9.1,0,0
acgr22-v3.txt,2021_22,2021-22,40,68841,0000000,4068841,40688410000000,40688410000000,San Luis Obispo,Templeton Unified,TA,206,201,97.6,98,48.8,0,0,0,0,4,1.9,0,0
acgr22-v3.txt,2021_22,2021-22,40,75457,0000000,4075457,40754570000000,40754570000000,San Luis Obispo,Paso Robles Joint Unified,TA,619,560,90.5,126,22.5,36,6.4,151,27,31,5,18,2.9
acgr22-v3.txt,2021_22,2021-22,40,75465,0000000,4075465,40754650000000,40754650000000,San Luis Obispo,Coast Unified,TA,58,57,98.3,24,42.1,7,12.3,7,12.3,1,1.7,0,0
acgr22-v3.txt,2021_22,2021-22,41,10413,0000000,4110413,41104130000000,41104130000000,San Mateo,San Mateo County Office of Education,TA,55,32,58.2,17,53.1,0,0,0,0,11,20,5,9.1
acgr22-v3.txt,2021_22,2021-22,41,68890,0000000,4168890,41688900000000,41688900000000,San Mateo,Cabrillo Unified,TA,270,235,87,131,55.7,23,9.8,38,16.2,20,7.4,10,3.7
acgr22-v3.txt,2021_22,2021-22,41,68916,0000000,4168916,41689160000000,41689160000000,San Mateo,Jefferson Elementary,TA,114,89,78.1,29,32.6,0,0,0,0,15,13.2,5,4.4
acgr22-v3.txt,2021_22,2021-22,41,68924,0000000,4168924,41689240000000,41689240000000,San Mateo,Jefferson Union High,TA,1183,1063,89.9,590,55.5,46,4.3,323,30.4,71,6,19,1.6
acgr22-v3.txt,2021_22,2021-22,41,68940,0000000,4168940,41689400000000,41689400000000,San Mateo,La Honda-Pescadero Unified,TA,24,22,91.7,8,36.4,5,22.7,4,18.2,0,0,1,4.2
acgr22-v3.txt,2021_22,2021-22,41,69047,0000000,4169047,41690470000000,41690470000000,San Mateo,San Mateo Union High,TA,2510,2315,92.2,1745,75.4,439,19,1077,46.5,97,3.9,59,2.4
acgr22-v3.txt,2021_22,2021-22,41,69062,0000000,4169062,41690620000000,41690620000000,San Mateo,Sequoia Union High,TA,2606,2355,90.4,1575,66.9,691,29.3,655,27.8,119,4.6,80,3.1
acgr22-v3.txt,2021_22,2021-22,41,69070,0000000,4169070,41690700000000,41690700000000,San Mateo,South San Francisco Unified,TA,663,608,91.7,337,55.4,41,6.7,279,45.9,18,2.7,17,2.6
acgr22-v3.txt,2021_22,2021-22,42,10421,0000000,4210421,42104210000000,42104210000000,Santa Barbara,Santa Barbara County Office of Education,TA,13,7,53.8,0,0,0,0,0,0,4,30.8,2,15.4
acgr22-v3.txt,2021_22,2021-22,42,69112,0000000,4269112,42691120000000,42691120000000,Santa Barbara,Blochman Union Elementary,TA,82,79,96.3,9,11.4,0,0,32,40.5,1,1.2,1,1.2
acgr22-v3.txt,2021_22,2021-22,42,69146,0000000,4269146,42691460000000,42691460000000,Santa Barbara,Carpinteria Unified,TA,174,168,96.6,74,44,31,18.5,81,48.2,6,3.4,0,0
acgr22-v3.txt,2021_22,2021-22,42,69229,0000000,4269229,42692290000000,42692290000000,Santa Barbara,Lompoc Unified,TA,684,606,88.6,190,31.4,9,1.5,105,17.3,44,6.4,25,3.7
acgr22-v3.txt,2021_22,2021-22,42,69260,0000000,4269260,42692600000000,42692600000000,Santa Barbara,Orcutt Union Elementary,TA,136,130,95.6,89,68.5,0,0,0,0,5,3.7,0,0
acgr22-v3.txt,2021_22,2021-22,42,69310,0000000,4269310,42693100000000,42693100000000,Santa Barbara,Santa Maria Joint Union High,TA,2263,2093,92.5,649,31,163,7.8,0,0,104,4.6,52,2.3
acgr22-v3.txt,2021_22,2021-22,42,69328,0000000,4269328,42693280000000,42693280000000,Santa Barbara,Santa Ynez Valley Union High,TA,209,199,95.2,102,51.3,30,15.1,33,16.6,4,1.9,3,1.4
acgr22-v3.txt,2021_22,2021-22,42,75010,0000000,4275010,42750100000000,42750100000000,Santa Barbara,Cuyama Joint Unified,TA,29,19,65.5,0,0,0,0,0,0,9,31,0,0
acgr22-v3.txt,2021_22,2021-22,42,76786,0000000,4276786,42767860000000,42767860000000,Santa Barbara,Santa Barbara Unified,TA,1620,1543,95.2,950,61.6,199,12.9,766,49.6,39,2.4,35,2.2
acgr22-v3.txt,2021_22,2021-22,42,77198,0000000,4277198,42771980000000,42771980000000,Santa Barbara,SBE - Olive Grove Charter - Orcutt/Santa Maria,TA,63,54,85.7,6,11.1,0,0,9,16.7,6,9.5,3,4.8
acgr22-v3.txt,2021_22,2021-22,42,77206,0000000,4277206,42772060000000,42772060000000,Santa Barbara,SBE - Olive Grove Charter - Lompoc,TA,18,14,77.8,1,7.1,0,0,1,7.1,1,5.6,3,16.7
acgr22-v3.txt,2021_22,2021-22,42,77214,0000000,4277214,42772140000000,42772140000000,Santa Barbara,SBE - Olive Grove Charter - Buellton,TA,16,13,81.3,1,7.7,0,0,3,23.1,3,18.8,0,0
acgr22-v3.txt,2021_22,2021-22,42,77222,0000000,4277222,42772220000000,42772220000000,Santa Barbara,SBE - Olive Grove Charter - Santa Barbara,TA,43,34,79.1,4,11.8,0,0,9,26.5,6,14,3,7
acgr22-v3.txt,2021_22,2021-22,43,10439,0000000,4310439,43104390000000,43104390000000,Santa Clara,Santa Clara County Office of Education,TA,656,387,59,330,85.3,63,16.3,67,17.3,96,14.6,101,15.4
acgr22-v3.txt,2021_22,2021-22,43,69401,0000000,4369401,43694010000000,43694010000000,Santa Clara,Campbell Union High,TA,2112,1971,93.3,1238,62.8,278,14.1,750,38.1,61,2.9,41,1.9
acgr22-v3.txt,2021_22,2021-22,43,69427,0000000,4369427,43694270000000,43694270000000,Santa Clara,East Side Union High,TA,6732,5488,81.5,2963,54,515,9.4,1974,36,914,13.6,256,3.8
acgr22-v3.txt,2021_22,2021-22,43,69468,0000000,4369468,43694680000000,43694680000000,Santa Clara,Fremont Union High,TA,2690,2608,97,2161,82.9,1160,44.5,1992,76.4,27,1,29,1.1
acgr22-v3.txt,2021_22,2021-22,43,69484,0000000,4369484,43694840000000,43694840000000,Santa Clara,Gilroy Unified,TA,942,803,85.2,391,48.7,119,14.8,276,34.4,55,5.8,18,1.9
acgr22-v3.txt,2021_22,2021-22,43,69534,0000000,4369534,43695340000000,43695340000000,Santa Clara,Los Gatos-Saratoga Union High,TA,902,876,97.1,761,86.9,161,18.4,0,0,17,1.9,2,0.2
acgr22-v3.txt,2021_22,2021-22,43,69583,0000000,4369583,43695830000000,43695830000000,Santa Clara,Morgan Hill Unified,TA,666,616,92.5,335,54.4,74,12,159,25.8,34,5.1,2,0.3
acgr22-v3.txt,2021_22,2021-22,43,69609,0000000,4369609,43696090000000,43696090000000,Santa Clara,Mountain View-Los Altos Union High,TA,1178,1123,95.3,810,72.1,305,27.2,640,57,24,2,26,2.2
acgr22-v3.txt,2021_22,2021-22,43,69641,0000000,4369641,43696410000000,43696410000000,Santa Clara,Palo Alto Unified,TA,1022,984,96.3,906,92.1,238,24.2,657,66.8,27,2.6,1,0.1
acgr22-v3.txt,2021_22,2021-22,43,69666,0000000,4369666,43696660000000,43696660000000,Santa Clara,San Jose Unified,TA,2475,2312,93.4,1313,56.8,268,11.6,698,30.2,135,5.5,7,0.3
acgr22-v3.txt,2021_22,2021-22,43,69674,0000000,4369674,43696740000000,43696740000000,Santa Clara,Santa Clara Unified,TA,1109,1028,92.7,572,55.6,149,14.5,478,46.5,43,3.9,27,2.4
acgr22-v3.txt,2021_22,2021-22,43,73387,0000000,4373387,43733870000000,43733870000000,Santa Clara,Milpitas Unified,TA,805,720,89.4,443,61.5,66,9.2,0,0,63,7.8,13,1.6
acgr22-v3.txt,2021_22,2021-22,43,77149,0000000,4377149,43771490000000,43771490000000,Santa Clara,SBE - KIPP Navigate College Prep,TA,80,74,92.5,74,100,0,0,0,0,1,1.3,5,6.3
acgr22-v3.txt,2021_22,2021-22,44,10447,0000000,4410447,44104470000000,44104470000000,Santa Cruz,Santa Cruz County Office of Education,TA,570,367,64.4,109,29.7,16,4.4,59,16.1,161,28.2,40,7
acgr22-v3.txt,2021_22,2021-22,44,69799,0000000,4469799,44697990000000,44697990000000,Santa Cruz,Pajaro Valley Unified,TA,1409,1246,88.4,543,43.6,185,14.8,294,23.6,109,7.7,15,1.1
acgr22-v3.txt,2021_22,2021-22,44,69807,0000000,4469807,44698070000000,44698070000000,Santa Cruz,San Lorenzo Valley Unified,TA,338,321,95,140,43.6,23,7.2,139,43.3,11,3.3,1,0.3
acgr22-v3.txt,2021_22,2021-22,44,69823,0000000,4469823,44698230000000,44698230000000,Santa Cruz,Santa Cruz City High,TA,911,852,93.5,500,58.7,100,11.7,247,29,33,3.6,8,0.9
acgr22-v3.txt,2021_22,2021-22,44,75432,0000000,4475432,44754320000000,44754320000000,Santa Cruz,Scotts Valley Unified,TA,248,235,94.8,134,57,4,1.7,55,23.4,10,4,1,0.4
acgr22-v3.txt,2021_22,2021-22,45,10454,0000000,4510454,45104540000000,45104540000000,Shasta,Shasta County Office of Education,TA,76,61,80.3,0,0,0,0,0,0,13,17.1,1,1.3
acgr22-v3.txt,2021_22,2021-22,45,69856,0000000,4569856,45698560000000,45698560000000,Shasta,Anderson Union High,TA,384,334,87,106,31.7,3,0.9,73,21.9,33,8.6,1,0.3
acgr22-v3.txt,2021_22,2021-22,45,69948,0000000,4569948,45699480000000,45699480000000,Shasta,Columbia Elementary,TA,49,47,95.9,0,0,0,0,0,0,1,2,0,0
acgr22-v3.txt,2021_22,2021-22,45,69971,0000000,4569971,45699710000000,45699710000000,Shasta,Enterprise Elementary,TA,37,37,100,4,10.8,0,0,5,13.5,0,0,0,0
acgr22-v3.txt,2021_22,2021-22,45,69989,0000000,4569989,45699890000000,45699890000000,Shasta,Fall River Joint Unified,TA,81,67,82.7,14,20.9,0,0,0,0,13,16,1,1.2
acgr22-v3.txt,2021_22,2021-22,45,70110,0000000,4570110,45701100000000,45701100000000,Shasta,Redding Elementary,TA,17,17,100,9,52.9,0,0,0,0,0,0,0,0
acgr22-v3.txt,2021_22,2021-22,45,70136,0000000,4570136,45701360000000,45701360000000,Shasta,Shasta Union High,TA,1270,1180,92.9,466,39.5,7,0.6,371,31.4,57,4.5,5,0.4
acgr22-v3.txt,2021_22,2021-22,45,70169,0000000,4570169,45701690000000,45701690000000,Shasta,Whitmore Union Elementary,TA,38,37,97.4,2,5.4,0,0,6,16.2,1,2.6,0,0
acgr22-v3.txt,2021_22,2021-22,45,75267,0000000,4575267,45752670000000,45752670000000,Shasta,Gateway Unified,TA,156,127,81.4,46,36.2,0,0,0,0,25,16,0,0
acgr22-v3.txt,2021_22,2021-22,46,70177,0000000,4670177,46701770000000,46701770000000,Sierra,Sierra-Plumas Joint Unified,TA,30,26,86.7,0,0,0,0,0,0,3,10,0,0
acgr22-v3.txt,2021_22,2021-22,47,10470,0000000,4710470,47104700000000,47104700000000,Siskiyou,Siskiyou County Office of Education,TA,79,68,86.1,17,25,0,0,13,19.1,6,7.6,1,1.3
acgr22-v3.txt,2021_22,2021-22,47,70250,0000000,4770250,47702500000000,47702500000000,Siskiyou,Dunsmuir Joint Union High,TA,16,10,62.5,0,0,0,0,0,0,0,0,0,0
acgr22-v3.txt,2021_22,2021-22,47,70466,0000000,4770466,47704660000000,47704660000000,Siskiyou,Siskiyou Union High,TA,136,124,91.2,42,33.9,0,0,1,0.8,10,7.4,0,0
acgr22-v3.txt,2021_22,2021-22,47,70516,0000000,4770516,47705160000000,47705160000000,Siskiyou,Yreka Union High,TA,160,136,85,53,39,0,0,0,0,13,8.1,0,0
acgr22-v3.txt,2021_22,2021-22,47,73684,0000000,4773684,47736840000000,47736840000000,Siskiyou,Butte Valley Unified,TA,25,17,68,0,0,0,0,0,0,5,20,1,4
acgr22-v3.txt,2021_22,2021-22,47,76455,0000000,4776455,47764550000000,47764550000000,Siskiyou,Scott Valley Unified,TA,48,47,97.9,12,25.5,2,4.3,13,27.7,0,0,0,0
acgr22-v3.txt,2021_22,2021-22,48,10488,0000000,4810488,48104880000000,48104880000000,Solano,Solano County Office of Education,TA,46,23,50,0,0,0,0,0,0,8,17.4,6,13
acgr22-v3.txt,2021_22,2021-22,48,70524,0000000,4870524,48705240000000,48705240000000,Solano,Benicia Unified,TA,400,382,95.5,178,46.6,17,4.5,76,19.9,7,1.8,5,1.3
acgr22-v3.txt,2021_22,2021-22,48,70532,0000000,4870532,48705320000000,48705320000000,Solano,Dixon Unified,TA,319,272,85.3,128,47.1,12,4.4,0,0,31,9.7,12,3.8
acgr22-v3.txt,2021_22,2021-22,48,70540,0000000,4870540,48705400000000,48705400000000,Solano,Fairfield-Suisun Unified,TA,1610,1429,88.8,596,41.7,120,8.4,397,27.8,117,7.3,26,1.6
acgr22-v3.txt,2021_22,2021-22,48,70565,0000000,4870565,48705650000000,48705650000000,Solano,Travis Unified,TA,426,412,96.7,208,50.5,51,12.4,141,34.2,5,1.2,2,0.5
acgr22-v3.txt,2021_22,2021-22,48,70573,0000000,4870573,48705730000000,48705730000000,Solano,Vacaville Unified,TA,1153,1086,94.2,560,51.6,124,11.4,6,0.6,34,2.9,27,2.3
acgr22-v3.txt,2021_22,2021-22,48,70581,0000000,4870581,48705810000000,48705810000000,Solano,Vallejo City Unified,TA,942,743,78.9,266,35.8,31,4.2,25,3.4,173,18.4,5,0.5
acgr22-v3.txt,2021_22,2021-22,49,10496,0000000,4910496,49104960000000,49104960000000,Sonoma,Sonoma County Office of Education,TA,37,11,29.7,0,0,0,0,0,0,7,18.9,17,45.9
acgr22-v3.txt,2021_22,2021-22,49,70607,0000000,4970607,49706070000000,49706070000000,Sonoma,West Sonoma County Union High,TA,416,388,93.3,194,50,24,6.2,132,34,11,2.6,2,0.5
acgr22-v3.txt,2021_22,2021-22,49,70656,0000000,4970656,49706560000000,49706560000000,Sonoma,Cloverdale Unified,TA,91,82,90.1,28,34.1,16,19.5,14,17.1,7,7.7,1,1.1
acgr22-v3.txt,2021_22,2021-22,49,70706,0000000,4970706,49707060000000,49707060000000,Sonoma,Geyserville Unified,TA,19,17,89.5,6,35.3,0,0,0,0,2,10.5,0,0
acgr22-v3.txt,2021_22,2021-22,49,70722,0000000,4970722,49707220000000,49707220000000,Sonoma,Guerneville Elementary,TA,31,19,61.3,3,15.8,0,0,1,5.3,12,38.7,0,0
acgr22-v3.txt,2021_22,2021-22,49,70730,0000000,4970730,49707300000000,49707300000000,Sonoma,Harmony Union Elementary,TA,57,53,93,5,9.4,1,1.9,11,20.8,1,1.8,1,1.8
acgr22-v3.txt,2021_22,2021-22,49,70797,0000000,4970797,49707970000000,49707970000000,Sonoma,Liberty Elementary,TA,80,60,75,11,18.3,0,0,0,0,13,16.3,4,5
acgr22-v3.txt,2021_22,2021-22,49,70839,0000000,4970839,49708390000000,49708390000000,Sonoma,Oak Grove Union Elementary,TA,113,66,58.4,4,6.1,0,0,6,9.1,33,29.2,14,12.4
acgr22-v3.txt,2021_22,2021-22,49,70854,0000000,4970854,49708540000000,49708540000000,Sonoma,Petaluma City Elementary,TA,19,5,26.3,0,0,0,0,1,20,6,31.6,2,10.5
acgr22-v3.txt,2021_22,2021-22,49,70862,0000000,4970862,49708620000000,49708620000000,Sonoma,Petaluma Joint Union High,TA,838,774,92.4,371,47.9,150,19.4,293,37.9,26,3.1,19,2.3
acgr22-v3.txt,2021_22,2021-22,49,70870,0000000,4970870,49708700000000,49708700000000,Sonoma,Piner-Olivet Union Elementary,TA,17,16,94.1,6,37.5,0,0,0,0,1,5.9,0,0
acgr22-v3.txt,2021_22,2021-22,49,70904,0000000,4970904,49709040000000,49709040000000,Sonoma,Roseland,TA,187,181,96.8,88,48.6,8,4.4,33,18.2,3,1.6,3,1.6
acgr22-v3.txt,2021_22,2021-22,49,70920,0000000,4970920,49709200000000,49709200000000,Sonoma,Santa Rosa High,TA,1989,1674,84.2,447,26.7,295,17.6,330,19.7,228,11.5,49,2.5
acgr22-v3.txt,2021_22,2021-22,49,70953,0000000,4970953,49709530000000,49709530000000,Sonoma,Sonoma Valley Unified,TA,316,293,92.7,144,49.1,29,9.9,87,29.7,9,2.8,6,1.9
acgr22-v3.txt,2021_22,2021-22,49,70961,0000000,4970961,49709610000000,49709610000000,Sonoma,Twin Hills Union Elementary,TA,35,34,97.1,9,26.5,0,0,0,0,1,2.9,0,0
acgr22-v3.txt,2021_22,2021-22,49,73882,0000000,4973882,49738820000000,49738820000000,Sonoma,Cotati-Rohnert Park Unified,TA,638,592,92.8,274,46.3,0,0,161,27.2,35,5.5,2,0.3
acgr22-v3.txt,2021_22,2021-22,49,75358,0000000,4975358,49753580000000,49753580000000,Sonoma,Windsor Unified,TA,463,437,94.4,171,39.1,48,11,86,19.7,18,3.9,8,1.7
acgr22-v3.txt,2021_22,2021-22,49,75390,0000000,4975390,49753900000000,49753900000000,Sonoma,Healdsburg Unified,TA,122,118,96.7,67,56.8,21,17.8,39,33.1,2,1.6,0,0
acgr22-v3.txt,2021_22,2021-22,50,10504,0000000,5010504,50105040000000,50105040000000,Stanislaus,Stanislaus County Office of Education,TA,264,81,30.7,2,2.5,0,0,0,0,117,44.3,61,23.1
acgr22-v3.txt,2021_22,2021-22,50,71043,0000000,5071043,50710430000000,50710430000000,Stanislaus,Ceres Unified,TA,1089,1001,91.9,453,45.3,62,6.2,171,17.1,61,5.6,4,0.4
acgr22-v3.txt,2021_22,2021-22,50,71068,0000000,5071068,50710680000000,50710680000000,Stanislaus,Denair Unified,TA,126,108,85.7,21,19.4,3,2.8,11,10.2,12,9.5,5,4
acgr22-v3.txt,2021_22,2021-22,50,71092,0000000,5071092,50710920000000,50710920000000,Stanislaus,Hart-Ransom Union Elementary,TA,32,30,93.8,4,13.3,0,0,0,0,2,6.3,0,0
acgr22-v3.txt,2021_22,2021-22,50,71134,0000000,5071134,50711340000000,50711340000000,Stanislaus,Keyes Union,TA,18,18,100,10,55.6,0,0,0,0,0,0,0,0
acgr22-v3.txt,2021_22,2021-22,50,71167,0000000,5071167,50711670000000,50711670000000,Stanislaus,Modesto City Elementary,TA,44,41,93.2,5,12.2,0,0,8,19.5,2,4.5,1,2.3
acgr22-v3.txt,2021_22,2021-22,50,71175,0000000,5071175,50711750000000,50711750000000,Stanislaus,Modesto City High,TA,3766,3421,90.8,1303,38.1,222,6.5,897,26.2,82,2.2,74,2
acgr22-v3.txt,2021_22,2021-22,50,71217,0000000,5071217,50712170000000,50712170000000,Stanislaus,Patterson Joint Unified,TA,497,450,90.5,82,18.2,33,7.3,167,37.1,31,6.2,11,2.2
acgr22-v3.txt,2021_22,2021-22,50,73601,0000000,5073601,50736010000000,50736010000000,Stanislaus,Newman-Crows Landing Unified,TA,214,192,89.7,86,44.8,28,14.6,42,21.9,16,7.5,2,0.9
acgr22-v3.txt,2021_22,2021-22,50,75549,0000000,5075549,50755490000000,50755490000000,Stanislaus,Hughson Unified,TA,192,190,99,51,26.8,12,6.3,44,23.2,2,1,0,0
acgr22-v3.txt,2021_22,2021-22,50,75556,0000000,5075556,50755560000000,50755560000000,Stanislaus,Riverbank Unified,TA,204,186,91.2,73,39.2,19,10.2,44,23.7,15,7.4,3,1.5
acgr22-v3.txt,2021_22,2021-22,50,75564,0000000,5075564,50755640000000,50755640000000,Stanislaus,Oakdale Joint Unified,TA,462,444,96.1,125,28.2,12,2.7,82,18.5,9,1.9,7,1.5
acgr22-v3.txt,2021_22,2021-22,50,75572,0000000,5075572,50755720000000,50755720000000,Stanislaus,Waterford Unified,TA,257,239,93,65,27.2,33,13.8,44,18.4,11,4.3,2,0.8
acgr22-v3.txt,2021_22,2021-22,50,75739,0000000,5075739,50757390000000,50757390000000,Stanislaus,Turlock Unified,TA,1245,1159,93.1,509,43.9,99,8.5,364,31.4,65,5.2,12,1
acgr22-v3.txt,2021_22,2021-22,51,10512,0000000,5110512,51105120000000,51105120000000,Sutter,Sutter County Office of Education,TA,37,11,29.7,1,9.1,0,0,0,0,11,29.7,6,16.2
acgr22-v3.txt,2021_22,2021-22,51,71373,0000000,5171373,51713730000000,51713730000000,Sutter,East Nicolaus Joint Union High,TA,62,60,96.8,19,31.7,1,1.7,24,40,2,3.2,0,0
acgr22-v3.txt,2021_22,2021-22,51,71399,0000000,5171399,51713990000000,51713990000000,Sutter,Live Oak Unified,TA,148,140,94.6,66,47.1,13,9.3,42,30,4,2.7,0,0
acgr22-v3.txt,2021_22,2021-22,51,71407,0000000,5171407,51714070000000,51714070000000,Sutter,Marcum-Illinois Union Elementary,TA,170,159,93.5,17,10.7,2,1.3,56,35.2,7,4.1,3,1.8
acgr22-v3.txt,2021_22,2021-22,51,71415,0000000,5171415,51714150000000,51714150000000,Sutter,Meridian Elementary,TA,150,104,69.3,27,26,0,0,0,0,38,25.3,3,2
acgr22-v3.txt,2021_22,2021-22,51,71423,0000000,5171423,51714230000000,51714230000000,Sutter,Nuestro Elementary,TA,34,33,97.1,18,54.5,0,0,0,0,0,0,0,0
acgr22-v3.txt,2021_22,2021-22,51,71449,0000000,5171449,51714490000000,51714490000000,Sutter,Sutter Union High,TA,173,171,98.8,67,39.2,42,24.6,47,27.5,2,1.2,0,0
acgr22-v3.txt,2021_22,2021-22,51,71456,0000000,5171456,51714560000000,51714560000000,Sutter,Winship-Robbins,TA,79,67,84.8,15,22.4,0,0,22,32.8,9,11.4,1,1.3
acgr22-v3.txt,2021_22,2021-22,51,71464,0000000,5171464,51714640000000,51714640000000,Sutter,Yuba City Unified,TA,997,829,83.1,283,34.1,52,6.3,338,40.8,104,10.4,29,2.9
acgr22-v3.txt,2021_22,2021-22,52,10520,0000000,5210520,52105200000000,52105200000000,Tehama,Tehama County Department of Education,TA,45,38,84.4,0,0,0,0,0,0,6,13.3,0,0
acgr22-v3.txt,2021_22,2021-22,52,71506,0000000,5271506,52715060000000,52715060000000,Tehama,Corning Union High,TA,264,245,92.8,46,18.8,13,5.3,0,0,15,5.7,1,0.4
acgr22-v3.txt,2021_22,2021-22,52,71522,0000000,5271522,52715220000000,52715220000000,Tehama,Evergreen Union,TA,NA,NA,NA,NA,NA,NA,NA,NA,NA,NA,NA,NA,NA
acgr22-v3.txt,2021_22,2021-22,52,71571,0000000,5271571,52715710000000,52715710000000,Tehama,Los Molinos Unified,TA,46,43,93.5,14,32.6,0,0,0,0,2,4.3,0,0
acgr22-v3.txt,2021_22,2021-22,52,71639,0000000,5271639,52716390000000,52716390000000,Tehama,Red Bluff Joint Union High,TA,436,409,93.8,90,22,12,2.9,52,12.7,17,3.9,0,0
acgr22-v3.txt,2021_22,2021-22,53,10538,0000000,5310538,53105380000000,53105380000000,Trinity,Trinity County Office of Education,TA,27,5,18.5,0,0,0,0,0,0,8,29.6,14,51.9
acgr22-v3.txt,2021_22,2021-22,53,73833,0000000,5373833,53738330000000,53738330000000,Trinity,Southern Trinity Joint Unified,TA,NA,NA,NA,NA,NA,NA,NA,NA,NA,NA,NA,NA,NA
acgr22-v3.txt,2021_22,2021-22,53,75028,0000000,5375028,53750280000000,53750280000000,Trinity,Mountain Valley Unified,TA,23,23,100,11,47.8,0,0,3,13,0,0,0,0
acgr22-v3.txt,2021_22,2021-22,53,76513,0000000,5376513,53765130000000,53765130000000,Trinity,Trinity Alps Unified,TA,76,68,89.5,19,27.9,0,0,11,16.2,4,5.3,0,0
acgr22-v3.txt,2021_22,2021-22,54,10546,0000000,5410546,54105460000000,54105460000000,Tulare,Tulare County Office of Education,TA,205,101,49.3,33,32.7,5,5,0,0,31,15.1,30,14.6
acgr22-v3.txt,2021_22,2021-22,54,71803,0000000,5471803,54718030000000,54718030000000,Tulare,Alpaugh Unified,TA,96,76,79.2,11,14.5,0,0,0,0,17,17.7,1,1
acgr22-v3.txt,2021_22,2021-22,54,71811,0000000,5471811,54718110000000,54718110000000,Tulare,Alta Vista Elementary,TA,37,31,83.8,0,0,0,0,11,35.5,5,13.5,1,2.7
acgr22-v3.txt,2021_22,2021-22,54,71837,0000000,5471837,54718370000000,54718370000000,Tulare,Burton Elementary,TA,113,104,92,67,64.4,14,13.5,55,52.9,7,6.2,0,0
acgr22-v3.txt,2021_22,2021-22,54,71860,0000000,5471860,54718600000000,54718600000000,Tulare,Cutler-Orosi Joint Unified,TA,285,266,93.3,107,40.2,19,7.1,48,18,14,4.9,5,1.8
acgr22-v3.txt,2021_22,2021-22,54,71993,0000000,5471993,54719930000000,54719930000000,Tulare,Lindsay Unified,TA,296,278,93.9,107,38.5,55,19.8,24,8.6,6,2,5,1.7
acgr22-v3.txt,2021_22,2021-22,54,72140,0000000,5472140,54721400000000,54721400000000,Tulare,Stone Corral Elementary,TA,197,37,18.8,0,0,0,0,0,0,46,23.4,108,54.8
acgr22-v3.txt,2021_22,2021-22,54,72249,0000000,5472249,54722490000000,54722490000000,Tulare,Tulare Joint Union High,TA,1349,1310,97.1,560,42.7,114,8.7,222,16.9,27,2,3,0.2
acgr22-v3.txt,2021_22,2021-22,54,72256,0000000,5472256,54722560000000,54722560000000,Tulare,Visalia Unified,TA,2297,2118,92.2,864,40.8,89,4.2,284,13.4,52,2.3,53,2.3
acgr22-v3.txt,2021_22,2021-22,54,75325,0000000,5475325,54753250000000,54753250000000,Tulare,Farmersville Unified,TA,213,194,91.1,38,19.6,0,0,0,0,8,3.8,0,0
acgr22-v3.txt,2021_22,2021-22,54,75523,0000000,5475523,54755230000000,54755230000000,Tulare,Porterville Unified,TA,1772,1537,86.7,569,37,173,11.3,395,25.7,177,10,37,2.1
acgr22-v3.txt,2021_22,2021-22,54,75531,0000000,5475531,54755310000000,54755310000000,Tulare,Dinuba Unified,TA,578,508,87.9,145,28.5,13,2.6,55,10.8,36,6.2,16,2.8
acgr22-v3.txt,2021_22,2021-22,54,76794,0000000,5476794,54767940000000,54767940000000,Tulare,Woodlake Unified,TA,180,166,92.2,73,44,27,16.3,33,19.9,10,5.6,3,1.7
acgr22-v3.txt,2021_22,2021-22,54,76836,0000000,5476836,54768360000000,54768360000000,Tulare,Exeter Unified,TA,233,217,93.1,85,39.2,12,5.5,53,24.4,14,6,2,0.9
acgr22-v3.txt,2021_22,2021-22,55,10553,0000000,5510553,55105530000000,55105530000000,Tuolumne,Tuolumne County Superintendent of Schools,TA,21,13,61.9,0,0,0,0,0,0,6,28.6,0,0
acgr22-v3.txt,2021_22,2021-22,55,72389,0000000,5572389,55723890000000,55723890000000,Tuolumne,Sonora Union High,TA,245,229,93.5,48,21,0,0,36,15.7,15,6.1,0,0
acgr22-v3.txt,2021_22,2021-22,55,72413,0000000,5572413,55724130000000,55724130000000,Tuolumne,Summerville Union High,TA,189,176,93.1,69,39.2,13,7.4,8,4.5,4,2.1,1,0.5
acgr22-v3.txt,2021_22,2021-22,55,75184,0000000,5575184,55751840000000,55751840000000,Tuolumne,Big Oak Flat-Groveland Unified,TA,23,15,65.2,3,20,0,0,0,0,6,26.1,0,0
acgr22-v3.txt,2021_22,2021-22,56,10561,0000000,5610561,56105610000000,56105610000000,Ventura,Ventura County Office of Education,TA,571,141,24.7,20,14.2,0,0,1,0.7,152,26.6,237,41.5
acgr22-v3.txt,2021_22,2021-22,56,72454,0000000,5672454,56724540000000,56724540000000,Ventura,Fillmore Unified,TA,252,233,92.5,90,38.6,32,13.7,34,14.6,8,3.2,10,4
acgr22-v3.txt,2021_22,2021-22,56,72470,0000000,5672470,56724700000000,56724700000000,Ventura,Mesa Union Elementary,TA,26,24,92.3,4,16.7,0,0,13,54.2,1,3.8,1,3.8
acgr22-v3.txt,2021_22,2021-22,56,72520,0000000,5672520,56725200000000,56725200000000,Ventura,Ojai Unified,TA,204,190,93.1,97,51.1,7,3.7,50,26.3,7,3.4,3,1.5
acgr22-v3.txt,2021_22,2021-22,56,72546,0000000,5672546,56725460000000,56725460000000,Ventura,Oxnard Union High,TA,4117,3702,89.9,1417,38.3,322,8.7,929,25.1,249,6,110,2.7
acgr22-v3.txt,2021_22,2021-22,56,72553,0000000,5672553,56725530000000,56725530000000,Ventura,Pleasant Valley,TA,41,26,63.4,3,11.5,0,0,0,0,13,31.7,0,0
acgr22-v3.txt,2021_22,2021-22,56,72603,0000000,5672603,56726030000000,56726030000000,Ventura,Simi Valley Unified,TA,1387,1281,92.4,581,45.4,53,4.1,552,43.1,48,3.5,30,2.2
acgr22-v3.txt,2021_22,2021-22,56,72652,0000000,5672652,56726520000000,56726520000000,Ventura,Ventura Unified,TA,1290,1185,91.9,583,49.2,154,13,245,20.7,75,5.8,12,0.9
acgr22-v3.txt,2021_22,2021-22,56,73759,0000000,5673759,56737590000000,56737590000000,Ventura,Conejo Valley Unified,TA,1774,1671,94.2,996,59.6,246,14.7,683,40.9,55,3.1,27,1.5
acgr22-v3.txt,2021_22,2021-22,56,73874,0000000,5673874,56738740000000,56738740000000,Ventura,Oak Park Unified,TA,422,415,98.3,329,79.3,42,10.1,240,57.8,1,0.2,1,0.2
acgr22-v3.txt,2021_22,2021-22,56,73940,0000000,5673940,56739400000000,56739400000000,Ventura,Moorpark Unified,TA,479,426,88.9,209,49.1,25,5.9,214,50.2,34,7.1,12,2.5
acgr22-v3.txt,2021_22,2021-22,56,76828,0000000,5676828,56768280000000,56768280000000,Ventura,Santa Paula Unified,TA,462,415,89.8,175,42.2,35,8.4,111,26.7,13,2.8,21,4.5
acgr22-v3.txt,2021_22,2021-22,57,10579,0000000,5710579,57105790000000,57105790000000,Yolo,Yolo County Office of Education,TA,29,6,20.7,0,0,0,0,0,0,19,65.5,0,0
acgr22-v3.txt,2021_22,2021-22,57,72678,0000000,5772678,57726780000000,57726780000000,Yolo,Davis Joint Unified,TA,721,685,95,498,72.7,151,22,401,58.5,11,1.5,16,2.2
acgr22-v3.txt,2021_22,2021-22,57,72686,0000000,5772686,57726860000000,57726860000000,Yolo,Esparto Unified,TA,69,66,95.7,27,40.9,8,12.1,15,22.7,2,2.9,0,0
acgr22-v3.txt,2021_22,2021-22,57,72694,0000000,5772694,57726940000000,57726940000000,Yolo,Washington Unified,TA,590,537,91,231,43,45,8.4,0,0,26,4.4,7,1.2
acgr22-v3.txt,2021_22,2021-22,57,72702,0000000,5772702,57727020000000,57727020000000,Yolo,Winters Joint Unified,TA,129,115,89.1,34,29.6,5,4.3,29,25.2,3,2.3,8,6.2
acgr22-v3.txt,2021_22,2021-22,57,72710,0000000,5772710,57727100000000,57727100000000,Yolo,Woodland Joint Unified,TA,783,714,91.2,286,40.1,108,15.1,190,26.6,27,3.4,24,3.1
acgr22-v3.txt,2021_22,2021-22,58,10587,0000000,5810587,58105870000000,58105870000000,Yuba,Yuba County Office of Education,TA,100,42,42,0,0,0,0,0,0,34,34,24,24
acgr22-v3.txt,2021_22,2021-22,58,72728,0000000,5872728,58727280000000,58727280000000,Yuba,Camptonville Elementary,TA,47,44,93.6,0,0,0,0,0,0,1,2.1,2,4.3
acgr22-v3.txt,2021_22,2021-22,58,72736,0000000,5872736,58727360000000,58727360000000,Yuba,Marysville Joint Unified,TA,701,612,87.3,170,27.8,10,1.6,67,10.9,74,10.6,10,1.4
acgr22-v3.txt,2021_22,2021-22,58,72769,0000000,5872769,58727690000000,58727690000000,Yuba,Wheatland Union High,TA,209,195,93.3,76,39,15,7.7,36,18.5,6,2.9,7,3.3
acgr23-v2.txt,2022_23,2022-23,01,10017,0000000,0110017,01100170000000,01100170000000,Alameda,Alameda County Office of Education,TA,373,223,59.8,87,39,0,0,12,5.4,95,25.5,50,13.4
acgr23-v2.txt,2022_23,2022-23,01,31609,0000000,0131609,01316090000000,01316090000000,Alameda,California School for the Blind (State Special Schl),TA,NA,NA,NA,NA,NA,NA,NA,NA,NA,NA,NA,NA,NA
acgr23-v2.txt,2022_23,2022-23,01,31617,0000000,0131617,01316170000000,01316170000000,Alameda,California School for the Deaf-Fremont (State Special Schl),TA,42,25,59.5,1,4,3,12,6,24,17,40.5,0,0
acgr23-v2.txt,2022_23,2022-23,01,61119,0000000,0161119,01611190000000,01611190000000,Alameda,Alameda Unified,TA,804,762,94.8,552,72.4,89,11.7,434,57,12,1.5,20,2.5
acgr23-v2.txt,2022_23,2022-23,01,61127,0000000,0161127,01611270000000,01611270000000,Alameda,Albany City Unified,TA,296,274,92.6,206,75.2,94,34.3,197,71.9,8,2.7,4,1.4
acgr23-v2.txt,2022_23,2022-23,01,61143,0000000,0161143,01611430000000,01611430000000,Alameda,Berkeley Unified,TA,853,789,92.5,678,85.9,46,5.8,0,0,57,6.7,2,0.2
acgr23-v2.txt,2022_23,2022-23,01,61150,0000000,0161150,01611500000000,01611500000000,Alameda,Castro Valley Unified,TA,745,706,94.8,492,69.7,121,17.1,336,47.6,33,4.4,1,0.1
acgr23-v2.txt,2022_23,2022-23,01,61168,0000000,0161168,01611680000000,01611680000000,Alameda,Emery Unified,TA,51,49,96.1,20,40.8,0,0,0,0,2,3.9,0,0
acgr23-v2.txt,2022_23,2022-23,01,61176,0000000,0161176,01611760000000,01611760000000,Alameda,Fremont Unified,TA,2719,2509,92.3,1863,74.3,498,19.8,1468,58.5,90,3.3,56,2.1
acgr23-v2.txt,2022_23,2022-23,01,61192,0000000,0161192,01611920000000,01611920000000,Alameda,Hayward Unified,TA,1745,1345,77.1,665,49.4,126,9.4,321,23.9,272,15.6,80,4.6
acgr23-v2.txt,2022_23,2022-23,01,61200,0000000,0161200,01612000000000,01612000000000,Alameda,Livermore Valley Joint Unified,TA,1050,1009,96.1,483,47.9,60,5.9,407,40.3,11,1,11,1
acgr23-v2.txt,2022_23,2022-23,01,61234,0000000,0161234,01612340000000,01612340000000,Alameda,Newark Unified,TA,422,352,83.4,183,52,0,0,0,0,37,8.8,18,4.3
acgr23-v2.txt,2022_23,2022-23,01,61242,0000000,0161242,01612420000000,01612420000000,Alameda,New Haven Unified,TA,980,831,84.8,402,48.4,0,0,0,0,86,8.8,53,5.4
acgr23-v2.txt,2022_23,2022-23,01,61259,0000000,0161259,01612590000000,01612590000000,Alameda,Oakland Unified,TA,3527,2798,79.3,1885,67.4,192,6.9,187,6.7,413,11.7,237,6.7
acgr23-v2.txt,2022_23,2022-23,01,61275,0000000,0161275,01612750000000,01612750000000,Alameda,Piedmont City Unified,TA,215,201,93.5,186,92.5,64,31.8,128,63.7,8,3.7,1,0.5
acgr23-v2.txt,2022_23,2022-23,01,61291,0000000,0161291,01612910000000,01612910000000,Alameda,San Leandro Unified,TA,713,646,90.6,260,40.2,76,11.8,225,34.8,58,8.1,0,0
acgr23-v2.txt,2022_23,2022-23,01,61309,0000000,0161309,01613090000000,01613090000000,Alameda,San Lorenzo Unified,TA,993,903,90.9,444,49.2,0,0,0,0,50,5,22,2.2
acgr23-v2.txt,2022_23,2022-23,01,75093,0000000,0175093,01750930000000,01750930000000,Alameda,Dublin Unified,TA,818,798,97.6,586,73.4,141,17.7,447,56,16,2,0,0
acgr23-v2.txt,2022_23,2022-23,01,75101,0000000,0175101,01751010000000,01751010000000,Alameda,Pleasanton Unified,TA,1282,1223,95.4,1041,85.1,327,26.7,795,65,32,2.5,11,0.9
acgr23-v2.txt,2022_23,2022-23,01,77180,0000000,0177180,01771800000000,01771800000000,Alameda,SBE - Latitude 37.8 High,TA,55,45,81.8,38,84.4,0,0,0,0,5,9.1,5,9.1
acgr23-v2.txt,2022_23,2022-23,03,10033,0000000,0310033,03100330000000,03100330000000,Amador,Amador County Office of Education,TA,NA,NA,NA,NA,NA,NA,NA,NA,NA,NA,NA,NA,NA
acgr23-v2.txt,2022_23,2022-23,03,73981,0000000,0373981,03739810000000,03739810000000,Amador,Amador County Unified,TA,330,301,91.2,70,23.3,27,9,74,24.6,13,3.9,3,0.9
acgr23-v2.txt,2022_23,2022-23,04,10041,0000000,0410041,04100410000000,04100410000000,Butte,Butte County Office of Education,TA,189,130,68.8,33,25.4,1,0.8,40,30.8,24,12.7,31,16.4
acgr23-v2.txt,2022_23,2022-23,04,61408,0000000,0461408,04614080000000,04614080000000,Butte,Biggs Unified,TA,31,30,96.8,2,6.7,3,10,4,13.3,1,3.2,0,0
acgr23-v2.txt,2022_23,2022-23,04,61424,0000000,0461424,04614240000000,04614240000000,Butte,Chico Unified,TA,1121,1008,89.9,382,37.9,172,17.1,326,32.3,102,9.1,0,0
acgr23-v2.txt,2022_23,2022-23,04,61432,0000000,0461432,04614320000000,04614320000000,Butte,Durham Unified,TA,72,68,94.4,37,54.4,16,23.5,22,32.4,0,0,1,1.4
acgr23-v2.txt,2022_23,2022-23,04,61507,0000000,0461507,04615070000000,04615070000000,Butte,Oroville City Elementary,TA,NA,NA,NA,NA,NA,NA,NA,NA,NA,NA,NA,NA,NA
acgr23-v2.txt,2022_23,2022-23,04,61515,0000000,0461515,04615150000000,04615150000000,Butte,Oroville Union High,TA,593,494,83.3,74,15,15,3,116,23.5,62,10.5,10,1.7
acgr23-v2.txt,2022_23,2022-23,04,61531,0000000,0461531,04615310000000,04615310000000,Butte,Paradise Unified,TA,181,155,85.6,11,7.1,1,0.6,15,9.7,24,13.3,1,0.6
acgr23-v2.txt,2022_23,2022-23,04,75507,0000000,0475507,04755070000000,04755070000000,Butte,Gridley Unified,TA,179,167,93.3,71,42.5,0,0,0,0,8,4.5,0,0
acgr23-v2.txt,2022_23,2022-23,05,10058,0000000,0510058,05100580000000,05100580000000,Calaveras,Calaveras County Office of Education,TA,52,47,90.4,4,8.5,0,0,10,21.3,3,5.8,1,1.9
acgr23-v2.txt,2022_23,2022-23,05,61556,0000000,0561556,05615560000000,05615560000000,Calaveras,Bret Harte Union High,TA,177,165,93.2,32,19.4,6,3.6,26,15.8,8,4.5,1,0.6
acgr23-v2.txt,2022_23,2022-23,05,61564,0000000,0561564,05615640000000,05615640000000,Calaveras,Calaveras Unified,TA,226,216,95.6,0,0,6,2.8,29,13.4,9,4,0,0
acgr23-v2.txt,2022_23,2022-23,06,10066,0000000,0610066,06100660000000,06100660000000,Colusa,Colusa County Office of Education,TA,NA,NA,NA,NA,NA,NA,NA,NA,NA,NA,NA,NA,NA
acgr23-v2.txt,2022_23,2022-23,06,61598,0000000,0661598,06615980000000,06615980000000,Colusa,Colusa Unified,TA,110,101,91.8,16,15.8,0,0,0,0,5,4.5,1,0.9
acgr23-v2.txt,2022_23,2022-23,06,61606,0000000,0661606,06616060000000,06616060000000,Colusa,Maxwell Unified,TA,23,22,95.7,4,18.2,0,0,0,0,1,4.3,0,0
acgr23-v2.txt,2022_23,2022-23,06,61614,0000000,0661614,06616140000000,06616140000000,Colusa,Pierce Joint Unified,TA,116,112,96.6,39,34.8,8,7.1,27,24.1,2,1.7,1,0.9
acgr23-v2.txt,2022_23,2022-23,06,61622,0000000,0661622,06616220000000,06616220000000,Colusa,Williams Unified,TA,111,101,91,24,23.8,13,12.9,0,0,6,5.4,0,0
acgr23-v2.txt,2022_23,2022-23,07,10074,0000000,0710074,07100740000000,07100740000000,Contra Costa,Contra Costa County Office of Education,TA,834,764,91.6,722,94.5,38,5,363,47.5,44,5.3,15,1.8
acgr23-v2.txt,2022_23,2022-23,07,61630,0000000,0761630,07616300000000,07616300000000,Contra Costa,Acalanes Union High,TA,1335,1291,96.7,1093,84.7,441,34.2,912,70.6,17,1.3,8,0.6
acgr23-v2.txt,2022_23,2022-23,07,61648,0000000,0761648,07616480000000,07616480000000,Contra Costa,Antioch Unified,TA,1306,1068,81.8,218,20.4,41,3.8,249,23.3,159,12.2,64,4.9
acgr23-v2.txt,2022_23,2022-23,07,61663,0000000,0761663,07616630000000,07616630000000,Contra Costa,Byron Union Elementary,TA,70,63,90,18,28.6,0,0,24,38.1,3,4.3,1,1.4
acgr23-v2.txt,2022_23,2022-23,07,61697,0000000,0761697,07616970000000,07616970000000,Contra Costa,John Swett Unified,TA,110,87,79.1,35,40.2,0,0,0,0,20,18.2,1,0.9
acgr23-v2.txt,2022_23,2022-23,07,61721,0000000,0761721,07617210000000,07617210000000,Contra Costa,Liberty Union High,TA,2020,1848,91.5,963,52.1,271,14.7,572,31,79,3.9,66,3.3
acgr23-v2.txt,2022_23,2022-23,07,61739,0000000,0761739,07617390000000,07617390000000,Contra Costa,Martinez Unified,TA,304,292,96.1,118,40.4,14,4.8,97,33.2,7,2.3,4,1.3
acgr23-v2.txt,2022_23,2022-23,07,61754,0000000,0761754,07617540000000,07617540000000,Contra Costa,Mt. Diablo Unified,TA,2111,1795,85,779,43.4,230,12.8,457,25.5,280,13.3,2,0.1
acgr23-v2.txt,2022_23,2022-23,07,61788,0000000,0761788,07617880000000,07617880000000,Contra Costa,Pittsburg Unified,TA,957,838,87.6,315,37.6,130,15.5,189,22.6,83,8.7,16,1.7
acgr23-v2.txt,2022_23,2022-23,07,61796,0000000,0761796,07617960000000,07617960000000,Contra Costa,West Contra Costa Unified,TA,2442,2076,85,1097,52.8,318,15.3,505,24.3,228,9.3,13,0.5
acgr23-v2.txt,2022_23,2022-23,07,61804,0000000,0761804,07618040000000,07618040000000,Contra Costa,San Ramon Valley Unified,TA,2674,2595,97,1738,67,522,20.1,1563,60.2,48,1.8,0,0
acgr23-v2.txt,2022_23,2022-23,07,77354,0000000,0777354,07773540000000,07773540000000,Contra Costa,SBE - John Henry High,TA,79,55,69.6,51,92.7,0,0,0,0,15,19,9,11.4
acgr23-v2.txt,2022_23,2022-23,08,10082,0000000,0810082,08100820000000,08100820000000,Del Norte,Del Norte County Office of Education,TA,82,57,69.5,0,0,0,0,5,8.8,23,28,0,0
acgr23-v2.txt,2022_23,2022-23,08,61820,0000000,0861820,08618200000000,08618200000000,Del Norte,Del Norte County Unified,TA,279,255,91.4,50,19.6,5,2,46,18,19,6.8,0,0
acgr23-v2.txt,2022_23,2022-23,09,10090,0000000,0910090,09100900000000,09100900000000,El Dorado,El Dorado County Office of Education,TA,134,94,70.1,6,6.4,0,0,0,0,28,20.9,9,6.7
acgr23-v2.txt,2022_23,2022-23,09,61838,0000000,0961838,09618380000000,09618380000000,El Dorado,Buckeye Union Elementary,TA,206,191,92.7,38,19.9,3,1.6,77,40.3,5,2.4,6,2.9
acgr23-v2.txt,2022_23,2022-23,09,61853,0000000,0961853,09618530000000,09618530000000,El Dorado,El Dorado Union High,TA,1662,1580,95.1,846,53.5,141,8.9,589,37.3,30,1.8,27,1.6
acgr23-v2.txt,2022_23,2022-23,09,61903,0000000,0961903,09619030000000,09619030000000,El Dorado,Lake Tahoe Unified,TA,326,290,89,134,46.2,1,0.3,0,0,22,6.7,0,0
acgr23-v2.txt,2022_23,2022-23,09,73783,0000000,0973783,09737830000000,09737830000000,El Dorado,Black Oak Mine Unified,TA,106,95,89.6,20,21.1,0,0,0,0,8,7.5,1,0.9
acgr23-v2.txt,2022_23,2022-23,10,10108,0000000,1010108,10101080000000,10101080000000,Fresno,Fresno County Office of Education,TA,904,227,25.1,69,30.4,0,0,7,3.1,341,37.7,286,31.6
acgr23-v2.txt,2022_23,2022-23,10,62117,0000000,1062117,10621170000000,10621170000000,Fresno,Clovis Unified,TA,3284,3109,94.7,1773,57,178,5.7,1355,43.6,72,2.2,2,0.1
acgr23-v2.txt,2022_23,2022-23,10,62125,0000000,1062125,10621250000000,10621250000000,Fresno,Coalinga-Huron Unified,TA,318,280,88.1,73,26.1,35,12.5,61,21.8,29,9.1,6,1.9
acgr23-v2.txt,2022_23,2022-23,10,62158,0000000,1062158,10621580000000,10621580000000,Fresno,Fowler Unified,TA,221,214,96.8,125,58.4,17,7.9,0,0,5,2.3,0,0
acgr23-v2.txt,2022_23,2022-23,10,62166,0000000,1062166,10621660000000,10621660000000,Fresno,Fresno Unified,TA,5035,4275,84.9,2145,50.2,481,11.3,731,17.1,432,8.6,107,2.1
acgr23-v2.txt,2022_23,2022-23,10,62257,0000000,1062257,10622570000000,10622570000000,Fresno,Kingsburg Joint Union High,TA,331,319,96.4,114,35.7,11,3.4,136,42.6,2,0.6,0,0
acgr23-v2.txt,2022_23,2022-23,10,62265,0000000,1062265,10622650000000,10622650000000,Fresno,Kings Canyon Joint Unified,TA,830,732,88.2,329,44.9,81,11.1,193,26.4,17,2,19,2.3
acgr23-v2.txt,2022_23,2022-23,10,62281,0000000,1062281,10622810000000,10622810000000,Fresno,Laton Joint Unified,TA,45,43,95.6,13,30.2,11,25.6,0,0,0,0,0,0
acgr23-v2.txt,2022_23,2022-23,10,62331,0000000,1062331,10623310000000,10623310000000,Fresno,Orange Center,TA,95,61,64.2,6,9.8,0,0,7,11.5,31,32.6,0,0
acgr23-v2.txt,2022_23,2022-23,10,62364,0000000,1062364,10623640000000,10623640000000,Fresno,Parlier Unified,TA,274,242,88.3,82,33.9,5,2.1,27,11.2,28,10.2,0,0
acgr23-v2.txt,2022_23,2022-23,10,62380,0000000,1062380,10623800000000,10623800000000,Fresno,Raisin City Elementary,TA,98,18,18.4,1,5.6,0,0,0,0,28,28.6,51,52
acgr23-v2.txt,2022_23,2022-23,10,62414,0000000,1062414,10624140000000,10624140000000,Fresno,Sanger Unified,TA,945,895,94.7,506,56.5,93,10.4,200,22.3,30,3.2,0,0
acgr23-v2.txt,2022_23,2022-23,10,62430,0000000,1062430,10624300000000,10624300000000,Fresno,Selma Unified,TA,459,393,85.6,126,32.1,11,2.8,60,15.3,50,10.9,1,0.2
acgr23-v2.txt,2022_23,2022-23,10,62539,0000000,1062539,10625390000000,10625390000000,Fresno,West Park Elementary,TA,51,34,66.7,0,0,0,0,0,0,17,33.3,0,0
acgr23-v2.txt,2022_23,2022-23,10,62547,0000000,1062547,10625470000000,10625470000000,Fresno,Westside Elementary,TA,578,209,36.2,32,15.3,4,1.9,42,20.1,122,21.1,234,40.5
acgr23-v2.txt,2022_23,2022-23,10,73809,0000000,1073809,10738090000000,10738090000000,Fresno,Firebaugh-Las Deltas Unified,TA,137,132,96.4,67,50.8,15,11.4,40,30.3,3,2.2,1,0.7
acgr23-v2.txt,2022_23,2022-23,10,73965,0000000,1073965,10739650000000,10739650000000,Fresno,Central Unified,TA,1104,969,87.8,313,32.3,60,6.2,190,19.6,101,9.1,1,0.1
acgr23-v2.txt,2022_23,2022-23,10,73999,0000000,1073999,10739990000000,10739990000000,Fresno,Kerman Unified,TA,459,415,90.4,182,43.9,37,8.9,154,37.1,19,4.1,11,2.4
acgr23-v2.txt,2022_23,2022-23,10,75127,0000000,1075127,10751270000000,10751270000000,Fresno,Mendota Unified,TA,250,201,80.4,76,37.8,19,9.5,61,30.3,41,16.4,0,0
acgr23-v2.txt,2022_23,2022-23,10,75234,0000000,1075234,10752340000000,10752340000000,Fresno,Golden Plains Unified,TA,95,82,86.3,32,39,3,3.7,12,14.6,7,7.4,1,1.1
acgr23-v2.txt,2022_23,2022-23,10,75275,0000000,1075275,10752750000000,10752750000000,Fresno,Sierra Unified,TA,111,96,86.5,46,47.9,0,0,0,0,8,7.2,0,0
acgr23-v2.txt,2022_23,2022-23,10,75408,0000000,1075408,10754080000000,10754080000000,Fresno,Riverdale Joint Unified,TA,137,129,94.2,57,44.2,15,11.6,58,45,3,2.2,0,0
acgr23-v2.txt,2022_23,2022-23,10,75598,0000000,1075598,10755980000000,10755980000000,Fresno,Caruthers Unified,TA,182,176,96.7,93,52.8,0,0,47,26.7,4,2.2,0,0
acgr23-v2.txt,2022_23,2022-23,10,76778,0000000,1076778,10767780000000,10767780000000,Fresno,Washington Unified,TA,382,337,88.2,121,35.9,0,0,0,0,37,9.7,0,0
acgr23-v2.txt,2022_23,2022-23,11,10116,0000000,1110116,11101160000000,11101160000000,Glenn,Glenn County Office of Education,TA,57,28,49.1,0,0,1,3.6,3,10.7,27,47.4,1,1.8
acgr23-v2.txt,2022_23,2022-23,11,62596,0000000,1162596,11625960000000,11625960000000,Glenn,Lake Elementary,TA,16,14,87.5,2,14.3,0,0,5,35.7,1,6.3,0,0
acgr23-v2.txt,2022_23,2022-23,11,62646,0000000,1162646,11626460000000,11626460000000,Glenn,Princeton Joint Unified,TA,11,10,90.9,4,40,0,0,2,20,0,0,1,9.1
acgr23-v2.txt,2022_23,2022-23,11,62653,0000000,1162653,11626530000000,11626530000000,Glenn,Stony Creek Joint Unified,TA,NA,NA,NA,NA,NA,NA,NA,NA,NA,NA,NA,NA,NA
acgr23-v2.txt,2022_23,2022-23,11,62661,0000000,1162661,11626610000000,11626610000000,Glenn,Willows Unified,TA,136,129,94.9,33,25.6,0,0,0,0,5,3.7,2,1.5
acgr23-v2.txt,2022_23,2022-23,11,75481,0000000,1175481,11754810000000,11754810000000,Glenn,Orland Joint Unified,TA,198,178,89.9,42,23.6,20,11.2,36,20.2,9,4.5,0,0
acgr23-v2.txt,2022_23,2022-23,11,76562,0000000,1176562,11765620000000,11765620000000,Glenn,Hamilton Unified,TA,80,73,91.3,25,34.2,0,0,0,0,7,8.8,0,0
acgr23-v2.txt,2022_23,2022-23,12,10124,0000000,1210124,12101240000000,12101240000000,Humboldt,Humboldt County Office of Education,TA,125,91,72.8,25,27.5,10,11,2,2.2,34,27.2,0,0
acgr23-v2.txt,2022_23,2022-23,12,62679,0000000,1262679,12626790000000,12626790000000,Humboldt,Arcata Elementary,TA,NA,NA,NA,NA,NA,NA,NA,NA,NA,NA,NA,NA,NA
acgr23-v2.txt,2022_23,2022-23,12,62687,0000000,1262687,12626870000000,12626870000000,Humboldt,Northern Humboldt Union High,TA,441,427,96.8,181,42.4,25,5.9,124,29,8,1.8,2,0.5
acgr23-v2.txt,2022_23,2022-23,12,62810,0000000,1262810,12628100000000,12628100000000,Humboldt,Fortuna Union High,TA,250,235,94,96,40.9,14,6,14,6,12,4.8,3,1.2
acgr23-v2.txt,2022_23,2022-23,12,62901,0000000,1262901,12629010000000,12629010000000,Humboldt,Klamath-Trinity Joint Unified,TA,94,88,93.6,12,13.6,0,0,0,0,1,1.1,3,3.2
acgr23-v2.txt,2022_23,2022-23,12,63032,0000000,1263032,12630320000000,12630320000000,Humboldt,South Bay Union Elementary,TA,50,48,96,13,27.1,2,4.2,22,45.8,1,2,0,0
acgr23-v2.txt,2022_23,2022-23,12,63040,0000000,1263040,12630400000000,12630400000000,Humboldt,Southern Humboldt Joint Unified,TA,63,51,81,12,23.5,1,2,15,29.4,11,17.5,0,0
acgr23-v2.txt,2022_23,2022-23,12,75374,0000000,1275374,12753740000000,12753740000000,Humboldt,Ferndale Unified,TA,25,23,92,10,43.5,0,0,0,0,2,8,0,0
acgr23-v2.txt,2022_23,2022-23,12,75382,0000000,1275382,12753820000000,12753820000000,Humboldt,Mattole Unified,TA,NA,NA,NA,NA,NA,NA,NA,NA,NA,NA,NA,NA,NA
acgr23-v2.txt,2022_23,2022-23,12,75515,0000000,1275515,12755150000000,12755150000000,Humboldt,Eureka City Schools,TA,353,312,88.4,117,37.5,37,11.9,89,28.5,20,5.7,6,1.7
acgr23-v2.txt,2022_23,2022-23,13,10132,0000000,1310132,13101320000000,13101320000000,Imperial,Imperial County Office of Education,TA,224,100,44.6,0,0,0,0,0,0,97,43.3,0,0
acgr23-v2.txt,2022_23,2022-23,13,63081,0000000,1363081,13630810000000,13630810000000,Imperial,Brawley Union High,TA,527,477,90.5,230,48.2,22,4.6,305,63.9,27,5.1,5,0.9
acgr23-v2.txt,2022_23,2022-23,13,63099,0000000,1363099,13630990000000,13630990000000,Imperial,Calexico Unified,TA,805,656,81.5,209,31.9,123,18.8,109,16.6,135,16.8,0,0
acgr23-v2.txt,2022_23,2022-23,13,63107,0000000,1363107,13631070000000,13631070000000,Imperial,Calipatria Unified,TA,96,93,96.9,31,33.3,4,4.3,23,24.7,3,3.1,0,0
acgr23-v2.txt,2022_23,2022-23,13,63115,0000000,1363115,13631150000000,13631150000000,Imperial,Central Union High,TA,1033,884,85.6,305,34.5,106,12,2,0.2,80,7.7,59,5.7
acgr23-v2.txt,2022_23,2022-23,13,63149,0000000,1363149,13631490000000,13631490000000,Imperial,Holtville Unified,TA,140,130,92.9,94,72.3,13,10,38,29.2,8,5.7,0,0
acgr23-v2.txt,2022_23,2022-23,13,63164,0000000,1363164,13631640000000,13631640000000,Imperial,Imperial Unified,TA,345,316,91.6,152,48.1,0,0,0,0,19,5.5,2,0.6
acgr23-v2.txt,2022_23,2022-23,13,63214,0000000,1363214,13632140000000,13632140000000,Imperial,San Pasqual Valley Unified,TA,53,36,67.9,6,16.7,0,0,0,0,11,20.8,0,0
acgr23-v2.txt,2022_23,2022-23,14,10140,0000000,1410140,14101400000000,14101400000000,Inyo,Inyo County Office of Education,TA,377,137,36.3,45,32.8,0,0,0,0,118,31.3,122,32.4
acgr23-v2.txt,2022_23,2022-23,14,63248,0000000,1463248,14632480000000,14632480000000,Inyo,Big Pine Unified,TA,NA,NA,NA,NA,NA,NA,NA,NA,NA,NA,NA,NA,NA
acgr23-v2.txt,2022_23,2022-23,14,63271,0000000,1463271,14632710000000,14632710000000,Inyo,Death Valley Unified,TA,NA,NA,NA,NA,NA,NA,NA,NA,NA,NA,NA,NA,NA
acgr23-v2.txt,2022_23,2022-23,14,63289,0000000,1463289,14632890000000,14632890000000,Inyo,Lone Pine Unified,TA,26,25,96.2,7,28,0,0,0,0,1,3.8,0,0
acgr23-v2.txt,2022_23,2022-23,14,63297,0000000,1463297,14632970000000,14632970000000,Inyo,Owens Valley Unified,TA,NA,NA,NA,NA,NA,NA,NA,NA,NA,NA,NA,NA,NA
acgr23-v2.txt,2022_23,2022-23,14,76687,0000000,1476687,14766870000000,14766870000000,Inyo,Bishop Unified,TA,170,146,85.9,65,44.5,13,8.9,51,34.9,5,2.9,11,6.5
acgr23-v2.txt,2022_23,2022-23,15,10157,0000000,1510157,15101570000000,15101570000000,Kern,Kern County Office of Education,TA,536,280,52.2,149,53.2,0,0,29,10.4,178,33.2,69,12.9
acgr23-v2.txt,2022_23,2022-23,15,63412,0000000,1563412,15634120000000,15634120000000,Kern,Delano Joint Union High,TA,1055,1015,96.2,624,61.5,230,22.7,311,30.6,29,2.7,1,0.1
acgr23-v2.txt,2022_23,2022-23,15,63529,0000000,1563529,15635290000000,15635290000000,Kern,Kern High,TA,10701,9065,84.7,3305,36.5,882,9.7,3697,40.8,811,7.6,645,6
acgr23-v2.txt,2022_23,2022-23,15,63628,0000000,1563628,15636280000000,15636280000000,Kern,Maricopa Unified,TA,793,622,78.4,131,21.1,6,1,181,29.1,144,18.2,9,1.1
acgr23-v2.txt,2022_23,2022-23,15,63677,0000000,1563677,15636770000000,15636770000000,Kern,Mojave Unified,TA,192,151,78.6,25,16.6,0,0,3,2,32,16.7,0,0
acgr23-v2.txt,2022_23,2022-23,15,63685,0000000,1563685,15636850000000,15636850000000,Kern,Muroc Joint Unified,TA,108,100,92.6,25,25,0,0,0,0,7,6.5,0,0
acgr23-v2.txt,2022_23,2022-23,15,63776,0000000,1563776,15637760000000,15637760000000,Kern,Southern Kern Unified,TA,226,189,83.6,25,13.2,0,0,0,0,33,14.6,1,0.4
acgr23-v2.txt,2022_23,2022-23,15,63818,0000000,1563818,15638180000000,15638180000000,Kern,Taft Union High,TA,263,243,92.4,57,23.5,0,0,16,6.6,14,5.3,5,1.9
acgr23-v2.txt,2022_23,2022-23,15,63826,0000000,1563826,15638260000000,15638260000000,Kern,Tehachapi Unified,TA,326,301,92.3,61,20.3,6,2,56,18.6,24,7.4,0,0
acgr23-v2.txt,2022_23,2022-23,15,63859,0000000,1563859,15638590000000,15638590000000,Kern,Wasco Union High,TA,479,434,90.6,119,27.4,12,2.8,117,27,25,5.2,4,0.8
acgr23-v2.txt,2022_23,2022-23,15,73742,0000000,1573742,15737420000000,15737420000000,Kern,Sierra Sands Unified,TA,388,304,78.4,80,26.3,2,0.7,70,23,61,15.7,22,5.7
acgr23-v2.txt,2022_23,2022-23,15,73908,0000000,1573908,15739080000000,15739080000000,Kern,McFarland Unified,TA,291,276,94.8,102,37,47,17,72,26.1,10,3.4,0,0
acgr23-v2.txt,2022_23,2022-23,15,75168,0000000,1575168,15751680000000,15751680000000,Kern,El Tejon Unified,TA,67,60,89.6,11,18.3,0,0,0,0,4,6,2,3
acgr23-v2.txt,2022_23,2022-23,16,10165,0000000,1610165,16101650000000,16101650000000,Kings,Kings County Office of Education,TA,27,4,14.8,0,0,0,0,0,0,9,33.3,12,44.4
acgr23-v2.txt,2022_23,2022-23,16,63875,0000000,1663875,16638750000000,16638750000000,Kings,Armona Union Elementary,TA,68,51,75,8,15.7,0,0,6,11.8,13,19.1,3,4.4
acgr23-v2.txt,2022_23,2022-23,16,63891,0000000,1663891,16638910000000,16638910000000,Kings,Corcoran Joint Unified,TA,201,180,89.6,62,34.4,0,0,0,0,21,10.4,0,0
acgr23-v2.txt,2022_23,2022-23,16,63925,0000000,1663925,16639250000000,16639250000000,Kings,Hanford Joint Union High,TA,1039,980,94.3,360,36.7,57,5.8,298,30.4,32,3.1,16,1.5
acgr23-v2.txt,2022_23,2022-23,16,63958,0000000,1663958,16639580000000,16639580000000,Kings,Kit Carson Union Elementary,TA,425,76,17.9,4,5.3,0,0,1,1.3,92,21.6,242,56.9
acgr23-v2.txt,2022_23,2022-23,16,63982,0000000,1663982,16639820000000,16639820000000,Kings,Lemoore Union High,TA,595,561,94.3,258,46,26,4.6,237,42.2,18,3,0,0
acgr23-v2.txt,2022_23,2022-23,16,73932,0000000,1673932,16739320000000,16739320000000,Kings,Reef-Sunset Unified,TA,184,165,89.7,95,57.6,17,10.3,73,44.2,12,6.5,0,0
acgr23-v2.txt,2022_23,2022-23,17,10173,0000000,1710173,17101730000000,17101730000000,Lake,Lake County Office of Education,TA,NA,NA,NA,NA,NA,NA,NA,NA,NA,NA,NA,NA,NA
acgr23-v2.txt,2022_23,2022-23,17,64014,0000000,1764014,17640140000000,17640140000000,Lake,Kelseyville Unified,TA,149,129,86.6,16,12.4,0,0,0,0,11,7.4,1,0.7
acgr23-v2.txt,2022_23,2022-23,17,64022,0000000,1764022,17640220000000,17640220000000,Lake,Konocti Unified,TA,248,185,74.6,47,25.4,0,0,5,2.7,49,19.8,3,1.2
acgr23-v2.txt,2022_23,2022-23,17,64030,0000000,1764030,17640300000000,17640300000000,Lake,Lakeport Unified,TA,129,125,96.9,5,4,0,0,0,0,2,1.6,0,0
acgr23-v2.txt,2022_23,2022-23,17,64055,0000000,1764055,17640550000000,17640550000000,Lake,Middletown Unified,TA,168,136,81,33,24.3,0,0,0,0,24,14.3,1,0.6
acgr23-v2.txt,2022_23,2022-23,17,76976,0000000,1776976,17769760000000,17769760000000,Lake,Upper Lake Unified,TA,101,77,76.2,8,10.4,0,0,0,0,13,12.9,0,0
acgr23-v2.txt,2022_23,2022-23,18,10181,0000000,1810181,18101810000000,18101810000000,Lassen,Lassen County Office of Education,TA,NA,NA,NA,NA,NA,NA,NA,NA,NA,NA,NA,NA,NA
acgr23-v2.txt,2022_23,2022-23,18,64089,0000000,1864089,18640890000000,18640890000000,Lassen,Big Valley Joint Unified,TA,14,14,100,0,0,0,0,0,0,0,0,0,0
acgr23-v2.txt,2022_23,2022-23,18,64139,0000000,1864139,18641390000000,18641390000000,Lassen,Lassen Union High,TA,203,181,89.2,40,22.1,13,7.2,45,24.9,9,4.4,0,0
acgr23-v2.txt,2022_23,2022-23,18,64196,0000000,1864196,18641960000000,18641960000000,Lassen,Susanville Elementary,TA,20,17,85,2,11.8,0,0,4,23.5,2,10,0,0
acgr23-v2.txt,2022_23,2022-23,18,64204,0000000,1864204,18642040000000,18642040000000,Lassen,Westwood Unified,TA,11,9,81.8,0,0,0,0,0,0,2,18.2,0,0
acgr23-v2.txt,2022_23,2022-23,18,75036,0000000,1875036,18750360000000,18750360000000,Lassen,Fort Sage Unified,TA,37,31,83.8,0,0,0,0,1,3.2,4,10.8,0,0
acgr23-v2.txt,2022_23,2022-23,19,10199,0000000,1910199,19101990000000,19101990000000,Los Angeles,Los Angeles County Office of Education,TA,1056,815,77.2,619,76,48,5.9,193,23.7,146,13.8,89,8.4
acgr23-v2.txt,2022_23,2022-23,19,64212,0000000,1964212,19642120000000,19642120000000,Los Angeles,ABC Unified,TA,1577,1491,94.5,926,62.1,391,26.2,656,44,30,1.9,38,2.4
acgr23-v2.txt,2022_23,2022-23,19,64246,0000000,1964246,19642460000000,19642460000000,Los Angeles,Antelope Valley Union High,TA,5539,4202,75.9,1606,38.2,125,3,611,14.5,762,13.8,501,9
acgr23-v2.txt,2022_23,2022-23,19,64261,0000000,1964261,19642610000000,19642610000000,Los Angeles,Arcadia Unified,TA,762,742,97.4,455,61.3,46,6.2,239,32.2,13,1.7,1,0.1
acgr23-v2.txt,2022_23,2022-23,19,64279,0000000,1964279,19642790000000,19642790000000,Los Angeles,Azusa Unified,TA,535,449,83.9,169,37.6,27,6,48,10.7,75,14,0,0
acgr23-v2.txt,2022_23,2022-23,19,64287,0000000,1964287,19642870000000,19642870000000,Los Angeles,Baldwin Park Unified,TA,1212,927,76.5,390,42.1,56,6,151,16.3,208,17.2,37,3.1
acgr23-v2.txt,2022_23,2022-23,19,64295,0000000,1964295,19642950000000,19642950000000,Los Angeles,Bassett Unified,TA,222,191,86,61,31.9,11,5.8,36,18.8,14,6.3,2,0.9
acgr23-v2.txt,2022_23,2022-23,19,64303,0000000,1964303,19643030000000,19643030000000,Los Angeles,Bellflower Unified,TA,808,744,92.1,269,36.2,73,9.8,161,21.6,18,2.2,18,2.2
acgr23-v2.txt,2022_23,2022-23,19,64311,0000000,1964311,19643110000000,19643110000000,Los Angeles,Beverly Hills Unified,TA,312,285,91.3,188,66,38,13.3,175,61.4,8,2.6,4,1.3
acgr23-v2.txt,2022_23,2022-23,19,64329,0000000,1964329,19643290000000,19643290000000,Los Angeles,Bonita Unified,TA,769,730,94.9,473,64.8,34,4.7,335,45.9,17,2.2,0,0
acgr23-v2.txt,2022_23,2022-23,19,64337,0000000,1964337,19643370000000,19643370000000,Los Angeles,Burbank Unified,TA,1255,1170,93.2,607,51.9,92,7.9,6,0.5,45,3.6,11,0.9
acgr23-v2.txt,2022_23,2022-23,19,64352,0000000,1964352,19643520000000,19643520000000,Los Angeles,Centinela Valley Union High,TA,3206,1432,44.7,425,29.7,134,9.4,231,16.1,1709,53.3,43,1.3
acgr23-v2.txt,2022_23,2022-23,19,64378,0000000,1964378,19643780000000,19643780000000,Los Angeles,Charter Oak Unified,TA,409,386,94.4,176,45.6,18,4.7,131,33.9,15,3.7,0,0
acgr23-v2.txt,2022_23,2022-23,19,64394,0000000,1964394,19643940000000,19643940000000,Los Angeles,Claremont Unified,TA,584,569,97.4,361,63.4,111,19.5,239,42,9,1.5,2,0.3
acgr23-v2.txt,2022_23,2022-23,19,64436,0000000,1964436,19644360000000,19644360000000,Los Angeles,Covina-Valley Unified,TA,1074,1029,95.8,670,65.1,197,19.1,305,29.6,28,2.6,0,0
acgr23-v2.txt,2022_23,2022-23,19,64444,0000000,1964444,19644440000000,19644440000000,Los Angeles,Culver City Unified,TA,533,508,95.3,365,71.9,169,33.3,191,37.6,14,2.6,0,0
acgr23-v2.txt,2022_23,2022-23,19,64451,0000000,1964451,19644510000000,19644510000000,Los Angeles,Downey Unified,TA,2024,1930,95.4,1029,53.3,161,8.3,464,24,38,1.9,9,0.4
acgr23-v2.txt,2022_23,2022-23,19,64469,0000000,1964469,19644690000000,19644690000000,Los Angeles,Duarte Unified,TA,1524,577,37.9,362,62.7,88,15.3,209,36.2,344,22.6,566,37.1
acgr23-v2.txt,2022_23,2022-23,19,64519,0000000,1964519,19645190000000,19645190000000,Los Angeles,El Monte Union High,TA,2000,1620,81,793,49,168,10.4,386,23.8,163,8.2,107,5.4
acgr23-v2.txt,2022_23,2022-23,19,64527,0000000,1964527,19645270000000,19645270000000,Los Angeles,El Rancho Unified,TA,663,621,93.7,307,49.4,55,8.9,114,18.4,27,4.1,0,0
acgr23-v2.txt,2022_23,2022-23,19,64535,0000000,1964535,19645350000000,19645350000000,Los Angeles,El Segundo Unified,TA,321,310,96.6,242,78.1,24,7.7,155,50,2,0.6,2,0.6
acgr23-v2.txt,2022_23,2022-23,19,64568,0000000,1964568,19645680000000,19645680000000,Los Angeles,Glendale Unified,TA,1918,1784,93,1072,60.1,237,13.3,773,43.3,70,3.6,1,0.1
acgr23-v2.txt,2022_23,2022-23,19,64576,0000000,1964576,19645760000000,19645760000000,Los Angeles,Glendora Unified,TA,608,590,97,340,57.6,36,6.1,214,36.3,11,1.8,0,0
acgr23-v2.txt,2022_23,2022-23,19,64584,0000000,1964584,19645840000000,19645840000000,Los Angeles,Gorman Joint,TA,105,88,83.8,4,4.5,0,0,0,0,15,14.3,2,1.9
acgr23-v2.txt,2022_23,2022-23,19,64592,0000000,1964592,19645920000000,19645920000000,Los Angeles,Hawthorne,TA,112,110,98.2,89,80.9,64,58.2,73,66.4,0,0,0,0
acgr23-v2.txt,2022_23,2022-23,19,64634,0000000,1964634,19646340000000,19646340000000,Los Angeles,Inglewood Unified,TA,659,567,86,300,52.9,55,9.7,40,7.1,72,10.9,0,0
acgr23-v2.txt,2022_23,2022-23,19,64642,0000000,1964642,19646420000000,19646420000000,Los Angeles,Keppel Union Elementary,TA,11,11,100,6,54.5,0,0,6,54.5,0,0,0,0
acgr23-v2.txt,2022_23,2022-23,19,64659,0000000,1964659,19646590000000,19646590000000,Los Angeles,La Canada Unified,TA,314,309,98.4,282,91.3,103,33.3,220,71.2,1,0.3,1,0.3
acgr23-v2.txt,2022_23,2022-23,19,64683,0000000,1964683,19646830000000,19646830000000,Los Angeles,Las Virgenes Unified,TA,908,860,94.7,508,59.1,56,6.5,426,49.5,38,4.2,2,0.2
acgr23-v2.txt,2022_23,2022-23,19,64691,0000000,1964691,19646910000000,19646910000000,Los Angeles,Lawndale Elementary,TA,127,122,96.1,116,95.1,37,30.3,70,57.4,3,2.4,2,1.6
acgr23-v2.txt,2022_23,2022-23,19,64709,0000000,1964709,19647090000000,19647090000000,Los Angeles,Lennox,TA,303,295,97.4,214,72.5,118,40,96,32.5,7,2.3,0,0
acgr23-v2.txt,2022_23,2022-23,19,64725,0000000,1964725,19647250000000,19647250000000,Los Angeles,Long Beach Unified,TA,5708,4730,82.9,2690,56.9,783,16.6,2105,44.5,814,14.3,88,1.5
acgr23-v2.txt,2022_23,2022-23,19,64733,0000000,1964733,19647330000000,19647330000000,Los Angeles,Los Angeles Unified,TA,42946,36976,86.1,25369,68.6,7655,20.7,7402,20,3658,8.5,1509,3.5
acgr23-v2.txt,2022_23,2022-23,19,64774,0000000,1964774,19647740000000,19647740000000,Los Angeles,Lynwood Unified,TA,1044,914,87.5,374,40.9,59,6.5,145,15.9,121,11.6,0,0
acgr23-v2.txt,2022_23,2022-23,19,64790,0000000,1964790,19647900000000,19647900000000,Los Angeles,Monrovia Unified,TA,422,398,94.3,225,56.5,37,9.3,142,35.7,21,5,0,0
acgr23-v2.txt,2022_23,2022-23,19,64808,0000000,1964808,19648080000000,19648080000000,Los Angeles,Montebello Unified,TA,1948,1556,79.9,453,29.1,126,8.1,336,21.6,227,11.7,88,4.5
acgr23-v2.txt,2022_23,2022-23,19,64840,0000000,1964840,19648400000000,19648400000000,Los Angeles,Norwalk-La Mirada Unified,TA,1366,1278,93.6,612,47.9,85,6.7,209,16.4,45,3.3,18,1.3
acgr23-v2.txt,2022_23,2022-23,19,64857,0000000,1964857,19648570000000,19648570000000,Los Angeles,Palmdale Elementary,TA,479,243,50.7,197,81.1,11,4.5,92,37.9,68,14.2,157,32.8
acgr23-v2.txt,2022_23,2022-23,19,64865,0000000,1964865,19648650000000,19648650000000,Los Angeles,Palos Verdes Peninsula Unified,TA,963,937,97.3,728,77.7,243,25.9,715,76.3,13,1.3,0,0
acgr23-v2.txt,2022_23,2022-23,19,64873,0000000,1964873,19648730000000,19648730000000,Los Angeles,Paramount Unified,TA,1157,1041,90,475,45.6,88,8.5,298,28.6,75,6.5,26,2.2
acgr23-v2.txt,2022_23,2022-23,19,64881,0000000,1964881,19648810000000,19648810000000,Los Angeles,Pasadena Unified,TA,1329,1080,81.3,570,52.8,116,10.7,364,33.7,110,8.3,126,9.5
acgr23-v2.txt,2022_23,2022-23,19,64907,0000000,1964907,19649070000000,19649070000000,Los Angeles,Pomona Unified,TA,1734,1497,86.3,575,38.4,138,9.2,397,26.5,109,6.3,115,6.6
acgr23-v2.txt,2022_23,2022-23,19,64964,0000000,1964964,19649640000000,19649640000000,Los Angeles,San Marino Unified,TA,192,190,99,162,85.3,40,21.1,103,54.2,1,0.5,1,0.5
acgr23-v2.txt,2022_23,2022-23,19,64980,0000000,1964980,19649800000000,19649800000000,Los Angeles,Santa Monica-Malibu Unified,TA,785,746,95,430,57.6,0,0,0,0,23,2.9,0,0
acgr23-v2.txt,2022_23,2022-23,19,65029,0000000,1965029,19650290000000,19650290000000,Los Angeles,South Pasadena Unified,TA,346,334,96.5,279,83.5,64,19.2,220,65.9,7,2,0,0
acgr23-v2.txt,2022_23,2022-23,19,65052,0000000,1965052,19650520000000,19650520000000,Los Angeles,Temple City Unified,TA,492,478,97.2,316,66.1,46,9.6,266,55.6,10,2,1,0.2
acgr23-v2.txt,2022_23,2022-23,19,65060,0000000,1965060,19650600000000,19650600000000,Los Angeles,Torrance Unified,TA,1968,1878,95.4,1311,69.8,399,21.2,993,52.9,12,0.6,53,2.7
acgr23-v2.txt,2022_23,2022-23,19,65094,0000000,1965094,19650940000000,19650940000000,Los Angeles,West Covina Unified,TA,1217,1096,90.1,453,41.3,103,9.4,332,30.3,104,8.5,4,0.3
acgr23-v2.txt,2022_23,2022-23,19,65128,0000000,1965128,19651280000000,19651280000000,Los Angeles,Whittier Union High,TA,2679,2431,90.7,1480,60.9,366,15.1,910,37.4,56,2.1,83,3.1
acgr23-v2.txt,2022_23,2022-23,19,65136,0000000,1965136,19651360000000,19651360000000,Los Angeles,William S. Hart Union High,TA,4111,3724,90.6,1927,51.7,159,4.3,1752,47,139,3.4,228,5.5
acgr23-v2.txt,2022_23,2022-23,19,73437,0000000,1973437,19734370000000,19734370000000,Los Angeles,Compton Unified,TA,1350,1202,89,624,51.9,265,22,445,37,118,8.7,0,0
acgr23-v2.txt,2022_23,2022-23,19,73445,0000000,1973445,19734450000000,19734450000000,Los Angeles,Hacienda la Puente Unified,TA,1352,1252,92.6,634,50.6,158,12.6,366,29.2,39,2.9,18,1.3
acgr23-v2.txt,2022_23,2022-23,19,73452,0000000,1973452,19734520000000,19734520000000,Los Angeles,Rowland Unified,TA,1164,1030,88.5,417,40.5,117,11.4,256,24.9,99,8.5,8,0.7
acgr23-v2.txt,2022_23,2022-23,19,73460,0000000,1973460,19734600000000,19734600000000,Los Angeles,Walnut Valley Unified,TA,1214,1187,97.8,858,72.3,0,0,889,74.9,13,1.1,0,0
acgr23-v2.txt,2022_23,2022-23,19,75291,0000000,1975291,19752910000000,19752910000000,Los Angeles,San Gabriel Unified,TA,551,451,81.9,238,52.8,0,0,10,2.2,40,7.3,40,7.3
acgr23-v2.txt,2022_23,2022-23,19,75309,0000000,1975309,19753090000000,19753090000000,Los Angeles,Acton-Agua Dulce Unified,TA,2568,832,32.4,193,23.2,12,1.4,125,15,627,24.4,1045,40.7
acgr23-v2.txt,2022_23,2022-23,19,75333,0000000,1975333,19753330000000,19753330000000,Los Angeles,Manhattan Beach Unified,TA,576,561,97.4,473,84.3,197,35.1,335,59.7,6,1,5,0.9
acgr23-v2.txt,2022_23,2022-23,19,75341,0000000,1975341,19753410000000,19753410000000,Los Angeles,Redondo Beach Unified,TA,794,746,94,560,75.1,80,10.7,366,49.1,39,4.9,0,0
acgr23-v2.txt,2022_23,2022-23,19,75663,0000000,1975663,19756630000000,19756630000000,Los Angeles,SBE - New West Charter,TA,148,123,83.1,123,100,44,35.8,0,0,13,8.8,0,0
acgr23-v2.txt,2022_23,2022-23,19,75713,0000000,1975713,19757130000000,19757130000000,Los Angeles,Alhambra Unified,TA,1648,1562,94.8,1016,65,338,21.6,1128,72.2,22,1.3,39,2.4
acgr23-v2.txt,2022_23,2022-23,19,76869,0000000,1976869,19768690000000,19768690000000,Los Angeles,Wiseburn Unified,TA,436,421,96.6,378,89.8,0,0,0,0,4,0.9,6,1.4
acgr23-v2.txt,2022_23,2022-23,19,76968,0000000,1976968,19769680000000,19769680000000,Los Angeles,SBE - Academia Avance Charter,TA,60,57,95,43,75.4,0,0,0,0,2,3.3,0,0
acgr23-v2.txt,2022_23,2022-23,19,77289,0000000,1977289,19772890000000,19772890000000,Los Angeles,SBE - Los Angeles College Prep Academy,TA,13,10,76.9,10,100,0,0,0,0,2,15.4,1,7.7
acgr23-v2.txt,2022_23,2022-23,20,10207,0000000,2010207,20102070000000,20102070000000,Madera,Madera County Superintendent of Schools,TA,132,38,28.8,0,0,0,0,0,0,36,27.3,54,40.9
acgr23-v2.txt,2022_23,2022-23,20,65201,0000000,2065201,20652010000000,20652010000000,Madera,Chowchilla Union High,TA,266,239,89.8,73,30.5,11,4.6,89,37.2,21,7.9,3,1.1
acgr23-v2.txt,2022_23,2022-23,20,65243,0000000,2065243,20652430000000,20652430000000,Madera,Madera Unified,TA,1408,1283,91.1,658,51.3,159,12.4,377,29.4,78,5.5,40,2.8
acgr23-v2.txt,2022_23,2022-23,20,75580,0000000,2075580,20755800000000,20755800000000,Madera,Golden Valley Unified,TA,177,166,93.8,73,44,0,0,0,0,6,3.4,1,0.6
acgr23-v2.txt,2022_23,2022-23,20,75606,0000000,2075606,20756060000000,20756060000000,Madera,Chawanakee Unified,TA,137,126,92,39,31,0,0,0,0,6,4.4,0,0
acgr23-v2.txt,2022_23,2022-23,20,76414,0000000,2076414,20764140000000,20764140000000,Madera,Yosemite Unified,TA,200,162,81,65,40.1,0,0,8,4.9,35,17.5,0,0
acgr23-v2.txt,2022_23,2022-23,21,10215,0000000,2110215,21102150000000,21102150000000,Marin,Marin County Office of Education,TA,48,20,41.7,0,0,0,0,0,0,24,50,0,0
acgr23-v2.txt,2022_23,2022-23,21,65417,0000000,2165417,21654170000000,21654170000000,Marin,Novato Unified,TA,673,632,93.9,350,55.4,81,12.8,326,51.6,36,5.3,0,0
acgr23-v2.txt,2022_23,2022-23,21,65466,0000000,2165466,21654660000000,21654660000000,Marin,San Rafael City High,TA,775,614,79.2,343,55.9,76,12.4,245,39.9,59,7.6,56,7.2
acgr23-v2.txt,2022_23,2022-23,21,65482,0000000,2165482,21654820000000,21654820000000,Marin,Tamalpais Union High,TA,1272,1237,97.2,850,68.7,330,26.7,599,48.4,25,2,1,0.1
acgr23-v2.txt,2022_23,2022-23,21,73361,0000000,2173361,21733610000000,21733610000000,Marin,Shoreline Unified,TA,43,40,93,20,50,0,0,0,0,2,4.7,1,2.3
acgr23-v2.txt,2022_23,2022-23,22,65532,0000000,2265532,22655320000000,22655320000000,Mariposa,Mariposa County Unified,TA,147,136,92.5,36,26.5,0,0,52,38.2,11,7.5,0,0
acgr23-v2.txt,2022_23,2022-23,23,10231,0000000,2310231,23102310000000,23102310000000,Mendocino,Mendocino County Office of Education,TA,15,3,20,0,0,0,0,0,0,4,26.7,1,6.7
acgr23-v2.txt,2022_23,2022-23,23,65540,0000000,2365540,23655400000000,23655400000000,Mendocino,Anderson Valley Unified,TA,44,43,97.7,14,32.6,8,18.6,14,32.6,0,0,0,0
acgr23-v2.txt,2022_23,2022-23,23,65557,0000000,2365557,23655570000000,23655570000000,Mendocino,Arena Union Elementary,TA,NA,NA,NA,NA,NA,NA,NA,NA,NA,NA,NA,NA,NA
acgr23-v2.txt,2022_23,2022-23,23,65565,0000000,2365565,23655650000000,23655650000000,Mendocino,Fort Bragg Unified,TA,165,139,84.2,19,13.7,0,0,0,0,6,3.6,0,0
acgr23-v2.txt,2022_23,2022-23,23,65581,0000000,2365581,23655810000000,23655810000000,Mendocino,Mendocino Unified,TA,49,48,98,24,50,0,0,0,0,1,2,0,0
acgr23-v2.txt,2022_23,2022-23,23,65599,0000000,2365599,23655990000000,23655990000000,Mendocino,Point Arena Joint Union High,TA,37,30,81.1,9,30,2,6.7,2,6.7,4,10.8,1,2.7
acgr23-v2.txt,2022_23,2022-23,23,65607,0000000,2365607,23656070000000,23656070000000,Mendocino,Round Valley Unified,TA,36,23,63.9,12,52.2,0,0,0,0,13,36.1,0,0
acgr23-v2.txt,2022_23,2022-23,23,65615,0000000,2365615,23656150000000,23656150000000,Mendocino,Ukiah Unified,TA,522,480,92,195,40.6,67,14,0,0,18,3.4,3,0.6
acgr23-v2.txt,2022_23,2022-23,23,65623,0000000,2365623,23656230000000,23656230000000,Mendocino,Willits Unified,TA,176,145,82.4,27,18.6,6,4.1,14,9.7,30,17,0,0
acgr23-v2.txt,2022_23,2022-23,23,73866,0000000,2373866,23738660000000,23738660000000,Mendocino,Potter Valley Community Unified,TA,25,24,96,7,29.2,0,0,0,0,1,4,0,0
acgr23-v2.txt,2022_23,2022-23,23,73916,0000000,2373916,23739160000000,23739160000000,Mendocino,Laytonville Unified,TA,31,27,87.1,3,11.1,4,14.8,6,22.2,4,12.9,0,0
acgr23-v2.txt,2022_23,2022-23,23,75218,0000000,2375218,23752180000000,23752180000000,Mendocino,Leggett Valley Unified,TA,14,12,85.7,10,83.3,0,0,0,0,2,14.3,0,0
acgr23-v2.txt,2022_23,2022-23,24,10249,0000000,2410249,24102490000000,24102490000000,Merced,Merced County Office of Education,TA,383,210,54.8,0,0,1,0.5,0,0,127,33.2,3,0.8
acgr23-v2.txt,2022_23,2022-23,24,65698,0000000,2465698,24656980000000,24656980000000,Merced,Hilmar Unified,TA,185,183,98.9,67,36.6,0,0,0,0,2,1.1,0,0
acgr23-v2.txt,2022_23,2022-23,24,65730,0000000,2465730,24657300000000,24657300000000,Merced,Le Grand Union High,TA,127,123,96.9,55,44.7,14,11.4,32,26,4,3.1,0,0
acgr23-v2.txt,2022_23,2022-23,24,65755,0000000,2465755,24657550000000,24657550000000,Merced,Los Banos Unified,TA,820,776,94.6,333,42.9,61,7.9,218,28.1,24,2.9,9,1.1
acgr23-v2.txt,2022_23,2022-23,24,65789,0000000,2465789,24657890000000,24657890000000,Merced,Merced Union High,TA,2730,2617,95.9,822,31.4,70,2.7,794,30.3,71,2.6,4,0.1
acgr23-v2.txt,2022_23,2022-23,24,73619,0000000,2473619,24736190000000,24736190000000,Merced,Gustine Unified,TA,171,162,94.7,62,38.3,0,0,0,0,8,4.7,0,0
acgr23-v2.txt,2022_23,2022-23,24,75317,0000000,2475317,24753170000000,24753170000000,Merced,Dos Palos Oro Loma Joint Unified,TA,186,176,94.6,40,22.7,18,10.2,38,21.6,7,3.8,0,0
acgr23-v2.txt,2022_23,2022-23,24,75366,0000000,2475366,24753660000000,24753660000000,Merced,Delhi Unified,TA,180,177,98.3,73,41.2,0,0,0,0,3,1.7,0,0
acgr23-v2.txt,2022_23,2022-23,25,65896,0000000,2565896,25658960000000,25658960000000,Modoc,Surprise Valley Joint Unified,TA,NA,NA,NA,NA,NA,NA,NA,NA,NA,NA,NA,NA,NA
acgr23-v2.txt,2022_23,2022-23,25,73585,0000000,2573585,25735850000000,25735850000000,Modoc,Modoc Joint Unified,TA,57,49,86,13,26.5,0,0,0,0,7,12.3,0,0
acgr23-v2.txt,2022_23,2022-23,25,73593,0000000,2573593,25735930000000,25735930000000,Modoc,Tulelake Basin Joint Unified,TA,23,22,95.7,15,68.2,0,0,8,36.4,0,0,0,0
acgr23-v2.txt,2022_23,2022-23,26,10264,0000000,2610264,26102640000000,26102640000000,Mono,Mono County Office of Education,TA,146,7,4.8,0,0,0,0,0,0,53,36.3,86,58.9
acgr23-v2.txt,2022_23,2022-23,26,73668,0000000,2673668,26736680000000,26736680000000,Mono,Eastern Sierra Unified,TA,25,25,100,14,56,0,0,0,0,0,0,0,0
acgr23-v2.txt,2022_23,2022-23,26,73692,0000000,2673692,26736920000000,26736920000000,Mono,Mammoth Unified,TA,86,74,86,43,58.1,13,17.6,38,51.4,9,10.5,0,0
acgr23-v2.txt,2022_23,2022-23,27,10272,0000000,2710272,27102720000000,27102720000000,Monterey,Monterey County Office of Education,TA,141,85,60.3,0,0,0,0,0,0,24,17,32,22.7
acgr23-v2.txt,2022_23,2022-23,27,65987,0000000,2765987,27659870000000,27659870000000,Monterey,Carmel Unified,TA,235,231,98.3,155,67.1,67,29,138,59.7,2,0.9,1,0.4
acgr23-v2.txt,2022_23,2022-23,27,66068,0000000,2766068,27660680000000,27660680000000,Monterey,South Monterey County Joint Union High,TA,654,570,87.2,171,30,53,9.3,45,7.9,60,9.2,17,2.6
acgr23-v2.txt,2022_23,2022-23,27,66092,0000000,2766092,27660920000000,27660920000000,Monterey,Monterey Peninsula Unified,TA,851,790,92.8,502,63.5,76,9.6,115,14.6,32,3.8,7,0.8
acgr23-v2.txt,2022_23,2022-23,27,66134,0000000,2766134,27661340000000,27661340000000,Monterey,Pacific Grove Unified,TA,154,132,85.7,58,43.9,28,21.2,64,48.5,15,9.7,1,0.6
acgr23-v2.txt,2022_23,2022-23,27,66159,0000000,2766159,27661590000000,27661590000000,Monterey,Salinas Union High,TA,2906,2372,81.6,1225,51.6,479,20.2,740,31.2,185,6.4,229,7.9
acgr23-v2.txt,2022_23,2022-23,27,73825,0000000,2773825,27738250000000,27738250000000,Monterey,North Monterey County Unified,TA,354,319,90.1,127,39.8,0,0,0,0,11,3.1,11,3.1
acgr23-v2.txt,2022_23,2022-23,27,75440,0000000,2775440,27754400000000,27754400000000,Monterey,Soledad Unified,TA,425,391,92,144,36.8,27,6.9,91,23.3,21,4.9,7,1.6
acgr23-v2.txt,2022_23,2022-23,27,75473,0000000,2775473,27754730000000,27754730000000,Monterey,Gonzales Unified,TA,204,187,91.7,72,38.5,1,0.5,24,12.8,8,3.9,0,0
acgr23-v2.txt,2022_23,2022-23,28,10280,0000000,2810280,28102800000000,28102800000000,Napa,Napa County Office of Education,TA,32,13,40.6,2,15.4,0,0,0,0,16,50,0,0
acgr23-v2.txt,2022_23,2022-23,28,66241,0000000,2866241,28662410000000,28662410000000,Napa,Calistoga Joint Unified,TA,77,72,93.5,33,45.8,9,12.5,23,31.9,5,6.5,0,0
acgr23-v2.txt,2022_23,2022-23,28,66266,0000000,2866266,28662660000000,28662660000000,Napa,Napa Valley Unified,TA,1547,1430,92.4,637,44.5,269,18.8,409,28.6,67,4.3,0,0
acgr23-v2.txt,2022_23,2022-23,28,66290,0000000,2866290,28662900000000,28662900000000,Napa,Saint Helena Unified,TA,117,105,89.7,54,51.4,39,37.1,36,34.3,6,5.1,4,3.4
acgr23-v2.txt,2022_23,2022-23,29,10298,0000000,2910298,29102980000000,29102980000000,Nevada,Nevada County Office of Education,TA,716,176,24.6,17,9.7,0,0,0,0,421,58.8,119,16.6
acgr23-v2.txt,2022_23,2022-23,29,66357,0000000,2966357,29663570000000,29663570000000,Nevada,Nevada Joint Union High,TA,636,552,86.8,226,40.9,29,5.3,149,27,56,8.8,11,1.7
acgr23-v2.txt,2022_23,2022-23,29,76877,0000000,2976877,29768770000000,29768770000000,Nevada,Penn Valley Union Elementary,TA,12,12,100,0,0,0,0,0,0,0,0,0,0
acgr23-v2.txt,2022_23,2022-23,30,10306,0000000,3010306,30103060000000,30103060000000,Orange,Orange County Department of Education,TA,1696,1063,62.7,530,49.9,184,17.3,177,16.7,234,13.8,343,20.2
acgr23-v2.txt,2022_23,2022-23,30,66431,0000000,3066431,30664310000000,30664310000000,Orange,Anaheim Union High,TA,4827,4394,91,2384,54.3,1013,23.1,1209,27.5,197,4.1,134,2.8
acgr23-v2.txt,2022_23,2022-23,30,66449,0000000,3066449,30664490000000,30664490000000,Orange,Brea-Olinda Unified,TA,451,420,93.1,239,56.9,74,17.6,198,47.1,17,3.8,0,0
acgr23-v2.txt,2022_23,2022-23,30,66464,0000000,3066464,30664640000000,30664640000000,Orange,Capistrano Unified,TA,4816,4467,92.8,2648,59.3,831,18.6,1675,37.5,216,4.5,66,1.4
acgr23-v2.txt,2022_23,2022-23,30,66514,0000000,3066514,30665140000000,30665140000000,Orange,Fullerton Joint Union High,TA,3192,2971,93.1,1647,55.4,329,11.1,1129,38,160,5,1,0
acgr23-v2.txt,2022_23,2022-23,30,66522,0000000,3066522,30665220000000,30665220000000,Orange,Garden Grove Unified,TA,3371,3122,92.6,1866,59.8,476,15.2,1527,48.9,178,5.3,1,0
acgr23-v2.txt,2022_23,2022-23,30,66548,0000000,3066548,30665480000000,30665480000000,Orange,Huntington Beach Union High,TA,3836,3549,92.5,1991,56.1,903,25.4,1559,43.9,154,4,25,0.7
acgr23-v2.txt,2022_23,2022-23,30,66555,0000000,3066555,30665550000000,30665550000000,Orange,Laguna Beach Unified,TA,278,269,96.8,222,82.5,88,32.7,165,61.3,3,1.1,0,0
acgr23-v2.txt,2022_23,2022-23,30,66597,0000000,3066597,30665970000000,30665970000000,Orange,Newport-Mesa Unified,TA,1648,1563,94.8,914,58.5,305,19.5,631,40.4,54,3.3,15,0.9
acgr23-v2.txt,2022_23,2022-23,30,66621,0000000,3066621,30666210000000,30666210000000,Orange,Orange Unified,TA,2196,2048,93.3,1037,50.6,282,13.8,453,22.1,111,5.1,0,0
acgr23-v2.txt,2022_23,2022-23,30,66647,0000000,3066647,30666470000000,30666470000000,Orange,Placentia-Yorba Linda Unified,TA,2011,1899,94.4,1094,57.6,356,18.7,785,41.3,46,2.3,21,1
acgr23-v2.txt,2022_23,2022-23,30,66670,0000000,3066670,30666700000000,30666700000000,Orange,Santa Ana Unified,TA,3803,3419,89.9,1535,44.9,593,17.3,1321,38.6,320,8.4,1,0
acgr23-v2.txt,2022_23,2022-23,30,73635,0000000,3073635,30736350000000,30736350000000,Orange,Saddleback Valley Unified,TA,2121,1946,91.7,1015,52.2,317,16.3,889,45.7,105,5,23,1.1
acgr23-v2.txt,2022_23,2022-23,30,73643,0000000,3073643,30736430000000,30736430000000,Orange,Tustin Unified,TA,1951,1868,95.7,1233,66,433,23.2,287,15.4,25,1.3,1,0.1
acgr23-v2.txt,2022_23,2022-23,30,73650,0000000,3073650,30736500000000,30736500000000,Orange,Irvine Unified,TA,2689,2541,94.5,1863,73.3,727,28.6,1511,59.5,78,2.9,0,0
acgr23-v2.txt,2022_23,2022-23,30,73924,0000000,3073924,30739240000000,30739240000000,Orange,Los Alamitos Unified,TA,755,732,97,560,76.5,311,42.5,479,65.4,16,2.1,0,0
acgr23-v2.txt,2022_23,2022-23,30,76893,0000000,3076893,30768930000000,30768930000000,Orange,SBE - Magnolia Science Academy Santa Ana,TA,29,29,100,29,100,6,20.7,10,34.5,0,0,0,0
acgr23-v2.txt,2022_23,2022-23,31,10314,0000000,3110314,31103140000000,31103140000000,Placer,Placer County Office of Education,TA,72,39,54.2,0,0,0,0,0,0,17,23.6,16,22.2
acgr23-v2.txt,2022_23,2022-23,31,66894,0000000,3166894,31668940000000,31668940000000,Placer,Placer Union High,TA,1026,966,94.2,526,54.5,143,14.8,399,41.3,33,3.2,13,1.3
acgr23-v2.txt,2022_23,2022-23,31,66928,0000000,3166928,31669280000000,31669280000000,Placer,Roseville Joint Union High,TA,2711,2489,91.8,1670,67.1,400,16.1,570,22.9,176,6.5,1,0
acgr23-v2.txt,2022_23,2022-23,31,66944,0000000,3166944,31669440000000,31669440000000,Placer,Tahoe-Truckee Unified,TA,340,322,94.7,190,59,89,27.6,146,45.3,9,2.6,0,0
acgr23-v2.txt,2022_23,2022-23,31,66951,0000000,3166951,31669510000000,31669510000000,Placer,Western Placer Unified,TA,755,602,79.7,327,54.3,48,8,144,23.9,112,14.8,9,1.2
acgr23-v2.txt,2022_23,2022-23,31,75085,0000000,3175085,31750850000000,31750850000000,Placer,Rocklin Unified,TA,1249,1186,95,874,73.7,116,9.8,222,18.7,18,1.4,23,1.8
acgr23-v2.txt,2022_23,2022-23,32,10322,0000000,3210322,32103220000000,32103220000000,Plumas,Plumas County Office of Education,TA,NA,NA,NA,NA,NA,NA,NA,NA,NA,NA,NA,NA,NA
acgr23-v2.txt,2022_23,2022-23,32,66969,0000000,3266969,32669690000000,32669690000000,Plumas,Plumas Unified,TA,159,131,82.4,23,17.6,0,0,0,0,18,11.3,0,0
acgr23-v2.txt,2022_23,2022-23,33,10330,0000000,3310330,33103300000000,33103300000000,Riverside,Riverside County Office of Education,TA,891,466,52.3,87,18.7,4,0.9,39,8.4,319,35.8,87,9.8
acgr23-v2.txt,2022_23,2022-23,33,31625,0000000,3331625,33316250000000,33316250000000,Riverside,California School for the Deaf-Riverside (State Special Schl),TA,26,17,65.4,0,0,0,0,0,0,1,3.8,5,19.2
acgr23-v2.txt,2022_23,2022-23,33,66977,0000000,3366977,33669770000000,33669770000000,Riverside,Alvord Unified,TA,1485,1409,94.9,656,46.6,97,6.9,374,26.5,56,3.8,14,0.9
acgr23-v2.txt,2022_23,2022-23,33,66985,0000000,3366985,33669850000000,33669850000000,Riverside,Banning Unified,TA,305,254,83.3,91,35.8,15,5.9,33,13,31,10.2,0,0
acgr23-v2.txt,2022_23,2022-23,33,66993,0000000,3366993,33669930000000,33669930000000,Riverside,Beaumont Unified,TA,1044,969,92.8,462,47.7,61,6.3,394,40.7,42,4,8,0.8
acgr23-v2.txt,2022_23,2022-23,33,67033,0000000,3367033,33670330000000,33670330000000,Riverside,Corona-Norco Unified,TA,4438,4211,94.9,2301,54.6,333,7.9,1188,28.2,80,1.8,113,2.5
acgr23-v2.txt,2022_23,2022-23,33,67058,0000000,3367058,33670580000000,33670580000000,Riverside,Desert Sands Unified,TA,2260,2119,93.8,1160,54.7,254,12,619,29.2,53,2.3,4,0.2
acgr23-v2.txt,2022_23,2022-23,33,67082,0000000,3367082,33670820000000,33670820000000,Riverside,Hemet Unified,TA,1858,1665,89.6,827,49.7,155,9.3,356,21.4,129,6.9,33,1.8
acgr23-v2.txt,2022_23,2022-23,33,67090,0000000,3367090,33670900000000,33670900000000,Riverside,Jurupa Unified,TA,1465,1378,94.1,568,41.2,91,6.6,251,18.2,44,3,35,2.4
acgr23-v2.txt,2022_23,2022-23,33,67116,0000000,3367116,33671160000000,33671160000000,Riverside,Menifee Union,TA,111,110,99.1,30,27.3,0,0,0,0,1,0.9,0,0
acgr23-v2.txt,2022_23,2022-23,33,67124,0000000,3367124,33671240000000,33671240000000,Riverside,Moreno Valley Unified,TA,2463,2252,91.4,837,37.2,129,5.7,386,17.1,133,5.4,21,0.9
acgr23-v2.txt,2022_23,2022-23,33,67157,0000000,3367157,33671570000000,33671570000000,Riverside,Nuview Union,TA,154,154,100,101,65.6,0,0,52,33.8,0,0,0,0
acgr23-v2.txt,2022_23,2022-23,33,67173,0000000,3367173,33671730000000,33671730000000,Riverside,Palm Springs Unified,TA,1707,1524,89.3,724,47.5,211,13.8,295,19.4,135,7.9,16,0.9
acgr23-v2.txt,2022_23,2022-23,33,67181,0000000,3367181,33671810000000,33671810000000,Riverside,Palo Verde Unified,TA,291,265,91.1,89,33.6,0,0,51,19.2,23,7.9,1,0.3
acgr23-v2.txt,2022_23,2022-23,33,67207,0000000,3367207,33672070000000,33672070000000,Riverside,Perris Union High,TA,2309,2123,91.9,939,44.2,102,4.8,122,5.7,143,6.2,0,0
acgr23-v2.txt,2022_23,2022-23,33,67215,0000000,3367215,33672150000000,33672150000000,Riverside,Riverside Unified,TA,3122,2888,92.5,1581,54.7,306,10.6,970,33.6,112,3.6,98,3.1
acgr23-v2.txt,2022_23,2022-23,33,67249,0000000,3367249,33672490000000,33672490000000,Riverside,San Jacinto Unified,TA,960,886,92.3,408,46,72,8.1,164,18.5,37,3.9,0,0
acgr23-v2.txt,2022_23,2022-23,33,73676,0000000,3373676,33736760000000,33736760000000,Riverside,Coachella Valley Unified,TA,1360,1073,78.9,457,42.6,139,13,97,9,169,12.4,1,0.1
acgr23-v2.txt,2022_23,2022-23,33,75176,0000000,3375176,33751760000000,33751760000000,Riverside,Lake Elsinore Unified,TA,1670,1564,93.7,516,33,131,8.4,468,29.9,33,2,1,0.1
acgr23-v2.txt,2022_23,2022-23,33,75192,0000000,3375192,33751920000000,33751920000000,Riverside,Temecula Valley Unified,TA,2448,2299,93.9,1661,72.2,273,11.9,1383,60.2,50,2,29,1.2
acgr23-v2.txt,2022_23,2022-23,33,75200,0000000,3375200,33752000000000,33752000000000,Riverside,Murrieta Valley Unified,TA,2031,1964,96.7,1159,59,169,8.6,638,32.5,24,1.2,11,0.5
acgr23-v2.txt,2022_23,2022-23,33,75242,0000000,3375242,33752420000000,33752420000000,Riverside,Val Verde Unified,TA,1686,1570,93.1,933,59.4,121,7.7,473,30.1,81,4.8,9,0.5
acgr23-v2.txt,2022_23,2022-23,34,10348,0000000,3410348,34103480000000,34103480000000,Sacramento,Sacramento County Office of Education,TA,462,141,30.5,22,15.6,0,0,0,0,133,28.8,178,38.5
acgr23-v2.txt,2022_23,2022-23,34,67314,0000000,3467314,34673140000000,34673140000000,Sacramento,Elk Grove Unified,TA,5172,4600,88.9,2664,57.9,354,7.7,2104,45.7,271,5.2,289,5.6
acgr23-v2.txt,2022_23,2022-23,34,67330,0000000,3467330,34673300000000,34673300000000,Sacramento,Folsom-Cordova Unified,TA,1618,1507,93.1,824,54.7,224,14.9,508,33.7,47,2.9,34,2.1
acgr23-v2.txt,2022_23,2022-23,34,67355,0000000,3467355,34673550000000,34673550000000,Sacramento,Galt Joint Union High,TA,535,503,94,192,38.2,64,12.7,133,26.4,16,3,11,2.1
acgr23-v2.txt,2022_23,2022-23,34,67413,0000000,3467413,34674130000000,34674130000000,Sacramento,River Delta Joint Unified,TA,181,173,95.6,86,49.7,28,16.2,53,30.6,4,2.2,3,1.7
acgr23-v2.txt,2022_23,2022-23,34,67421,0000000,3467421,34674210000000,34674210000000,Sacramento,Robla Elementary,TA,146,15,10.3,0,0,0,0,0,0,43,29.5,84,57.5
acgr23-v2.txt,2022_23,2022-23,34,67439,0000000,3467439,34674390000000,34674390000000,Sacramento,Sacramento City Unified,TA,3256,2603,79.9,1286,49.4,387,14.9,1051,40.4,369,11.3,222,6.8
acgr23-v2.txt,2022_23,2022-23,34,67447,0000000,3467447,34674470000000,34674470000000,Sacramento,San Juan Unified,TA,4787,3697,77.2,1481,40.1,335,9.1,1143,30.9,607,12.7,423,8.8
acgr23-v2.txt,2022_23,2022-23,34,73973,0000000,3473973,34739730000000,34739730000000,Sacramento,Center Joint Unified,TA,338,290,85.8,58,20,28,9.7,0,0,16,4.7,25,7.4
acgr23-v2.txt,2022_23,2022-23,34,75283,0000000,3475283,34752830000000,34752830000000,Sacramento,Natomas Unified,TA,1253,1182,94.3,802,67.9,179,15.1,464,39.3,25,2,23,1.8
acgr23-v2.txt,2022_23,2022-23,34,76505,0000000,3476505,34765050000000,34765050000000,Sacramento,Twin Rivers Unified,TA,2525,1812,71.8,593,32.7,131,7.2,248,13.7,600,23.8,81,3.2
acgr23-v2.txt,2022_23,2022-23,35,67538,0000000,3567538,35675380000000,35675380000000,San Benito,San Benito High,TA,851,786,92.4,385,49,113,14.4,316,40.2,54,6.3,0,0
acgr23-v2.txt,2022_23,2022-23,35,75259,0000000,3575259,35752590000000,35752590000000,San Benito,Aromas - San Juan Unified,TA,72,53,73.6,26,49.1,1,1.9,16,30.2,14,19.4,1,1.4
acgr23-v2.txt,2022_23,2022-23,36,10363,0000000,3610363,36103630000000,36103630000000,San Bernardino,San Bernardino County Office of Education,TA,679,444,65.4,97,21.8,5,1.1,97,21.8,142,20.9,83,12.2
acgr23-v2.txt,2022_23,2022-23,36,67587,0000000,3667587,36675870000000,36675870000000,San Bernardino,Adelanto Elementary,TA,88,36,40.9,2,5.6,0,0,0,0,25,28.4,23,26.1
acgr23-v2.txt,2022_23,2022-23,36,67611,0000000,3667611,36676110000000,36676110000000,San Bernardino,Barstow Unified,TA,405,335,82.7,65,19.4,15,4.5,53,15.8,54,13.3,13,3.2
acgr23-v2.txt,2022_23,2022-23,36,67637,0000000,3667637,36676370000000,36676370000000,San Bernardino,Bear Valley Unified,TA,185,159,85.9,48,30.2,8,5,27,17,16,8.6,10,5.4
acgr23-v2.txt,2022_23,2022-23,36,67652,0000000,3667652,36676520000000,36676520000000,San Bernardino,Chaffey Joint Union High,TA,5776,5187,89.8,3411,65.8,672,13,1815,35,544,9.4,3,0.1
acgr23-v2.txt,2022_23,2022-23,36,67678,0000000,3667678,36676780000000,36676780000000,San Bernardino,Chino Valley Unified,TA,2311,2185,94.5,1321,60.5,426,19.5,888,40.6,69,3,10,0.4
acgr23-v2.txt,2022_23,2022-23,36,67686,0000000,3667686,36676860000000,36676860000000,San Bernardino,Colton Joint Unified,TA,1332,1149,86.3,352,30.6,145,12.6,156,13.6,132,9.9,31,2.3
acgr23-v2.txt,2022_23,2022-23,36,67710,0000000,3667710,36677100000000,36677100000000,San Bernardino,Fontana Unified,TA,2855,2607,91.3,1562,59.9,536,20.6,635,24.4,141,4.9,53,1.9
acgr23-v2.txt,2022_23,2022-23,36,67736,0000000,3667736,36677360000000,36677360000000,San Bernardino,Helendale Elementary,TA,465,311,66.9,95,30.5,4,1.3,66,21.2,72,15.5,75,16.1
acgr23-v2.txt,2022_23,2022-23,36,67777,0000000,3667777,36677770000000,36677770000000,San Bernardino,Morongo Unified,TA,488,371,76,90,24.3,7,1.9,71,19.1,112,23,0,0
acgr23-v2.txt,2022_23,2022-23,36,67801,0000000,3667801,36678010000000,36678010000000,San Bernardino,Needles Unified,TA,96,93,96.9,9,9.7,0,0,0,0,3,3.1,0,0
acgr23-v2.txt,2022_23,2022-23,36,67827,0000000,3667827,36678270000000,36678270000000,San Bernardino,Oro Grande,TA,929,709,76.3,33,4.7,11,1.6,24,3.4,212,22.8,4,0.4
acgr23-v2.txt,2022_23,2022-23,36,67843,0000000,3667843,36678430000000,36678430000000,San Bernardino,Redlands Unified,TA,1694,1461,86.2,761,52.1,107,7.3,425,29.1,167,9.9,39,2.3
acgr23-v2.txt,2022_23,2022-23,36,67850,0000000,3667850,36678500000000,36678500000000,San Bernardino,Rialto Unified,TA,2090,1919,91.8,955,49.8,279,14.5,392,20.4,117,5.6,31,1.5
acgr23-v2.txt,2022_23,2022-23,36,67868,0000000,3667868,36678680000000,36678680000000,San Bernardino,Rim of the World Unified,TA,273,231,84.6,85,36.8,6,2.6,66,28.6,42,15.4,0,0
acgr23-v2.txt,2022_23,2022-23,36,67876,0000000,3667876,36678760000000,36678760000000,San Bernardino,San Bernardino City Unified,TA,3975,3265,82.1,1341,41.1,505,15.5,613,18.8,392,9.9,203,5.1
acgr23-v2.txt,2022_23,2022-23,36,67892,0000000,3667892,36678920000000,36678920000000,San Bernardino,Trona Joint Unified,TA,25,15,60,0,0,0,0,0,0,7,28,3,12
acgr23-v2.txt,2022_23,2022-23,36,67934,0000000,3667934,36679340000000,36679340000000,San Bernardino,Victor Valley Union High,TA,2309,1867,80.9,658,35.2,152,8.1,380,20.4,271,11.7,120,5.2
acgr23-v2.txt,2022_23,2022-23,36,67959,0000000,3667959,36679590000000,36679590000000,San Bernardino,Yucaipa-Calimesa Joint Unified,TA,744,688,92.5,299,43.5,49,7.1,211,30.7,47,6.3,0,0
acgr23-v2.txt,2022_23,2022-23,36,73858,0000000,3673858,36738580000000,36738580000000,San Bernardino,Baker Valley Unified,TA,11,10,90.9,10,100,0,0,0,0,1,9.1,0,0
acgr23-v2.txt,2022_23,2022-23,36,73890,0000000,3673890,36738900000000,36738900000000,San Bernardino,Silver Valley Unified,TA,80,76,95,19,25,1,1.3,9,11.8,1,1.3,2,2.5
acgr23-v2.txt,2022_23,2022-23,36,73957,0000000,3673957,36739570000000,36739570000000,San Bernardino,Snowline Joint Unified,TA,609,563,92.4,158,28.1,40,7.1,0,0,44,7.2,0,0
acgr23-v2.txt,2022_23,2022-23,36,75044,0000000,3675044,36750440000000,36750440000000,San Bernardino,Hesperia Unified,TA,2159,1958,90.7,474,24.2,143,7.3,286,14.6,128,5.9,35,1.6
acgr23-v2.txt,2022_23,2022-23,36,75051,0000000,3675051,36750510000000,36750510000000,San Bernardino,Lucerne Valley Unified,TA,1220,567,46.5,76,13.4,4,0.7,118,20.8,185,15.2,456,37.4
acgr23-v2.txt,2022_23,2022-23,36,75069,0000000,3675069,36750690000000,36750690000000,San Bernardino,Upland Unified,TA,847,803,94.8,399,49.7,73,9.1,278,34.6,41,4.8,1,0.1
acgr23-v2.txt,2022_23,2022-23,36,75077,0000000,3675077,36750770000000,36750770000000,San Bernardino,Apple Valley Unified,TA,1144,1040,90.9,431,41.4,70,6.7,288,27.7,64,5.6,24,2.1
acgr23-v2.txt,2022_23,2022-23,37,10371,0000000,3710371,37103710000000,37103710000000,San Diego,San Diego County Office of Education,TA,517,248,48,51,20.6,0,0,35,14.1,96,18.6,152,29.4
acgr23-v2.txt,2022_23,2022-23,37,67983,0000000,3767983,37679830000000,37679830000000,San Diego,Borrego Springs Unified,TA,902,187,20.7,28,15,0,0,1,0.5,225,24.9,479,53.1
acgr23-v2.txt,2022_23,2022-23,37,68023,0000000,3768023,37680230000000,37680230000000,San Diego,Chula Vista Elementary,TA,280,259,92.5,188,72.6,117,45.2,119,45.9,19,6.8,0,0
acgr23-v2.txt,2022_23,2022-23,37,68031,0000000,3768031,37680310000000,37680310000000,San Diego,Coronado Unified,TA,268,257,95.9,184,71.6,50,19.5,144,56,6,2.2,0,0
acgr23-v2.txt,2022_23,2022-23,37,68049,0000000,3768049,37680490000000,37680490000000,San Diego,Dehesa Elementary,TA,489,360,73.6,97,26.9,7,1.9,110,30.6,39,8,79,16.2
acgr23-v2.txt,2022_23,2022-23,37,68106,0000000,3768106,37681060000000,37681060000000,San Diego,Escondido Union High,TA,2398,2110,88,1079,51.1,235,11.1,986,46.7,168,7,63,2.6
acgr23-v2.txt,2022_23,2022-23,37,68122,0000000,3768122,37681220000000,37681220000000,San Diego,Fallbrook Union High,TA,510,451,88.4,217,48.1,65,14.4,136,30.2,42,8.2,8,1.6
acgr23-v2.txt,2022_23,2022-23,37,68130,0000000,3768130,37681300000000,37681300000000,San Diego,Grossmont Union High,TA,5089,4357,85.6,2456,56.4,251,5.8,1443,33.1,605,11.9,15,0.3
acgr23-v2.txt,2022_23,2022-23,37,68155,0000000,3768155,37681550000000,37681550000000,San Diego,Jamul-Dulzura Union Elementary,TA,NA,NA,NA,NA,NA,NA,NA,NA,NA,NA,NA,NA,NA
acgr23-v2.txt,2022_23,2022-23,37,68163,0000000,3768163,37681630000000,37681630000000,San Diego,Julian Union Elementary,TA,224,57,25.4,3,5.3,1,1.8,5,8.8,71,31.7,88,39.3
acgr23-v2.txt,2022_23,2022-23,37,68171,0000000,3768171,37681710000000,37681710000000,San Diego,Julian Union High,TA,19,16,84.2,6,37.5,0,0,6,37.5,0,0,0,0
acgr23-v2.txt,2022_23,2022-23,37,68189,0000000,3768189,37681890000000,37681890000000,San Diego,Lakeside Union Elementary,TA,49,40,81.6,0,0,8,20,23,57.5,8,16.3,0,0
acgr23-v2.txt,2022_23,2022-23,37,68213,0000000,3768213,37682130000000,37682130000000,San Diego,Mountain Empire Unified,TA,431,332,77,82,24.7,6,1.8,95,28.6,35,8.1,48,11.1
acgr23-v2.txt,2022_23,2022-23,37,68296,0000000,3768296,37682960000000,37682960000000,San Diego,Poway Unified,TA,2910,2705,93,1971,72.9,333,12.3,1782,65.9,60,2.1,88,3
acgr23-v2.txt,2022_23,2022-23,37,68304,0000000,3768304,37683040000000,37683040000000,San Diego,Ramona City Unified,TA,450,404,89.8,147,36.4,14,3.5,81,20,23,5.1,4,0.9
acgr23-v2.txt,2022_23,2022-23,37,68338,0000000,3768338,37683380000000,37683380000000,San Diego,San Diego Unified,TA,8693,7570,87.1,5369,70.9,572,7.6,3973,52.5,409,4.7,381,4.4
acgr23-v2.txt,2022_23,2022-23,37,68346,0000000,3768346,37683460000000,37683460000000,San Diego,San Dieguito Union High,TA,2279,2195,96.3,1813,82.6,690,31.4,1761,80.2,41,1.8,17,0.7
acgr23-v2.txt,2022_23,2022-23,37,68403,0000000,3768403,37684030000000,37684030000000,San Diego,Spencer Valley Elementary,TA,409,297,72.6,53,17.8,2,0.7,50,16.8,108,26.4,0,0
acgr23-v2.txt,2022_23,2022-23,37,68411,0000000,3768411,37684110000000,37684110000000,San Diego,Sweetwater Union High,TA,7047,6172,87.6,3143,50.9,712,11.5,1976,32,417,5.9,308,4.4
acgr23-v2.txt,2022_23,2022-23,37,68452,0000000,3768452,37684520000000,37684520000000,San Diego,Vista Unified,TA,2088,1502,71.9,664,44.2,100,6.7,200,13.3,471,22.6,65,3.1
acgr23-v2.txt,2022_23,2022-23,37,73551,0000000,3773551,37735510000000,37735510000000,San Diego,Carlsbad Unified,TA,955,878,91.9,703,80.1,175,19.9,436,49.7,41,4.3,13,1.4
acgr23-v2.txt,2022_23,2022-23,37,73569,0000000,3773569,37735690000000,37735690000000,San Diego,Oceanside Unified,TA,1622,1354,83.5,581,42.9,84,6.2,261,19.3,182,11.2,43,2.7
acgr23-v2.txt,2022_23,2022-23,37,73791,0000000,3773791,37737910000000,37737910000000,San Diego,San Marcos Unified,TA,1715,1617,94.3,1105,68.3,61,3.8,936,57.9,65,3.8,15,0.9
acgr23-v2.txt,2022_23,2022-23,37,75416,0000000,3775416,37754160000000,37754160000000,San Diego,Warner Unified,TA,284,148,52.1,44,29.7,3,2,14,9.5,67,23.6,53,18.7
acgr23-v2.txt,2022_23,2022-23,37,75614,0000000,3775614,37756140000000,37756140000000,San Diego,Valley Center-Pauma Unified,TA,347,324,93.4,0,0,13,4,18,5.6,16,4.6,4,1.2
acgr23-v2.txt,2022_23,2022-23,37,76471,0000000,3776471,37764710000000,37764710000000,San Diego,SBC - High Tech High,TA,335,329,98.2,325,98.8,35,10.6,186,56.5,0,0,5,1.5
acgr23-v2.txt,2022_23,2022-23,37,76851,0000000,3776851,37768510000000,37768510000000,San Diego,Bonsall Unified,TA,60,42,70,23,54.8,0,0,0,0,14,23.3,0,0
acgr23-v2.txt,2022_23,2022-23,37,77099,0000000,3777099,37770990000000,37770990000000,San Diego,SBE - Grossmont Secondary,TA,115,69,60,12,17.4,0,0,3,4.3,3,2.6,24,20.9
acgr23-v2.txt,2022_23,2022-23,37,77107,0000000,3777107,37771070000000,37771070000000,San Diego,SBE - Sweetwater Secondary,TA,134,83,61.9,15,18.1,0,0,5,6,9,6.7,24,17.9
acgr23-v2.txt,2022_23,2022-23,37,77156,0000000,3777156,37771560000000,37771560000000,San Diego,SBE - Vista Springs Charter,TA,NA,NA,NA,NA,NA,NA,NA,NA,NA,NA,NA,NA,NA
acgr23-v2.txt,2022_23,2022-23,38,10389,0000000,3810389,38103890000000,38103890000000,San Francisco,San Francisco County Office of Education,TA,116,46,39.7,1,2.2,0,0,4,8.7,43,37.1,27,23.3
acgr23-v2.txt,2022_23,2022-23,38,68478,0000000,3868478,38684780000000,38684780000000,San Francisco,San Francisco Unified,TA,5832,3938,67.5,2757,70,35,0.9,1787,45.4,1664,28.5,165,2.8
acgr23-v2.txt,2022_23,2022-23,39,10397,0000000,3910397,39103970000000,39103970000000,San Joaquin,San Joaquin County Office of Education,TA,1156,461,39.9,52,11.3,17,3.7,40,8.7,345,29.8,347,30
acgr23-v2.txt,2022_23,2022-23,39,68502,0000000,3968502,39685020000000,39685020000000,San Joaquin,Escalon Unified,TA,204,190,93.1,68,35.8,1,0.5,0,0,8,3.9,5,2.5
acgr23-v2.txt,2022_23,2022-23,39,68569,0000000,3968569,39685690000000,39685690000000,San Joaquin,Lincoln Unified,TA,730,672,92.1,292,43.5,54,8,160,23.8,42,5.8,7,1
acgr23-v2.txt,2022_23,2022-23,39,68577,0000000,3968577,39685770000000,39685770000000,San Joaquin,Linden Unified,TA,191,189,99,93,49.2,20,10.6,27,14.3,2,1,0,0
acgr23-v2.txt,2022_23,2022-23,39,68585,0000000,3968585,39685850000000,39685850000000,San Joaquin,Lodi Unified,TA,2250,1964,87.3,648,33,79,4,559,28.5,157,7,70,3.1
acgr23-v2.txt,2022_23,2022-23,39,68593,0000000,3968593,39685930000000,39685930000000,San Joaquin,Manteca Unified,TA,2033,1861,91.5,574,30.8,146,7.8,360,19.3,90,4.4,54,2.7
acgr23-v2.txt,2022_23,2022-23,39,68627,0000000,3968627,39686270000000,39686270000000,San Joaquin,New Jerusalem Elementary,TA,742,539,72.6,103,19.1,0,0,42,7.8,152,20.5,40,5.4
acgr23-v2.txt,2022_23,2022-23,39,68650,0000000,3968650,39686500000000,39686500000000,San Joaquin,Ripon Unified,TA,466,401,86.1,182,45.4,51,12.7,102,25.4,60,12.9,1,0.2
acgr23-v2.txt,2022_23,2022-23,39,68676,0000000,3968676,39686760000000,39686760000000,San Joaquin,Stockton Unified,TA,3134,2532,80.8,875,34.6,345,13.6,432,17.1,458,14.6,93,3
acgr23-v2.txt,2022_23,2022-23,39,75499,0000000,3975499,39754990000000,39754990000000,San Joaquin,Tracy Joint Unified,TA,1614,1411,87.4,533,37.8,120,8.5,54,3.8,152,9.4,24,1.5
acgr23-v2.txt,2022_23,2022-23,39,76760,0000000,3976760,39767600000000,39767600000000,San Joaquin,Lammersville Joint Unified,TA,471,467,99.2,343,73.4,31,6.6,349,74.7,0,0,0,0
acgr23-v2.txt,2022_23,2022-23,40,10405,0000000,4010405,40104050000000,40104050000000,San Luis Obispo,San Luis Obispo County Office of Education,TA,204,163,79.9,0,0,0,0,0,0,20,9.8,11,5.4
acgr23-v2.txt,2022_23,2022-23,40,68700,0000000,4068700,40687000000000,40687000000000,San Luis Obispo,Atascadero Unified,TA,360,323,89.7,89,27.6,24,7.4,68,21.1,32,8.9,0,0
acgr23-v2.txt,2022_23,2022-23,40,68759,0000000,4068759,40687590000000,40687590000000,San Luis Obispo,Lucia Mar Unified,TA,829,770,92.9,302,39.2,41,5.3,260,33.8,32,3.9,7,0.8
acgr23-v2.txt,2022_23,2022-23,40,68809,0000000,4068809,40688090000000,40688090000000,San Luis Obispo,San Luis Coastal Unified,TA,641,605,94.4,349,57.7,68,11.2,295,48.8,20,3.1,10,1.6
acgr23-v2.txt,2022_23,2022-23,40,68833,0000000,4068833,40688330000000,40688330000000,San Luis Obispo,Shandon Joint Unified,TA,19,16,84.2,0,0,0,0,0,0,3,15.8,0,0
acgr23-v2.txt,2022_23,2022-23,40,68841,0000000,4068841,40688410000000,40688410000000,San Luis Obispo,Templeton Unified,TA,213,200,93.9,111,55.5,0,0,0,0,5,2.3,0,0
acgr23-v2.txt,2022_23,2022-23,40,75457,0000000,4075457,40754570000000,40754570000000,San Luis Obispo,Paso Robles Joint Unified,TA,569,495,87,120,24.2,42,8.5,126,25.5,41,7.2,21,3.7
acgr23-v2.txt,2022_23,2022-23,40,75465,0000000,4075465,40754650000000,40754650000000,San Luis Obispo,Coast Unified,TA,42,39,92.9,24,61.5,7,17.9,14,35.9,3,7.1,0,0
acgr23-v2.txt,2022_23,2022-23,41,10413,0000000,4110413,41104130000000,41104130000000,San Mateo,San Mateo County Office of Education,TA,49,31,63.3,19,61.3,0,0,0,0,15,30.6,1,2
acgr23-v2.txt,2022_23,2022-23,41,68890,0000000,4168890,41688900000000,41688900000000,San Mateo,Cabrillo Unified,TA,269,233,86.6,0,0,21,9,103,44.2,27,10,1,0.4
acgr23-v2.txt,2022_23,2022-23,41,68916,0000000,4168916,41689160000000,41689160000000,San Mateo,Jefferson Elementary,TA,102,78,76.5,32,41,1,1.3,23,29.5,22,21.6,0,0
acgr23-v2.txt,2022_23,2022-23,41,68924,0000000,4168924,41689240000000,41689240000000,San Mateo,Jefferson Union High,TA,1133,1019,89.9,608,59.7,32,3.1,394,38.7,54,4.8,22,1.9
acgr23-v2.txt,2022_23,2022-23,41,68940,0000000,4168940,41689400000000,41689400000000,San Mateo,La Honda-Pescadero Unified,TA,19,16,84.2,9,56.3,2,12.5,3,18.8,0,0,1,5.3
acgr23-v2.txt,2022_23,2022-23,41,69047,0000000,4169047,41690470000000,41690470000000,San Mateo,San Mateo Union High,TA,2491,2280,91.5,1573,69,390,17.1,1352,59.3,168,6.7,0,0
acgr23-v2.txt,2022_23,2022-23,41,69062,0000000,4169062,41690620000000,41690620000000,San Mateo,Sequoia Union High,TA,2476,2259,91.2,1542,68.3,567,25.1,840,37.2,182,7.4,5,0.2
acgr23-v2.txt,2022_23,2022-23,41,69070,0000000,4169070,41690700000000,41690700000000,San Mateo,South San Francisco Unified,TA,657,582,88.6,316,54.3,36,6.2,275,47.3,42,6.4,19,2.9
acgr23-v2.txt,2022_23,2022-23,42,10421,0000000,4210421,42104210000000,42104210000000,Santa Barbara,Santa Barbara County Office of Education,TA,21,7,33.3,0,0,0,0,0,0,10,47.6,3,14.3
acgr23-v2.txt,2022_23,2022-23,42,69112,0000000,4269112,42691120000000,42691120000000,Santa Barbara,Blochman Union Elementary,TA,109,98,89.9,0,0,0,0,23,23.5,9,8.3,0,0
acgr23-v2.txt,2022_23,2022-23,42,69146,0000000,4269146,42691460000000,42691460000000,Santa Barbara,Carpinteria Unified,TA,165,155,93.9,92,59.4,20,12.9,84,54.2,3,1.8,1,0.6
acgr23-v2.txt,2022_23,2022-23,42,69229,0000000,4269229,42692290000000,42692290000000,Santa Barbara,Lompoc Unified,TA,720,655,91,197,30.1,14,2.1,127,19.4,30,4.2,20,2.8
acgr23-v2.txt,2022_23,2022-23,42,69260,0000000,4269260,42692600000000,42692600000000,Santa Barbara,Orcutt Union Elementary,TA,153,150,98,100,66.7,0,0,0,0,3,2,0,0
acgr23-v2.txt,2022_23,2022-23,42,69310,0000000,4269310,42693100000000,42693100000000,Santa Barbara,Santa Maria Joint Union High,TA,2347,2191,93.4,781,35.6,190,8.7,439,20,95,4,48,2
acgr23-v2.txt,2022_23,2022-23,42,69328,0000000,4269328,42693280000000,42693280000000,Santa Barbara,Santa Ynez Valley Union High,TA,187,174,93,79,45.4,17,9.8,39,22.4,5,2.7,6,3.2
acgr23-v2.txt,2022_23,2022-23,42,75010,0000000,4275010,42750100000000,42750100000000,Santa Barbara,Cuyama Joint Unified,TA,25,25,100,3,12,1,4,4,16,0,0,0,0
acgr23-v2.txt,2022_23,2022-23,42,76786,0000000,4276786,42767860000000,42767860000000,Santa Barbara,Santa Barbara Unified,TA,1649,1516,91.9,955,63,174,11.5,973,64.2,62,3.8,65,3.9
acgr23-v2.txt,2022_23,2022-23,42,77198,0000000,4277198,42771980000000,42771980000000,Santa Barbara,SBE - Olive Grove Charter - Orcutt/Santa Maria,TA,43,26,60.5,2,7.7,0,0,4,15.4,9,20.9,7,16.3
acgr23-v2.txt,2022_23,2022-23,42,77206,0000000,4277206,42772060000000,42772060000000,Santa Barbara,SBE - Olive Grove Charter - Lompoc,TA,24,10,41.7,0,0,0,0,2,20,7,29.2,7,29.2
acgr23-v2.txt,2022_23,2022-23,42,77214,0000000,4277214,42772140000000,42772140000000,Santa Barbara,SBE - Olive Grove Charter - Buellton,TA,NA,NA,NA,NA,NA,NA,NA,NA,NA,NA,NA,NA,NA
acgr23-v2.txt,2022_23,2022-23,42,77222,0000000,4277222,42772220000000,42772220000000,Santa Barbara,SBE - Olive Grove Charter - Santa Barbara,TA,32,22,68.8,2,9.1,0,0,1,4.5,6,18.8,4,12.5
acgr23-v2.txt,2022_23,2022-23,43,10439,0000000,4310439,43104390000000,43104390000000,Santa Clara,Santa Clara County Office of Education,TA,640,399,62.3,310,77.7,51,12.8,148,37.1,79,12.3,110,17.2
acgr23-v2.txt,2022_23,2022-23,43,69401,0000000,4369401,43694010000000,43694010000000,Santa Clara,Campbell Union High,TA,2120,1963,92.6,1293,65.9,290,14.8,730,37.2,63,3,25,1.2
acgr23-v2.txt,2022_23,2022-23,43,69427,0000000,4369427,43694270000000,43694270000000,Santa Clara,East Side Union High,TA,6757,5255,77.8,2872,54.7,679,12.9,2037,38.8,1029,15.2,365,5.4
acgr23-v2.txt,2022_23,2022-23,43,69468,0000000,4369468,43694680000000,43694680000000,Santa Clara,Fremont Union High,TA,2669,2550,95.5,2129,83.5,1017,39.9,1881,73.8,76,2.8,24,0.9
acgr23-v2.txt,2022_23,2022-23,43,69484,0000000,4369484,43694840000000,43694840000000,Santa Clara,Gilroy Unified,TA,945,848,89.7,395,46.6,72,8.5,292,34.4,50,5.3,22,2.3
acgr23-v2.txt,2022_23,2022-23,43,69534,0000000,4369534,43695340000000,43695340000000,Santa Clara,Los Gatos-Saratoga Union High,TA,860,833,96.9,712,85.5,261,31.3,574,68.9,15,1.7,0,0
acgr23-v2.txt,2022_23,2022-23,43,69583,0000000,4369583,43695830000000,43695830000000,Santa Clara,Morgan Hill Unified,TA,713,662,92.8,365,55.1,42,6.3,179,27,20,2.8,13,1.8
acgr23-v2.txt,2022_23,2022-23,43,69609,0000000,4369609,43696090000000,43696090000000,Santa Clara,Mountain View-Los Altos Union High,TA,1187,1115,93.9,880,78.9,356,31.9,756,67.8,39,3.3,29,2.4
acgr23-v2.txt,2022_23,2022-23,43,69641,0000000,4369641,43696410000000,43696410000000,Santa Clara,Palo Alto Unified,TA,1044,1014,97.1,935,92.2,411,40.5,673,66.4,24,2.3,0,0
acgr23-v2.txt,2022_23,2022-23,43,69666,0000000,4369666,43696660000000,43696660000000,Santa Clara,San Jose Unified,TA,2423,2183,90.1,1168,53.5,257,11.8,728,33.3,220,9.1,4,0.2
acgr23-v2.txt,2022_23,2022-23,43,69674,0000000,4369674,43696740000000,43696740000000,Santa Clara,Santa Clara Unified,TA,1126,1004,89.2,533,53.1,2,0.2,197,19.6,96,8.5,1,0.1
acgr23-v2.txt,2022_23,2022-23,43,73387,0000000,4373387,43733870000000,43733870000000,Santa Clara,Milpitas Unified,TA,786,734,93.4,435,59.3,45,6.1,6,0.8,41,5.2,2,0.3
acgr23-v2.txt,2022_23,2022-23,43,77149,0000000,4377149,43771490000000,43771490000000,Santa Clara,SBE - KIPP Navigate College Prep,TA,75,67,89.3,67,100,0,0,0,0,7,9.3,1,1.3
acgr23-v2.txt,2022_23,2022-23,44,10447,0000000,4410447,44104470000000,44104470000000,Santa Cruz,Santa Cruz County Office of Education,TA,557,364,65.4,116,31.9,17,4.7,63,17.3,188,33.8,0,0
acgr23-v2.txt,2022_23,2022-23,44,69799,0000000,4469799,44697990000000,44697990000000,Santa Cruz,Pajaro Valley Unified,TA,1346,1200,89.2,527,43.9,106,8.8,113,9.4,75,5.6,40,3
acgr23-v2.txt,2022_23,2022-23,44,69807,0000000,4469807,44698070000000,44698070000000,Santa Cruz,San Lorenzo Valley Unified,TA,322,292,90.7,146,50,19,6.5,149,51,11,3.4,14,4.3
acgr23-v2.txt,2022_23,2022-23,44,69823,0000000,4469823,44698230000000,44698230000000,Santa Cruz,Santa Cruz City High,TA,802,746,93,438,58.7,99,13.3,259,34.7,45,5.6,0,0
acgr23-v2.txt,2022_23,2022-23,44,75432,0000000,4475432,44754320000000,44754320000000,Santa Cruz,Scotts Valley Unified,TA,239,214,89.5,144,67.3,9,4.2,87,40.7,22,9.2,0,0
acgr23-v2.txt,2022_23,2022-23,45,10454,0000000,4510454,45104540000000,45104540000000,Shasta,Shasta County Office of Education,TA,84,66,78.6,0,0,0,0,0,0,15,17.9,2,2.4
acgr23-v2.txt,2022_23,2022-23,45,69856,0000000,4569856,45698560000000,45698560000000,Shasta,Anderson Union High,TA,376,314,83.5,108,34.4,3,1,69,22,38,10.1,4,1.1
acgr23-v2.txt,2022_23,2022-23,45,69948,0000000,4569948,45699480000000,45699480000000,Shasta,Columbia Elementary,TA,70,68,97.1,3,4.4,0,0,8,11.8,1,1.4,1,1.4
acgr23-v2.txt,2022_23,2022-23,45,69971,0000000,4569971,45699710000000,45699710000000,Shasta,Enterprise Elementary,TA,35,34,97.1,4,11.8,0,0,9,26.5,1,2.9,0,0
acgr23-v2.txt,2022_23,2022-23,45,69989,0000000,4569989,45699890000000,45699890000000,Shasta,Fall River Joint Unified,TA,93,83,89.2,27,32.5,0,0,0,0,9,9.7,0,0
acgr23-v2.txt,2022_23,2022-23,45,70110,0000000,4570110,45701100000000,45701100000000,Shasta,Redding Elementary,TA,NA,NA,NA,NA,NA,NA,NA,NA,NA,NA,NA,NA,NA
acgr23-v2.txt,2022_23,2022-23,45,70136,0000000,4570136,45701360000000,45701360000000,Shasta,Shasta Union High,TA,1211,1099,90.8,414,37.7,5,0.5,343,31.2,48,4,7,0.6
acgr23-v2.txt,2022_23,2022-23,45,70169,0000000,4570169,45701690000000,45701690000000,Shasta,Whitmore Union Elementary,TA,NA,NA,NA,NA,NA,NA,NA,NA,NA,NA,NA,NA,NA
acgr23-v2.txt,2022_23,2022-23,45,75267,0000000,4575267,45752670000000,45752670000000,Shasta,Gateway Unified,TA,210,158,75.2,58,36.7,1,0.6,36,22.8,38,18.1,1,0.5
acgr23-v2.txt,2022_23,2022-23,46,70177,0000000,4670177,46701770000000,46701770000000,Sierra,Sierra-Plumas Joint Unified,TA,29,28,96.6,17,60.7,3,10.7,11,39.3,0,0,0,0
acgr23-v2.txt,2022_23,2022-23,47,10470,0000000,4710470,47104700000000,47104700000000,Siskiyou,Siskiyou County Office of Education,TA,67,53,79.1,9,17,0,0,13,24.5,11,16.4,0,0
acgr23-v2.txt,2022_23,2022-23,47,70250,0000000,4770250,47702500000000,47702500000000,Siskiyou,Dunsmuir Joint Union High,TA,15,10,66.7,0,0,0,0,0,0,4,26.7,0,0
acgr23-v2.txt,2022_23,2022-23,47,70466,0000000,4770466,47704660000000,47704660000000,Siskiyou,Siskiyou Union High,TA,129,116,89.9,32,27.6,0,0,0,0,11,8.5,0,0
acgr23-v2.txt,2022_23,2022-23,47,70516,0000000,4770516,47705160000000,47705160000000,Siskiyou,Yreka Union High,TA,191,172,90.1,49,28.5,0,0,0,0,7,3.7,0,0
acgr23-v2.txt,2022_23,2022-23,47,73684,0000000,4773684,47736840000000,47736840000000,Siskiyou,Butte Valley Unified,TA,12,10,83.3,1,10,0,0,0,0,1,8.3,0,0
acgr23-v2.txt,2022_23,2022-23,47,76455,0000000,4776455,47764550000000,47764550000000,Siskiyou,Scott Valley Unified,TA,54,50,92.6,17,34,8,16,14,28,3,5.6,0,0
acgr23-v2.txt,2022_23,2022-23,48,10488,0000000,4810488,48104880000000,48104880000000,Solano,Solano County Office of Education,TA,71,31,43.7,0,0,0,0,0,0,19,26.8,8,11.3
acgr23-v2.txt,2022_23,2022-23,48,70524,0000000,4870524,48705240000000,48705240000000,Solano,Benicia Unified,TA,400,381,95.3,204,53.5,12,3.1,166,43.6,3,0.8,5,1.3
acgr23-v2.txt,2022_23,2022-23,48,70532,0000000,4870532,48705320000000,48705320000000,Solano,Dixon Unified,TA,272,238,87.5,99,41.6,0,0,0,0,26,9.6,8,2.9
acgr23-v2.txt,2022_23,2022-23,48,70540,0000000,4870540,48705400000000,48705400000000,Solano,Fairfield-Suisun Unified,TA,1579,1341,84.9,528,39.4,85,6.3,397,29.6,154,9.8,12,0.8
acgr23-v2.txt,2022_23,2022-23,48,70565,0000000,4870565,48705650000000,48705650000000,Solano,Travis Unified,TA,448,443,98.9,197,44.5,39,8.8,145,32.7,2,0.4,0,0
acgr23-v2.txt,2022_23,2022-23,48,70573,0000000,4870573,48705730000000,48705730000000,Solano,Vacaville Unified,TA,1095,972,88.8,480,49.4,73,7.5,152,15.6,113,10.3,0,0
acgr23-v2.txt,2022_23,2022-23,48,70581,0000000,4870581,48705810000000,48705810000000,Solano,Vallejo City Unified,TA,935,750,80.2,242,32.3,15,2,25,3.3,163,17.4,2,0.2
acgr23-v2.txt,2022_23,2022-23,49,10496,0000000,4910496,49104960000000,49104960000000,Sonoma,Sonoma County Office of Education,TA,36,15,41.7,0,0,0,0,0,0,18,50,3,8.3
acgr23-v2.txt,2022_23,2022-23,49,70607,0000000,4970607,49706070000000,49706070000000,Sonoma,West Sonoma County Union High,TA,412,390,94.7,190,48.7,34,8.7,165,42.3,10,2.4,0,0
acgr23-v2.txt,2022_23,2022-23,49,70656,0000000,4970656,49706560000000,49706560000000,Sonoma,Cloverdale Unified,TA,103,97,94.2,0,0,14,14.4,28,28.9,5,4.9,0,0
acgr23-v2.txt,2022_23,2022-23,49,70706,0000000,4970706,49707060000000,49707060000000,Sonoma,Geyserville Unified,TA,20,19,95,0,0,0,0,0,0,1,5,0,0
acgr23-v2.txt,2022_23,2022-23,49,70722,0000000,4970722,49707220000000,49707220000000,Sonoma,Guerneville Elementary,TA,21,19,90.5,6,31.6,0,0,0,0,2,9.5,0,0
acgr23-v2.txt,2022_23,2022-23,49,70730,0000000,4970730,49707300000000,49707300000000,Sonoma,Harmony Union Elementary,TA,36,31,86.1,3,9.7,0,0,3,9.7,5,13.9,0,0
acgr23-v2.txt,2022_23,2022-23,49,70797,0000000,4970797,49707970000000,49707970000000,Sonoma,Liberty Elementary,TA,103,69,67,16,23.2,0,0,12,17.4,30,29.1,1,1
acgr23-v2.txt,2022_23,2022-23,49,70839,0000000,4970839,49708390000000,49708390000000,Sonoma,Oak Grove Union Elementary,TA,119,51,42.9,10,19.6,0,0,6,11.8,65,54.6,0,0
acgr23-v2.txt,2022_23,2022-23,49,70854,0000000,4970854,49708540000000,49708540000000,Sonoma,Petaluma City Elementary,TA,15,6,40,0,0,0,0,0,0,4,26.7,0,0
acgr23-v2.txt,2022_23,2022-23,49,70862,0000000,4970862,49708620000000,49708620000000,Sonoma,Petaluma Joint Union High,TA,801,720,89.9,345,47.9,131,18.2,281,39,66,8.2,0,0
acgr23-v2.txt,2022_23,2022-23,49,70870,0000000,4970870,49708700000000,49708700000000,Sonoma,Piner-Olivet Union Elementary,TA,17,15,88.2,5,33.3,0,0,0,0,2,11.8,0,0
acgr23-v2.txt,2022_23,2022-23,49,70904,0000000,4970904,49709040000000,49709040000000,Sonoma,Roseland,TA,217,210,96.8,137,65.2,67,31.9,68,32.4,6,2.8,1,0.5
acgr23-v2.txt,2022_23,2022-23,49,70920,0000000,4970920,49709200000000,49709200000000,Sonoma,Santa Rosa High,TA,1888,1559,82.6,527,33.8,325,20.8,325,20.8,236,12.5,43,2.3
acgr23-v2.txt,2022_23,2022-23,49,70953,0000000,4970953,49709530000000,49709530000000,Sonoma,Sonoma Valley Unified,TA,315,293,93,133,45.4,34,11.6,91,31.1,3,1,5,1.6
acgr23-v2.txt,2022_23,2022-23,49,70961,0000000,4970961,49709610000000,49709610000000,Sonoma,Twin Hills Union Elementary,TA,27,24,88.9,9,37.5,0,0,0,0,3,11.1,0,0
acgr23-v2.txt,2022_23,2022-23,49,73882,0000000,4973882,49738820000000,49738820000000,Sonoma,Cotati-Rohnert Park Unified,TA,592,533,90,315,59.1,29,5.4,189,35.5,44,7.4,3,0.5
acgr23-v2.txt,2022_23,2022-23,49,75358,0000000,4975358,49753580000000,49753580000000,Sonoma,Windsor Unified,TA,400,380,95,128,33.7,42,11.1,94,24.7,16,4,0,0
acgr23-v2.txt,2022_23,2022-23,49,75390,0000000,4975390,49753900000000,49753900000000,Sonoma,Healdsburg Unified,TA,159,150,94.3,85,56.7,18,12,44,29.3,4,2.5,3,1.9
acgr23-v2.txt,2022_23,2022-23,50,10504,0000000,5010504,50105040000000,50105040000000,Stanislaus,Stanislaus County Office of Education,TA,274,87,31.8,6,6.9,0,0,0,0,110,40.1,70,25.5
acgr23-v2.txt,2022_23,2022-23,50,71043,0000000,5071043,50710430000000,50710430000000,Stanislaus,Ceres Unified,TA,1114,1015,91.1,442,43.5,81,8,179,17.6,79,7.1,0,0
acgr23-v2.txt,2022_23,2022-23,50,71068,0000000,5071068,50710680000000,50710680000000,Stanislaus,Denair Unified,TA,137,102,74.5,57,55.9,3,2.9,19,18.6,21,15.3,8,5.8
acgr23-v2.txt,2022_23,2022-23,50,71092,0000000,5071092,50710920000000,50710920000000,Stanislaus,Hart-Ransom Union Elementary,TA,31,29,93.5,2,6.9,0,0,0,0,2,6.5,0,0
acgr23-v2.txt,2022_23,2022-23,50,71134,0000000,5071134,50711340000000,50711340000000,Stanislaus,Keyes Union,TA,19,17,89.5,7,41.2,0,0,6,35.3,1,5.3,0,0
acgr23-v2.txt,2022_23,2022-23,50,71167,0000000,5071167,50711670000000,50711670000000,Stanislaus,Modesto City Elementary,TA,77,69,89.6,10,14.5,0,0,6,8.7,4,5.2,4,5.2
acgr23-v2.txt,2022_23,2022-23,50,71175,0000000,5071175,50711750000000,50711750000000,Stanislaus,Modesto City High,TA,3898,3508,90,1312,37.4,201,5.7,990,28.2,157,4,60,1.5
acgr23-v2.txt,2022_23,2022-23,50,71217,0000000,5071217,50712170000000,50712170000000,Stanislaus,Patterson Joint Unified,TA,530,456,86,91,20,32,7,110,24.1,41,7.7,12,2.3
acgr23-v2.txt,2022_23,2022-23,50,73601,0000000,5073601,50736010000000,50736010000000,Stanislaus,Newman-Crows Landing Unified,TA,266,250,94,118,47.2,40,16,62,24.8,8,3,4,1.5
acgr23-v2.txt,2022_23,2022-23,50,75549,0000000,5075549,50755490000000,50755490000000,Stanislaus,Hughson Unified,TA,203,196,96.6,54,27.6,7,3.6,62,31.6,6,3,1,0.5
acgr23-v2.txt,2022_23,2022-23,50,75556,0000000,5075556,50755560000000,50755560000000,Stanislaus,Riverbank Unified,TA,193,181,93.8,38,21,10,5.5,30,16.6,11,5.7,1,0.5
acgr23-v2.txt,2022_23,2022-23,50,75564,0000000,5075564,50755640000000,50755640000000,Stanislaus,Oakdale Joint Unified,TA,464,438,94.4,94,21.5,6,1.4,89,20.3,17,3.7,2,0.4
acgr23-v2.txt,2022_23,2022-23,50,75572,0000000,5075572,50755720000000,50755720000000,Stanislaus,Waterford Unified,TA,249,225,90.4,44,19.6,23,10.2,41,18.2,8,3.2,6,2.4
acgr23-v2.txt,2022_23,2022-23,50,75739,0000000,5075739,50757390000000,50757390000000,Stanislaus,Turlock Unified,TA,1308,1223,93.5,530,43.3,109,8.9,387,31.6,61,4.7,4,0.3
acgr23-v2.txt,2022_23,2022-23,51,10512,0000000,5110512,51105120000000,51105120000000,Sutter,Sutter County Office of Education,TA,46,12,26.1,1,8.3,0,0,0,0,17,37,3,6.5
acgr23-v2.txt,2022_23,2022-23,51,71373,0000000,5171373,51713730000000,51713730000000,Sutter,East Nicolaus Joint Union High,TA,92,88,95.7,35,39.8,5,5.7,26,29.5,4,4.3,0,0
acgr23-v2.txt,2022_23,2022-23,51,71399,0000000,5171399,51713990000000,51713990000000,Sutter,Live Oak Unified,TA,171,159,93,60,37.7,9,5.7,39,24.5,1,0.6,4,2.3
acgr23-v2.txt,2022_23,2022-23,51,71407,0000000,5171407,51714070000000,51714070000000,Sutter,Marcum-Illinois Union Elementary,TA,170,145,85.3,22,15.2,8,5.5,61,42.1,10,5.9,15,8.8
acgr23-v2.txt,2022_23,2022-23,51,71415,0000000,5171415,51714150000000,51714150000000,Sutter,Meridian Elementary,TA,128,96,75,26,27.1,0,0,19,19.8,27,21.1,1,0.8
acgr23-v2.txt,2022_23,2022-23,51,71423,0000000,5171423,51714230000000,51714230000000,Sutter,Nuestro Elementary,TA,18,18,100,4,22.2,0,0,0,0,0,0,0,0
acgr23-v2.txt,2022_23,2022-23,51,71449,0000000,5171449,51714490000000,51714490000000,Sutter,Sutter Union High,TA,229,223,97.4,98,43.9,46,20.6,77,34.5,6,2.6,0,0
acgr23-v2.txt,2022_23,2022-23,51,71456,0000000,5171456,51714560000000,51714560000000,Sutter,Winship-Robbins,TA,108,97,89.8,34,35.1,3,3.1,37,38.1,6,5.6,3,2.8
acgr23-v2.txt,2022_23,2022-23,51,71464,0000000,5171464,51714640000000,51714640000000,Sutter,Yuba City Unified,TA,1015,829,81.7,343,41.4,108,13,332,40,118,11.6,31,3.1
acgr23-v2.txt,2022_23,2022-23,52,10520,0000000,5210520,52105200000000,52105200000000,Tehama,Tehama County Department of Education,TA,56,42,75,0,0,0,0,0,0,4,7.1,2,3.6
acgr23-v2.txt,2022_23,2022-23,52,71506,0000000,5271506,52715060000000,52715060000000,Tehama,Corning Union High,TA,302,287,95,52,18.1,21,7.3,78,27.2,10,3.3,0,0
acgr23-v2.txt,2022_23,2022-23,52,71522,0000000,5271522,52715220000000,52715220000000,Tehama,Evergreen Union,TA,12,12,100,2,16.7,0,0,9,75,0,0,0,0
acgr23-v2.txt,2022_23,2022-23,52,71571,0000000,5271571,52715710000000,52715710000000,Tehama,Los Molinos Unified,TA,42,36,85.7,9,25,0,0,0,0,4,9.5,0,0
acgr23-v2.txt,2022_23,2022-23,52,71639,0000000,5271639,52716390000000,52716390000000,Tehama,Red Bluff Joint Union High,TA,439,403,91.8,91,22.6,16,4,61,15.1,23,5.2,3,0.7
acgr23-v2.txt,2022_23,2022-23,53,10538,0000000,5310538,53105380000000,53105380000000,Trinity,Trinity County Office of Education,TA,44,21,47.7,0,0,0,0,0,0,20,45.5,0,0
acgr23-v2.txt,2022_23,2022-23,53,73833,0000000,5373833,53738330000000,53738330000000,Trinity,Southern Trinity Joint Unified,TA,14,11,78.6,7,63.6,0,0,0,0,2,14.3,0,0
acgr23-v2.txt,2022_23,2022-23,53,75028,0000000,5375028,53750280000000,53750280000000,Trinity,Mountain Valley Unified,TA,23,22,95.7,0,0,0,0,4,18.2,1,4.3,0,0
acgr23-v2.txt,2022_23,2022-23,53,76513,0000000,5376513,53765130000000,53765130000000,Trinity,Trinity Alps Unified,TA,105,94,89.5,27,28.7,0,0,12,12.8,4,3.8,0,0
acgr23-v2.txt,2022_23,2022-23,54,10546,0000000,5410546,54105460000000,54105460000000,Tulare,Tulare County Office of Education,TA,243,108,44.4,54,50,11,10.2,0,0,79,32.5,1,0.4
acgr23-v2.txt,2022_23,2022-23,54,71803,0000000,5471803,54718030000000,54718030000000,Tulare,Alpaugh Unified,TA,112,91,81.3,35,38.5,0,0,0,0,19,17,1,0.9
acgr23-v2.txt,2022_23,2022-23,54,71811,0000000,5471811,54718110000000,54718110000000,Tulare,Alta Vista Elementary,TA,26,24,92.3,3,12.5,0,0,10,41.7,0,0,2,7.7
acgr23-v2.txt,2022_23,2022-23,54,71837,0000000,5471837,54718370000000,54718370000000,Tulare,Burton Elementary,TA,103,99,96.1,60,60.6,9,9.1,45,45.5,2,1.9,0,0
acgr23-v2.txt,2022_23,2022-23,54,71860,0000000,5471860,54718600000000,54718600000000,Tulare,Cutler-Orosi Joint Unified,TA,294,273,92.9,104,38.1,7,2.6,45,16.5,13,4.4,3,1
acgr23-v2.txt,2022_23,2022-23,54,71993,0000000,5471993,54719930000000,54719930000000,Tulare,Lindsay Unified,TA,298,274,91.9,121,44.2,8,2.9,44,16.1,8,2.7,2,0.7
acgr23-v2.txt,2022_23,2022-23,54,72140,0000000,5472140,54721400000000,54721400000000,Tulare,Stone Corral Elementary,TA,258,63,24.4,1,1.6,0,0,0,0,59,22.9,128,49.6
acgr23-v2.txt,2022_23,2022-23,54,72249,0000000,5472249,54722490000000,54722490000000,Tulare,Tulare Joint Union High,TA,1429,1374,96.2,554,40.3,145,10.6,256,18.6,36,2.5,1,0.1
acgr23-v2.txt,2022_23,2022-23,54,72256,0000000,5472256,54722560000000,54722560000000,Tulare,Visalia Unified,TA,2298,2078,90.4,865,41.6,209,10.1,480,23.1,161,7,0,0
acgr23-v2.txt,2022_23,2022-23,54,75325,0000000,5475325,54753250000000,54753250000000,Tulare,Farmersville Unified,TA,190,186,97.9,53,28.5,21,11.3,22,11.8,3,1.6,0,0
acgr23-v2.txt,2022_23,2022-23,54,75523,0000000,5475523,54755230000000,54755230000000,Tulare,Porterville Unified,TA,1778,1520,85.5,606,39.9,189,12.4,448,29.5,224,12.6,0,0
acgr23-v2.txt,2022_23,2022-23,54,75531,0000000,5475531,54755310000000,54755310000000,Tulare,Dinuba Unified,TA,586,519,88.6,146,28.1,0,0,0,0,26,4.4,21,3.6
acgr23-v2.txt,2022_23,2022-23,54,76794,0000000,5476794,54767940000000,54767940000000,Tulare,Woodlake Unified,TA,187,170,90.9,50,29.4,27,15.9,28,16.5,12,6.4,4,2.1
acgr23-v2.txt,2022_23,2022-23,54,76836,0000000,5476836,54768360000000,54768360000000,Tulare,Exeter Unified,TA,233,224,96.1,95,42.4,30,13.4,57,25.4,6,2.6,3,1.3
acgr23-v2.txt,2022_23,2022-23,55,10553,0000000,5510553,55105530000000,55105530000000,Tuolumne,Tuolumne County Superintendent of Schools,TA,14,9,64.3,0,0,0,0,0,0,5,35.7,0,0
acgr23-v2.txt,2022_23,2022-23,55,72389,0000000,5572389,55723890000000,55723890000000,Tuolumne,Sonora Union High,TA,261,237,90.8,47,19.8,11,4.6,59,24.9,22,8.4,0,0
acgr23-v2.txt,2022_23,2022-23,55,72413,0000000,5572413,55724130000000,55724130000000,Tuolumne,Summerville Union High,TA,202,183,90.6,92,50.3,2,1.1,7,3.8,12,5.9,0,0
acgr23-v2.txt,2022_23,2022-23,55,75184,0000000,5575184,55751840000000,55751840000000,Tuolumne,Big Oak Flat-Groveland Unified,TA,35,24,68.6,3,12.5,0,0,0,0,9,25.7,0,0
acgr23-v2.txt,2022_23,2022-23,56,10561,0000000,5610561,56105610000000,56105610000000,Ventura,Ventura County Office of Education,TA,514,124,24.1,16,12.9,0,0,0,0,112,21.8,251,48.8
acgr23-v2.txt,2022_23,2022-23,56,72454,0000000,5672454,56724540000000,56724540000000,Ventura,Fillmore Unified,TA,295,277,93.9,93,33.6,30,10.8,42,15.2,4,1.4,3,1
acgr23-v2.txt,2022_23,2022-23,56,72470,0000000,5672470,56724700000000,56724700000000,Ventura,Mesa Union Elementary,TA,17,16,94.1,1,6.3,0,0,8,50,1,5.9,0,0
acgr23-v2.txt,2022_23,2022-23,56,72520,0000000,5672520,56725200000000,56725200000000,Ventura,Ojai Unified,TA,190,173,91.1,85,49.1,4,2.3,68,39.3,5,2.6,3,1.6
acgr23-v2.txt,2022_23,2022-23,56,72546,0000000,5672546,56725460000000,56725460000000,Ventura,Oxnard Union High,TA,4221,3778,89.5,1510,40,378,10,1015,26.9,229,5.4,143,3.4
acgr23-v2.txt,2022_23,2022-23,56,72553,0000000,5672553,56725530000000,56725530000000,Ventura,Pleasant Valley,TA,50,47,94,14,29.8,0,0,4,8.5,2,4,0,0
acgr23-v2.txt,2022_23,2022-23,56,72603,0000000,5672603,56726030000000,56726030000000,Ventura,Simi Valley Unified,TA,1358,1254,92.3,610,48.6,86,6.9,537,42.8,48,3.5,40,2.9
acgr23-v2.txt,2022_23,2022-23,56,72652,0000000,5672652,56726520000000,56726520000000,Ventura,Ventura Unified,TA,1354,1179,87.1,481,40.8,181,15.4,401,34,72,5.3,28,2.1
acgr23-v2.txt,2022_23,2022-23,56,73759,0000000,5673759,56737590000000,56737590000000,Ventura,Conejo Valley Unified,TA,1702,1621,95.2,942,58.1,193,11.9,794,49,44,2.6,17,1
acgr23-v2.txt,2022_23,2022-23,56,73874,0000000,5673874,56738740000000,56738740000000,Ventura,Oak Park Unified,TA,377,366,97.1,280,76.5,58,15.8,270,73.8,0,0,3,0.8
acgr23-v2.txt,2022_23,2022-23,56,73940,0000000,5673940,56739400000000,56739400000000,Ventura,Moorpark Unified,TA,512,458,89.5,206,45,37,8.1,211,46.1,38,7.4,3,0.6
acgr23-v2.txt,2022_23,2022-23,56,76828,0000000,5676828,56768280000000,56768280000000,Ventura,Santa Paula Unified,TA,424,382,90.1,102,26.7,14,3.7,91,23.8,15,3.5,21,5
acgr23-v2.txt,2022_23,2022-23,57,10579,0000000,5710579,57105790000000,57105790000000,Yolo,Yolo County Office of Education,TA,39,5,12.8,0,0,0,0,0,0,17,43.6,17,43.6
acgr23-v2.txt,2022_23,2022-23,57,72678,0000000,5772678,57726780000000,57726780000000,Yolo,Davis Joint Unified,TA,734,692,94.3,531,76.7,126,18.2,339,49,14,1.9,15,2
acgr23-v2.txt,2022_23,2022-23,57,72686,0000000,5772686,57726860000000,57726860000000,Yolo,Esparto Unified,TA,92,83,90.2,30,36.1,7,8.4,14,16.9,7,7.6,0,0
acgr23-v2.txt,2022_23,2022-23,57,72694,0000000,5772694,57726940000000,57726940000000,Yolo,Washington Unified,TA,576,523,90.8,246,47,54,10.3,0,0,43,7.5,0,0
acgr23-v2.txt,2022_23,2022-23,57,72702,0000000,5772702,57727020000000,57727020000000,Yolo,Winters Joint Unified,TA,171,149,87.1,45,30.2,5,3.4,35,23.5,8,4.7,12,7
acgr23-v2.txt,2022_23,2022-23,57,72710,0000000,5772710,57727100000000,57727100000000,Yolo,Woodland Joint Unified,TA,741,671,90.6,268,39.9,105,15.6,196,29.2,35,4.7,11,1.5
acgr23-v2.txt,2022_23,2022-23,58,10587,0000000,5810587,58105870000000,58105870000000,Yuba,Yuba County Office of Education,TA,89,32,36,0,0,0,0,0,0,29,32.6,27,30.3
acgr23-v2.txt,2022_23,2022-23,58,72728,0000000,5872728,58727280000000,58727280000000,Yuba,Camptonville Elementary,TA,45,41,91.1,9,22,2,4.9,0,0,3,6.7,0,0
acgr23-v2.txt,2022_23,2022-23,58,72736,0000000,5872736,58727360000000,58727360000000,Yuba,Marysville Joint Unified,TA,750,647,86.3,138,21.3,28,4.3,114,17.6,85,11.3,2,0.3
acgr23-v2.txt,2022_23,2022-23,58,72769,0000000,5872769,58727690000000,58727690000000,Yuba,Wheatland Union High,TA,259,247,95.4,97,39.3,4,1.6,56,22.7,7,2.7,5,1.9
acgr24.txt,2023_24,2023-24,01,10017,0000000,0110017,01100170000000,01100170000000,Alameda,Alameda County Office of Education,TA,330,188,57,68,36.2,2,1.1,23,12.2,90,27.3,50,15.2
acgr24.txt,2023_24,2023-24,01,31609,0000000,0131609,01316090000000,01316090000000,Alameda,California School for the Blind (State Special Schl),TA,NA,NA,NA,NA,NA,NA,NA,NA,NA,NA,NA,NA,NA
acgr24.txt,2023_24,2023-24,01,31617,0000000,0131617,01316170000000,01316170000000,Alameda,California School for the Deaf-Fremont (State Special Schl),TA,43,23,53.5,0,0,2,8.7,2,8.7,19,44.2,0,0
acgr24.txt,2023_24,2023-24,01,61119,0000000,0161119,01611190000000,01611190000000,Alameda,Alameda Unified,TA,825,753,91.3,571,75.8,80,10.6,474,62.9,60,7.3,0,0
acgr24.txt,2023_24,2023-24,01,61127,0000000,0161127,01611270000000,01611270000000,Alameda,Albany City Unified,TA,276,262,94.9,194,74,100,38.2,203,77.5,8,2.9,0,0
acgr24.txt,2023_24,2023-24,01,61143,0000000,0161143,01611430000000,01611430000000,Alameda,Berkeley Unified,TA,870,826,94.9,459,55.6,74,9,0,0,38,4.4,0,0
acgr24.txt,2023_24,2023-24,01,61150,0000000,0161150,01611500000000,01611500000000,Alameda,Castro Valley Unified,TA,764,733,95.9,6,0.8,165,22.5,1,0.1,16,2.1,7,0.9
acgr24.txt,2023_24,2023-24,01,61168,0000000,0161168,01611680000000,01611680000000,Alameda,Emery Unified,TA,36,34,94.4,19,55.9,0,0,0,0,2,5.6,0,0
acgr24.txt,2023_24,2023-24,01,61176,0000000,0161176,01611760000000,01611760000000,Alameda,Fremont Unified,TA,2593,2415,93.1,1711,70.8,480,19.9,1246,51.6,92,3.5,40,1.5
acgr24.txt,2023_24,2023-24,01,61192,0000000,0161192,01611920000000,01611920000000,Alameda,Hayward Unified,TA,1731,1387,80.1,693,50,182,13.1,384,27.7,228,13.2,58,3.4
acgr24.txt,2023_24,2023-24,01,61200,0000000,0161200,01612000000000,01612000000000,Alameda,Livermore Valley Joint Unified,TA,1126,1088,96.6,561,51.6,105,9.7,593,54.5,12,1.1,2,0.2
acgr24.txt,2023_24,2023-24,01,61234,0000000,0161234,01612340000000,01612340000000,Alameda,Newark Unified,TA,425,361,84.9,134,37.1,20,5.5,139,38.5,35,8.2,17,4
acgr24.txt,2023_24,2023-24,01,61242,0000000,0161242,01612420000000,01612420000000,Alameda,New Haven Unified,TA,914,794,86.9,382,48.1,50,6.3,288,36.3,117,12.8,0,0
acgr24.txt,2023_24,2023-24,01,61259,0000000,0161259,01612590000000,01612590000000,Alameda,Oakland Unified,TA,3428,2851,83.2,1967,69,340,11.9,198,6.9,307,9,207,6
acgr24.txt,2023_24,2023-24,01,61275,0000000,0161275,01612750000000,01612750000000,Alameda,Piedmont City Unified,TA,211,208,98.6,200,96.2,18,8.7,118,56.7,1,0.5,0,0
acgr24.txt,2023_24,2023-24,01,61291,0000000,0161291,01612910000000,01612910000000,Alameda,San Leandro Unified,TA,744,664,89.2,240,36.1,0,0,195,29.4,73,9.8,0,0
acgr24.txt,2023_24,2023-24,01,61309,0000000,0161309,01613090000000,01613090000000,Alameda,San Lorenzo Unified,TA,1001,840,83.9,465,55.4,0,0,0,0,130,13,2,0.2
acgr24.txt,2023_24,2023-24,01,75093,0000000,0175093,01750930000000,01750930000000,Alameda,Dublin Unified,TA,925,899,97.2,698,77.6,134,14.9,357,39.7,21,2.3,0,0
acgr24.txt,2023_24,2023-24,01,75101,0000000,0175101,01751010000000,01751010000000,Alameda,Pleasanton Unified,TA,1281,1209,94.4,952,78.7,364,30.1,723,59.8,57,4.4,0,0
acgr24.txt,2023_24,2023-24,01,77180,0000000,0177180,01771800000000,01771800000000,Alameda,SBE - Latitude 37.8 High,TA,49,45,91.8,33,73.3,0,0,0,0,4,8.2,0,0
acgr24.txt,2023_24,2023-24,03,10033,0000000,0310033,03100330000000,03100330000000,Amador,Amador County Office of Education,TA,NA,NA,NA,NA,NA,NA,NA,NA,NA,NA,NA,NA,NA
acgr24.txt,2023_24,2023-24,03,73981,0000000,0373981,03739810000000,03739810000000,Amador,Amador County Unified,TA,348,324,93.1,77,23.8,21,6.5,100,30.9,15,4.3,0,0
acgr24.txt,2023_24,2023-24,04,10041,0000000,0410041,04100410000000,04100410000000,Butte,Butte County Office of Education,TA,231,165,71.4,21,12.7,0,0,41,24.8,64,27.7,0,0
acgr24.txt,2023_24,2023-24,04,61408,0000000,0461408,04614080000000,04614080000000,Butte,Biggs Unified,TA,46,44,95.7,11,25,9,20.5,18,40.9,2,4.3,0,0
acgr24.txt,2023_24,2023-24,04,61424,0000000,0461424,04614240000000,04614240000000,Butte,Chico Unified,TA,1155,1033,89.4,407,39.4,183,17.7,343,33.2,99,8.6,11,1
acgr24.txt,2023_24,2023-24,04,61432,0000000,0461432,04614320000000,04614320000000,Butte,Durham Unified,TA,73,72,98.6,34,47.2,10,13.9,23,31.9,1,1.4,0,0
acgr24.txt,2023_24,2023-24,04,61507,0000000,0461507,04615070000000,04615070000000,Butte,Oroville City Elementary,TA,NA,NA,NA,NA,NA,NA,NA,NA,NA,NA,NA,NA,NA
acgr24.txt,2023_24,2023-24,04,61515,0000000,0461515,04615150000000,04615150000000,Butte,Oroville Union High,TA,583,494,84.7,81,16.4,18,3.6,112,22.7,78,13.4,0,0
acgr24.txt,2023_24,2023-24,04,61531,0000000,0461531,04615310000000,04615310000000,Butte,Paradise Unified,TA,185,165,89.2,14,8.5,6,3.6,24,14.5,17,9.2,0,0
acgr24.txt,2023_24,2023-24,04,75507,0000000,0475507,04755070000000,04755070000000,Butte,Gridley Unified,TA,173,161,93.1,59,36.6,13,8.1,46,28.6,6,3.5,0,0
acgr24.txt,2023_24,2023-24,05,10058,0000000,0510058,05100580000000,05100580000000,Calaveras,Calaveras County Office of Education,TA,48,45,93.8,5,11.1,0,0,5,11.1,3,6.3,0,0
acgr24.txt,2023_24,2023-24,05,61556,0000000,0561556,05615560000000,05615560000000,Calaveras,Bret Harte Union High,TA,163,156,95.7,0,0,0,0,0,0,5,3.1,0,0
acgr24.txt,2023_24,2023-24,05,61564,0000000,0561564,05615640000000,05615640000000,Calaveras,Calaveras Unified,TA,225,202,89.8,35,17.3,9,4.5,26,12.9,18,8,0,0
acgr24.txt,2023_24,2023-24,06,10066,0000000,0610066,06100660000000,06100660000000,Colusa,Colusa County Office of Education,TA,13,11,84.6,0,0,0,0,0,0,1,7.7,0,0
acgr24.txt,2023_24,2023-24,06,61598,0000000,0661598,06615980000000,06615980000000,Colusa,Colusa Unified,TA,123,109,88.6,20,18.3,12,11,22,20.2,6,4.9,3,2.4
acgr24.txt,2023_24,2023-24,06,61606,0000000,0661606,06616060000000,06616060000000,Colusa,Maxwell Unified,TA,23,22,95.7,8,36.4,2,9.1,0,0,1,4.3,0,0
acgr24.txt,2023_24,2023-24,06,61614,0000000,0661614,06616140000000,06616140000000,Colusa,Pierce Joint Unified,TA,144,137,95.1,53,38.7,26,19,52,38,4,2.8,0,0
acgr24.txt,2023_24,2023-24,06,61622,0000000,0661622,06616220000000,06616220000000,Colusa,Williams Unified,TA,115,103,89.6,39,37.9,26,25.2,23,22.3,9,7.8,0,0
acgr24.txt,2023_24,2023-24,07,10074,0000000,0710074,07100740000000,07100740000000,Contra Costa,Contra Costa County Office of Education,TA,948,846,89.2,778,92,77,9.1,386,45.6,80,8.4,12,1.3
acgr24.txt,2023_24,2023-24,07,61630,0000000,0761630,07616300000000,07616300000000,Contra Costa,Acalanes Union High,TA,1344,1310,97.5,1070,81.7,467,35.6,881,67.3,13,1,0,0
acgr24.txt,2023_24,2023-24,07,61648,0000000,0761648,07616480000000,07616480000000,Contra Costa,Antioch Unified,TA,1346,1092,81.1,215,19.7,82,7.5,202,18.5,175,13,66,4.9
acgr24.txt,2023_24,2023-24,07,61663,0000000,0761663,07616630000000,07616630000000,Contra Costa,Byron Union Elementary,TA,70,64,91.4,21,32.8,0,0,21,32.8,2,2.9,2,2.9
acgr24.txt,2023_24,2023-24,07,61697,0000000,0761697,07616970000000,07616970000000,Contra Costa,John Swett Unified,TA,113,102,90.3,41,40.2,0,0,0,0,10,8.8,0,0
acgr24.txt,2023_24,2023-24,07,61721,0000000,0761721,07617210000000,07617210000000,Contra Costa,Liberty Union High,TA,2056,1925,93.6,1000,51.9,241,12.5,651,33.8,48,2.3,58,2.8
acgr24.txt,2023_24,2023-24,07,61739,0000000,0761739,07617390000000,07617390000000,Contra Costa,Martinez Unified,TA,325,309,95.1,131,42.4,12,3.9,105,34,11,3.4,2,0.6
acgr24.txt,2023_24,2023-24,07,61754,0000000,0761754,07617540000000,07617540000000,Contra Costa,Mt. Diablo Unified,TA,2227,1915,86,755,39.4,389,20.3,947,49.5,273,12.3,1,0
acgr24.txt,2023_24,2023-24,07,61788,0000000,0761788,07617880000000,07617880000000,Contra Costa,Pittsburg Unified,TA,1081,947,87.6,300,31.7,184,19.4,191,20.2,91,8.4,29,2.7
acgr24.txt,2023_24,2023-24,07,61796,0000000,0761796,07617960000000,07617960000000,Contra Costa,West Contra Costa Unified,TA,2437,2068,84.9,1061,51.3,363,17.6,538,26,241,9.9,5,0.2
acgr24.txt,2023_24,2023-24,07,61804,0000000,0761804,07618040000000,07618040000000,Contra Costa,San Ramon Valley Unified,TA,2685,2613,97.3,1734,66.4,564,21.6,1558,59.6,31,1.2,0,0
acgr24.txt,2023_24,2023-24,07,77354,0000000,0777354,07773540000000,07773540000000,Contra Costa,SBE - John Henry High,TA,74,61,82.4,61,100,0,0,0,0,12,16.2,0,0
acgr24.txt,2023_24,2023-24,08,10082,0000000,0810082,08100820000000,08100820000000,Del Norte,Del Norte County Office of Education,TA,95,67,70.5,0,0,0,0,8,11.9,8,8.4,17,17.9
acgr24.txt,2023_24,2023-24,08,61820,0000000,0861820,08618200000000,08618200000000,Del Norte,Del Norte County Unified,TA,260,241,92.7,53,22,11,4.6,50,20.7,3,1.2,9,3.5
acgr24.txt,2023_24,2023-24,09,10090,0000000,0910090,09100900000000,09100900000000,El Dorado,El Dorado County Office of Education,TA,169,133,78.7,85,63.9,0,0,26,19.5,25,14.8,3,1.8
acgr24.txt,2023_24,2023-24,09,61838,0000000,0961838,09618380000000,09618380000000,El Dorado,Buckeye Union Elementary,TA,245,231,94.3,64,27.7,6,2.6,95,41.1,3,1.2,5,2
acgr24.txt,2023_24,2023-24,09,61853,0000000,0961853,09618530000000,09618530000000,El Dorado,El Dorado Union High,TA,1708,1637,95.8,826,50.5,133,8.1,589,36,23,1.3,18,1.1
acgr24.txt,2023_24,2023-24,09,61903,0000000,0961903,09619030000000,09619030000000,El Dorado,Lake Tahoe Unified,TA,304,280,92.1,120,42.9,43,15.4,110,39.3,17,5.6,0,0
acgr24.txt,2023_24,2023-24,09,73783,0000000,0973783,09737830000000,09737830000000,El Dorado,Black Oak Mine Unified,TA,111,100,90.1,13,13,0,0,0,0,9,8.1,0,0
acgr24.txt,2023_24,2023-24,10,10108,0000000,1010108,10101080000000,10101080000000,Fresno,Fresno County Office of Education,TA,1058,246,23.3,58,23.6,0,0,3,1.2,447,42.2,312,29.5
acgr24.txt,2023_24,2023-24,10,62117,0000000,1062117,10621170000000,10621170000000,Fresno,Clovis Unified,TA,3437,3285,95.6,1901,57.9,248,7.5,1447,44,79,2.3,0,0
acgr24.txt,2023_24,2023-24,10,62125,0000000,1062125,10621250000000,10621250000000,Fresno,Coalinga-Huron Unified,TA,313,263,84,56,21.3,28,10.6,48,18.3,48,15.3,0,0
acgr24.txt,2023_24,2023-24,10,62158,0000000,1062158,10621580000000,10621580000000,Fresno,Fowler Unified,TA,204,194,95.1,104,53.6,13,6.7,57,29.4,6,2.9,2,1
acgr24.txt,2023_24,2023-24,10,62166,0000000,1062166,10621660000000,10621660000000,Fresno,Fresno Unified,TA,5095,4369,85.8,2291,52.4,691,15.8,862,19.7,605,11.9,20,0.4
acgr24.txt,2023_24,2023-24,10,62257,0000000,1062257,10622570000000,10622570000000,Fresno,Kingsburg Joint Union High,TA,311,296,95.2,102,34.5,10,3.4,114,38.5,1,0.3,0,0
acgr24.txt,2023_24,2023-24,10,62265,0000000,1062265,10622650000000,10622650000000,Fresno,Kings Canyon Joint Unified,TA,765,684,89.4,273,39.9,52,7.6,169,24.7,26,3.4,0,0
acgr24.txt,2023_24,2023-24,10,62281,0000000,1062281,10622810000000,10622810000000,Fresno,Laton Joint Unified,TA,30,26,86.7,7,26.9,5,19.2,3,11.5,4,13.3,0,0
acgr24.txt,2023_24,2023-24,10,62331,0000000,1062331,10623310000000,10623310000000,Fresno,Orange Center,TA,117,84,71.8,12,14.3,0,0,10,11.9,30,25.6,0,0
acgr24.txt,2023_24,2023-24,10,62364,0000000,1062364,10623640000000,10623640000000,Fresno,Parlier Unified,TA,289,274,94.8,93,33.9,25,9.1,43,15.7,13,4.5,1,0.3
acgr24.txt,2023_24,2023-24,10,62380,0000000,1062380,10623800000000,10623800000000,Fresno,Raisin City Elementary,TA,115,24,20.9,0,0,0,0,0,0,40,34.8,47,40.9
acgr24.txt,2023_24,2023-24,10,62414,0000000,1062414,10624140000000,10624140000000,Fresno,Sanger Unified,TA,1028,990,96.3,531,53.6,71,7.2,120,12.1,23,2.2,0,0
acgr24.txt,2023_24,2023-24,10,62430,0000000,1062430,10624300000000,10624300000000,Fresno,Selma Unified,TA,527,475,90.1,160,33.7,16,3.4,90,18.9,44,8.3,0,0
acgr24.txt,2023_24,2023-24,10,62539,0000000,1062539,10625390000000,10625390000000,Fresno,West Park Elementary,TA,45,39,86.7,0,0,0,0,0,0,6,13.3,0,0
acgr24.txt,2023_24,2023-24,10,62547,0000000,1062547,10625470000000,10625470000000,Fresno,Westside Elementary,TA,625,241,38.6,62,25.7,4,1.7,58,24.1,119,19,247,39.5
acgr24.txt,2023_24,2023-24,10,73809,0000000,1073809,10738090000000,10738090000000,Fresno,Firebaugh-Las Deltas Unified,TA,161,154,95.7,45,29.2,9,5.8,22,14.3,4,2.5,0,0
acgr24.txt,2023_24,2023-24,10,73965,0000000,1073965,10739650000000,10739650000000,Fresno,Central Unified,TA,1244,1110,89.2,430,38.7,167,15,282,25.4,104,8.4,0,0
acgr24.txt,2023_24,2023-24,10,73999,0000000,1073999,10739990000000,10739990000000,Fresno,Kerman Unified,TA,442,405,91.6,175,43.2,48,11.9,173,42.7,14,3.2,14,3.2
acgr24.txt,2023_24,2023-24,10,75127,0000000,1075127,10751270000000,10751270000000,Fresno,Mendota Unified,TA,296,250,84.5,126,50.4,20,8,78,31.2,38,12.8,0,0
acgr24.txt,2023_24,2023-24,10,75234,0000000,1075234,10752340000000,10752340000000,Fresno,Golden Plains Unified,TA,114,108,94.7,38,35.2,9,8.3,20,18.5,4,3.5,0,0
acgr24.txt,2023_24,2023-24,10,75275,0000000,1075275,10752750000000,10752750000000,Fresno,Sierra Unified,TA,115,108,93.9,42,38.9,0,0,42,38.9,5,4.3,0,0
acgr24.txt,2023_24,2023-24,10,75408,0000000,1075408,10754080000000,10754080000000,Fresno,Riverdale Joint Unified,TA,137,133,97.1,71,53.4,18,13.5,64,48.1,3,2.2,0,0
acgr24.txt,2023_24,2023-24,10,75598,0000000,1075598,10755980000000,10755980000000,Fresno,Caruthers Unified,TA,178,167,93.8,95,56.9,3,1.8,53,31.7,4,2.2,0,0
acgr24.txt,2023_24,2023-24,10,76778,0000000,1076778,10767780000000,10767780000000,Fresno,Washington Unified,TA,354,310,87.6,15,4.8,24,7.7,0,0,44,12.4,0,0
acgr24.txt,2023_24,2023-24,11,10116,0000000,1110116,11101160000000,11101160000000,Glenn,Glenn County Office of Education,TA,40,21,52.5,0,0,3,14.3,4,19,13,32.5,5,12.5
acgr24.txt,2023_24,2023-24,11,62596,0000000,1162596,11625960000000,11625960000000,Glenn,Lake Elementary,TA,26,26,100,5,19.2,0,0,6,23.1,0,0,0,0
acgr24.txt,2023_24,2023-24,11,62646,0000000,1162646,11626460000000,11626460000000,Glenn,Princeton Joint Unified,TA,13,13,100,7,53.8,0,0,0,0,0,0,0,0
acgr24.txt,2023_24,2023-24,11,62653,0000000,1162653,11626530000000,11626530000000,Glenn,Stony Creek Joint Unified,TA,NA,NA,NA,NA,NA,NA,NA,NA,NA,NA,NA,NA,NA
acgr24.txt,2023_24,2023-24,11,62661,0000000,1162661,11626610000000,11626610000000,Glenn,Willows Unified,TA,125,115,92,29,25.2,0,0,0,0,6,4.8,4,3.2
acgr24.txt,2023_24,2023-24,11,75481,0000000,1175481,11754810000000,11754810000000,Glenn,Orland Joint Unified,TA,251,231,92,49,21.2,16,6.9,54,23.4,14,5.6,1,0.4
acgr24.txt,2023_24,2023-24,11,76562,0000000,1176562,11765620000000,11765620000000,Glenn,Hamilton Unified,TA,82,78,95.1,24,30.8,8,10.3,21,26.9,4,4.9,0,0
acgr24.txt,2023_24,2023-24,12,10124,0000000,1210124,12101240000000,12101240000000,Humboldt,Humboldt County Office of Education,TA,119,80,67.2,26,32.5,3,3.8,5,6.3,36,30.3,1,0.8
acgr24.txt,2023_24,2023-24,12,62679,0000000,1262679,12626790000000,12626790000000,Humboldt,Arcata Elementary,TA,NA,NA,NA,NA,NA,NA,NA,NA,NA,NA,NA,NA,NA
acgr24.txt,2023_24,2023-24,12,62687,0000000,1262687,12626870000000,12626870000000,Humboldt,Northern Humboldt Union High,TA,461,416,90.2,163,39.2,36,8.7,102,24.5,18,3.9,22,4.8
acgr24.txt,2023_24,2023-24,12,62810,0000000,1262810,12628100000000,12628100000000,Humboldt,Fortuna Union High,TA,275,256,93.1,112,43.8,17,6.6,17,6.6,19,6.9,0,0
acgr24.txt,2023_24,2023-24,12,62901,0000000,1262901,12629010000000,12629010000000,Humboldt,Klamath-Trinity Joint Unified,TA,86,83,96.5,13,15.7,0,0,0,0,2,2.3,1,1.2
acgr24.txt,2023_24,2023-24,12,63032,0000000,1263032,12630320000000,12630320000000,Humboldt,South Bay Union Elementary,TA,45,41,91.1,9,22,0,0,13,31.7,4,8.9,0,0
acgr24.txt,2023_24,2023-24,12,63040,0000000,1263040,12630400000000,12630400000000,Humboldt,Southern Humboldt Joint Unified,TA,70,62,88.6,20,32.3,0,0,0,0,8,11.4,0,0
acgr24.txt,2023_24,2023-24,12,75374,0000000,1275374,12753740000000,12753740000000,Humboldt,Ferndale Unified,TA,36,36,100,11,30.6,0,0,0,0,0,0,0,0
acgr24.txt,2023_24,2023-24,12,75515,0000000,1275515,12755150000000,12755150000000,Humboldt,Eureka City Schools,TA,355,314,88.5,87,27.7,44,14,74,23.6,35,9.9,0,0
acgr24.txt,2023_24,2023-24,13,10132,0000000,1310132,13101320000000,13101320000000,Imperial,Imperial County Office of Education,TA,261,119,45.6,0,0,0,0,0,0,136,52.1,0,0
acgr24.txt,2023_24,2023-24,13,63081,0000000,1363081,13630810000000,13630810000000,Imperial,Brawley Union High,TA,509,474,93.1,184,38.8,27,5.7,145,30.6,12,2.4,0,0
acgr24.txt,2023_24,2023-24,13,63099,0000000,1363099,13630990000000,13630990000000,Imperial,Calexico Unified,TA,802,751,93.6,234,31.2,106,14.1,112,14.9,45,5.6,0,0
acgr24.txt,2023_24,2023-24,13,63107,0000000,1363107,13631070000000,13631070000000,Imperial,Calipatria Unified,TA,73,68,93.2,30,44.1,11,16.2,21,30.9,4,5.5,0,0
acgr24.txt,2023_24,2023-24,13,63115,0000000,1363115,13631150000000,13631150000000,Imperial,Central Union High,TA,1014,944,93.1,361,38.2,103,10.9,279,29.6,51,5,16,1.6
acgr24.txt,2023_24,2023-24,13,63149,0000000,1363149,13631490000000,13631490000000,Imperial,Holtville Unified,TA,143,141,98.6,115,81.6,35,24.8,51,36.2,1,0.7,0,0
acgr24.txt,2023_24,2023-24,13,63164,0000000,1363164,13631640000000,13631640000000,Imperial,Imperial Unified,TA,322,308,95.7,126,40.9,0,0,0,0,4,1.2,0,0
acgr24.txt,2023_24,2023-24,13,63214,0000000,1363214,13632140000000,13632140000000,Imperial,San Pasqual Valley Unified,TA,49,39,79.6,6,15.4,4,10.3,0,0,5,10.2,2,4.1
acgr24.txt,2023_24,2023-24,14,10140,0000000,1410140,14101400000000,14101400000000,Inyo,Inyo County Office of Education,TA,525,182,34.7,56,30.8,0,0,0,0,265,50.5,78,14.9
acgr24.txt,2023_24,2023-24,14,63248,0000000,1463248,14632480000000,14632480000000,Inyo,Big Pine Unified,TA,NA,NA,NA,NA,NA,NA,NA,NA,NA,NA,NA,NA,NA
acgr24.txt,2023_24,2023-24,14,63289,0000000,1463289,14632890000000,14632890000000,Inyo,Lone Pine Unified,TA,28,26,92.9,10,38.5,0,0,0,0,2,7.1,0,0
acgr24.txt,2023_24,2023-24,14,63297,0000000,1463297,14632970000000,14632970000000,Inyo,Owens Valley Unified,TA,NA,NA,NA,NA,NA,NA,NA,NA,NA,NA,NA,NA,NA
acgr24.txt,2023_24,2023-24,14,76687,0000000,1476687,14766870000000,14766870000000,Inyo,Bishop Unified,TA,182,167,91.8,71,42.5,14,8.4,55,32.9,3,1.6,6,3.3
acgr24.txt,2023_24,2023-24,15,10157,0000000,1510157,15101570000000,15101570000000,Kern,Kern County Office of Education,TA,552,310,56.2,171,55.2,15,4.8,81,26.1,199,36.1,34,6.2
acgr24.txt,2023_24,2023-24,15,63412,0000000,1563412,15634120000000,15634120000000,Kern,Delano Joint Union High,TA,1027,984,95.8,566,57.5,228,23.2,332,33.7,35,3.4,0,0
acgr24.txt,2023_24,2023-24,15,63529,0000000,1563529,15635290000000,15635290000000,Kern,Kern High,TA,11029,9561,86.7,3629,38,1401,14.7,3932,41.1,1165,10.6,84,0.8
acgr24.txt,2023_24,2023-24,15,63628,0000000,1563628,15636280000000,15636280000000,Kern,Maricopa Unified,TA,767,609,79.4,132,21.7,5,0.8,186,30.5,130,16.9,8,1
acgr24.txt,2023_24,2023-24,15,63677,0000000,1563677,15636770000000,15636770000000,Kern,Mojave Unified,TA,193,155,80.3,37,23.9,0,0,3,1.9,28,14.5,0,0
acgr24.txt,2023_24,2023-24,15,63685,0000000,1563685,15636850000000,15636850000000,Kern,Muroc Joint Unified,TA,109,93,85.3,22,23.7,0,0,18,19.4,9,8.3,5,4.6
acgr24.txt,2023_24,2023-24,15,63776,0000000,1563776,15637760000000,15637760000000,Kern,Southern Kern Unified,TA,219,198,90.4,29,14.6,0,0,0,0,20,9.1,0,0
acgr24.txt,2023_24,2023-24,15,63818,0000000,1563818,15638180000000,15638180000000,Kern,Taft Union High,TA,271,241,88.9,47,19.5,0,0,33,13.7,24,8.9,5,1.8
acgr24.txt,2023_24,2023-24,15,63826,0000000,1563826,15638260000000,15638260000000,Kern,Tehachapi Unified,TA,311,296,95.2,71,24,12,4.1,63,21.3,14,4.5,0,0
acgr24.txt,2023_24,2023-24,15,63859,0000000,1563859,15638590000000,15638590000000,Kern,Wasco Union High,TA,500,461,92.2,164,35.6,22,4.8,139,30.2,17,3.4,8,1.6
acgr24.txt,2023_24,2023-24,15,73742,0000000,1573742,15737420000000,15737420000000,Kern,Sierra Sands Unified,TA,415,323,77.8,20,6.2,8,2.5,91,28.2,53,12.8,24,5.8
acgr24.txt,2023_24,2023-24,15,73908,0000000,1573908,15739080000000,15739080000000,Kern,McFarland Unified,TA,250,238,95.2,91,38.2,44,18.5,68,28.6,9,3.6,2,0.8
acgr24.txt,2023_24,2023-24,15,75168,0000000,1575168,15751680000000,15751680000000,Kern,El Tejon Unified,TA,70,63,90,16,25.4,1,1.6,0,0,3,4.3,3,4.3
acgr24.txt,2023_24,2023-24,16,10165,0000000,1610165,16101650000000,16101650000000,Kings,Kings County Office of Education,TA,35,11,31.4,0,0,0,0,0,0,23,65.7,0,0
acgr24.txt,2023_24,2023-24,16,63875,0000000,1663875,16638750000000,16638750000000,Kings,Armona Union Elementary,TA,55,42,76.4,9,21.4,0,0,3,7.1,12,21.8,0,0
acgr24.txt,2023_24,2023-24,16,63891,0000000,1663891,16638910000000,16638910000000,Kings,Corcoran Joint Unified,TA,210,185,88.1,65,35.1,0,0,0,0,19,9,6,2.9
acgr24.txt,2023_24,2023-24,16,63925,0000000,1663925,16639250000000,16639250000000,Kings,Hanford Joint Union High,TA,1028,982,95.5,337,34.3,51,5.2,311,31.7,32,3.1,0,0
acgr24.txt,2023_24,2023-24,16,63958,0000000,1663958,16639580000000,16639580000000,Kings,Kit Carson Union Elementary,TA,357,64,17.9,1,1.6,0,0,0,0,85,23.8,192,53.8
acgr24.txt,2023_24,2023-24,16,63982,0000000,1663982,16639820000000,16639820000000,Kings,Lemoore Union High,TA,550,533,96.9,224,42,37,6.9,218,40.9,4,0.7,0,0
acgr24.txt,2023_24,2023-24,16,73932,0000000,1673932,16739320000000,16739320000000,Kings,Reef-Sunset Unified,TA,201,183,91,86,47,5,2.7,66,36.1,10,5,1,0.5
acgr24.txt,2023_24,2023-24,17,10173,0000000,1710173,17101730000000,17101730000000,Lake,Lake County Office of Education,TA,NA,NA,NA,NA,NA,NA,NA,NA,NA,NA,NA,NA,NA
acgr24.txt,2023_24,2023-24,17,64014,0000000,1764014,17640140000000,17640140000000,Lake,Kelseyville Unified,TA,150,122,81.3,24,19.7,0,0,0,0,17,11.3,0,0
acgr24.txt,2023_24,2023-24,17,64022,0000000,1764022,17640220000000,17640220000000,Lake,Konocti Unified,TA,266,223,83.8,42,18.8,0,0,40,17.9,35,13.2,0,0
acgr24.txt,2023_24,2023-24,17,64030,0000000,1764030,17640300000000,17640300000000,Lake,Lakeport Unified,TA,130,125,96.2,18,14.4,0,0,0,0,3,2.3,0,0
acgr24.txt,2023_24,2023-24,17,64055,0000000,1764055,17640550000000,17640550000000,Lake,Middletown Unified,TA,148,127,85.8,23,18.1,2,1.6,0,0,14,9.5,0,0
acgr24.txt,2023_24,2023-24,17,76976,0000000,1776976,17769760000000,17769760000000,Lake,Upper Lake Unified,TA,96,83,86.5,20,24.1,0,0,15,18.1,7,7.3,0,0
acgr24.txt,2023_24,2023-24,18,64089,0000000,1864089,18640890000000,18640890000000,Lassen,Big Valley Joint Unified,TA,NA,NA,NA,NA,NA,NA,NA,NA,NA,NA,NA,NA,NA
acgr24.txt,2023_24,2023-24,18,64139,0000000,1864139,18641390000000,18641390000000,Lassen,Lassen Union High,TA,215,192,89.3,35,18.2,12,6.3,48,25,10,4.7,0,0
acgr24.txt,2023_24,2023-24,18,64196,0000000,1864196,18641960000000,18641960000000,Lassen,Susanville Elementary,TA,24,19,79.2,1,5.3,0,0,6,31.6,3,12.5,0,0
acgr24.txt,2023_24,2023-24,18,64204,0000000,1864204,18642040000000,18642040000000,Lassen,Westwood Unified,TA,17,14,82.4,3,21.4,0,0,2,14.3,3,17.6,0,0
acgr24.txt,2023_24,2023-24,18,75036,0000000,1875036,18750360000000,18750360000000,Lassen,Fort Sage Unified,TA,40,33,82.5,0,0,0,0,3,9.1,6,15,0,0
acgr24.txt,2023_24,2023-24,19,10199,0000000,1910199,19101990000000,19101990000000,Los Angeles,Los Angeles County Office of Education,TA,987,749,75.9,557,74.4,118,15.8,189,25.2,142,14.4,91,9.2
acgr24.txt,2023_24,2023-24,19,64212,0000000,1964212,19642120000000,19642120000000,Los Angeles,ABC Unified,TA,1563,1483,94.9,925,62.4,400,27,681,45.9,23,1.5,35,2.2
acgr24.txt,2023_24,2023-24,19,64246,0000000,1964246,19642460000000,19642460000000,Los Angeles,Antelope Valley Union High,TA,5855,4597,78.5,1650,35.9,428,9.3,1164,25.3,1021,17.4,182,3.1
acgr24.txt,2023_24,2023-24,19,64261,0000000,1964261,19642610000000,19642610000000,Los Angeles,Arcadia Unified,TA,803,779,97,507,65.1,38,4.9,229,29.4,5,0.6,8,1
acgr24.txt,2023_24,2023-24,19,64279,0000000,1964279,19642790000000,19642790000000,Los Angeles,Azusa Unified,TA,493,413,83.8,142,34.4,78,18.9,126,30.5,64,13,0,0
acgr24.txt,2023_24,2023-24,19,64287,0000000,1964287,19642870000000,19642870000000,Los Angeles,Baldwin Park Unified,TA,1153,921,79.9,354,38.4,98,10.6,213,23.1,158,13.7,51,4.4
acgr24.txt,2023_24,2023-24,19,64295,0000000,1964295,19642950000000,19642950000000,Los Angeles,Bassett Unified,TA,241,235,97.5,75,31.9,23,9.8,22,9.4,4,1.7,0,0
acgr24.txt,2023_24,2023-24,19,64303,0000000,1964303,19643030000000,19643030000000,Los Angeles,Bellflower Unified,TA,878,794,90.4,326,41.1,141,17.8,185,23.3,28,3.2,32,3.6
acgr24.txt,2023_24,2023-24,19,64311,0000000,1964311,19643110000000,19643110000000,Los Angeles,Beverly Hills Unified,TA,325,306,94.2,211,69,40,13.1,191,62.4,5,1.5,2,0.6
acgr24.txt,2023_24,2023-24,19,64329,0000000,1964329,19643290000000,19643290000000,Los Angeles,Bonita Unified,TA,814,784,96.3,480,61.2,0,0,0,0,11,1.4,5,0.6
acgr24.txt,2023_24,2023-24,19,64337,0000000,1964337,19643370000000,19643370000000,Los Angeles,Burbank Unified,TA,1284,1235,96.2,609,49.3,121,9.8,630,51,13,1,11,0.9
acgr24.txt,2023_24,2023-24,19,64352,0000000,1964352,19643520000000,19643520000000,Los Angeles,Centinela Valley Union High,TA,1851,1351,73,597,44.2,190,14.1,196,14.5,446,24.1,45,2.4
acgr24.txt,2023_24,2023-24,19,64378,0000000,1964378,19643780000000,19643780000000,Los Angeles,Charter Oak Unified,TA,371,346,93.3,148,42.8,21,6.1,101,29.2,16,4.3,0,0
acgr24.txt,2023_24,2023-24,19,64394,0000000,1964394,19643940000000,19643940000000,Los Angeles,Claremont Unified,TA,617,602,97.6,383,63.6,117,19.4,283,47,3,0.5,4,0.6
acgr24.txt,2023_24,2023-24,19,64436,0000000,1964436,19644360000000,19644360000000,Los Angeles,Covina-Valley Unified,TA,1099,1045,95.1,685,65.6,225,21.5,459,43.9,25,2.3,11,1
acgr24.txt,2023_24,2023-24,19,64444,0000000,1964444,19644440000000,19644440000000,Los Angeles,Culver City Unified,TA,561,525,93.6,367,69.9,160,30.5,186,35.4,30,5.3,0,0
acgr24.txt,2023_24,2023-24,19,64451,0000000,1964451,19644510000000,19644510000000,Los Angeles,Downey Unified,TA,1963,1879,95.7,985,52.4,185,9.8,472,25.1,43,2.2,0,0
acgr24.txt,2023_24,2023-24,19,64469,0000000,1964469,19644690000000,19644690000000,Los Angeles,Duarte Unified,TA,1902,790,41.5,395,50,96,12.2,262,33.2,466,24.5,595,31.3
acgr24.txt,2023_24,2023-24,19,64519,0000000,1964519,19645190000000,19645190000000,Los Angeles,El Monte Union High,TA,2046,1732,84.7,778,44.9,174,10,333,19.2,241,11.8,0,0
acgr24.txt,2023_24,2023-24,19,64527,0000000,1964527,19645270000000,19645270000000,Los Angeles,El Rancho Unified,TA,632,590,93.4,232,39.3,61,10.3,93,15.8,31,4.9,0,0
acgr24.txt,2023_24,2023-24,19,64535,0000000,1964535,19645350000000,19645350000000,Los Angeles,El Segundo Unified,TA,345,342,99.1,257,75.1,26,7.6,167,48.8,1,0.3,2,0.6
acgr24.txt,2023_24,2023-24,19,64568,0000000,1964568,19645680000000,19645680000000,Los Angeles,Glendale Unified,TA,1835,1729,94.2,1027,59.4,212,12.3,731,42.3,41,2.2,1,0.1
acgr24.txt,2023_24,2023-24,19,64576,0000000,1964576,19645760000000,19645760000000,Los Angeles,Glendora Unified,TA,607,580,95.6,353,60.9,47,8.1,233,40.2,19,3.1,0,0
acgr24.txt,2023_24,2023-24,19,64584,0000000,1964584,19645840000000,19645840000000,Los Angeles,Gorman Joint,TA,103,83,80.6,10,12,0,0,0,0,20,19.4,0,0
acgr24.txt,2023_24,2023-24,19,64592,0000000,1964592,19645920000000,19645920000000,Los Angeles,Hawthorne,TA,121,116,95.9,98,84.5,47,40.5,76,65.5,0,0,0,0
acgr24.txt,2023_24,2023-24,19,64634,0000000,1964634,19646340000000,19646340000000,Los Angeles,Inglewood Unified,TA,564,492,87.2,278,56.5,91,18.5,115,23.4,55,9.8,1,0.2
acgr24.txt,2023_24,2023-24,19,64642,0000000,1964642,19646420000000,19646420000000,Los Angeles,Keppel Union Elementary,TA,13,12,92.3,9,75,1,8.3,10,83.3,0,0,0,0
acgr24.txt,2023_24,2023-24,19,64659,0000000,1964659,19646590000000,19646590000000,Los Angeles,La Canada Unified,TA,356,350,98.3,312,89.1,124,35.4,287,82,3,0.8,2,0.6
acgr24.txt,2023_24,2023-24,19,64683,0000000,1964683,19646830000000,19646830000000,Los Angeles,Las Virgenes Unified,TA,881,830,94.2,509,61.3,78,9.4,459,55.3,38,4.3,0,0
acgr24.txt,2023_24,2023-24,19,64691,0000000,1964691,19646910000000,19646910000000,Los Angeles,Lawndale Elementary,TA,119,116,97.5,111,95.7,53,45.7,64,55.2,3,2.5,0,0
acgr24.txt,2023_24,2023-24,19,64709,0000000,1964709,19647090000000,19647090000000,Los Angeles,Lennox,TA,289,287,99.3,227,79.1,156,54.4,82,28.6,2,0.7,0,0
acgr24.txt,2023_24,2023-24,19,64725,0000000,1964725,19647250000000,19647250000000,Los Angeles,Long Beach Unified,TA,5538,4593,82.9,2678,58.3,805,17.5,1804,39.3,811,14.6,62,1.1
acgr24.txt,2023_24,2023-24,19,64733,0000000,1964733,19647330000000,19647330000000,Los Angeles,Los Angeles Unified,TA,41955,37127,88.5,25921,69.8,8616,23.2,11970,32.2,2734,6.5,1132,2.7
acgr24.txt,2023_24,2023-24,19,64774,0000000,1964774,19647740000000,19647740000000,Los Angeles,Lynwood Unified,TA,1045,890,85.2,446,50.1,136,15.3,173,19.4,139,13.3,0,0
acgr24.txt,2023_24,2023-24,19,64790,0000000,1964790,19647900000000,19647900000000,Los Angeles,Monrovia Unified,TA,401,380,94.8,192,50.5,72,18.9,115,30.3,16,4,0,0
acgr24.txt,2023_24,2023-24,19,64808,0000000,1964808,19648080000000,19648080000000,Los Angeles,Montebello Unified,TA,1921,1613,84,456,28.3,203,12.6,496,30.8,218,11.3,42,2.2
acgr24.txt,2023_24,2023-24,19,64840,0000000,1964840,19648400000000,19648400000000,Los Angeles,Norwalk-La Mirada Unified,TA,1237,1154,93.3,512,44.4,72,6.2,182,15.8,53,4.3,0,0
acgr24.txt,2023_24,2023-24,19,64857,0000000,1964857,19648570000000,19648570000000,Los Angeles,Palmdale Elementary,TA,495,241,48.7,127,52.7,20,8.3,60,24.9,65,13.1,179,36.2
acgr24.txt,2023_24,2023-24,19,64865,0000000,1964865,19648650000000,19648650000000,Los Angeles,Palos Verdes Peninsula Unified,TA,980,968,98.8,797,82.3,339,35,617,63.7,3,0.3,0,0
acgr24.txt,2023_24,2023-24,19,64873,0000000,1964873,19648730000000,19648730000000,Los Angeles,Paramount Unified,TA,1157,1052,90.9,510,48.5,169,16.1,319,30.3,90,7.8,0,0
acgr24.txt,2023_24,2023-24,19,64881,0000000,1964881,19648810000000,19648810000000,Los Angeles,Pasadena Unified,TA,1313,1111,84.6,578,52,127,11.4,375,33.8,129,9.8,46,3.5
acgr24.txt,2023_24,2023-24,19,64907,0000000,1964907,19649070000000,19649070000000,Los Angeles,Pomona Unified,TA,1824,1596,87.5,642,40.2,123,7.7,444,27.8,89,4.9,92,5
acgr24.txt,2023_24,2023-24,19,64964,0000000,1964964,19649640000000,19649640000000,Los Angeles,San Marino Unified,TA,201,198,98.5,131,66.2,43,21.7,114,57.6,2,1,0,0
acgr24.txt,2023_24,2023-24,19,64980,0000000,1964980,19649800000000,19649800000000,Los Angeles,Santa Monica-Malibu Unified,TA,793,772,97.4,442,57.3,136,17.6,419,54.3,10,1.3,0,0
acgr24.txt,2023_24,2023-24,19,65029,0000000,1965029,19650290000000,19650290000000,Los Angeles,South Pasadena Unified,TA,338,330,97.6,262,79.4,68,20.6,220,66.7,8,2.4,0,0
acgr24.txt,2023_24,2023-24,19,65052,0000000,1965052,19650520000000,19650520000000,Los Angeles,Temple City Unified,TA,481,466,96.9,275,59,60,12.9,243,52.1,9,1.9,2,0.4
acgr24.txt,2023_24,2023-24,19,65060,0000000,1965060,19650600000000,19650600000000,Los Angeles,Torrance Unified,TA,1989,1912,96.1,1332,69.7,454,23.7,1078,56.4,15,0.8,43,2.2
acgr24.txt,2023_24,2023-24,19,65094,0000000,1965094,19650940000000,19650940000000,Los Angeles,West Covina Unified,TA,1283,1185,92.4,465,39.2,154,13,282,23.8,82,6.4,0,0
acgr24.txt,2023_24,2023-24,19,65128,0000000,1965128,19651280000000,19651280000000,Los Angeles,Whittier Union High,TA,2743,2551,93,1491,58.4,308,12.1,933,36.6,32,1.2,70,2.6
acgr24.txt,2023_24,2023-24,19,65136,0000000,1965136,19651360000000,19651360000000,Los Angeles,William S. Hart Union High,TA,4091,3713,90.8,1515,40.8,150,4,1447,39,244,6,107,2.6
acgr24.txt,2023_24,2023-24,19,73437,0000000,1973437,19734370000000,19734370000000,Los Angeles,Compton Unified,TA,1305,1206,92.4,756,62.7,294,24.4,430,35.7,86,6.6,1,0.1
acgr24.txt,2023_24,2023-24,19,73445,0000000,1973445,19734450000000,19734450000000,Los Angeles,Hacienda la Puente Unified,TA,1265,1189,94,553,46.5,184,15.5,348,29.3,29,2.3,21,1.7
acgr24.txt,2023_24,2023-24,19,73452,0000000,1973452,19734520000000,19734520000000,Los Angeles,Rowland Unified,TA,1157,1054,91.1,439,41.7,143,13.6,269,25.5,79,6.8,1,0.1
acgr24.txt,2023_24,2023-24,19,73460,0000000,1973460,19734600000000,19734600000000,Los Angeles,Walnut Valley Unified,TA,1196,1157,96.7,790,68.3,304,26.3,868,75,9,0.8,0,0
acgr24.txt,2023_24,2023-24,19,75291,0000000,1975291,19752910000000,19752910000000,Los Angeles,San Gabriel Unified,TA,518,413,79.7,255,61.7,59,14.3,212,51.3,58,11.2,37,7.1
acgr24.txt,2023_24,2023-24,19,75309,0000000,1975309,19753090000000,19753090000000,Los Angeles,Acton-Agua Dulce Unified,TA,2755,955,34.7,244,25.5,36,3.8,173,18.1,698,25.3,1001,36.3
acgr24.txt,2023_24,2023-24,19,75333,0000000,1975333,19753330000000,19753330000000,Los Angeles,Manhattan Beach Unified,TA,627,623,99.4,501,80.4,176,28.3,426,68.4,2,0.3,0,0
acgr24.txt,2023_24,2023-24,19,75341,0000000,1975341,19753410000000,19753410000000,Los Angeles,Redondo Beach Unified,TA,796,772,97,539,69.8,97,12.6,243,31.5,13,1.6,0,0
acgr24.txt,2023_24,2023-24,19,75663,0000000,1975663,19756630000000,19756630000000,Los Angeles,SBE - New West Charter,TA,136,129,94.9,123,95.3,78,60.5,52,40.3,0,0,0,0
acgr24.txt,2023_24,2023-24,19,75713,0000000,1975713,19757130000000,19757130000000,Los Angeles,Alhambra Unified,TA,1596,1469,92,937,63.8,285,19.4,1459,99.3,26,1.6,49,3.1
acgr24.txt,2023_24,2023-24,19,76869,0000000,1976869,19768690000000,19768690000000,Los Angeles,Wiseburn Unified,TA,472,450,95.3,430,95.6,0,0,0,0,2,0.4,15,3.2
acgr24.txt,2023_24,2023-24,19,76968,0000000,1976968,19769680000000,19769680000000,Los Angeles,SBE - Academia Avance Charter,TA,44,38,86.4,35,92.1,0,0,0,0,6,13.6,0,0
acgr24.txt,2023_24,2023-24,19,77289,0000000,1977289,19772890000000,19772890000000,Los Angeles,SBE - Los Angeles College Prep Academy,TA,NA,NA,NA,NA,NA,NA,NA,NA,NA,NA,NA,NA,NA
acgr24.txt,2023_24,2023-24,20,10207,0000000,2010207,20102070000000,20102070000000,Madera,Madera County Superintendent of Schools,TA,133,53,39.8,0,0,0,0,0,0,27,20.3,53,39.8
acgr24.txt,2023_24,2023-24,20,65201,0000000,2065201,20652010000000,20652010000000,Madera,Chowchilla Union High,TA,289,255,88.2,84,32.9,56,22,92,36.1,27,9.3,0,0
acgr24.txt,2023_24,2023-24,20,65243,0000000,2065243,20652430000000,20652430000000,Madera,Madera Unified,TA,1543,1426,92.4,727,51,298,20.9,368,25.8,101,6.5,0,0
acgr24.txt,2023_24,2023-24,20,75580,0000000,2075580,20755800000000,20755800000000,Madera,Golden Valley Unified,TA,192,179,93.2,81,45.3,0,0,0,0,10,5.2,0,0
acgr24.txt,2023_24,2023-24,20,75606,0000000,2075606,20756060000000,20756060000000,Madera,Chawanakee Unified,TA,129,122,94.6,41,33.6,0,0,0,0,4,3.1,0,0
acgr24.txt,2023_24,2023-24,20,76414,0000000,2076414,20764140000000,20764140000000,Madera,Yosemite Unified,TA,204,155,76,61,39.4,0,0,11,7.1,38,18.6,0,0
acgr24.txt,2023_24,2023-24,21,10215,0000000,2110215,21102150000000,21102150000000,Marin,Marin County Office of Education,TA,41,15,36.6,0,0,0,0,0,0,25,61,0,0
acgr24.txt,2023_24,2023-24,21,65417,0000000,2165417,21654170000000,21654170000000,Marin,Novato Unified,TA,744,674,90.6,396,58.8,73,10.8,329,48.8,37,5,16,2.2
acgr24.txt,2023_24,2023-24,21,65466,0000000,2165466,21654660000000,21654660000000,Marin,San Rafael City High,TA,735,588,80,340,57.8,139,23.6,228,38.8,97,13.2,0,0
acgr24.txt,2023_24,2023-24,21,65482,0000000,2165482,21654820000000,21654820000000,Marin,Tamalpais Union High,TA,1274,1247,97.9,992,79.6,372,29.8,533,42.7,20,1.6,0,0
acgr24.txt,2023_24,2023-24,21,73361,0000000,2173361,21733610000000,21733610000000,Marin,Shoreline Unified,TA,36,34,94.4,12,35.3,0,0,0,0,2,5.6,0,0
acgr24.txt,2023_24,2023-24,22,10223,0000000,2210223,22102230000000,22102230000000,Mariposa,Mariposa County Office of Education,TA,NA,NA,NA,NA,NA,NA,NA,NA,NA,NA,NA,NA,NA
acgr24.txt,2023_24,2023-24,22,65532,0000000,2265532,22655320000000,22655320000000,Mariposa,Mariposa County Unified,TA,140,133,95,32,24.1,0,0,37,27.8,7,5,0,0
acgr24.txt,2023_24,2023-24,23,10231,0000000,2310231,23102310000000,23102310000000,Mendocino,Mendocino County Office of Education,TA,11,1,9.1,0,0,0,0,0,0,5,45.5,3,27.3
acgr24.txt,2023_24,2023-24,23,65540,0000000,2365540,23655400000000,23655400000000,Mendocino,Anderson Valley Unified,TA,40,38,95,16,42.1,0,0,0,0,2,5,0,0
acgr24.txt,2023_24,2023-24,23,65557,0000000,2365557,23655570000000,23655570000000,Mendocino,Arena Union Elementary,TA,NA,NA,NA,NA,NA,NA,NA,NA,NA,NA,NA,NA,NA
acgr24.txt,2023_24,2023-24,23,65565,0000000,2365565,23655650000000,23655650000000,Mendocino,Fort Bragg Unified,TA,138,114,82.6,46,40.4,11,9.6,30,26.3,12,8.7,0,0
acgr24.txt,2023_24,2023-24,23,65581,0000000,2365581,23655810000000,23655810000000,Mendocino,Mendocino Unified,TA,44,43,97.7,16,37.2,0,0,0,0,1,2.3,0,0
acgr24.txt,2023_24,2023-24,23,65599,0000000,2365599,23655990000000,23655990000000,Mendocino,Point Arena Joint Union High,TA,38,37,97.4,11,29.7,0,0,7,18.9,1,2.6,0,0
acgr24.txt,2023_24,2023-24,23,65607,0000000,2365607,23656070000000,23656070000000,Mendocino,Round Valley Unified,TA,20,17,85,1,5.9,0,0,0,0,3,15,0,0
acgr24.txt,2023_24,2023-24,23,65615,0000000,2365615,23656150000000,23656150000000,Mendocino,Ukiah Unified,TA,519,477,91.9,173,36.3,77,16.1,98,20.5,19,3.7,1,0.2
acgr24.txt,2023_24,2023-24,23,65623,0000000,2365623,23656230000000,23656230000000,Mendocino,Willits Unified,TA,134,108,80.6,35,32.4,3,2.8,17,15.7,22,16.4,0,0
acgr24.txt,2023_24,2023-24,23,73866,0000000,2373866,23738660000000,23738660000000,Mendocino,Potter Valley Community Unified,TA,12,12,100,3,25,0,0,0,0,0,0,0,0
acgr24.txt,2023_24,2023-24,23,73916,0000000,2373916,23739160000000,23739160000000,Mendocino,Laytonville Unified,TA,29,23,79.3,6,26.1,1,4.3,5,21.7,5,17.2,0,0
acgr24.txt,2023_24,2023-24,23,75218,0000000,2375218,23752180000000,23752180000000,Mendocino,Leggett Valley Unified,TA,NA,NA,NA,NA,NA,NA,NA,NA,NA,NA,NA,NA,NA
acgr24.txt,2023_24,2023-24,24,10249,0000000,2410249,24102490000000,24102490000000,Merced,Merced County Office of Education,TA,358,203,56.7,8,3.9,3,1.5,6,3,92,25.7,18,5
acgr24.txt,2023_24,2023-24,24,65698,0000000,2465698,24656980000000,24656980000000,Merced,Hilmar Unified,TA,193,184,95.3,54,29.3,38,20.7,0,0,9,4.7,0,0
acgr24.txt,2023_24,2023-24,24,65730,0000000,2465730,24657300000000,24657300000000,Merced,Le Grand Union High,TA,133,127,95.5,37,29.1,8,6.3,23,18.1,4,3,0,0
acgr24.txt,2023_24,2023-24,24,65755,0000000,2465755,24657550000000,24657550000000,Merced,Los Banos Unified,TA,924,883,95.6,378,42.8,74,8.4,256,29,19,2.1,13,1.4
acgr24.txt,2023_24,2023-24,24,65789,0000000,2465789,24657890000000,24657890000000,Merced,Merced Union High,TA,2832,2707,95.6,788,29.1,222,8.2,583,21.5,95,3.4,9,0.3
acgr24.txt,2023_24,2023-24,24,73619,0000000,2473619,24736190000000,24736190000000,Merced,Gustine Unified,TA,150,140,93.3,48,34.3,11,7.9,0,0,10,6.7,0,0
acgr24.txt,2023_24,2023-24,24,75317,0000000,2475317,24753170000000,24753170000000,Merced,Dos Palos Oro Loma Joint Unified,TA,187,179,95.7,40,22.3,14,7.8,28,15.6,5,2.7,0,0
acgr24.txt,2023_24,2023-24,24,75366,0000000,2475366,24753660000000,24753660000000,Merced,Delhi Unified,TA,201,195,97,92,47.2,0,0,48,24.6,4,2,1,0.5
acgr24.txt,2023_24,2023-24,25,65896,0000000,2565896,25658960000000,25658960000000,Modoc,Surprise Valley Joint Unified,TA,12,10,83.3,1,10,0,0,0,0,2,16.7,0,0
acgr24.txt,2023_24,2023-24,25,73585,0000000,2573585,25735850000000,25735850000000,Modoc,Modoc Joint Unified,TA,67,55,82.1,18,32.7,0,0,0,0,8,11.9,0,0
acgr24.txt,2023_24,2023-24,25,73593,0000000,2573593,25735930000000,25735930000000,Modoc,Tulelake Basin Joint Unified,TA,31,27,87.1,9,33.3,0,0,6,22.2,3,9.7,0,0
acgr24.txt,2023_24,2023-24,26,10264,0000000,2610264,26102640000000,26102640000000,Mono,Mono County Office of Education,TA,130,9,6.9,0,0,0,0,0,0,48,36.9,73,56.2
acgr24.txt,2023_24,2023-24,26,73668,0000000,2673668,26736680000000,26736680000000,Mono,Eastern Sierra Unified,TA,30,29,96.7,29,100,0,0,0,0,1,3.3,0,0
acgr24.txt,2023_24,2023-24,26,73692,0000000,2673692,26736920000000,26736920000000,Mono,Mammoth Unified,TA,106,98,92.5,57,58.2,34,34.7,57,58.2,7,6.6,0,0
acgr24.txt,2023_24,2023-24,27,10272,0000000,2710272,27102720000000,27102720000000,Monterey,Monterey County Office of Education,TA,118,70,59.3,0,0,0,0,0,0,27,22.9,19,16.1
acgr24.txt,2023_24,2023-24,27,65987,0000000,2765987,27659870000000,27659870000000,Monterey,Carmel Unified,TA,209,199,95.2,119,59.8,60,30.2,108,54.3,9,4.3,0,0
acgr24.txt,2023_24,2023-24,27,66068,0000000,2766068,27660680000000,27660680000000,Monterey,South Monterey County Joint Union High,TA,684,638,93.3,180,28.2,52,8.2,129,20.2,39,5.7,0,0
acgr24.txt,2023_24,2023-24,27,66092,0000000,2766092,27660920000000,27660920000000,Monterey,Monterey Peninsula Unified,TA,905,856,94.6,589,68.8,80,9.3,200,23.4,19,2.1,5,0.6
acgr24.txt,2023_24,2023-24,27,66134,0000000,2766134,27661340000000,27661340000000,Monterey,Pacific Grove Unified,TA,122,114,93.4,70,61.4,18,15.8,37,32.5,5,4.1,0,0
acgr24.txt,2023_24,2023-24,27,66159,0000000,2766159,27661590000000,27661590000000,Monterey,Salinas Union High,TA,2973,2525,84.9,1203,47.6,475,18.8,781,30.9,154,5.2,231,7.8
acgr24.txt,2023_24,2023-24,27,73825,0000000,2773825,27738250000000,27738250000000,Monterey,North Monterey County Unified,TA,372,339,91.1,114,33.6,0,0,98,28.9,25,6.7,0,0
acgr24.txt,2023_24,2023-24,27,75150,0000000,2775150,27751500000000,27751500000000,Monterey,Big Sur Unified,TA,NA,NA,NA,NA,NA,NA,NA,NA,NA,NA,NA,NA,NA
acgr24.txt,2023_24,2023-24,27,75440,0000000,2775440,27754400000000,27754400000000,Monterey,Soledad Unified,TA,406,386,95.1,138,35.8,28,7.3,0,0,20,4.9,0,0
acgr24.txt,2023_24,2023-24,27,75473,0000000,2775473,27754730000000,27754730000000,Monterey,Gonzales Unified,TA,202,185,91.6,107,57.8,21,11.4,49,26.5,15,7.4,0,0
acgr24.txt,2023_24,2023-24,28,10280,0000000,2810280,28102800000000,28102800000000,Napa,Napa County Office of Education,TA,33,20,60.6,0,0,0,0,0,0,2,6.1,10,30.3
acgr24.txt,2023_24,2023-24,28,66241,0000000,2866241,28662410000000,28662410000000,Napa,Calistoga Joint Unified,TA,66,62,93.9,34,54.8,16,25.8,24,38.7,3,4.5,0,0
acgr24.txt,2023_24,2023-24,28,66266,0000000,2866266,28662660000000,28662660000000,Napa,Napa Valley Unified,TA,1611,1499,93,632,42.2,342,22.8,320,21.3,88,5.5,0,0
acgr24.txt,2023_24,2023-24,28,66290,0000000,2866290,28662900000000,28662900000000,Napa,Saint Helena Unified,TA,116,112,96.6,57,50.9,34,30.4,29,25.9,1,0.9,0,0
acgr24.txt,2023_24,2023-24,29,10298,0000000,2910298,29102980000000,29102980000000,Nevada,Nevada County Office of Education,TA,1090,241,22.1,19,7.9,0,0,8,3.3,756,69.4,89,8.2
acgr24.txt,2023_24,2023-24,29,66357,0000000,2966357,29663570000000,29663570000000,Nevada,Nevada Joint Union High,TA,645,573,88.8,197,34.4,32,5.6,118,20.6,60,9.3,0,0
acgr24.txt,2023_24,2023-24,29,76877,0000000,2976877,29768770000000,29768770000000,Nevada,Penn Valley Union Elementary,TA,NA,NA,NA,NA,NA,NA,NA,NA,NA,NA,NA,NA,NA
acgr24.txt,2023_24,2023-24,30,10306,0000000,3010306,30103060000000,30103060000000,Orange,Orange County Department of Education,TA,1839,1117,60.7,549,49.1,243,21.8,387,34.6,331,18,331,18
acgr24.txt,2023_24,2023-24,30,66431,0000000,3066431,30664310000000,30664310000000,Orange,Anaheim Union High,TA,4810,4484,93.2,2438,54.4,1119,25,1224,27.3,196,4.1,47,1
acgr24.txt,2023_24,2023-24,30,66449,0000000,3066449,30664490000000,30664490000000,Orange,Brea-Olinda Unified,TA,461,435,94.4,251,57.7,91,20.9,191,43.9,21,4.6,0,0
acgr24.txt,2023_24,2023-24,30,66464,0000000,3066464,30664640000000,30664640000000,Orange,Capistrano Unified,TA,4579,4207,91.9,2336,55.5,795,18.9,1575,37.4,279,6.1,21,0.5
acgr24.txt,2023_24,2023-24,30,66514,0000000,3066514,30665140000000,30665140000000,Orange,Fullerton Joint Union High,TA,3184,2989,93.9,1641,54.9,370,12.4,1447,48.4,113,3.5,23,0.7
acgr24.txt,2023_24,2023-24,30,66522,0000000,3066522,30665220000000,30665220000000,Orange,Garden Grove Unified,TA,3391,3156,93.1,1938,61.4,618,19.6,1226,38.8,187,5.5,0,0
acgr24.txt,2023_24,2023-24,30,66548,0000000,3066548,30665480000000,30665480000000,Orange,Huntington Beach Union High,TA,3641,3331,91.5,1940,58.2,936,28.1,1484,44.6,233,6.4,0,0
acgr24.txt,2023_24,2023-24,30,66555,0000000,3066555,30665550000000,30665550000000,Orange,Laguna Beach Unified,TA,252,251,99.6,200,79.7,110,43.8,164,65.3,0,0,0,0
acgr24.txt,2023_24,2023-24,30,66597,0000000,3066597,30665970000000,30665970000000,Orange,Newport-Mesa Unified,TA,1684,1580,93.8,864,54.7,313,19.8,588,37.2,43,2.6,17,1
acgr24.txt,2023_24,2023-24,30,66621,0000000,3066621,30666210000000,30666210000000,Orange,Orange Unified,TA,2161,2044,94.6,1046,51.2,337,16.5,668,32.7,58,2.7,0,0
acgr24.txt,2023_24,2023-24,30,66647,0000000,3066647,30666470000000,30666470000000,Orange,Placentia-Yorba Linda Unified,TA,1977,1886,95.4,1118,59.3,407,21.6,887,47,19,1,20,1
acgr24.txt,2023_24,2023-24,30,66670,0000000,3066670,30666700000000,30666700000000,Orange,Santa Ana Unified,TA,3777,3418,90.5,1511,44.2,591,17.3,1237,36.2,284,7.5,0,0
acgr24.txt,2023_24,2023-24,30,73635,0000000,3073635,30736350000000,30736350000000,Orange,Saddleback Valley Unified,TA,2111,1968,93.2,1041,52.9,403,20.5,911,46.3,60,2.8,44,2.1
acgr24.txt,2023_24,2023-24,30,73643,0000000,3073643,30736430000000,30736430000000,Orange,Tustin Unified,TA,1995,1906,95.5,1260,66.1,471,24.7,0,0,22,1.1,0,0
acgr24.txt,2023_24,2023-24,30,73650,0000000,3073650,30736500000000,30736500000000,Orange,Irvine Unified,TA,2909,2778,95.5,2057,74,718,25.8,1784,64.2,57,2,12,0.4
acgr24.txt,2023_24,2023-24,30,73924,0000000,3073924,30739240000000,30739240000000,Orange,Los Alamitos Unified,TA,800,770,96.3,611,79.4,342,44.4,505,65.6,29,3.6,0,0
acgr24.txt,2023_24,2023-24,30,76893,0000000,3076893,30768930000000,30768930000000,Orange,SBE - Magnolia Science Academy Santa Ana,TA,35,35,100,29,82.9,7,20,13,37.1,0,0,0,0
acgr24.txt,2023_24,2023-24,31,10314,0000000,3110314,31103140000000,31103140000000,Placer,Placer County Office of Education,TA,84,39,46.4,0,0,0,0,0,0,27,32.1,18,21.4
acgr24.txt,2023_24,2023-24,31,66894,0000000,3166894,31668940000000,31668940000000,Placer,Placer Union High,TA,1036,985,95.1,598,60.7,182,18.5,434,44.1,23,2.2,18,1.7
acgr24.txt,2023_24,2023-24,31,66928,0000000,3166928,31669280000000,31669280000000,Placer,Roseville Joint Union High,TA,2765,2583,93.4,1696,65.7,503,19.5,897,34.7,150,5.4,3,0.1
acgr24.txt,2023_24,2023-24,31,66944,0000000,3166944,31669440000000,31669440000000,Placer,Tahoe-Truckee Unified,TA,370,332,89.7,205,61.7,92,27.7,145,43.7,18,4.9,0,0
acgr24.txt,2023_24,2023-24,31,66951,0000000,3166951,31669510000000,31669510000000,Placer,Western Placer Unified,TA,867,733,84.5,355,48.4,70,9.5,176,24,114,13.1,2,0.2
acgr24.txt,2023_24,2023-24,31,75085,0000000,3175085,31750850000000,31750850000000,Placer,Rocklin Unified,TA,1149,1111,96.7,839,75.5,130,11.7,569,51.2,14,1.2,11,1
acgr24.txt,2023_24,2023-24,32,10322,0000000,3210322,32103220000000,32103220000000,Plumas,Plumas County Office of Education,TA,NA,NA,NA,NA,NA,NA,NA,NA,NA,NA,NA,NA,NA
acgr24.txt,2023_24,2023-24,32,66969,0000000,3266969,32669690000000,32669690000000,Plumas,Plumas Unified,TA,186,146,78.5,36,24.7,0,0,0,0,26,14,1,0.5
acgr24.txt,2023_24,2023-24,33,10330,0000000,3310330,33103300000000,33103300000000,Riverside,Riverside County Office of Education,TA,991,560,56.5,132,23.6,6,1.1,95,17,366,36.9,32,3.2
acgr24.txt,2023_24,2023-24,33,31625,0000000,3331625,33316250000000,33316250000000,Riverside,California School for the Deaf-Riverside (State Special Schl),TA,19,6,31.6,0,0,0,0,0,0,11,57.9,0,0
acgr24.txt,2023_24,2023-24,33,66977,0000000,3366977,33669770000000,33669770000000,Riverside,Alvord Unified,TA,1535,1429,93.1,651,45.6,234,16.4,385,26.9,69,4.5,19,1.2
acgr24.txt,2023_24,2023-24,33,66985,0000000,3366985,33669850000000,33669850000000,Riverside,Banning Unified,TA,326,280,85.9,92,32.9,1,0.4,0,0,37,11.3,0,0
acgr24.txt,2023_24,2023-24,33,66993,0000000,3366993,33669930000000,33669930000000,Riverside,Beaumont Unified,TA,1077,1017,94.4,430,42.3,88,8.7,326,32.1,28,2.6,10,0.9
acgr24.txt,2023_24,2023-24,33,67033,0000000,3367033,33670330000000,33670330000000,Riverside,Corona-Norco Unified,TA,4336,4175,96.3,2254,54,376,9,1358,32.5,72,1.7,58,1.3
acgr24.txt,2023_24,2023-24,33,67058,0000000,3367058,33670580000000,33670580000000,Riverside,Desert Sands Unified,TA,2311,2146,92.9,1203,56.1,266,12.4,661,30.8,65,2.8,7,0.3
acgr24.txt,2023_24,2023-24,33,67082,0000000,3367082,33670820000000,33670820000000,Riverside,Hemet Unified,TA,1853,1679,90.6,856,51,193,11.5,393,23.4,153,8.3,0,0
acgr24.txt,2023_24,2023-24,33,67090,0000000,3367090,33670900000000,33670900000000,Riverside,Jurupa Unified,TA,1506,1406,93.4,623,44.3,152,10.8,234,16.6,38,2.5,58,3.9
acgr24.txt,2023_24,2023-24,33,67116,0000000,3367116,33671160000000,33671160000000,Riverside,Menifee Union,TA,129,128,99.2,54,42.2,0,0,0,0,1,0.8,0,0
acgr24.txt,2023_24,2023-24,33,67124,0000000,3367124,33671240000000,33671240000000,Riverside,Moreno Valley Unified,TA,2609,2420,92.8,915,37.8,182,7.5,393,16.2,110,4.2,8,0.3
acgr24.txt,2023_24,2023-24,33,67157,0000000,3367157,33671570000000,33671570000000,Riverside,Nuview Union,TA,130,130,100,84,64.6,0,0,47,36.2,0,0,0,0
acgr24.txt,2023_24,2023-24,33,67173,0000000,3367173,33671730000000,33671730000000,Riverside,Palm Springs Unified,TA,1752,1582,90.3,752,47.5,227,14.3,348,22,94,5.4,40,2.3
acgr24.txt,2023_24,2023-24,33,67181,0000000,3367181,33671810000000,33671810000000,Riverside,Palo Verde Unified,TA,262,220,84,65,29.5,0,0,13,5.9,28,10.7,7,2.7
acgr24.txt,2023_24,2023-24,33,67207,0000000,3367207,33672070000000,33672070000000,Riverside,Perris Union High,TA,2713,2560,94.4,1083,42.3,227,8.9,1054,41.2,113,4.2,0,0
acgr24.txt,2023_24,2023-24,33,67215,0000000,3367215,33672150000000,33672150000000,Riverside,Riverside Unified,TA,3210,3034,94.5,1672,55.1,395,13,391,12.9,100,3.1,58,1.8
acgr24.txt,2023_24,2023-24,33,67249,0000000,3367249,33672490000000,33672490000000,Riverside,San Jacinto Unified,TA,947,879,92.8,403,45.8,111,12.6,177,20.1,38,4,0,0
acgr24.txt,2023_24,2023-24,33,73676,0000000,3373676,33736760000000,33736760000000,Riverside,Coachella Valley Unified,TA,1370,1168,85.3,464,39.7,346,29.6,71,6.1,121,8.8,0,0
acgr24.txt,2023_24,2023-24,33,75176,0000000,3375176,33751760000000,33751760000000,Riverside,Lake Elsinore Unified,TA,1746,1633,93.5,532,32.6,124,7.6,516,31.6,42,2.4,15,0.9
acgr24.txt,2023_24,2023-24,33,75192,0000000,3375192,33751920000000,33751920000000,Riverside,Temecula Valley Unified,TA,2363,2222,94,1604,72.2,297,13.4,1368,61.6,53,2.2,31,1.3
acgr24.txt,2023_24,2023-24,33,75200,0000000,3375200,33752000000000,33752000000000,Riverside,Murrieta Valley Unified,TA,2077,2030,97.7,1248,61.5,306,15.1,738,36.4,6,0.3,12,0.6
acgr24.txt,2023_24,2023-24,33,75242,0000000,3375242,33752420000000,33752420000000,Riverside,Val Verde Unified,TA,1858,1749,94.1,1026,58.7,163,9.3,529,30.2,91,4.9,0,0
acgr24.txt,2023_24,2023-24,34,10348,0000000,3410348,34103480000000,34103480000000,Sacramento,Sacramento County Office of Education,TA,420,146,34.8,35,24,7,4.8,0,0,114,27.1,151,36
acgr24.txt,2023_24,2023-24,34,67314,0000000,3467314,34673140000000,34673140000000,Sacramento,Elk Grove Unified,TA,5352,4818,90,2788,57.9,461,9.6,2207,45.8,252,4.7,269,5
acgr24.txt,2023_24,2023-24,34,67330,0000000,3467330,34673300000000,34673300000000,Sacramento,Folsom-Cordova Unified,TA,1756,1621,92.3,873,53.9,265,16.3,540,33.3,66,3.8,34,1.9
acgr24.txt,2023_24,2023-24,34,67355,0000000,3467355,34673550000000,34673550000000,Sacramento,Galt Joint Union High,TA,522,486,93.1,189,38.9,94,19.3,95,19.5,23,4.4,8,1.5
acgr24.txt,2023_24,2023-24,34,67413,0000000,3467413,34674130000000,34674130000000,Sacramento,River Delta Joint Unified,TA,149,137,91.9,74,54,36,26.3,74,54,9,6,0,0
acgr24.txt,2023_24,2023-24,34,67421,0000000,3467421,34674210000000,34674210000000,Sacramento,Robla Elementary,TA,216,33,15.3,2,6.1,0,0,0,0,57,26.4,123,56.9
acgr24.txt,2023_24,2023-24,34,67439,0000000,3467439,34674390000000,34674390000000,Sacramento,Sacramento City Unified,TA,3250,2630,80.9,1283,48.8,301,11.4,978,37.2,346,10.6,216,6.6
acgr24.txt,2023_24,2023-24,34,67447,0000000,3467447,34674470000000,34674470000000,Sacramento,San Juan Unified,TA,4970,3875,78,1484,38.3,480,12.4,1191,30.7,605,12.2,417,8.4
acgr24.txt,2023_24,2023-24,34,73973,0000000,3473973,34739730000000,34739730000000,Sacramento,Center Joint Unified,TA,402,351,87.3,39,11.1,37,10.5,0,0,33,8.2,14,3.5
acgr24.txt,2023_24,2023-24,34,75283,0000000,3475283,34752830000000,34752830000000,Sacramento,Natomas Unified,TA,1303,1241,95.2,825,66.5,198,16,515,41.5,20,1.5,21,1.6
acgr24.txt,2023_24,2023-24,34,76505,0000000,3476505,34765050000000,34765050000000,Sacramento,Twin Rivers Unified,TA,6776,2021,29.8,728,36,210,10.4,289,14.3,4622,68.2,85,1.3
acgr24.txt,2023_24,2023-24,35,10355,0000000,3510355,35103550000000,35103550000000,San Benito,San Benito County Office of Education,TA,NA,NA,NA,NA,NA,NA,NA,NA,NA,NA,NA,NA,NA
acgr24.txt,2023_24,2023-24,35,67538,0000000,3567538,35675380000000,35675380000000,San Benito,San Benito High,TA,923,851,92.2,383,45,128,15,307,36.1,36,3.9,12,1.3
acgr24.txt,2023_24,2023-24,35,75259,0000000,3575259,35752590000000,35752590000000,San Benito,Aromas - San Juan Unified,TA,68,50,73.5,28,56,9,18,19,38,16,23.5,0,0
acgr24.txt,2023_24,2023-24,36,10363,0000000,3610363,36103630000000,36103630000000,San Bernardino,San Bernardino County Office of Education,TA,791,522,66,186,35.6,0,0,99,19,237,30,15,1.9
acgr24.txt,2023_24,2023-24,36,67587,0000000,3667587,36675870000000,36675870000000,San Bernardino,Adelanto Elementary,TA,98,37,37.8,0,0,0,0,0,0,38,38.8,23,23.5
acgr24.txt,2023_24,2023-24,36,67611,0000000,3667611,36676110000000,36676110000000,San Bernardino,Barstow Unified,TA,408,342,83.8,54,15.8,25,7.3,44,12.9,55,13.5,0,0
acgr24.txt,2023_24,2023-24,36,67637,0000000,3667637,36676370000000,36676370000000,San Bernardino,Bear Valley Unified,TA,189,174,92.1,32,18.4,6,3.4,32,18.4,12,6.3,1,0.5
acgr24.txt,2023_24,2023-24,36,67652,0000000,3667652,36676520000000,36676520000000,San Bernardino,Chaffey Joint Union High,TA,5973,5454,91.3,3529,64.7,816,15,1731,31.7,491,8.2,1,0
acgr24.txt,2023_24,2023-24,36,67678,0000000,3667678,36676780000000,36676780000000,San Bernardino,Chino Valley Unified,TA,2290,2167,94.6,1304,60.2,475,21.9,889,41,68,3,4,0.2
acgr24.txt,2023_24,2023-24,36,67686,0000000,3667686,36676860000000,36676860000000,San Bernardino,Colton Joint Unified,TA,1430,1249,87.3,404,32.3,239,19.1,207,16.6,132,9.2,34,2.4
acgr24.txt,2023_24,2023-24,36,67710,0000000,3667710,36677100000000,36677100000000,San Bernardino,Fontana Unified,TA,2891,2675,92.5,1583,59.2,636,23.8,597,22.3,111,3.8,53,1.8
acgr24.txt,2023_24,2023-24,36,67736,0000000,3667736,36677360000000,36677360000000,San Bernardino,Helendale Elementary,TA,485,325,67,119,36.6,12,3.7,112,34.5,55,11.3,95,19.6
acgr24.txt,2023_24,2023-24,36,67777,0000000,3667777,36677770000000,36677770000000,San Bernardino,Morongo Unified,TA,562,458,81.5,116,25.3,6,1.3,90,19.7,84,14.9,9,1.6
acgr24.txt,2023_24,2023-24,36,67801,0000000,3667801,36678010000000,36678010000000,San Bernardino,Needles Unified,TA,74,74,100,8,10.8,0,0,0,0,0,0,0,0
acgr24.txt,2023_24,2023-24,36,67827,0000000,3667827,36678270000000,36678270000000,San Bernardino,Oro Grande,TA,1110,845,76.1,52,6.2,13,1.5,6,0.7,261,23.5,0,0
acgr24.txt,2023_24,2023-24,36,67843,0000000,3667843,36678430000000,36678430000000,San Bernardino,Redlands Unified,TA,1711,1553,90.8,816,52.5,155,10,445,28.7,100,5.8,0,0
acgr24.txt,2023_24,2023-24,36,67850,0000000,3667850,36678500000000,36678500000000,San Bernardino,Rialto Unified,TA,1925,1774,92.2,935,52.7,422,23.8,370,20.9,91,4.7,41,2.1
acgr24.txt,2023_24,2023-24,36,67868,0000000,3667868,36678680000000,36678680000000,San Bernardino,Rim of the World Unified,TA,252,212,84.1,76,35.8,25,11.8,44,20.8,37,14.7,0,0
acgr24.txt,2023_24,2023-24,36,67876,0000000,3667876,36678760000000,36678760000000,San Bernardino,San Bernardino City Unified,TA,4264,3548,83.2,1424,40.1,604,17,664,18.7,412,9.7,185,4.3
acgr24.txt,2023_24,2023-24,36,67892,0000000,3667892,36678920000000,36678920000000,San Bernardino,Trona Joint Unified,TA,19,16,84.2,6,37.5,0,0,0,0,3,15.8,0,0
acgr24.txt,2023_24,2023-24,36,67934,0000000,3667934,36679340000000,36679340000000,San Bernardino,Victor Valley Union High,TA,2361,1918,81.2,880,45.9,173,9,455,23.7,279,11.8,125,5.3
acgr24.txt,2023_24,2023-24,36,67959,0000000,3667959,36679590000000,36679590000000,San Bernardino,Yucaipa-Calimesa Joint Unified,TA,787,733,93.1,266,36.3,57,7.8,220,30,47,6,0,0
acgr24.txt,2023_24,2023-24,36,73858,0000000,3673858,36738580000000,36738580000000,San Bernardino,Baker Valley Unified,TA,14,12,85.7,0,0,0,0,0,0,1,7.1,0,0
acgr24.txt,2023_24,2023-24,36,73890,0000000,3673890,36738900000000,36738900000000,San Bernardino,Silver Valley Unified,TA,115,110,95.7,43,39.1,4,3.6,9,8.2,3,2.6,1,0.9
acgr24.txt,2023_24,2023-24,36,73957,0000000,3673957,36739570000000,36739570000000,San Bernardino,Snowline Joint Unified,TA,609,527,86.5,126,23.9,41,7.8,90,17.1,76,12.5,1,0.2
acgr24.txt,2023_24,2023-24,36,75044,0000000,3675044,36750440000000,36750440000000,San Bernardino,Hesperia Unified,TA,2267,2077,91.6,957,46.1,177,8.5,329,15.8,117,5.2,32,1.4
acgr24.txt,2023_24,2023-24,36,75051,0000000,3675051,36750510000000,36750510000000,San Bernardino,Lucerne Valley Unified,TA,1381,636,46.1,81,12.7,9,1.4,119,18.7,203,14.7,524,37.9
acgr24.txt,2023_24,2023-24,36,75069,0000000,3675069,36750690000000,36750690000000,San Bernardino,Upland Unified,TA,794,750,94.5,394,52.5,84,11.2,257,34.3,37,4.7,0,0
acgr24.txt,2023_24,2023-24,36,75077,0000000,3675077,36750770000000,36750770000000,San Bernardino,Apple Valley Unified,TA,1226,1137,92.7,451,39.7,86,7.6,270,23.7,71,5.8,2,0.2
acgr24.txt,2023_24,2023-24,37,10371,0000000,3710371,37103710000000,37103710000000,San Diego,San Diego County Office of Education,TA,464,254,54.7,68,26.8,0,0,47,18.5,79,17,121,26.1
acgr24.txt,2023_24,2023-24,37,67983,0000000,3767983,37679830000000,37679830000000,San Diego,Borrego Springs Unified,TA,949,236,24.9,28,11.9,0,0,0,0,217,22.9,486,51.2
acgr24.txt,2023_24,2023-24,37,67991,0000000,3767991,37679910000000,37679910000000,San Diego,Cajon Valley Union,TA,24,23,95.8,0,0,0,0,0,0,1,4.2,0,0
acgr24.txt,2023_24,2023-24,37,68023,0000000,3768023,37680230000000,37680230000000,San Diego,Chula Vista Elementary,TA,275,267,97.1,192,71.9,103,38.6,128,47.9,4,1.5,3,1.1
acgr24.txt,2023_24,2023-24,37,68031,0000000,3768031,37680310000000,37680310000000,San Diego,Coronado Unified,TA,258,252,97.7,205,81.3,72,28.6,145,57.5,4,1.6,0,0
acgr24.txt,2023_24,2023-24,37,68049,0000000,3768049,37680490000000,37680490000000,San Diego,Dehesa Elementary,TA,436,356,81.7,102,28.7,5,1.4,101,28.4,49,11.2,20,4.6
acgr24.txt,2023_24,2023-24,37,68106,0000000,3768106,37681060000000,37681060000000,San Diego,Escondido Union High,TA,2361,2080,88.1,1119,53.8,283,13.6,1004,48.3,189,8,48,2
acgr24.txt,2023_24,2023-24,37,68122,0000000,3768122,37681220000000,37681220000000,San Diego,Fallbrook Union High,TA,586,511,87.2,253,49.5,0,0,0,0,59,10.1,0,0
acgr24.txt,2023_24,2023-24,37,68130,0000000,3768130,37681300000000,37681300000000,San Diego,Grossmont Union High,TA,5299,4479,84.5,2539,56.7,328,7.3,1329,29.7,671,12.7,11,0.2
acgr24.txt,2023_24,2023-24,37,68155,0000000,3768155,37681550000000,37681550000000,San Diego,Jamul-Dulzura Union Elementary,TA,14,13,92.9,3,23.1,0,0,4,30.8,1,7.1,0,0
acgr24.txt,2023_24,2023-24,37,68163,0000000,3768163,37681630000000,37681630000000,San Diego,Julian Union Elementary,TA,266,110,41.4,10,9.1,0,0,13,11.8,54,20.3,96,36.1
acgr24.txt,2023_24,2023-24,37,68171,0000000,3768171,37681710000000,37681710000000,San Diego,Julian Union High,TA,26,23,88.5,6,26.1,0,0,2,8.7,2,7.7,0,0
acgr24.txt,2023_24,2023-24,37,68189,0000000,3768189,37681890000000,37681890000000,San Diego,Lakeside Union Elementary,TA,48,38,79.2,33,86.8,8,21.1,22,57.9,10,20.8,0,0
acgr24.txt,2023_24,2023-24,37,68213,0000000,3768213,37682130000000,37682130000000,San Diego,Mountain Empire Unified,TA,469,373,79.5,109,29.2,15,4,98,26.3,48,10.2,41,8.7
acgr24.txt,2023_24,2023-24,37,68296,0000000,3768296,37682960000000,37682960000000,San Diego,Poway Unified,TA,2944,2783,94.5,2066,74.2,393,14.1,1871,67.2,28,1,65,2.2
acgr24.txt,2023_24,2023-24,37,68304,0000000,3768304,37683040000000,37683040000000,San Diego,Ramona City Unified,TA,455,417,91.6,142,34.1,22,5.3,89,21.3,14,3.1,0,0
acgr24.txt,2023_24,2023-24,37,68338,0000000,3768338,37683380000000,37683380000000,San Diego,San Diego Unified,TA,8563,7398,86.4,5205,70.4,767,10.4,3631,49.1,324,3.8,439,5.1
acgr24.txt,2023_24,2023-24,37,68346,0000000,3768346,37683460000000,37683460000000,San Diego,San Dieguito Union High,TA,2347,2262,96.4,1840,81.3,652,28.8,1497,66.2,47,2,7,0.3
acgr24.txt,2023_24,2023-24,37,68403,0000000,3768403,37684030000000,37684030000000,San Diego,Spencer Valley Elementary,TA,401,299,74.6,52,17.4,0,0,48,16.1,98,24.4,0,0
acgr24.txt,2023_24,2023-24,37,68411,0000000,3768411,37684110000000,37684110000000,San Diego,Sweetwater Union High,TA,7149,6345,88.8,3222,50.8,695,11,1975,31.1,475,6.6,170,2.4
acgr24.txt,2023_24,2023-24,37,68452,0000000,3768452,37684520000000,37684520000000,San Diego,Vista Unified,TA,2257,1595,70.7,728,45.6,207,13,428,26.8,522,23.1,93,4.1
acgr24.txt,2023_24,2023-24,37,73551,0000000,3773551,37735510000000,37735510000000,San Diego,Carlsbad Unified,TA,1019,970,95.2,754,77.7,184,19,187,19.3,22,2.2,0,0
acgr24.txt,2023_24,2023-24,37,73569,0000000,3773569,37735690000000,37735690000000,San Diego,Oceanside Unified,TA,1537,1296,84.3,556,42.9,95,7.3,233,18,134,8.7,46,3
acgr24.txt,2023_24,2023-24,37,73791,0000000,3773791,37737910000000,37737910000000,San Diego,San Marcos Unified,TA,1720,1643,95.5,1089,66.3,99,6,910,55.4,51,3,15,0.9
acgr24.txt,2023_24,2023-24,37,75416,0000000,3775416,37754160000000,37754160000000,San Diego,Warner Unified,TA,515,154,29.9,33,21.4,2,1.3,31,20.1,105,20.4,171,33.2
acgr24.txt,2023_24,2023-24,37,75614,0000000,3775614,37756140000000,37756140000000,San Diego,Valley Center-Pauma Unified,TA,338,309,91.4,101,32.7,7,2.3,77,24.9,21,6.2,0,0
acgr24.txt,2023_24,2023-24,37,76471,0000000,3776471,37764710000000,37764710000000,San Diego,SBC - High Tech High,TA,345,342,99.1,342,100,43,12.6,235,68.7,1,0.3,0,0
acgr24.txt,2023_24,2023-24,37,76851,0000000,3776851,37768510000000,37768510000000,San Diego,Bonsall Unified,TA,84,71,84.5,29,40.8,0,0,20,28.2,11,13.1,0,0
acgr24.txt,2023_24,2023-24,37,77099,0000000,3777099,37770990000000,37770990000000,San Diego,SBE - Grossmont Secondary,TA,121,64,52.9,8,12.5,0,0,4,6.3,5,4.1,33,27.3
acgr24.txt,2023_24,2023-24,37,77107,0000000,3777107,37771070000000,37771070000000,San Diego,SBE - Sweetwater Secondary,TA,133,82,61.7,10,12.2,0,0,9,11,9,6.8,27,20.3
acgr24.txt,2023_24,2023-24,37,77156,0000000,3777156,37771560000000,37771560000000,San Diego,SBE - Vista Springs Charter,TA,NA,NA,NA,NA,NA,NA,NA,NA,NA,NA,NA,NA,NA
acgr24.txt,2023_24,2023-24,38,10389,0000000,3810389,38103890000000,38103890000000,San Francisco,San Francisco County Office of Education,TA,104,33,31.7,1,3,0,0,0,0,71,68.3,0,0
acgr24.txt,2023_24,2023-24,38,68478,0000000,3868478,38684780000000,38684780000000,San Francisco,San Francisco Unified,TA,6750,3601,53.3,2621,72.8,708,19.7,1766,49,3078,45.6,18,0.3
acgr24.txt,2023_24,2023-24,39,10397,0000000,3910397,39103970000000,39103970000000,San Joaquin,San Joaquin County Office of Education,TA,1176,561,47.7,66,11.8,29,5.2,43,7.7,263,22.4,348,29.6
acgr24.txt,2023_24,2023-24,39,68502,0000000,3968502,39685020000000,39685020000000,San Joaquin,Escalon Unified,TA,213,198,93,63,31.8,18,9.1,43,21.7,5,2.3,6,2.8
acgr24.txt,2023_24,2023-24,39,68569,0000000,3968569,39685690000000,39685690000000,San Joaquin,Lincoln Unified,TA,743,710,95.6,270,38,79,11.1,213,30,13,1.7,16,2.2
acgr24.txt,2023_24,2023-24,39,68577,0000000,3968577,39685770000000,39685770000000,San Joaquin,Linden Unified,TA,183,178,97.3,57,32,26,14.6,21,11.8,4,2.2,0,0
acgr24.txt,2023_24,2023-24,39,68585,0000000,3968585,39685850000000,39685850000000,San Joaquin,Lodi Unified,TA,2463,2223,90.3,749,33.7,210,9.4,608,27.4,135,5.5,77,3.1
acgr24.txt,2023_24,2023-24,39,68593,0000000,3968593,39685930000000,39685930000000,San Joaquin,Manteca Unified,TA,2108,1927,91.4,625,32.4,200,10.4,439,22.8,91,4.3,54,2.6
acgr24.txt,2023_24,2023-24,39,68627,0000000,3968627,39686270000000,39686270000000,San Joaquin,New Jerusalem Elementary,TA,763,597,78.2,146,24.5,0,0,76,12.7,161,21.1,2,0.3
acgr24.txt,2023_24,2023-24,39,68650,0000000,3968650,39686500000000,39686500000000,San Joaquin,Ripon Unified,TA,546,472,86.4,188,39.8,48,10.2,87,18.4,69,12.6,1,0.2
acgr24.txt,2023_24,2023-24,39,68676,0000000,3968676,39686760000000,39686760000000,San Joaquin,Stockton Unified,TA,3000,2586,86.2,835,32.3,504,19.5,442,17.1,277,9.2,85,2.8
acgr24.txt,2023_24,2023-24,39,75499,0000000,3975499,39754990000000,39754990000000,San Joaquin,Tracy Joint Unified,TA,1753,1535,87.6,550,35.8,116,7.6,147,9.6,175,10,29,1.7
acgr24.txt,2023_24,2023-24,39,76760,0000000,3976760,39767600000000,39767600000000,San Joaquin,Lammersville Joint Unified,TA,488,482,98.8,335,69.5,54,11.2,353,73.2,0,0,1,0.2
acgr24.txt,2023_24,2023-24,40,10405,0000000,4010405,40104050000000,40104050000000,San Luis Obispo,San Luis Obispo County Office of Education,TA,224,175,78.1,0,0,0,0,0,0,23,10.3,16,7.1
acgr24.txt,2023_24,2023-24,40,68700,0000000,4068700,40687000000000,40687000000000,San Luis Obispo,Atascadero Unified,TA,332,307,92.5,91,29.6,0,0,2,0.7,20,6,0,0
acgr24.txt,2023_24,2023-24,40,68759,0000000,4068759,40687590000000,40687590000000,San Luis Obispo,Lucia Mar Unified,TA,857,793,92.5,328,41.4,46,5.8,311,39.2,33,3.9,13,1.5
acgr24.txt,2023_24,2023-24,40,68809,0000000,4068809,40688090000000,40688090000000,San Luis Obispo,San Luis Coastal Unified,TA,617,594,96.3,371,62.5,67,11.3,286,48.1,18,2.9,1,0.2
acgr24.txt,2023_24,2023-24,40,68833,0000000,4068833,40688330000000,40688330000000,San Luis Obispo,Shandon Joint Unified,TA,16,15,93.8,0,0,0,0,0,0,1,6.3,0,0
acgr24.txt,2023_24,2023-24,40,68841,0000000,4068841,40688410000000,40688410000000,San Luis Obispo,Templeton Unified,TA,221,211,95.5,111,52.6,13,6.2,0,0,5,2.3,0,0
acgr24.txt,2023_24,2023-24,40,75457,0000000,4075457,40754570000000,40754570000000,San Luis Obispo,Paso Robles Joint Unified,TA,616,548,89,135,24.6,55,10,133,24.3,39,6.3,14,2.3
acgr24.txt,2023_24,2023-24,40,75465,0000000,4075465,40754650000000,40754650000000,San Luis Obispo,Coast Unified,TA,35,35,100,18,51.4,7,20,10,28.6,0,0,0,0
acgr24.txt,2023_24,2023-24,41,10413,0000000,4110413,41104130000000,41104130000000,San Mateo,San Mateo County Office of Education,TA,53,27,50.9,0,0,0,0,0,0,21,39.6,2,3.8
acgr24.txt,2023_24,2023-24,41,68890,0000000,4168890,41688900000000,41688900000000,San Mateo,Cabrillo Unified,TA,293,261,89.1,102,39.1,26,10,106,40.6,23,7.8,5,1.7
acgr24.txt,2023_24,2023-24,41,68916,0000000,4168916,41689160000000,41689160000000,San Mateo,Jefferson Elementary,TA,106,83,78.3,27,32.5,2,2.4,28,33.7,22,20.8,0,0
acgr24.txt,2023_24,2023-24,41,68924,0000000,4168924,41689240000000,41689240000000,San Mateo,Jefferson Union High,TA,1091,995,91.2,587,59,73,7.3,345,34.7,55,5,18,1.6
acgr24.txt,2023_24,2023-24,41,68940,0000000,4168940,41689400000000,41689400000000,San Mateo,La Honda-Pescadero Unified,TA,18,15,83.3,9,60,3,20,4,26.7,2,11.1,1,5.6
acgr24.txt,2023_24,2023-24,41,69047,0000000,4169047,41690470000000,41690470000000,San Mateo,San Mateo Union High,TA,2489,2303,92.5,1685,73.2,548,23.8,1256,54.5,132,5.3,0,0
acgr24.txt,2023_24,2023-24,41,69062,0000000,4169062,41690620000000,41690620000000,San Mateo,Sequoia Union High,TA,2602,2364,90.9,1634,69.1,633,26.8,837,35.4,185,7.1,8,0.3
acgr24.txt,2023_24,2023-24,41,69070,0000000,4169070,41690700000000,41690700000000,San Mateo,South San Francisco Unified,TA,699,636,91,353,55.5,57,9,298,46.9,43,6.2,8,1.1
acgr24.txt,2023_24,2023-24,42,10421,0000000,4210421,42104210000000,42104210000000,Santa Barbara,Santa Barbara County Office of Education,TA,13,4,30.8,0,0,0,0,0,0,8,61.5,1,7.7
acgr24.txt,2023_24,2023-24,42,69112,0000000,4269112,42691120000000,42691120000000,Santa Barbara,Blochman Union Elementary,TA,95,79,83.2,13,16.5,0,0,23,29.1,15,15.8,0,0
acgr24.txt,2023_24,2023-24,42,69146,0000000,4269146,42691460000000,42691460000000,Santa Barbara,Carpinteria Unified,TA,166,153,92.2,90,58.8,23,15,104,68,6,3.6,0,0
acgr24.txt,2023_24,2023-24,42,69229,0000000,4269229,42692290000000,42692290000000,Santa Barbara,Lompoc Unified,TA,737,667,90.5,203,30.4,13,1.9,167,25,53,7.2,5,0.7
acgr24.txt,2023_24,2023-24,42,69260,0000000,4269260,42692600000000,42692600000000,Santa Barbara,Orcutt Union Elementary,TA,123,121,98.4,70,57.9,0,0,0,0,2,1.6,0,0
acgr24.txt,2023_24,2023-24,42,69310,0000000,4269310,42693100000000,42693100000000,Santa Barbara,Santa Maria Joint Union High,TA,2380,2208,92.8,750,34,249,11.3,409,18.5,163,6.8,0,0
acgr24.txt,2023_24,2023-24,42,69328,0000000,4269328,42693280000000,42693280000000,Santa Barbara,Santa Ynez Valley Union High,TA,214,201,93.9,85,42.3,28,13.9,70,34.8,2,0.9,6,2.8
acgr24.txt,2023_24,2023-24,42,75010,0000000,4275010,42750100000000,42750100000000,Santa Barbara,Cuyama Joint Unified,TA,34,28,82.4,6,21.4,1,3.6,3,10.7,6,17.6,0,0
acgr24.txt,2023_24,2023-24,42,76786,0000000,4276786,42767860000000,42767860000000,Santa Barbara,Santa Barbara Unified,TA,1624,1497,92.2,902,60.3,229,15.3,780,52.1,118,7.3,0,0
acgr24.txt,2023_24,2023-24,42,77198,0000000,4277198,42771980000000,42771980000000,Santa Barbara,SBE - Olive Grove Charter - Orcutt/Santa Maria,TA,43,24,55.8,2,8.3,0,0,6,25,18,41.9,0,0
acgr24.txt,2023_24,2023-24,42,77206,0000000,4277206,42772060000000,42772060000000,Santa Barbara,SBE - Olive Grove Charter - Lompoc,TA,33,19,57.6,0,0,0,0,2,10.5,13,39.4,0,0
acgr24.txt,2023_24,2023-24,42,77214,0000000,4277214,42772140000000,42772140000000,Santa Barbara,SBE - Olive Grove Charter - Buellton,TA,12,8,66.7,2,25,0,0,4,50,4,33.3,0,0
acgr24.txt,2023_24,2023-24,42,77222,0000000,4277222,42772220000000,42772220000000,Santa Barbara,SBE - Olive Grove Charter - Santa Barbara,TA,28,22,78.6,1,4.5,0,0,3,13.6,6,21.4,0,0
acgr24.txt,2023_24,2023-24,43,10439,0000000,4310439,43104390000000,43104390000000,Santa Clara,Santa Clara County Office of Education,TA,612,358,58.5,264,73.7,38,10.6,116,32.4,91,14.9,100,16.3
acgr24.txt,2023_24,2023-24,43,69401,0000000,4369401,43694010000000,43694010000000,Santa Clara,Campbell Union High,TA,2181,2030,93.1,1354,66.7,357,17.6,909,44.8,47,2.2,17,0.8
acgr24.txt,2023_24,2023-24,43,69427,0000000,4369427,43694270000000,43694270000000,Santa Clara,East Side Union High,TA,6467,5205,80.5,2782,53.4,776,14.9,1915,36.8,797,12.3,350,5.4
acgr24.txt,2023_24,2023-24,43,69468,0000000,4369468,43694680000000,43694680000000,Santa Clara,Fremont Union High,TA,2552,2394,93.8,1976,82.5,997,41.6,1714,71.6,93,3.6,28,1.1
acgr24.txt,2023_24,2023-24,43,69484,0000000,4369484,43694840000000,43694840000000,Santa Clara,Gilroy Unified,TA,1060,902,85.1,388,43,125,13.9,339,37.6,80,7.5,0,0
acgr24.txt,2023_24,2023-24,43,69534,0000000,4369534,43695340000000,43695340000000,Santa Clara,Los Gatos-Saratoga Union High,TA,844,811,96.1,679,83.7,309,38.1,509,62.8,18,2.1,5,0.6
acgr24.txt,2023_24,2023-24,43,69583,0000000,4369583,43695830000000,43695830000000,Santa Clara,Morgan Hill Unified,TA,692,635,91.8,317,49.9,61,9.6,237,37.3,20,2.9,0,0
acgr24.txt,2023_24,2023-24,43,69609,0000000,4369609,43696090000000,43696090000000,Santa Clara,Mountain View-Los Altos Union High,TA,1137,1068,93.9,826,77.3,490,45.9,712,66.7,30,2.6,28,2.5
acgr24.txt,2023_24,2023-24,43,69641,0000000,4369641,43696410000000,43696410000000,Santa Clara,Palo Alto Unified,TA,960,920,95.8,866,94.1,429,46.6,671,72.9,29,3,0,0
acgr24.txt,2023_24,2023-24,43,69666,0000000,4369666,43696660000000,43696660000000,Santa Clara,San Jose Unified,TA,2359,2182,92.5,1054,48.3,254,11.6,669,30.7,165,7,2,0.1
acgr24.txt,2023_24,2023-24,43,69674,0000000,4369674,43696740000000,43696740000000,Santa Clara,Santa Clara Unified,TA,1113,989,88.9,518,52.4,159,16.1,453,45.8,101,9.1,0,0
acgr24.txt,2023_24,2023-24,43,73387,0000000,4373387,43733870000000,43733870000000,Santa Clara,Milpitas Unified,TA,882,824,93.4,502,60.9,97,11.8,3,0.4,49,5.6,1,0.1
acgr24.txt,2023_24,2023-24,43,77149,0000000,4377149,43771490000000,43771490000000,Santa Clara,SBE - KIPP Navigate College Prep,TA,63,58,92.1,58,100,0,0,0,0,0,0,5,7.9
acgr24.txt,2023_24,2023-24,44,10447,0000000,4410447,44104470000000,44104470000000,Santa Cruz,Santa Cruz County Office of Education,TA,695,402,57.8,31,7.7,34,8.5,61,15.2,292,42,0,0
acgr24.txt,2023_24,2023-24,44,69799,0000000,4469799,44697990000000,44697990000000,Santa Cruz,Pajaro Valley Unified,TA,1415,1275,90.1,582,45.6,139,10.9,323,25.3,68,4.8,39,2.8
acgr24.txt,2023_24,2023-24,44,69807,0000000,4469807,44698070000000,44698070000000,Santa Cruz,San Lorenzo Valley Unified,TA,331,307,92.7,117,38.1,34,11.1,147,47.9,9,2.7,7,2.1
acgr24.txt,2023_24,2023-24,44,69823,0000000,4469823,44698230000000,44698230000000,Santa Cruz,Santa Cruz City High,TA,906,854,94.3,509,59.6,180,21.1,292,34.2,40,4.4,0,0
acgr24.txt,2023_24,2023-24,44,75432,0000000,4475432,44754320000000,44754320000000,Santa Cruz,Scotts Valley Unified,TA,302,267,88.4,166,62.2,2,0.7,80,30,31,10.3,0,0
acgr24.txt,2023_24,2023-24,45,10454,0000000,4510454,45104540000000,45104540000000,Shasta,Shasta County Office of Education,TA,94,71,75.5,0,0,0,0,0,0,23,24.5,0,0
acgr24.txt,2023_24,2023-24,45,69856,0000000,4569856,45698560000000,45698560000000,Shasta,Anderson Union High,TA,400,341,85.3,96,28.2,4,1.2,80,23.5,28,7,0,0
acgr24.txt,2023_24,2023-24,45,69948,0000000,4569948,45699480000000,45699480000000,Shasta,Columbia Elementary,TA,102,95,93.1,2,2.1,0,0,10,10.5,3,2.9,2,2
acgr24.txt,2023_24,2023-24,45,69971,0000000,4569971,45699710000000,45699710000000,Shasta,Enterprise Elementary,TA,28,28,100,2,7.1,0,0,13,46.4,0,0,0,0
acgr24.txt,2023_24,2023-24,45,69989,0000000,4569989,45699890000000,45699890000000,Shasta,Fall River Joint Unified,TA,91,86,94.5,20,23.3,0,0,0,0,5,5.5,0,0
acgr24.txt,2023_24,2023-24,45,70110,0000000,4570110,45701100000000,45701100000000,Shasta,Redding Elementary,TA,19,19,100,7,36.8,0,0,0,0,0,0,0,0
acgr24.txt,2023_24,2023-24,45,70136,0000000,4570136,45701360000000,45701360000000,Shasta,Shasta Union High,TA,1312,1202,91.6,435,36.2,9,0.7,376,31.3,63,4.8,0,0
acgr24.txt,2023_24,2023-24,45,75267,0000000,4575267,45752670000000,45752670000000,Shasta,Gateway Unified,TA,183,159,86.9,55,34.6,4,2.5,37,23.3,21,11.5,0,0
acgr24.txt,2023_24,2023-24,46,70177,0000000,4670177,46701770000000,46701770000000,Sierra,Sierra-Plumas Joint Unified,TA,30,26,86.7,12,46.2,1,3.8,13,50,4,13.3,0,0
acgr24.txt,2023_24,2023-24,47,10470,0000000,4710470,47104700000000,47104700000000,Siskiyou,Siskiyou County Office of Education,TA,74,57,77,17,29.8,0,0,8,14,16,21.6,0,0
acgr24.txt,2023_24,2023-24,47,70250,0000000,4770250,47702500000000,47702500000000,Siskiyou,Dunsmuir Joint Union High,TA,11,10,90.9,0,0,0,0,0,0,1,9.1,0,0
acgr24.txt,2023_24,2023-24,47,70466,0000000,4770466,47704660000000,47704660000000,Siskiyou,Siskiyou Union High,TA,126,104,82.5,37,35.6,0,0,0,0,16,12.7,0,0
acgr24.txt,2023_24,2023-24,47,70516,0000000,4770516,47705160000000,47705160000000,Siskiyou,Yreka Union High,TA,193,175,90.7,40,22.9,0,0,0,0,8,4.1,0,0
acgr24.txt,2023_24,2023-24,47,73684,0000000,4773684,47736840000000,47736840000000,Siskiyou,Butte Valley Unified,TA,25,23,92,3,13,0,0,0,0,2,8,0,0
acgr24.txt,2023_24,2023-24,47,76455,0000000,4776455,47764550000000,47764550000000,Siskiyou,Scott Valley Unified,TA,56,55,98.2,22,40,7,12.7,20,36.4,1,1.8,0,0
acgr24.txt,2023_24,2023-24,48,10488,0000000,4810488,48104880000000,48104880000000,Solano,Solano County Office of Education,TA,116,64,55.2,33,51.6,0,0,0,0,37,31.9,4,3.4
acgr24.txt,2023_24,2023-24,48,70524,0000000,4870524,48705240000000,48705240000000,Solano,Benicia Unified,TA,401,388,96.8,212,54.6,43,11.1,170,43.8,3,0.7,2,0.5
acgr24.txt,2023_24,2023-24,48,70532,0000000,4870532,48705320000000,48705320000000,Solano,Dixon Unified,TA,327,300,91.7,114,38,13,4.3,0,0,15,4.6,8,2.4
acgr24.txt,2023_24,2023-24,48,70540,0000000,4870540,48705400000000,48705400000000,Solano,Fairfield-Suisun Unified,TA,1503,1335,88.8,552,41.3,117,8.8,352,26.4,121,8.1,0,0
acgr24.txt,2023_24,2023-24,48,70565,0000000,4870565,48705650000000,48705650000000,Solano,Travis Unified,TA,421,415,98.6,186,44.8,33,8,140,33.7,2,0.5,0,0
acgr24.txt,2023_24,2023-24,48,70573,0000000,4870573,48705730000000,48705730000000,Solano,Vacaville Unified,TA,1163,1030,88.6,526,51.1,112,10.9,204,19.8,116,10,2,0.2
acgr24.txt,2023_24,2023-24,48,70581,0000000,4870581,48705810000000,48705810000000,Solano,Vallejo City Unified,TA,965,761,78.9,229,30.1,0,0,1,0.1,187,19.4,0,0
acgr24.txt,2023_24,2023-24,49,10496,0000000,4910496,49104960000000,49104960000000,Sonoma,Sonoma County Office of Education,TA,46,15,32.6,0,0,0,0,0,0,21,45.7,0,0
acgr24.txt,2023_24,2023-24,49,70607,0000000,4970607,49706070000000,49706070000000,Sonoma,West Sonoma County Union High,TA,424,396,93.4,214,54,40,10.1,166,41.9,16,3.8,1,0.2
acgr24.txt,2023_24,2023-24,49,70656,0000000,4970656,49706560000000,49706560000000,Sonoma,Cloverdale Unified,TA,98,88,89.8,26,29.5,0,0,0,0,10,10.2,0,0
acgr24.txt,2023_24,2023-24,49,70706,0000000,4970706,49707060000000,49707060000000,Sonoma,Geyserville Unified,TA,16,15,93.8,6,40,0,0,0,0,1,6.3,0,0
acgr24.txt,2023_24,2023-24,49,70722,0000000,4970722,49707220000000,49707220000000,Sonoma,Guerneville Elementary,TA,34,30,88.2,9,30,0,0,4,13.3,0,0,0,0
acgr24.txt,2023_24,2023-24,49,70730,0000000,4970730,49707300000000,49707300000000,Sonoma,Harmony Union Elementary,TA,57,48,84.2,4,8.3,0,0,4,8.3,9,15.8,0,0
acgr24.txt,2023_24,2023-24,49,70797,0000000,4970797,49707970000000,49707970000000,Sonoma,Liberty Elementary,TA,121,67,55.4,12,17.9,0,0,13,19.4,51,42.1,0,0
acgr24.txt,2023_24,2023-24,49,70839,0000000,4970839,49708390000000,49708390000000,Sonoma,Oak Grove Union Elementary,TA,143,72,50.3,17,23.6,1,1.4,11,15.3,69,48.3,0,0
acgr24.txt,2023_24,2023-24,49,70854,0000000,4970854,49708540000000,49708540000000,Sonoma,Petaluma City Elementary,TA,11,3,27.3,0,0,0,0,0,0,4,36.4,0,0
acgr24.txt,2023_24,2023-24,49,70862,0000000,4970862,49708620000000,49708620000000,Sonoma,Petaluma Joint Union High,TA,835,730,87.4,369,50.5,144,19.7,322,44.1,15,1.8,70,8.4
acgr24.txt,2023_24,2023-24,49,70870,0000000,4970870,49708700000000,49708700000000,Sonoma,Piner-Olivet Union Elementary,TA,14,12,85.7,4,33.3,0,0,0,0,1,7.1,1,7.1
acgr24.txt,2023_24,2023-24,49,70904,0000000,4970904,49709040000000,49709040000000,Sonoma,Roseland,TA,191,176,92.1,88,50,47,26.7,41,23.3,13,6.8,0,0
acgr24.txt,2023_24,2023-24,49,70920,0000000,4970920,49709200000000,49709200000000,Sonoma,Santa Rosa High,TA,1953,1686,86.3,592,35.1,256,15.2,390,23.1,192,9.8,37,1.9
acgr24.txt,2023_24,2023-24,49,70953,0000000,4970953,49709530000000,49709530000000,Sonoma,Sonoma Valley Unified,TA,333,310,93.1,130,41.9,49,15.8,81,26.1,16,4.8,0,0
acgr24.txt,2023_24,2023-24,49,70961,0000000,4970961,49709610000000,49709610000000,Sonoma,Twin Hills Union Elementary,TA,31,27,87.1,5,18.5,0,0,0,0,4,12.9,0,0
acgr24.txt,2023_24,2023-24,49,73882,0000000,4973882,49738820000000,49738820000000,Sonoma,Cotati-Rohnert Park Unified,TA,608,537,88.3,323,60.1,40,7.4,195,36.3,59,9.7,0,0
acgr24.txt,2023_24,2023-24,49,75358,0000000,4975358,49753580000000,49753580000000,Sonoma,Windsor Unified,TA,426,403,94.6,148,36.7,67,16.6,87,21.6,17,4,2,0.5
acgr24.txt,2023_24,2023-24,49,75390,0000000,4975390,49753900000000,49753900000000,Sonoma,Healdsburg Unified,TA,132,118,89.4,54,45.8,11,9.3,26,22,6,4.5,5,3.8
acgr24.txt,2023_24,2023-24,50,10504,0000000,5010504,50105040000000,50105040000000,Stanislaus,Stanislaus County Office of Education,TA,196,73,37.2,4,5.5,0,0,0,0,84,42.9,35,17.9
acgr24.txt,2023_24,2023-24,50,71043,0000000,5071043,50710430000000,50710430000000,Stanislaus,Ceres Unified,TA,1192,1101,92.4,474,43.1,102,9.3,211,19.2,73,6.1,0,0
acgr24.txt,2023_24,2023-24,50,71068,0000000,5071068,50710680000000,50710680000000,Stanislaus,Denair Unified,TA,106,90,84.9,11,12.2,0,0,0,0,9,8.5,5,4.7
acgr24.txt,2023_24,2023-24,50,71092,0000000,5071092,50710920000000,50710920000000,Stanislaus,Hart-Ransom Union Elementary,TA,31,31,100,1,3.2,0,0,0,0,0,0,0,0
acgr24.txt,2023_24,2023-24,50,71134,0000000,5071134,50711340000000,50711340000000,Stanislaus,Keyes Union,TA,29,21,72.4,1,4.8,0,0,0,0,8,27.6,0,0
acgr24.txt,2023_24,2023-24,50,71167,0000000,5071167,50711670000000,50711670000000,Stanislaus,Modesto City Elementary,TA,46,42,91.3,10,23.8,0,0,11,26.2,1,2.2,2,4.3
acgr24.txt,2023_24,2023-24,50,71175,0000000,5071175,50711750000000,50711750000000,Stanislaus,Modesto City High,TA,4134,3769,91.2,1358,36,253,6.7,1060,28.1,73,1.8,53,1.3
acgr24.txt,2023_24,2023-24,50,71217,0000000,5071217,50712170000000,50712170000000,Stanislaus,Patterson Joint Unified,TA,542,483,89.1,117,24.2,55,11.4,120,24.8,42,7.7,7,1.3
acgr24.txt,2023_24,2023-24,50,73601,0000000,5073601,50736010000000,50736010000000,Stanislaus,Newman-Crows Landing Unified,TA,260,244,93.8,94,38.5,44,18,46,18.9,8,3.1,2,0.8
acgr24.txt,2023_24,2023-24,50,75549,0000000,5075549,50755490000000,50755490000000,Stanislaus,Hughson Unified,TA,241,231,95.9,107,46.3,11,4.8,77,33.3,9,3.7,1,0.4
acgr24.txt,2023_24,2023-24,50,75556,0000000,5075556,50755560000000,50755560000000,Stanislaus,Riverbank Unified,TA,231,227,98.3,56,24.7,14,6.2,49,21.6,3,1.3,1,0.4
acgr24.txt,2023_24,2023-24,50,75564,0000000,5075564,50755640000000,50755640000000,Stanislaus,Oakdale Joint Unified,TA,463,445,96.1,101,22.7,12,2.7,112,25.2,12,2.6,2,0.4
acgr24.txt,2023_24,2023-24,50,75572,0000000,5075572,50755720000000,50755720000000,Stanislaus,Waterford Unified,TA,234,202,86.3,46,22.8,25,12.4,32,15.8,8,3.4,9,3.8
acgr24.txt,2023_24,2023-24,50,75739,0000000,5075739,50757390000000,50757390000000,Stanislaus,Turlock Unified,TA,1262,1178,93.3,500,42.4,98,8.3,359,30.5,66,5.2,0,0
acgr24.txt,2023_24,2023-24,51,10512,0000000,5110512,51105120000000,51105120000000,Sutter,Sutter County Office of Education,TA,39,13,33.3,1,7.7,0,0,0,0,23,59,0,0
acgr24.txt,2023_24,2023-24,51,71373,0000000,5171373,51713730000000,51713730000000,Sutter,East Nicolaus Joint Union High,TA,75,72,96,36,50,1,1.4,25,34.7,2,2.7,0,0
acgr24.txt,2023_24,2023-24,51,71399,0000000,5171399,51713990000000,51713990000000,Sutter,Live Oak Unified,TA,174,170,97.7,59,34.7,5,2.9,48,28.2,0,0,0,0
acgr24.txt,2023_24,2023-24,51,71407,0000000,5171407,51714070000000,51714070000000,Sutter,Marcum-Illinois Union Elementary,TA,162,150,92.6,25,16.7,5,3.3,71,47.3,7,4.3,3,1.9
acgr24.txt,2023_24,2023-24,51,71415,0000000,5171415,51714150000000,51714150000000,Sutter,Meridian Elementary,TA,139,89,64,25,28.1,1,1.1,30,33.7,45,32.4,0,0
acgr24.txt,2023_24,2023-24,51,71423,0000000,5171423,51714230000000,51714230000000,Sutter,Nuestro Elementary,TA,41,41,100,28,68.3,0,0,0,0,0,0,0,0
acgr24.txt,2023_24,2023-24,51,71449,0000000,5171449,51714490000000,51714490000000,Sutter,Sutter Union High,TA,192,192,100,86,44.8,39,20.3,60,31.3,0,0,0,0
acgr24.txt,2023_24,2023-24,51,71456,0000000,5171456,51714560000000,51714560000000,Sutter,Winship-Robbins,TA,132,127,96.2,33,26,4,3.1,49,38.6,2,1.5,0,0
acgr24.txt,2023_24,2023-24,51,71464,0000000,5171464,51714640000000,51714640000000,Sutter,Yuba City Unified,TA,1006,827,82.2,342,41.4,150,18.1,214,25.9,157,15.6,1,0.1
acgr24.txt,2023_24,2023-24,52,10520,0000000,5210520,52105200000000,52105200000000,Tehama,Tehama County Department of Education,TA,48,36,75,0,0,0,0,0,0,7,14.6,2,4.2
acgr24.txt,2023_24,2023-24,52,71506,0000000,5271506,52715060000000,52715060000000,Tehama,Corning Union High,TA,255,241,94.5,40,16.6,0,0,0,0,8,3.1,0,0
acgr24.txt,2023_24,2023-24,52,71522,0000000,5271522,52715220000000,52715220000000,Tehama,Evergreen Union,TA,14,14,100,1,7.1,0,0,6,42.9,0,0,0,0
acgr24.txt,2023_24,2023-24,52,71571,0000000,5271571,52715710000000,52715710000000,Tehama,Los Molinos Unified,TA,53,48,90.6,19,39.6,2,4.2,11,22.9,5,9.4,0,0
acgr24.txt,2023_24,2023-24,52,71639,0000000,5271639,52716390000000,52716390000000,Tehama,Red Bluff Joint Union High,TA,459,426,92.8,84,19.7,0,0,0,0,17,3.7,5,1.1
acgr24.txt,2023_24,2023-24,53,10538,0000000,5310538,53105380000000,53105380000000,Trinity,Trinity County Office of Education,TA,53,22,41.5,0,0,0,0,0,0,31,58.5,0,0
acgr24.txt,2023_24,2023-24,53,73833,0000000,5373833,53738330000000,53738330000000,Trinity,Southern Trinity Joint Unified,TA,NA,NA,NA,NA,NA,NA,NA,NA,NA,NA,NA,NA,NA
acgr24.txt,2023_24,2023-24,53,75028,0000000,5375028,53750280000000,53750280000000,Trinity,Mountain Valley Unified,TA,23,21,91.3,6,28.6,0,0,4,19,2,8.7,0,0
acgr24.txt,2023_24,2023-24,53,76513,0000000,5376513,53765130000000,53765130000000,Trinity,Trinity Alps Unified,TA,87,80,92,20,25,0,0,17,21.3,2,2.3,0,0
acgr24.txt,2023_24,2023-24,54,10546,0000000,5410546,54105460000000,54105460000000,Tulare,Tulare County Office of Education,TA,225,130,57.8,61,46.9,10,7.7,26,20,24,10.7,0,0
acgr24.txt,2023_24,2023-24,54,71803,0000000,5471803,54718030000000,54718030000000,Tulare,Alpaugh Unified,TA,149,114,76.5,56,49.1,3,2.6,0,0,34,22.8,0,0
acgr24.txt,2023_24,2023-24,54,71811,0000000,5471811,54718110000000,54718110000000,Tulare,Alta Vista Elementary,TA,23,19,82.6,5,26.3,0,0,11,57.9,3,13,0,0
acgr24.txt,2023_24,2023-24,54,71837,0000000,5471837,54718370000000,54718370000000,Tulare,Burton Elementary,TA,118,117,99.2,69,59,19,16.2,49,41.9,1,0.8,0,0
acgr24.txt,2023_24,2023-24,54,71860,0000000,5471860,54718600000000,54718600000000,Tulare,Cutler-Orosi Joint Unified,TA,296,281,94.9,92,32.7,0,0,56,19.9,9,3,2,0.7
acgr24.txt,2023_24,2023-24,54,71993,0000000,5471993,54719930000000,54719930000000,Tulare,Lindsay Unified,TA,320,301,94.1,139,46.2,42,14,46,15.3,4,1.3,1,0.3
acgr24.txt,2023_24,2023-24,54,72140,0000000,5472140,54721400000000,54721400000000,Tulare,Stone Corral Elementary,TA,266,80,30.1,6,7.5,0,0,0,0,51,19.2,131,49.2
acgr24.txt,2023_24,2023-24,54,72249,0000000,5472249,54722490000000,54722490000000,Tulare,Tulare Joint Union High,TA,1477,1452,98.3,608,41.9,188,12.9,277,19.1,20,1.4,0,0
acgr24.txt,2023_24,2023-24,54,72256,0000000,5472256,54722560000000,54722560000000,Tulare,Visalia Unified,TA,2300,2128,92.5,868,40.8,240,11.3,536,25.2,122,5.3,0,0
acgr24.txt,2023_24,2023-24,54,75325,0000000,5475325,54753250000000,54753250000000,Tulare,Farmersville Unified,TA,185,183,98.9,70,38.3,0,0,0,0,2,1.1,0,0
acgr24.txt,2023_24,2023-24,54,75523,0000000,5475523,54755230000000,54755230000000,Tulare,Porterville Unified,TA,1773,1577,88.9,573,36.3,230,14.6,448,28.4,186,10.5,0,0
acgr24.txt,2023_24,2023-24,54,75531,0000000,5475531,54755310000000,54755310000000,Tulare,Dinuba Unified,TA,595,538,90.4,165,30.7,12,2.2,217,40.3,19,3.2,10,1.7
acgr24.txt,2023_24,2023-24,54,76794,0000000,5476794,54767940000000,54767940000000,Tulare,Woodlake Unified,TA,174,164,94.3,46,28,31,18.9,15,9.1,3,1.7,3,1.7
acgr24.txt,2023_24,2023-24,54,76836,0000000,5476836,54768360000000,54768360000000,Tulare,Exeter Unified,TA,270,252,93.3,89,35.3,26,10.3,67,26.6,13,4.8,5,1.9
acgr24.txt,2023_24,2023-24,55,10553,0000000,5510553,55105530000000,55105530000000,Tuolumne,Tuolumne County Superintendent of Schools,TA,22,15,68.2,0,0,0,0,0,0,4,18.2,0,0
acgr24.txt,2023_24,2023-24,55,72389,0000000,5572389,55723890000000,55723890000000,Tuolumne,Sonora Union High,TA,280,251,89.6,48,19.1,8,3.2,63,25.1,22,7.9,0,0
acgr24.txt,2023_24,2023-24,55,72413,0000000,5572413,55724130000000,55724130000000,Tuolumne,Summerville Union High,TA,228,211,92.5,61,28.9,27,12.8,7,3.3,9,3.9,0,0
acgr24.txt,2023_24,2023-24,55,75184,0000000,5575184,55751840000000,55751840000000,Tuolumne,Big Oak Flat-Groveland Unified,TA,24,19,79.2,0,0,0,0,0,0,5,20.8,0,0
acgr24.txt,2023_24,2023-24,56,10561,0000000,5610561,56105610000000,56105610000000,Ventura,Ventura County Office of Education,TA,533,115,21.6,11,9.6,0,0,9,7.8,122,22.9,254,47.7
acgr24.txt,2023_24,2023-24,56,72454,0000000,5672454,56724540000000,56724540000000,Ventura,Fillmore Unified,TA,295,276,93.6,108,39.1,53,19.2,41,14.9,10,3.4,0,0
acgr24.txt,2023_24,2023-24,56,72470,0000000,5672470,56724700000000,56724700000000,Ventura,Mesa Union Elementary,TA,22,19,86.4,0,0,0,0,12,63.2,3,13.6,0,0
acgr24.txt,2023_24,2023-24,56,72520,0000000,5672520,56725200000000,56725200000000,Ventura,Ojai Unified,TA,216,193,89.4,89,46.1,7,3.6,0,0,13,6,0,0
acgr24.txt,2023_24,2023-24,56,72546,0000000,5672546,56725460000000,56725460000000,Ventura,Oxnard Union High,TA,4380,3994,91.2,1565,39.2,445,11.1,1160,29,207,4.7,124,2.8
acgr24.txt,2023_24,2023-24,56,72553,0000000,5672553,56725530000000,56725530000000,Ventura,Pleasant Valley,TA,32,30,93.8,5,16.7,0,0,2,6.7,2,6.3,0,0
acgr24.txt,2023_24,2023-24,56,72603,0000000,5672603,56726030000000,56726030000000,Ventura,Simi Valley Unified,TA,1418,1313,92.6,661,50.3,93,7.1,620,47.2,51,3.6,26,1.8
acgr24.txt,2023_24,2023-24,56,72652,0000000,5672652,56726520000000,56726520000000,Ventura,Ventura Unified,TA,1330,1244,93.5,525,42.2,241,19.4,411,33,57,4.3,0,0
acgr24.txt,2023_24,2023-24,56,73759,0000000,5673759,56737590000000,56737590000000,Ventura,Conejo Valley Unified,TA,1652,1565,94.7,932,59.6,204,13,758,48.4,43,2.6,21,1.3
acgr24.txt,2023_24,2023-24,56,73874,0000000,5673874,56738740000000,56738740000000,Ventura,Oak Park Unified,TA,385,376,97.7,280,74.5,57,15.2,285,75.8,2,0.5,2,0.5
acgr24.txt,2023_24,2023-24,56,73940,0000000,5673940,56739400000000,56739400000000,Ventura,Moorpark Unified,TA,513,479,93.4,211,44.1,26,5.4,247,51.6,25,4.9,3,0.6
acgr24.txt,2023_24,2023-24,56,76828,0000000,5676828,56768280000000,56768280000000,Ventura,Santa Paula Unified,TA,483,447,92.5,174,38.9,23,5.1,109,24.4,10,2.1,13,2.7
acgr24.txt,2023_24,2023-24,57,10579,0000000,5710579,57105790000000,57105790000000,Yolo,Yolo County Office of Education,TA,35,4,11.4,0,0,0,0,0,0,31,88.6,0,0
acgr24.txt,2023_24,2023-24,57,72678,0000000,5772678,57726780000000,57726780000000,Yolo,Davis Joint Unified,TA,753,723,96,578,79.9,172,23.8,335,46.3,16,2.1,9,1.2
acgr24.txt,2023_24,2023-24,57,72686,0000000,5772686,57726860000000,57726860000000,Yolo,Esparto Unified,TA,76,70,92.1,19,27.1,5,7.1,15,21.4,5,6.6,1,1.3
acgr24.txt,2023_24,2023-24,57,72694,0000000,5772694,57726940000000,57726940000000,Yolo,Washington Unified,TA,685,642,93.7,314,48.9,83,12.9,0,0,30,4.4,0,0
acgr24.txt,2023_24,2023-24,57,72702,0000000,5772702,57727020000000,57727020000000,Yolo,Winters Joint Unified,TA,136,118,86.8,36,30.5,14,11.9,27,22.9,11,8.1,4,2.9
acgr24.txt,2023_24,2023-24,57,72710,0000000,5772710,57727100000000,57727100000000,Yolo,Woodland Joint Unified,TA,815,726,89.1,292,40.2,145,20,198,27.3,52,6.4,11,1.3
acgr24.txt,2023_24,2023-24,58,10587,0000000,5810587,58105870000000,58105870000000,Yuba,Yuba County Office of Education,TA,89,33,37.1,0,0,0,0,2,6.1,56,62.9,0,0
acgr24.txt,2023_24,2023-24,58,72728,0000000,5872728,58727280000000,58727280000000,Yuba,Camptonville Elementary,TA,60,53,88.3,17,32.1,4,7.5,0,0,3,5,4,6.7
acgr24.txt,2023_24,2023-24,58,72736,0000000,5872736,58727360000000,58727360000000,Yuba,Marysville Joint Unified,TA,773,680,88,164,24.1,48,7.1,124,18.2,83,10.7,0,0
acgr24.txt,2023_24,2023-24,58,72769,0000000,5872769,58727690000000,58727690000000,Yuba,Wheatland Union High,TA,270,260,96.3,102,39.2,20,7.7,68,26.2,10,3.7,0,0
acgr25.txt,2024_25,2024-25,01,10017,0000000,0110017,01100170000000,01100170000000,Alameda,Alameda County Office of Education,TA,318,182,57.2,85,46.7,4,2.2,21,11.5,58,18.2,73,23
acgr25.txt,2024_25,2024-25,01,31609,0000000,0131609,01316090000000,01316090000000,Alameda,California School for the Blind (State Special Schl),TA,NA,NA,NA,NA,NA,NA,NA,NA,NA,NA,NA,NA,NA
acgr25.txt,2024_25,2024-25,01,31617,0000000,0131617,01316170000000,01316170000000,Alameda,California School for the Deaf-Fremont (State Special Schl),TA,36,20,55.6,0,0,3,15,2,10,15,41.7,0,0
acgr25.txt,2024_25,2024-25,01,61119,0000000,0161119,01611190000000,01611190000000,Alameda,Alameda Unified,TA,888,833,93.8,605,72.6,91,10.9,468,56.2,10,1.1,19,2.1
acgr25.txt,2024_25,2024-25,01,61127,0000000,0161127,01611270000000,01611270000000,Alameda,Albany City Unified,TA,293,289,98.6,222,76.8,130,45,225,77.9,2,0.7,0,0
acgr25.txt,2024_25,2024-25,01,61143,0000000,0161143,01611430000000,01611430000000,Alameda,Berkeley Unified,TA,858,813,94.8,541,66.5,98,12.1,0,0,28,3.3,10,1.2
acgr25.txt,2024_25,2024-25,01,61150,0000000,0161150,01611500000000,01611500000000,Alameda,Castro Valley Unified,TA,749,719,96,455,63.3,132,18.4,320,44.5,16,2.1,10,1.3
acgr25.txt,2024_25,2024-25,01,61168,0000000,0161168,01611680000000,01611680000000,Alameda,Emery Unified,TA,46,44,95.7,5,11.4,0,0,0,0,2,4.3,0,0
acgr25.txt,2024_25,2024-25,01,61176,0000000,0161176,01611760000000,01611760000000,Alameda,Fremont Unified,TA,2609,2428,93.1,1647,67.8,531,21.9,1365,56.2,76,2.9,51,2
acgr25.txt,2024_25,2024-25,01,61192,0000000,0161192,01611920000000,01611920000000,Alameda,Hayward Unified,TA,1535,1265,82.4,585,46.2,184,14.5,301,23.8,173,11.3,43,2.8
acgr25.txt,2024_25,2024-25,01,61200,0000000,0161200,01612000000000,01612000000000,Alameda,Livermore Valley Joint Unified,TA,1075,1045,97.2,553,52.9,137,13.1,590,56.5,8,0.7,6,0.6
acgr25.txt,2024_25,2024-25,01,61234,0000000,0161234,01612340000000,01612340000000,Alameda,Newark Unified,TA,404,361,89.4,134,37.1,0,0,0,0,28,6.9,11,2.7
acgr25.txt,2024_25,2024-25,01,61242,0000000,0161242,01612420000000,01612420000000,Alameda,New Haven Unified,TA,958,878,91.6,397,45.2,65,7.4,283,32.2,20,2.1,51,5.3
acgr25.txt,2024_25,2024-25,01,61259,0000000,0161259,01612590000000,01612590000000,Alameda,Oakland Unified,TA,3618,2843,78.6,2011,70.7,355,12.5,203,7.1,517,14.3,199,5.5
acgr25.txt,2024_25,2024-25,01,61275,0000000,0161275,01612750000000,01612750000000,Alameda,Piedmont City Unified,TA,229,224,97.8,206,92,23,10.3,157,70.1,4,1.7,0,0
acgr25.txt,2024_25,2024-25,01,61291,0000000,0161291,01612910000000,01612910000000,Alameda,San Leandro Unified,TA,711,638,89.7,272,42.6,98,15.4,192,30.1,50,7,11,1.5
acgr25.txt,2024_25,2024-25,01,61309,0000000,0161309,01613090000000,01613090000000,Alameda,San Lorenzo Unified,TA,944,824,87.3,418,50.7,22,2.7,266,32.3,80,8.5,25,2.6
acgr25.txt,2024_25,2024-25,01,75093,0000000,0175093,01750930000000,01750930000000,Alameda,Dublin Unified,TA,881,854,96.9,691,80.9,126,14.8,309,36.2,16,1.8,0,0
acgr25.txt,2024_25,2024-25,01,75101,0000000,0175101,01751010000000,01751010000000,Alameda,Pleasanton Unified,TA,1217,1153,94.7,932,80.8,365,31.7,660,57.2,31,2.5,17,1.4
acgr25.txt,2024_25,2024-25,01,77180,0000000,0177180,01771800000000,01771800000000,Alameda,SBE - Latitude 37.8 High,TA,102,95,93.1,90,94.7,0,0,0,0,7,6.9,0,0
acgr25.txt,2024_25,2024-25,03,10033,0000000,0310033,03100330000000,03100330000000,Amador,Amador County Office of Education,TA,NA,NA,NA,NA,NA,NA,NA,NA,NA,NA,NA,NA,NA
acgr25.txt,2024_25,2024-25,03,73981,0000000,0373981,03739810000000,03739810000000,Amador,Amador County Unified,TA,335,326,97.3,81,24.8,25,7.7,110,33.7,8,2.4,1,0.3
acgr25.txt,2024_25,2024-25,04,10041,0000000,0410041,04100410000000,04100410000000,Butte,Butte County Office of Education,TA,210,154,73.3,30,19.5,2,1.3,31,20.1,28,13.3,24,11.4
acgr25.txt,2024_25,2024-25,04,61408,0000000,0461408,04614080000000,04614080000000,Butte,Biggs Unified,TA,36,34,94.4,9,26.5,6,17.6,8,23.5,2,5.6,0,0
acgr25.txt,2024_25,2024-25,04,61424,0000000,0461424,04614240000000,04614240000000,Butte,Chico Unified,TA,1204,1084,90,425,39.2,191,17.6,314,29,87,7.2,2,0.2
acgr25.txt,2024_25,2024-25,04,61432,0000000,0461432,04614320000000,04614320000000,Butte,Durham Unified,TA,71,69,97.2,33,47.8,7,10.1,24,34.8,0,0,1,1.4
acgr25.txt,2024_25,2024-25,04,61507,0000000,0461507,04615070000000,04615070000000,Butte,Oroville City Elementary,TA,NA,NA,NA,NA,NA,NA,NA,NA,NA,NA,NA,NA,NA
acgr25.txt,2024_25,2024-25,04,61515,0000000,0461515,04615150000000,04615150000000,Butte,Oroville Union High,TA,578,509,88.1,87,17.1,12,2.4,123,24.2,61,10.6,0,0
acgr25.txt,2024_25,2024-25,04,61531,0000000,0461531,04615310000000,04615310000000,Butte,Paradise Unified,TA,182,157,86.3,20,12.7,0,0,12,7.6,19,10.4,4,2.2
acgr25.txt,2024_25,2024-25,04,75507,0000000,0475507,04755070000000,04755070000000,Butte,Gridley Unified,TA,157,148,94.3,65,43.9,8,5.4,57,38.5,6,3.8,0,0
acgr25.txt,2024_25,2024-25,05,10058,0000000,0510058,05100580000000,05100580000000,Calaveras,Calaveras County Office of Education,TA,52,47,90.4,1,2.1,0,0,8,17,4,7.7,0,0
acgr25.txt,2024_25,2024-25,05,61556,0000000,0561556,05615560000000,05615560000000,Calaveras,Bret Harte Union High,TA,177,169,95.5,48,28.4,0,0,0,0,6,3.4,0,0
acgr25.txt,2024_25,2024-25,05,61564,0000000,0561564,05615640000000,05615640000000,Calaveras,Calaveras Unified,TA,220,205,93.2,34,16.6,13,6.3,28,13.7,12,5.5,0,0
acgr25.txt,2024_25,2024-25,06,10066,0000000,0610066,06100660000000,06100660000000,Colusa,Colusa County Office of Education,TA,20,16,80,0,0,0,0,0,0,3,15,0,0
acgr25.txt,2024_25,2024-25,06,61598,0000000,0661598,06615980000000,06615980000000,Colusa,Colusa Unified,TA,136,124,91.2,30,24.2,12,9.7,11,8.9,4,2.9,2,1.5
acgr25.txt,2024_25,2024-25,06,61606,0000000,0661606,06616060000000,06616060000000,Colusa,Maxwell Unified,TA,27,27,100,12,44.4,0,0,0,0,0,0,0,0
acgr25.txt,2024_25,2024-25,06,61614,0000000,0661614,06616140000000,06616140000000,Colusa,Pierce Joint Unified,TA,129,125,96.9,52,41.6,17,13.6,32,25.6,1,0.8,0,0
acgr25.txt,2024_25,2024-25,06,61622,0000000,0661622,06616220000000,06616220000000,Colusa,Williams Unified,TA,94,91,96.8,38,41.8,0,0,0,0,1,1.1,0,0
acgr25.txt,2024_25,2024-25,07,10074,0000000,0710074,07100740000000,07100740000000,Contra Costa,Contra Costa County Office of Education,TA,984,879,89.3,826,94,87,9.9,535,60.9,64,6.5,32,3.3
acgr25.txt,2024_25,2024-25,07,61630,0000000,0761630,07616300000000,07616300000000,Contra Costa,Acalanes Union High,TA,1413,1381,97.7,1124,81.4,498,36.1,911,66,17,1.2,0,0
acgr25.txt,2024_25,2024-25,07,61648,0000000,0761648,07616480000000,07616480000000,Contra Costa,Antioch Unified,TA,1283,1033,80.5,226,21.9,55,5.3,178,17.2,171,13.3,57,4.4
acgr25.txt,2024_25,2024-25,07,61663,0000000,0761663,07616630000000,07616630000000,Contra Costa,Byron Union Elementary,TA,61,57,93.4,18,31.6,0,0,20,35.1,2,3.3,2,3.3
acgr25.txt,2024_25,2024-25,07,61697,0000000,0761697,07616970000000,07616970000000,Contra Costa,John Swett Unified,TA,94,86,91.5,39,45.3,0,0,0,0,7,7.4,0,0
acgr25.txt,2024_25,2024-25,07,61721,0000000,0761721,07617210000000,07617210000000,Contra Costa,Liberty Union High,TA,2021,1886,93.3,973,51.6,318,16.9,583,30.9,56,2.8,46,2.3
acgr25.txt,2024_25,2024-25,07,61739,0000000,0761739,07617390000000,07617390000000,Contra Costa,Martinez Unified,TA,284,270,95.1,119,44.1,19,7,88,32.6,8,2.8,2,0.7
acgr25.txt,2024_25,2024-25,07,61754,0000000,0761754,07617540000000,07617540000000,Contra Costa,Mt. Diablo Unified,TA,2048,1832,89.5,710,38.8,346,18.9,913,49.8,150,7.3,46,2.2
acgr25.txt,2024_25,2024-25,07,61788,0000000,0761788,07617880000000,07617880000000,Contra Costa,Pittsburg Unified,TA,948,816,86.1,289,35.4,204,25,158,19.4,74,7.8,42,4.4
acgr25.txt,2024_25,2024-25,07,61796,0000000,0761796,07617960000000,07617960000000,Contra Costa,West Contra Costa Unified,TA,2425,2086,86,1051,50.4,371,17.8,559,26.8,138,5.7,75,3.1
acgr25.txt,2024_25,2024-25,07,61804,0000000,0761804,07618040000000,07618040000000,Contra Costa,San Ramon Valley Unified,TA,2586,2527,97.7,1707,67.6,639,25.3,1447,57.3,26,1,0,0
acgr25.txt,2024_25,2024-25,07,77354,0000000,0777354,07773540000000,07773540000000,Contra Costa,SBE - John Henry High,TA,80,63,78.8,52,82.5,12,19,14,22.2,11,13.8,6,7.5
acgr25.txt,2024_25,2024-25,08,10082,0000000,0810082,08100820000000,08100820000000,Del Norte,Del Norte County Office of Education,TA,68,56,82.4,0,0,0,0,7,12.5,5,7.4,6,8.8
acgr25.txt,2024_25,2024-25,08,61820,0000000,0861820,08618200000000,08618200000000,Del Norte,Del Norte County Unified,TA,246,226,91.9,42,18.6,19,8.4,59,26.1,7,2.8,2,0.8
acgr25.txt,2024_25,2024-25,09,10090,0000000,0910090,09100900000000,09100900000000,El Dorado,El Dorado County Office of Education,TA,164,117,71.3,72,61.5,0,0,18,15.4,24,14.6,14,8.5
acgr25.txt,2024_25,2024-25,09,61838,0000000,0961838,09618380000000,09618380000000,El Dorado,Buckeye Union Elementary,TA,254,244,96.1,82,33.6,8,3.3,108,44.3,2,0.8,6,2.4
acgr25.txt,2024_25,2024-25,09,61853,0000000,0961853,09618530000000,09618530000000,El Dorado,El Dorado Union High,TA,1710,1649,96.4,921,55.9,161,9.8,697,42.3,18,1.1,19,1.1
acgr25.txt,2024_25,2024-25,09,61903,0000000,0961903,09619030000000,09619030000000,El Dorado,Lake Tahoe Unified,TA,314,279,88.9,102,36.6,1,0.4,3,1.1,17,5.4,0,0
acgr25.txt,2024_25,2024-25,09,73783,0000000,0973783,09737830000000,09737830000000,El Dorado,Black Oak Mine Unified,TA,109,100,91.7,33,33,0,0,0,0,7,6.4,0,0
acgr25.txt,2024_25,2024-25,10,10108,0000000,1010108,10101080000000,10101080000000,Fresno,Fresno County Office of Education,TA,856,205,23.9,54,26.3,0,0,4,2,304,35.5,296,34.6
acgr25.txt,2024_25,2024-25,10,62117,0000000,1062117,10621170000000,10621170000000,Fresno,Clovis Unified,TA,3478,3308,95.1,2031,61.4,282,8.5,1481,44.8,77,2.2,0,0
acgr25.txt,2024_25,2024-25,10,62125,0000000,1062125,10621250000000,10621250000000,Fresno,Coalinga-Huron Unified,TA,345,314,91,88,28,65,20.7,54,17.2,29,8.4,0,0
acgr25.txt,2024_25,2024-25,10,62158,0000000,1062158,10621580000000,10621580000000,Fresno,Fowler Unified,TA,209,203,97.1,144,70.9,26,12.8,72,35.5,4,1.9,0,0
acgr25.txt,2024_25,2024-25,10,62166,0000000,1062166,10621660000000,10621660000000,Fresno,Fresno Unified,TA,4789,4311,90,2215,51.4,767,17.8,693,16.1,306,6.4,57,1.2
acgr25.txt,2024_25,2024-25,10,62257,0000000,1062257,10622570000000,10622570000000,Fresno,Kingsburg Joint Union High,TA,292,283,96.9,110,38.9,5,1.8,96,33.9,2,0.7,0,0
acgr25.txt,2024_25,2024-25,10,62265,0000000,1062265,10622650000000,10622650000000,Fresno,Kings Canyon Joint Unified,TA,847,768,90.7,423,55.1,45,5.9,224,29.2,15,1.8,19,2.2
acgr25.txt,2024_25,2024-25,10,62281,0000000,1062281,10622810000000,10622810000000,Fresno,Laton Joint Unified,TA,37,36,97.3,9,25,6,16.7,4,11.1,0,0,0,0
acgr25.txt,2024_25,2024-25,10,62331,0000000,1062331,10623310000000,10623310000000,Fresno,Orange Center,TA,122,72,59,10,13.9,0,0,4,5.6,32,26.2,16,13.1
acgr25.txt,2024_25,2024-25,10,62364,0000000,1062364,10623640000000,10623640000000,Fresno,Parlier Unified,TA,230,215,93.5,60,27.9,0,0,0,0,6,2.6,0,0
acgr25.txt,2024_25,2024-25,10,62380,0000000,1062380,10623800000000,10623800000000,Fresno,Raisin City Elementary,TA,101,29,28.7,1,3.4,0,0,0,0,27,26.7,41,40.6
acgr25.txt,2024_25,2024-25,10,62414,0000000,1062414,10624140000000,10624140000000,Fresno,Sanger Unified,TA,1073,1047,97.6,642,61.3,52,5,233,22.3,22,2.1,0,0
acgr25.txt,2024_25,2024-25,10,62430,0000000,1062430,10624300000000,10624300000000,Fresno,Selma Unified,TA,508,474,93.3,157,33.1,17,3.6,81,17.1,27,5.3,1,0.2
acgr25.txt,2024_25,2024-25,10,62539,0000000,1062539,10625390000000,10625390000000,Fresno,West Park Elementary,TA,22,0,0,0,0,0,0,0,0,18,81.8,4,18.2
acgr25.txt,2024_25,2024-25,10,62547,0000000,1062547,10625470000000,10625470000000,Fresno,Westside Elementary,TA,674,269,39.9,74,27.5,3,1.1,60,22.3,147,21.8,238,35.3
acgr25.txt,2024_25,2024-25,10,73809,0000000,1073809,10738090000000,10738090000000,Fresno,Firebaugh-Las Deltas Unified,TA,168,161,95.8,63,39.1,5,3.1,36,22.4,0,0,0,0
acgr25.txt,2024_25,2024-25,10,73965,0000000,1073965,10739650000000,10739650000000,Fresno,Central Unified,TA,1241,1127,90.8,453,40.2,176,15.6,275,24.4,55,4.4,40,3.2
acgr25.txt,2024_25,2024-25,10,73999,0000000,1073999,10739990000000,10739990000000,Fresno,Kerman Unified,TA,415,389,93.7,183,47,63,16.2,153,39.3,10,2.4,4,1
acgr25.txt,2024_25,2024-25,10,75127,0000000,1075127,10751270000000,10751270000000,Fresno,Mendota Unified,TA,281,258,91.8,117,45.3,21,8.1,79,30.6,16,5.7,0,0
acgr25.txt,2024_25,2024-25,10,75234,0000000,1075234,10752340000000,10752340000000,Fresno,Golden Plains Unified,TA,101,97,96,39,40.2,8,8.2,10,10.3,1,1,1,1
acgr25.txt,2024_25,2024-25,10,75275,0000000,1075275,10752750000000,10752750000000,Fresno,Sierra Unified,TA,120,112,93.3,45,40.2,0,0,45,40.2,3,2.5,0,0
acgr25.txt,2024_25,2024-25,10,75408,0000000,1075408,10754080000000,10754080000000,Fresno,Riverdale Joint Unified,TA,128,124,96.9,55,44.4,12,9.7,57,46,1,0.8,0,0
acgr25.txt,2024_25,2024-25,10,75598,0000000,1075598,10755980000000,10755980000000,Fresno,Caruthers Unified,TA,178,170,95.5,90,52.9,0,0,0,0,2,1.1,0,0
acgr25.txt,2024_25,2024-25,10,76778,0000000,1076778,10767780000000,10767780000000,Fresno,Washington Unified,TA,354,316,89.3,109,34.5,11,3.5,0,0,34,9.6,1,0.3
acgr25.txt,2024_25,2024-25,11,10116,0000000,1110116,11101160000000,11101160000000,Glenn,Glenn County Office of Education,TA,107,34,31.8,0,0,0,0,9,26.5,55,51.4,8,7.5
acgr25.txt,2024_25,2024-25,11,62596,0000000,1162596,11625960000000,11625960000000,Glenn,Lake Elementary,TA,22,22,100,1,4.5,0,0,4,18.2,0,0,0,0
acgr25.txt,2024_25,2024-25,11,62646,0000000,1162646,11626460000000,11626460000000,Glenn,Princeton Joint Unified,TA,14,13,92.9,3,23.1,0,0,0,0,1,7.1,0,0
acgr25.txt,2024_25,2024-25,11,62653,0000000,1162653,11626530000000,11626530000000,Glenn,Stony Creek Joint Unified,TA,NA,NA,NA,NA,NA,NA,NA,NA,NA,NA,NA,NA,NA
acgr25.txt,2024_25,2024-25,11,62661,0000000,1162661,11626610000000,11626610000000,Glenn,Willows Unified,TA,94,91,96.8,39,42.9,0,0,0,0,3,3.2,0,0
acgr25.txt,2024_25,2024-25,11,75481,0000000,1175481,11754810000000,11754810000000,Glenn,Orland Joint Unified,TA,172,165,95.9,36,21.8,17,10.3,38,23,5,2.9,0,0
acgr25.txt,2024_25,2024-25,11,76562,0000000,1176562,11765620000000,11765620000000,Glenn,Hamilton Unified,TA,65,62,95.4,24,38.7,16,25.8,20,32.3,3,4.6,0,0
acgr25.txt,2024_25,2024-25,12,10124,0000000,1210124,12101240000000,12101240000000,Humboldt,Humboldt County Office of Education,TA,130,85,65.4,32,37.6,7,8.2,5,5.9,40,30.8,5,3.8
acgr25.txt,2024_25,2024-25,12,62679,0000000,1262679,12626790000000,12626790000000,Humboldt,Arcata Elementary,TA,16,14,87.5,11,78.6,1,7.1,0,0,2,12.5,0,0
acgr25.txt,2024_25,2024-25,12,62687,0000000,1262687,12626870000000,12626870000000,Humboldt,Northern Humboldt Union High,TA,442,430,97.3,198,46,36,8.4,107,24.9,7,1.6,3,0.7
acgr25.txt,2024_25,2024-25,12,62810,0000000,1262810,12628100000000,12628100000000,Humboldt,Fortuna Union High,TA,255,236,92.5,103,43.6,17,7.2,17,7.2,18,7.1,0,0
acgr25.txt,2024_25,2024-25,12,62901,0000000,1262901,12629010000000,12629010000000,Humboldt,Klamath-Trinity Joint Unified,TA,62,60,96.8,12,20,10,16.7,0,0,1,1.6,1,1.6
acgr25.txt,2024_25,2024-25,12,63032,0000000,1263032,12630320000000,12630320000000,Humboldt,South Bay Union Elementary,TA,37,33,89.2,10,30.3,1,3,11,33.3,1,2.7,3,8.1
acgr25.txt,2024_25,2024-25,12,63040,0000000,1263040,12630400000000,12630400000000,Humboldt,Southern Humboldt Joint Unified,TA,59,51,86.4,18,35.3,3,5.9,9,17.6,8,13.6,0,0
acgr25.txt,2024_25,2024-25,12,75374,0000000,1275374,12753740000000,12753740000000,Humboldt,Ferndale Unified,TA,27,27,100,7,25.9,0,0,0,0,0,0,0,0
acgr25.txt,2024_25,2024-25,12,75382,0000000,1275382,12753820000000,12753820000000,Humboldt,Mattole Unified,TA,NA,NA,NA,NA,NA,NA,NA,NA,NA,NA,NA,NA,NA
acgr25.txt,2024_25,2024-25,12,75515,0000000,1275515,12755150000000,12755150000000,Humboldt,Eureka City Schools,TA,311,295,94.9,75,25.4,17,5.8,59,20,12,3.9,0,0
acgr25.txt,2024_25,2024-25,13,10132,0000000,1310132,13101320000000,13101320000000,Imperial,Imperial County Office of Education,TA,200,101,50.5,0,0,0,0,0,0,96,48,0,0
acgr25.txt,2024_25,2024-25,13,63081,0000000,1363081,13630810000000,13630810000000,Imperial,Brawley Union High,TA,474,444,93.7,181,40.8,17,3.8,242,54.5,5,1.1,0,0
acgr25.txt,2024_25,2024-25,13,63099,0000000,1363099,13630990000000,13630990000000,Imperial,Calexico Unified,TA,799,738,92.4,213,28.9,115,15.6,92,12.5,43,5.4,7,0.9
acgr25.txt,2024_25,2024-25,13,63107,0000000,1363107,13631070000000,13631070000000,Imperial,Calipatria Unified,TA,80,75,93.8,38,50.7,10,13.3,28,37.3,5,6.3,0,0
acgr25.txt,2024_25,2024-25,13,63115,0000000,1363115,13631150000000,13631150000000,Imperial,Central Union High,TA,1005,959,95.4,416,43.4,97,10.1,246,25.7,26,2.6,19,1.9
acgr25.txt,2024_25,2024-25,13,63149,0000000,1363149,13631490000000,13631490000000,Imperial,Holtville Unified,TA,130,126,96.9,107,84.9,23,18.3,42,33.3,3,2.3,0,0
acgr25.txt,2024_25,2024-25,13,63164,0000000,1363164,13631640000000,13631640000000,Imperial,Imperial Unified,TA,350,335,95.7,143,42.7,0,0,0,0,4,1.1,0,0
acgr25.txt,2024_25,2024-25,13,63214,0000000,1363214,13632140000000,13632140000000,Imperial,San Pasqual Valley Unified,TA,52,41,78.8,10,24.4,4,9.8,0,0,6,11.5,2,3.8
acgr25.txt,2024_25,2024-25,14,10140,0000000,1410140,14101400000000,14101400000000,Inyo,Inyo County Office of Education,TA,533,196,36.8,42,21.4,0,0,0,0,231,43.3,106,19.9
acgr25.txt,2024_25,2024-25,14,63248,0000000,1463248,14632480000000,14632480000000,Inyo,Big Pine Unified,TA,NA,NA,NA,NA,NA,NA,NA,NA,NA,NA,NA,NA,NA
acgr25.txt,2024_25,2024-25,14,63289,0000000,1463289,14632890000000,14632890000000,Inyo,Lone Pine Unified,TA,30,25,83.3,2,8,0,0,0,0,5,16.7,0,0
acgr25.txt,2024_25,2024-25,14,63297,0000000,1463297,14632970000000,14632970000000,Inyo,Owens Valley Unified,TA,NA,NA,NA,NA,NA,NA,NA,NA,NA,NA,NA,NA,NA
acgr25.txt,2024_25,2024-25,14,76687,0000000,1476687,14766870000000,14766870000000,Inyo,Bishop Unified,TA,159,150,94.3,56,37.3,9,6,48,32,5,3.1,0,0
acgr25.txt,2024_25,2024-25,15,10157,0000000,1510157,15101570000000,15101570000000,Kern,Kern County Office of Education,TA,460,306,66.5,170,55.6,53,17.3,84,27.5,125,27.2,19,4.1
acgr25.txt,2024_25,2024-25,15,63412,0000000,1563412,15634120000000,15634120000000,Kern,Delano Joint Union High,TA,1022,993,97.2,668,67.3,345,34.7,338,34,19,1.9,0,0
acgr25.txt,2024_25,2024-25,15,63529,0000000,1563529,15635290000000,15635290000000,Kern,Kern High,TA,10329,9103,88.1,3721,40.9,1365,15,3221,35.4,933,9,73,0.7
acgr25.txt,2024_25,2024-25,15,63628,0000000,1563628,15636280000000,15636280000000,Kern,Maricopa Unified,TA,797,640,80.3,161,25.2,12,1.9,207,32.3,84,10.5,58,7.3
acgr25.txt,2024_25,2024-25,15,63677,0000000,1563677,15636770000000,15636770000000,Kern,Mojave Unified,TA,199,154,77.4,44,28.6,0,0,4,2.6,35,17.6,0,0
acgr25.txt,2024_25,2024-25,15,63685,0000000,1563685,15636850000000,15636850000000,Kern,Muroc Joint Unified,TA,109,106,97.2,26,24.5,2,1.9,19,17.9,3,2.8,0,0
acgr25.txt,2024_25,2024-25,15,63776,0000000,1563776,15637760000000,15637760000000,Kern,Southern Kern Unified,TA,245,213,86.9,33,15.5,1,0.5,0,0,23,9.4,0,0
acgr25.txt,2024_25,2024-25,15,63818,0000000,1563818,15638180000000,15638180000000,Kern,Taft Union High,TA,291,257,88.3,63,24.5,0,0,37,14.4,30,10.3,2,0.7
acgr25.txt,2024_25,2024-25,15,63826,0000000,1563826,15638260000000,15638260000000,Kern,Tehachapi Unified,TA,343,324,94.5,88,27.2,6,1.9,83,25.6,18,5.2,0,0
acgr25.txt,2024_25,2024-25,15,63859,0000000,1563859,15638590000000,15638590000000,Kern,Wasco Union High,TA,446,416,93.3,126,30.3,29,7,124,29.8,20,4.5,0,0
acgr25.txt,2024_25,2024-25,15,73742,0000000,1573742,15737420000000,15737420000000,Kern,Sierra Sands Unified,TA,443,336,75.8,59,17.6,8,2.4,86,25.6,53,12,44,9.9
acgr25.txt,2024_25,2024-25,15,73908,0000000,1573908,15739080000000,15739080000000,Kern,McFarland Unified,TA,249,234,94,113,48.3,40,17.1,29,12.4,12,4.8,2,0.8
acgr25.txt,2024_25,2024-25,15,75168,0000000,1575168,15751680000000,15751680000000,Kern,El Tejon Unified,TA,66,61,92.4,4,6.6,0,0,0,0,2,3,1,1.5
acgr25.txt,2024_25,2024-25,16,10165,0000000,1610165,16101650000000,16101650000000,Kings,Kings County Office of Education,TA,33,4,12.1,0,0,0,0,0,0,26,78.8,1,3
acgr25.txt,2024_25,2024-25,16,63875,0000000,1663875,16638750000000,16638750000000,Kings,Armona Union Elementary,TA,74,50,67.6,12,24,0,0,1,2,16,21.6,8,10.8
acgr25.txt,2024_25,2024-25,16,63891,0000000,1663891,16638910000000,16638910000000,Kings,Corcoran Joint Unified,TA,218,202,92.7,76,37.6,0,0,0,0,14,6.4,2,0.9
acgr25.txt,2024_25,2024-25,16,63925,0000000,1663925,16639250000000,16639250000000,Kings,Hanford Joint Union High,TA,1016,982,96.7,382,38.9,30,3.1,394,40.1,14,1.4,9,0.9
acgr25.txt,2024_25,2024-25,16,63958,0000000,1663958,16639580000000,16639580000000,Kings,Kit Carson Union Elementary,TA,353,86,24.4,4,4.7,0,0,1,1.2,87,24.6,170,48.2
acgr25.txt,2024_25,2024-25,16,63982,0000000,1663982,16639820000000,16639820000000,Kings,Lemoore Union High,TA,543,509,93.7,232,45.6,15,2.9,161,31.6,13,2.4,0,0
acgr25.txt,2024_25,2024-25,16,73932,0000000,1673932,16739320000000,16739320000000,Kings,Reef-Sunset Unified,TA,174,161,92.5,64,39.8,3,1.9,59,36.6,10,5.7,2,1.1
acgr25.txt,2024_25,2024-25,17,10173,0000000,1710173,17101730000000,17101730000000,Lake,Lake County Office of Education,TA,NA,NA,NA,NA,NA,NA,NA,NA,NA,NA,NA,NA,NA
acgr25.txt,2024_25,2024-25,17,64014,0000000,1764014,17640140000000,17640140000000,Lake,Kelseyville Unified,TA,157,142,90.4,18,12.7,0,0,10,7,13,8.3,2,1.3
acgr25.txt,2024_25,2024-25,17,64022,0000000,1764022,17640220000000,17640220000000,Lake,Konocti Unified,TA,259,219,84.6,35,16,1,0.5,35,16,29,11.2,0,0
acgr25.txt,2024_25,2024-25,17,64030,0000000,1764030,17640300000000,17640300000000,Lake,Lakeport Unified,TA,115,113,98.3,14,12.4,0,0,0,0,2,1.7,0,0
acgr25.txt,2024_25,2024-25,17,64055,0000000,1764055,17640550000000,17640550000000,Lake,Middletown Unified,TA,132,113,85.6,29,25.7,1,0.9,0,0,16,12.1,0,0
acgr25.txt,2024_25,2024-25,17,76976,0000000,1776976,17769760000000,17769760000000,Lake,Upper Lake Unified,TA,89,82,92.1,26,31.7,0,0,0,0,6,6.7,0,0
acgr25.txt,2024_25,2024-25,18,10181,0000000,1810181,18101810000000,18101810000000,Lassen,Lassen County Office of Education,TA,NA,NA,NA,NA,NA,NA,NA,NA,NA,NA,NA,NA,NA
acgr25.txt,2024_25,2024-25,18,64089,0000000,1864089,18640890000000,18640890000000,Lassen,Big Valley Joint Unified,TA,NA,NA,NA,NA,NA,NA,NA,NA,NA,NA,NA,NA,NA
acgr25.txt,2024_25,2024-25,18,64139,0000000,1864139,18641390000000,18641390000000,Lassen,Lassen Union High,TA,204,175,85.8,28,16,5,2.9,45,25.7,16,7.8,0,0
acgr25.txt,2024_25,2024-25,18,64196,0000000,1864196,18641960000000,18641960000000,Lassen,Susanville Elementary,TA,16,13,81.3,0,0,0,0,2,15.4,1,6.3,0,0
acgr25.txt,2024_25,2024-25,18,64204,0000000,1864204,18642040000000,18642040000000,Lassen,Westwood Unified,TA,13,6,46.2,0,0,0,0,0,0,7,53.8,0,0
acgr25.txt,2024_25,2024-25,18,75036,0000000,1875036,18750360000000,18750360000000,Lassen,Fort Sage Unified,TA,44,40,90.9,2,5,0,0,14,35,3,6.8,0,0
acgr25.txt,2024_25,2024-25,19,10199,0000000,1910199,19101990000000,19101990000000,Los Angeles,Los Angeles County Office of Education,TA,1131,943,83.4,711,75.4,109,11.6,213,22.6,83,7.3,101,8.9
acgr25.txt,2024_25,2024-25,19,64212,0000000,1964212,19642120000000,19642120000000,Los Angeles,ABC Unified,TA,1573,1497,95.2,951,63.5,461,30.8,683,45.6,31,2,14,0.9
acgr25.txt,2024_25,2024-25,19,64246,0000000,1964246,19642460000000,19642460000000,Los Angeles,Antelope Valley Union High,TA,5417,4458,82.3,1727,38.7,317,7.1,1178,26.4,694,12.8,164,3
acgr25.txt,2024_25,2024-25,19,64261,0000000,1964261,19642610000000,19642610000000,Los Angeles,Arcadia Unified,TA,826,818,99,514,62.8,169,20.7,464,56.7,3,0.4,2,0.2
acgr25.txt,2024_25,2024-25,19,64279,0000000,1964279,19642790000000,19642790000000,Los Angeles,Azusa Unified,TA,471,414,87.9,163,39.4,85,20.5,158,38.2,48,10.2,0,0
acgr25.txt,2024_25,2024-25,19,64287,0000000,1964287,19642870000000,19642870000000,Los Angeles,Baldwin Park Unified,TA,900,756,84,282,37.3,80,10.6,157,20.8,86,9.6,41,4.6
acgr25.txt,2024_25,2024-25,19,64295,0000000,1964295,19642950000000,19642950000000,Los Angeles,Bassett Unified,TA,193,186,96.4,61,32.8,44,23.7,20,10.8,3,1.6,0,0
acgr25.txt,2024_25,2024-25,19,64303,0000000,1964303,19643030000000,19643030000000,Los Angeles,Bellflower Unified,TA,802,757,94.4,320,42.3,129,17,147,19.4,25,3.1,0,0
acgr25.txt,2024_25,2024-25,19,64311,0000000,1964311,19643110000000,19643110000000,Los Angeles,Beverly Hills Unified,TA,329,301,91.5,206,68.4,30,10,181,60.1,11,3.3,1,0.3
acgr25.txt,2024_25,2024-25,19,64329,0000000,1964329,19643290000000,19643290000000,Los Angeles,Bonita Unified,TA,817,793,97.1,487,61.4,20,2.5,371,46.8,15,1.8,1,0.1
acgr25.txt,2024_25,2024-25,19,64337,0000000,1964337,19643370000000,19643370000000,Los Angeles,Burbank Unified,TA,1284,1250,97.4,633,50.6,115,9.2,705,56.4,9,0.7,9,0.7
acgr25.txt,2024_25,2024-25,19,64352,0000000,1964352,19643520000000,19643520000000,Los Angeles,Centinela Valley Union High,TA,2254,1319,58.5,659,50,211,16,277,21,871,38.6,46,2
acgr25.txt,2024_25,2024-25,19,64378,0000000,1964378,19643780000000,19643780000000,Los Angeles,Charter Oak Unified,TA,356,340,95.5,166,48.8,40,11.8,97,28.5,10,2.8,0,0
acgr25.txt,2024_25,2024-25,19,64394,0000000,1964394,19643940000000,19643940000000,Los Angeles,Claremont Unified,TA,573,558,97.4,357,64,160,28.7,254,45.5,2,0.3,1,0.2
acgr25.txt,2024_25,2024-25,19,64436,0000000,1964436,19644360000000,19644360000000,Los Angeles,Covina-Valley Unified,TA,1014,986,97.2,673,68.3,244,24.7,394,40,21,2.1,0,0
acgr25.txt,2024_25,2024-25,19,64444,0000000,1964444,19644440000000,19644440000000,Los Angeles,Culver City Unified,TA,536,520,97,348,66.9,144,27.7,175,33.7,12,2.2,0,0
acgr25.txt,2024_25,2024-25,19,64451,0000000,1964451,19644510000000,19644510000000,Los Angeles,Downey Unified,TA,1997,1929,96.6,1196,62,294,15.2,448,23.2,37,1.9,0,0
acgr25.txt,2024_25,2024-25,19,64469,0000000,1964469,19644690000000,19644690000000,Los Angeles,Duarte Unified,TA,1965,842,42.8,435,51.7,102,12.1,235,27.9,475,24.2,573,29.2
acgr25.txt,2024_25,2024-25,19,64519,0000000,1964519,19645190000000,19645190000000,Los Angeles,El Monte Union High,TA,1935,1703,88,753,44.2,185,10.9,357,21,102,5.3,81,4.2
acgr25.txt,2024_25,2024-25,19,64527,0000000,1964527,19645270000000,19645270000000,Los Angeles,El Rancho Unified,TA,621,588,94.7,296,50.3,56,9.5,122,20.7,27,4.3,0,0
acgr25.txt,2024_25,2024-25,19,64535,0000000,1964535,19645350000000,19645350000000,Los Angeles,El Segundo Unified,TA,365,356,97.5,283,79.5,52,14.6,167,46.9,0,0,8,2.2
acgr25.txt,2024_25,2024-25,19,64568,0000000,1964568,19645680000000,19645680000000,Los Angeles,Glendale Unified,TA,1922,1825,95,1036,56.8,319,17.5,725,39.7,43,2.2,0,0
acgr25.txt,2024_25,2024-25,19,64576,0000000,1964576,19645760000000,19645760000000,Los Angeles,Glendora Unified,TA,558,544,97.5,345,63.4,54,9.9,197,36.2,5,0.9,1,0.2
acgr25.txt,2024_25,2024-25,19,64584,0000000,1964584,19645840000000,19645840000000,Los Angeles,Gorman Joint,TA,95,76,80,6,7.9,0,0,0,0,16,16.8,0,0
acgr25.txt,2024_25,2024-25,19,64592,0000000,1964592,19645920000000,19645920000000,Los Angeles,Hawthorne,TA,132,124,93.9,101,81.5,0,0,0,0,0,0,0,0
acgr25.txt,2024_25,2024-25,19,64634,0000000,1964634,19646340000000,19646340000000,Los Angeles,Inglewood Unified,TA,639,577,90.3,373,64.6,95,16.5,179,31,53,8.3,5,0.8
acgr25.txt,2024_25,2024-25,19,64642,0000000,1964642,19646420000000,19646420000000,Los Angeles,Keppel Union Elementary,TA,14,14,100,5,35.7,1,7.1,7,50,0,0,0,0
acgr25.txt,2024_25,2024-25,19,64659,0000000,1964659,19646590000000,19646590000000,Los Angeles,La Canada Unified,TA,357,352,98.6,323,91.8,135,38.4,296,84.1,5,1.4,0,0
acgr25.txt,2024_25,2024-25,19,64683,0000000,1964683,19646830000000,19646830000000,Los Angeles,Las Virgenes Unified,TA,852,819,96.1,552,67.4,92,11.2,439,53.6,18,2.1,0,0
acgr25.txt,2024_25,2024-25,19,64691,0000000,1964691,19646910000000,19646910000000,Los Angeles,Lawndale Elementary,TA,104,99,95.2,94,94.9,26,26.3,48,48.5,1,1,3,2.9
acgr25.txt,2024_25,2024-25,19,64709,0000000,1964709,19647090000000,19647090000000,Los Angeles,Lennox,TA,294,292,99.3,243,83.2,174,59.6,83,28.4,2,0.7,0,0
acgr25.txt,2024_25,2024-25,19,64725,0000000,1964725,19647250000000,19647250000000,Los Angeles,Long Beach Unified,TA,5281,4602,87.1,2689,58.4,903,19.6,1796,39,512,9.7,90,1.7
acgr25.txt,2024_25,2024-25,19,64733,0000000,1964733,19647330000000,19647330000000,Los Angeles,Los Angeles Unified,TA,42576,37659,88.5,27272,72.4,9357,24.8,10357,27.5,3124,7.3,820,1.9
acgr25.txt,2024_25,2024-25,19,64774,0000000,1964774,19647740000000,19647740000000,Los Angeles,Lynwood Unified,TA,979,871,89,416,47.8,129,14.8,180,20.7,100,10.2,8,0.8
acgr25.txt,2024_25,2024-25,19,64790,0000000,1964790,19647900000000,19647900000000,Los Angeles,Monrovia Unified,TA,429,408,95.1,205,50.2,118,28.9,118,28.9,14,3.3,0,0
acgr25.txt,2024_25,2024-25,19,64808,0000000,1964808,19648080000000,19648080000000,Los Angeles,Montebello Unified,TA,1724,1520,88.2,461,30.3,170,11.2,492,32.4,84,4.9,72,4.2
acgr25.txt,2024_25,2024-25,19,64840,0000000,1964840,19648400000000,19648400000000,Los Angeles,Norwalk-La Mirada Unified,TA,1298,1215,93.6,642,52.8,48,4,122,10,42,3.2,23,1.8
acgr25.txt,2024_25,2024-25,19,64857,0000000,1964857,19648570000000,19648570000000,Los Angeles,Palmdale Elementary,TA,752,542,72.1,266,49.1,50,9.2,104,19.2,57,7.6,147,19.5
acgr25.txt,2024_25,2024-25,19,64865,0000000,1964865,19648650000000,19648650000000,Los Angeles,Palos Verdes Peninsula Unified,TA,959,940,98,794,84.5,345,36.7,589,62.7,5,0.5,0,0
acgr25.txt,2024_25,2024-25,19,64873,0000000,1964873,19648730000000,19648730000000,Los Angeles,Paramount Unified,TA,1077,972,90.3,449,46.2,163,16.8,270,27.8,86,8,0,0
acgr25.txt,2024_25,2024-25,19,64881,0000000,1964881,19648810000000,19648810000000,Los Angeles,Pasadena Unified,TA,1249,1094,87.6,573,52.4,113,10.3,333,30.4,118,9.4,25,2
acgr25.txt,2024_25,2024-25,19,64907,0000000,1964907,19649070000000,19649070000000,Los Angeles,Pomona Unified,TA,1786,1627,91.1,672,41.3,191,11.7,492,30.2,87,4.9,43,2.4
acgr25.txt,2024_25,2024-25,19,64964,0000000,1964964,19649640000000,19649640000000,Los Angeles,San Marino Unified,TA,210,204,97.1,174,85.3,45,22.1,133,65.2,2,1,0,0
acgr25.txt,2024_25,2024-25,19,64980,0000000,1964980,19649800000000,19649800000000,Los Angeles,Santa Monica-Malibu Unified,TA,826,803,97.2,498,62,1,0.1,0,0,17,2.1,0,0
acgr25.txt,2024_25,2024-25,19,65029,0000000,1965029,19650290000000,19650290000000,Los Angeles,South Pasadena Unified,TA,386,371,96.1,291,78.4,69,18.6,254,68.5,9,2.3,0,0
acgr25.txt,2024_25,2024-25,19,65052,0000000,1965052,19650520000000,19650520000000,Los Angeles,Temple City Unified,TA,472,452,95.8,313,69.2,89,19.7,259,57.3,13,2.8,0,0
acgr25.txt,2024_25,2024-25,19,65060,0000000,1965060,19650600000000,19650600000000,Los Angeles,Torrance Unified,TA,1886,1829,97,1263,69.1,432,23.6,1059,57.9,16,0.8,5,0.3
acgr25.txt,2024_25,2024-25,19,65094,0000000,1965094,19650940000000,19650940000000,Los Angeles,West Covina Unified,TA,1207,1079,89.4,449,41.6,81,7.5,180,16.7,91,7.5,23,1.9
acgr25.txt,2024_25,2024-25,19,65128,0000000,1965128,19651280000000,19651280000000,Los Angeles,Whittier Union High,TA,2524,2362,93.6,1405,59.5,401,17,593,25.1,46,1.8,48,1.9
acgr25.txt,2024_25,2024-25,19,65136,0000000,1965136,19651360000000,19651360000000,Los Angeles,William S. Hart Union High,TA,3968,3703,93.3,1414,38.2,297,8,1707,46.1,194,4.9,44,1.1
acgr25.txt,2024_25,2024-25,19,73437,0000000,1973437,19734370000000,19734370000000,Los Angeles,Compton Unified,TA,1323,1240,93.7,939,75.7,385,31,496,40,73,5.5,7,0.5
acgr25.txt,2024_25,2024-25,19,73445,0000000,1973445,19734450000000,19734450000000,Los Angeles,Hacienda la Puente Unified,TA,1187,1101,92.8,557,50.6,172,15.6,336,30.5,23,1.9,19,1.6
acgr25.txt,2024_25,2024-25,19,73452,0000000,1973452,19734520000000,19734520000000,Los Angeles,Rowland Unified,TA,1080,980,90.7,402,41,177,18.1,329,33.6,66,6.1,21,1.9
acgr25.txt,2024_25,2024-25,19,73460,0000000,1973460,19734600000000,19734600000000,Los Angeles,Walnut Valley Unified,TA,1245,1193,95.8,829,69.5,329,27.6,881,73.8,17,1.4,0,0
acgr25.txt,2024_25,2024-25,19,75291,0000000,1975291,19752910000000,19752910000000,Los Angeles,San Gabriel Unified,TA,472,396,83.9,226,57.1,53,13.4,185,46.7,35,7.4,26,5.5
acgr25.txt,2024_25,2024-25,19,75309,0000000,1975309,19753090000000,19753090000000,Los Angeles,Acton-Agua Dulce Unified,TA,2817,1173,41.6,349,29.8,40,3.4,159,13.6,670,23.8,893,31.7
acgr25.txt,2024_25,2024-25,19,75333,0000000,1975333,19753330000000,19753330000000,Los Angeles,Manhattan Beach Unified,TA,636,626,98.4,528,84.3,162,25.9,408,65.2,10,1.6,0,0
acgr25.txt,2024_25,2024-25,19,75341,0000000,1975341,19753410000000,19753410000000,Los Angeles,Redondo Beach Unified,TA,754,737,97.7,589,79.9,144,19.5,383,52,11,1.5,0,0
acgr25.txt,2024_25,2024-25,19,75663,0000000,1975663,19756630000000,19756630000000,Los Angeles,SBE - New West Charter,TA,144,141,97.9,141,100,0,0,0,0,2,1.4,0,0
acgr25.txt,2024_25,2024-25,19,75713,0000000,1975713,19757130000000,19757130000000,Los Angeles,Alhambra Unified,TA,1579,1489,94.3,974,65.4,351,23.6,1103,74.1,23,1.5,39,2.5
acgr25.txt,2024_25,2024-25,19,76869,0000000,1976869,19768690000000,19768690000000,Los Angeles,Wiseburn Unified,TA,525,477,90.9,456,95.6,21,4.4,0,0,6,1.1,33,6.3
acgr25.txt,2024_25,2024-25,19,76968,0000000,1976968,19769680000000,19769680000000,Los Angeles,SBE - Academia Avance Charter,TA,59,54,91.5,42,77.8,0,0,0,0,5,8.5,0,0
acgr25.txt,2024_25,2024-25,20,10207,0000000,2010207,20102070000000,20102070000000,Madera,Madera County Superintendent of Schools,TA,93,49,52.7,0,0,0,0,0,0,13,14,31,33.3
acgr25.txt,2024_25,2024-25,20,65201,0000000,2065201,20652010000000,20652010000000,Madera,Chowchilla Union High,TA,288,269,93.4,83,30.9,40,14.9,103,38.3,15,5.2,3,1
acgr25.txt,2024_25,2024-25,20,65243,0000000,2065243,20652430000000,20652430000000,Madera,Madera Unified,TA,1442,1347,93.4,635,47.1,298,22.1,291,21.6,61,4.2,20,1.4
acgr25.txt,2024_25,2024-25,20,75580,0000000,2075580,20755800000000,20755800000000,Madera,Golden Valley Unified,TA,198,184,92.9,96,52.2,0,0,0,0,8,4,2,1
acgr25.txt,2024_25,2024-25,20,75606,0000000,2075606,20756060000000,20756060000000,Madera,Chawanakee Unified,TA,125,121,96.8,53,43.8,0,0,0,0,1,0.8,0,0
acgr25.txt,2024_25,2024-25,20,76414,0000000,2076414,20764140000000,20764140000000,Madera,Yosemite Unified,TA,192,167,87,71,42.5,15,9,38,22.8,13,6.8,0,0
acgr25.txt,2024_25,2024-25,21,10215,0000000,2110215,21102150000000,21102150000000,Marin,Marin County Office of Education,TA,42,18,42.9,0,0,0,0,0,0,24,57.1,0,0
acgr25.txt,2024_25,2024-25,21,65417,0000000,2165417,21654170000000,21654170000000,Marin,Novato Unified,TA,721,685,95,395,57.7,95,13.9,319,46.6,24,3.3,5,0.7
acgr25.txt,2024_25,2024-25,21,65466,0000000,2165466,21654660000000,21654660000000,Marin,San Rafael City High,TA,714,596,83.5,345,57.9,137,23,237,39.8,95,13.3,0,0
acgr25.txt,2024_25,2024-25,21,65482,0000000,2165482,21654820000000,21654820000000,Marin,Tamalpais Union High,TA,1236,1200,97.1,998,83.2,372,31,556,46.3,23,1.9,0,0
acgr25.txt,2024_25,2024-25,21,73361,0000000,2173361,21733610000000,21733610000000,Marin,Shoreline Unified,TA,28,27,96.4,11,40.7,0,0,0,0,1,3.6,0,0
acgr25.txt,2024_25,2024-25,22,10223,0000000,2210223,22102230000000,22102230000000,Mariposa,Mariposa County Office of Education,TA,NA,NA,NA,NA,NA,NA,NA,NA,NA,NA,NA,NA,NA
acgr25.txt,2024_25,2024-25,22,65532,0000000,2265532,22655320000000,22655320000000,Mariposa,Mariposa County Unified,TA,128,116,90.6,33,28.4,0,0,32,27.6,11,8.6,0,0
acgr25.txt,2024_25,2024-25,23,10231,0000000,2310231,23102310000000,23102310000000,Mendocino,Mendocino County Office of Education,TA,NA,NA,NA,NA,NA,NA,NA,NA,NA,NA,NA,NA,NA
acgr25.txt,2024_25,2024-25,23,65540,0000000,2365540,23655400000000,23655400000000,Mendocino,Anderson Valley Unified,TA,28,28,100,4,14.3,10,35.7,0,0,0,0,0,0
acgr25.txt,2024_25,2024-25,23,65557,0000000,2365557,23655570000000,23655570000000,Mendocino,Arena Union Elementary,TA,NA,NA,NA,NA,NA,NA,NA,NA,NA,NA,NA,NA,NA
acgr25.txt,2024_25,2024-25,23,65565,0000000,2365565,23655650000000,23655650000000,Mendocino,Fort Bragg Unified,TA,147,128,87.1,47,36.7,7,5.5,36,28.1,15,10.2,0,0
acgr25.txt,2024_25,2024-25,23,65581,0000000,2365581,23655810000000,23655810000000,Mendocino,Mendocino Unified,TA,49,46,93.9,29,63,0,0,0,0,2,4.1,0,0
acgr25.txt,2024_25,2024-25,23,65599,0000000,2365599,23655990000000,23655990000000,Mendocino,Point Arena Joint Union High,TA,37,34,91.9,6,17.6,1,2.9,5,14.7,2,5.4,0,0
acgr25.txt,2024_25,2024-25,23,65607,0000000,2365607,23656070000000,23656070000000,Mendocino,Round Valley Unified,TA,48,37,77.1,2,5.4,0,0,0,0,11,22.9,0,0
acgr25.txt,2024_25,2024-25,23,65615,0000000,2365615,23656150000000,23656150000000,Mendocino,Ukiah Unified,TA,519,468,90.2,165,35.3,91,19.4,113,24.1,22,4.2,5,1
acgr25.txt,2024_25,2024-25,23,65623,0000000,2365623,23656230000000,23656230000000,Mendocino,Willits Unified,TA,146,122,83.6,45,36.9,0,0,17,13.9,23,15.8,0,0
acgr25.txt,2024_25,2024-25,23,73866,0000000,2373866,23738660000000,23738660000000,Mendocino,Potter Valley Community Unified,TA,22,21,95.5,11,52.4,0,0,0,0,1,4.5,0,0
acgr25.txt,2024_25,2024-25,23,73916,0000000,2373916,23739160000000,23739160000000,Mendocino,Laytonville Unified,TA,19,19,100,3,15.8,0,0,3,15.8,0,0,0,0
acgr25.txt,2024_25,2024-25,23,75218,0000000,2375218,23752180000000,23752180000000,Mendocino,Leggett Valley Unified,TA,NA,NA,NA,NA,NA,NA,NA,NA,NA,NA,NA,NA,NA
acgr25.txt,2024_25,2024-25,24,10249,0000000,2410249,24102490000000,24102490000000,Merced,Merced County Office of Education,TA,367,229,62.4,13,5.7,4,1.7,6,2.6,97,26.4,2,0.5
acgr25.txt,2024_25,2024-25,24,65698,0000000,2465698,24656980000000,24656980000000,Merced,Hilmar Unified,TA,166,165,99.4,72,43.6,40,24.2,0,0,1,0.6,0,0
acgr25.txt,2024_25,2024-25,24,65730,0000000,2465730,24657300000000,24657300000000,Merced,Le Grand Union High,TA,144,140,97.2,50,35.7,24,17.1,34,24.3,3,2.1,1,0.7
acgr25.txt,2024_25,2024-25,24,65755,0000000,2465755,24657550000000,24657550000000,Merced,Los Banos Unified,TA,916,880,96.1,341,38.8,116,13.2,244,27.7,15,1.6,12,1.3
acgr25.txt,2024_25,2024-25,24,65789,0000000,2465789,24657890000000,24657890000000,Merced,Merced Union High,TA,2795,2630,94.1,856,32.5,186,7.1,653,24.8,138,4.9,19,0.7
acgr25.txt,2024_25,2024-25,24,73619,0000000,2473619,24736190000000,24736190000000,Merced,Gustine Unified,TA,145,137,94.5,71,51.8,0,0,0,0,8,5.5,0,0
acgr25.txt,2024_25,2024-25,24,75317,0000000,2475317,24753170000000,24753170000000,Merced,Dos Palos Oro Loma Joint Unified,TA,183,177,96.7,53,29.9,28,15.8,39,22,5,2.7,0,0
acgr25.txt,2024_25,2024-25,24,75366,0000000,2475366,24753660000000,24753660000000,Merced,Delhi Unified,TA,172,172,100,81,47.1,23,13.4,41,23.8,0,0,0,0
acgr25.txt,2024_25,2024-25,25,65896,0000000,2565896,25658960000000,25658960000000,Modoc,Surprise Valley Joint Unified,TA,NA,NA,NA,NA,NA,NA,NA,NA,NA,NA,NA,NA,NA
acgr25.txt,2024_25,2024-25,25,73585,0000000,2573585,25735850000000,25735850000000,Modoc,Modoc Joint Unified,TA,52,48,92.3,10,20.8,0,0,12,25,1,1.9,1,1.9
acgr25.txt,2024_25,2024-25,25,73593,0000000,2573593,25735930000000,25735930000000,Modoc,Tulelake Basin Joint Unified,TA,34,33,97.1,8,24.2,0,0,0,0,0,0,1,2.9
acgr25.txt,2024_25,2024-25,26,10264,0000000,2610264,26102640000000,26102640000000,Mono,Mono County Office of Education,TA,NA,NA,NA,NA,NA,NA,NA,NA,NA,NA,NA,NA,NA
acgr25.txt,2024_25,2024-25,26,73668,0000000,2673668,26736680000000,26736680000000,Mono,Eastern Sierra Unified,TA,23,21,91.3,13,61.9,0,0,0,0,2,8.7,0,0
acgr25.txt,2024_25,2024-25,26,73692,0000000,2673692,26736920000000,26736920000000,Mono,Mammoth Unified,TA,92,88,95.7,45,51.1,24,27.3,35,39.8,2,2.2,0,0
acgr25.txt,2024_25,2024-25,27,10272,0000000,2710272,27102720000000,27102720000000,Monterey,Monterey County Office of Education,TA,127,86,67.7,2,2.3,0,0,0,0,11,8.7,28,22
acgr25.txt,2024_25,2024-25,27,65987,0000000,2765987,27659870000000,27659870000000,Monterey,Carmel Unified,TA,213,208,97.7,146,70.2,76,36.5,120,57.7,5,2.3,0,0
acgr25.txt,2024_25,2024-25,27,66068,0000000,2766068,27660680000000,27660680000000,Monterey,South Monterey County Joint Union High,TA,685,609,88.9,168,27.6,57,9.4,106,17.4,54,7.9,15,2.2
acgr25.txt,2024_25,2024-25,27,66092,0000000,2766092,27660920000000,27660920000000,Monterey,Monterey Peninsula Unified,TA,916,875,95.5,597,68.2,88,10.1,240,27.4,22,2.4,5,0.5
acgr25.txt,2024_25,2024-25,27,66134,0000000,2766134,27661340000000,27661340000000,Monterey,Pacific Grove Unified,TA,168,161,95.8,63,39.1,39,24.2,62,38.5,7,4.2,0,0
acgr25.txt,2024_25,2024-25,27,66159,0000000,2766159,27661590000000,27661590000000,Monterey,Salinas Union High,TA,2861,2558,89.4,1285,50.2,809,31.6,602,23.5,140,4.9,97,3.4
acgr25.txt,2024_25,2024-25,27,73825,0000000,2773825,27738250000000,27738250000000,Monterey,North Monterey County Unified,TA,358,323,90.2,120,37.2,71,22,73,22.6,13,3.6,2,0.6
acgr25.txt,2024_25,2024-25,27,75150,0000000,2775150,27751500000000,27751500000000,Monterey,Big Sur Unified,TA,NA,NA,NA,NA,NA,NA,NA,NA,NA,NA,NA,NA,NA
acgr25.txt,2024_25,2024-25,27,75440,0000000,2775440,27754400000000,27754400000000,Monterey,Soledad Unified,TA,421,400,95,145,36.3,36,9,128,32,15,3.6,0,0
acgr25.txt,2024_25,2024-25,27,75473,0000000,2775473,27754730000000,27754730000000,Monterey,Gonzales Unified,TA,210,198,94.3,87,43.9,21,10.6,43,21.7,5,2.4,0,0
acgr25.txt,2024_25,2024-25,28,10280,0000000,2810280,28102800000000,28102800000000,Napa,Napa County Office of Education,TA,37,24,64.9,0,0,0,0,0,0,11,29.7,0,0
acgr25.txt,2024_25,2024-25,28,66241,0000000,2866241,28662410000000,28662410000000,Napa,Calistoga Joint Unified,TA,65,62,95.4,34,54.8,13,21,10,16.1,3,4.6,0,0
acgr25.txt,2024_25,2024-25,28,66266,0000000,2866266,28662660000000,28662660000000,Napa,Napa Valley Unified,TA,1433,1330,92.8,545,41,320,24.1,200,15,48,3.3,16,1.1
acgr25.txt,2024_25,2024-25,28,66290,0000000,2866290,28662900000000,28662900000000,Napa,Saint Helena Unified,TA,99,93,93.9,56,60.2,41,44.1,31,33.3,4,4,0,0
acgr25.txt,2024_25,2024-25,29,10298,0000000,2910298,29102980000000,29102980000000,Nevada,Nevada County Office of Education,TA,802,236,29.4,24,10.2,0,0,3,1.3,490,61.1,73,9.1
acgr25.txt,2024_25,2024-25,29,66357,0000000,2966357,29663570000000,29663570000000,Nevada,Nevada Joint Union High,TA,689,617,89.6,174,28.2,65,10.5,166,26.9,51,7.4,8,1.2
acgr25.txt,2024_25,2024-25,29,76877,0000000,2976877,29768770000000,29768770000000,Nevada,Penn Valley Union Elementary,TA,NA,NA,NA,NA,NA,NA,NA,NA,NA,NA,NA,NA,NA
acgr25.txt,2024_25,2024-25,30,10306,0000000,3010306,30103060000000,30103060000000,Orange,Orange County Department of Education,TA,1824,1231,67.5,606,49.2,292,23.7,437,35.5,276,15.1,267,14.6
acgr25.txt,2024_25,2024-25,30,66431,0000000,3066431,30664310000000,30664310000000,Orange,Anaheim Union High,TA,4777,4506,94.3,2559,56.8,1178,26.1,1286,28.5,164,3.4,0,0
acgr25.txt,2024_25,2024-25,30,66449,0000000,3066449,30664490000000,30664490000000,Orange,Brea-Olinda Unified,TA,469,440,93.8,260,59.1,94,21.4,196,44.5,21,4.5,0,0
acgr25.txt,2024_25,2024-25,30,66464,0000000,3066464,30664640000000,30664640000000,Orange,Capistrano Unified,TA,4595,4193,91.3,2551,60.8,666,15.9,1662,39.6,282,6.1,50,1.1
acgr25.txt,2024_25,2024-25,30,66514,0000000,3066514,30665140000000,30665140000000,Orange,Fullerton Joint Union High,TA,3273,3108,95,1844,59.3,516,16.6,1397,44.9,107,3.3,1,0
acgr25.txt,2024_25,2024-25,30,66522,0000000,3066522,30665220000000,30665220000000,Orange,Garden Grove Unified,TA,3212,2966,92.3,1913,64.5,602,20.3,1154,38.9,194,6,0,0
acgr25.txt,2024_25,2024-25,30,66548,0000000,3066548,30665480000000,30665480000000,Orange,Huntington Beach Union High,TA,3649,3441,94.3,2026,58.9,1064,30.9,1452,42.2,102,2.8,13,0.4
acgr25.txt,2024_25,2024-25,30,66555,0000000,3066555,30665550000000,30665550000000,Orange,Laguna Beach Unified,TA,199,194,97.5,168,86.6,97,50,125,64.4,1,0.5,1,0.5
acgr25.txt,2024_25,2024-25,30,66597,0000000,3066597,30665970000000,30665970000000,Orange,Newport-Mesa Unified,TA,1627,1543,94.8,857,55.5,373,24.2,582,37.7,35,2.2,18,1.1
acgr25.txt,2024_25,2024-25,30,66621,0000000,3066621,30666210000000,30666210000000,Orange,Orange Unified,TA,2065,2008,97.2,1064,53,317,15.8,84,4.2,32,1.5,0,0
acgr25.txt,2024_25,2024-25,30,66647,0000000,3066647,30666470000000,30666470000000,Orange,Placentia-Yorba Linda Unified,TA,1929,1843,95.5,1068,57.9,392,21.3,825,44.8,46,2.4,8,0.4
acgr25.txt,2024_25,2024-25,30,66670,0000000,3066670,30666700000000,30666700000000,Orange,Santa Ana Unified,TA,3425,3142,91.7,1501,47.8,757,24.1,1069,34,225,6.6,0,0
acgr25.txt,2024_25,2024-25,30,73635,0000000,3073635,30736350000000,30736350000000,Orange,Saddleback Valley Unified,TA,1944,1858,95.6,998,53.7,372,20,809,43.5,47,2.4,2,0.1
acgr25.txt,2024_25,2024-25,30,73643,0000000,3073643,30736430000000,30736430000000,Orange,Tustin Unified,TA,1930,1853,96,1247,67.3,396,21.4,908,49,19,1,0,0
acgr25.txt,2024_25,2024-25,30,73650,0000000,3073650,30736500000000,30736500000000,Orange,Irvine Unified,TA,2958,2816,95.2,1979,70.3,864,30.7,1822,64.7,69,2.3,0,0
acgr25.txt,2024_25,2024-25,30,73924,0000000,3073924,30739240000000,30739240000000,Orange,Los Alamitos Unified,TA,779,755,96.9,619,82,363,48.1,435,57.6,20,2.6,0,0
acgr25.txt,2024_25,2024-25,30,76893,0000000,3076893,30768930000000,30768930000000,Orange,SBE - Magnolia Science Academy Santa Ana,TA,38,36,94.7,0,0,6,16.7,20,55.6,0,0,0,0
acgr25.txt,2024_25,2024-25,31,10314,0000000,3110314,31103140000000,31103140000000,Placer,Placer County Office of Education,TA,73,46,63,0,0,0,0,0,0,19,26,8,11
acgr25.txt,2024_25,2024-25,31,66894,0000000,3166894,31668940000000,31668940000000,Placer,Placer Union High,TA,1045,998,95.5,639,64,235,23.5,415,41.6,28,2.7,10,1
acgr25.txt,2024_25,2024-25,31,66928,0000000,3166928,31669280000000,31669280000000,Placer,Roseville Joint Union High,TA,2723,2553,93.8,1661,65.1,551,21.6,879,34.4,154,5.7,1,0
acgr25.txt,2024_25,2024-25,31,66944,0000000,3166944,31669440000000,31669440000000,Placer,Tahoe-Truckee Unified,TA,345,329,95.4,201,61.1,107,32.5,183,55.6,3,0.9,3,0.9
acgr25.txt,2024_25,2024-25,31,66951,0000000,3166951,31669510000000,31669510000000,Placer,Western Placer Unified,TA,852,746,87.6,421,56.4,80,10.7,203,27.2,51,6,46,5.4
acgr25.txt,2024_25,2024-25,31,75085,0000000,3175085,31750850000000,31750850000000,Placer,Rocklin Unified,TA,1152,1126,97.7,823,73.1,143,12.7,575,51.1,10,0.9,6,0.5
acgr25.txt,2024_25,2024-25,32,10322,0000000,3210322,32103220000000,32103220000000,Plumas,Plumas County Office of Education,TA,NA,NA,NA,NA,NA,NA,NA,NA,NA,NA,NA,NA,NA
acgr25.txt,2024_25,2024-25,32,66969,0000000,3266969,32669690000000,32669690000000,Plumas,Plumas Unified,TA,177,145,81.9,52,35.9,0,0,0,0,27,15.3,0,0
acgr25.txt,2024_25,2024-25,33,10330,0000000,3310330,33103300000000,33103300000000,Riverside,Riverside County Office of Education,TA,999,614,61.5,165,26.9,11,1.8,66,10.7,329,32.9,19,1.9
acgr25.txt,2024_25,2024-25,33,31625,0000000,3331625,33316250000000,33316250000000,Riverside,California School for the Deaf-Riverside (State Special Schl),TA,35,15,42.9,0,0,4,26.7,1,6.7,5,14.3,10,28.6
acgr25.txt,2024_25,2024-25,33,66977,0000000,3366977,33669770000000,33669770000000,Riverside,Alvord Unified,TA,1270,1199,94.4,562,46.9,236,19.7,285,23.8,43,3.4,19,1.5
acgr25.txt,2024_25,2024-25,33,66985,0000000,3366985,33669850000000,33669850000000,Riverside,Banning Unified,TA,341,286,83.9,113,39.5,4,1.4,2,0.7,44,12.9,0,0
acgr25.txt,2024_25,2024-25,33,66993,0000000,3366993,33669930000000,33669930000000,Riverside,Beaumont Unified,TA,1172,1107,94.5,489,44.2,108,9.8,353,31.9,23,2,21,1.8
acgr25.txt,2024_25,2024-25,33,67033,0000000,3367033,33670330000000,33670330000000,Riverside,Corona-Norco Unified,TA,4260,4084,95.9,2347,57.5,518,12.7,1319,32.3,68,1.6,62,1.5
acgr25.txt,2024_25,2024-25,33,67058,0000000,3367058,33670580000000,33670580000000,Riverside,Desert Sands Unified,TA,2249,2106,93.6,1293,61.4,318,15.1,781,37.1,59,2.6,6,0.3
acgr25.txt,2024_25,2024-25,33,67082,0000000,3367082,33670820000000,33670820000000,Riverside,Hemet Unified,TA,1894,1746,92.2,965,55.3,254,14.5,303,17.4,66,3.5,31,1.6
acgr25.txt,2024_25,2024-25,33,67090,0000000,3367090,33670900000000,33670900000000,Riverside,Jurupa Unified,TA,1465,1358,92.7,684,50.4,221,16.3,308,22.7,52,3.5,41,2.8
acgr25.txt,2024_25,2024-25,33,67116,0000000,3367116,33671160000000,33671160000000,Riverside,Menifee Union,TA,118,117,99.2,72,61.5,0,0,70,59.8,0,0,0,0
acgr25.txt,2024_25,2024-25,33,67124,0000000,3367124,33671240000000,33671240000000,Riverside,Moreno Valley Unified,TA,2491,2325,93.3,998,42.9,249,10.7,390,16.8,99,4,14,0.6
acgr25.txt,2024_25,2024-25,33,67157,0000000,3367157,33671570000000,33671570000000,Riverside,Nuview Union,TA,166,165,99.4,98,59.4,16,9.7,69,41.8,0,0,0,0
acgr25.txt,2024_25,2024-25,33,67173,0000000,3367173,33671730000000,33671730000000,Riverside,Palm Springs Unified,TA,1686,1542,91.5,816,52.9,268,17.4,341,22.1,73,4.3,25,1.5
acgr25.txt,2024_25,2024-25,33,67181,0000000,3367181,33671810000000,33671810000000,Riverside,Palo Verde Unified,TA,267,236,88.4,63,26.7,6,2.5,49,20.8,23,8.6,4,1.5
acgr25.txt,2024_25,2024-25,33,67207,0000000,3367207,33672070000000,33672070000000,Riverside,Perris Union High,TA,2621,2451,93.5,1340,54.7,282,11.5,367,15,146,5.6,0,0
acgr25.txt,2024_25,2024-25,33,67215,0000000,3367215,33672150000000,33672150000000,Riverside,Riverside Unified,TA,3007,2876,95.6,1617,56.2,319,11.1,785,27.3,71,2.4,22,0.7
acgr25.txt,2024_25,2024-25,33,67249,0000000,3367249,33672490000000,33672490000000,Riverside,San Jacinto Unified,TA,922,866,93.9,479,55.3,100,11.5,225,26,22,2.4,17,1.8
acgr25.txt,2024_25,2024-25,33,73676,0000000,3373676,33736760000000,33736760000000,Riverside,Coachella Valley Unified,TA,1281,1151,89.9,557,48.4,365,31.7,253,22,82,6.4,0,0
acgr25.txt,2024_25,2024-25,33,75176,0000000,3375176,33751760000000,33751760000000,Riverside,Lake Elsinore Unified,TA,1740,1644,94.5,567,34.5,69,4.2,522,31.8,33,1.9,0,0
acgr25.txt,2024_25,2024-25,33,75192,0000000,3375192,33751920000000,33751920000000,Riverside,Temecula Valley Unified,TA,2445,2342,95.8,1687,72,413,17.6,1402,59.9,32,1.3,17,0.7
acgr25.txt,2024_25,2024-25,33,75200,0000000,3375200,33752000000000,33752000000000,Riverside,Murrieta Valley Unified,TA,1888,1846,97.8,1144,62,326,17.7,620,33.6,10,0.5,4,0.2
acgr25.txt,2024_25,2024-25,33,75242,0000000,3375242,33752420000000,33752420000000,Riverside,Val Verde Unified,TA,1727,1642,95.1,989,60.2,254,15.5,502,30.6,62,3.6,0,0
acgr25.txt,2024_25,2024-25,34,10348,0000000,3410348,34103480000000,34103480000000,Sacramento,Sacramento County Office of Education,TA,351,129,36.8,31,24,7,5.4,0,0,86,24.5,130,37
acgr25.txt,2024_25,2024-25,34,67314,0000000,3467314,34673140000000,34673140000000,Sacramento,Elk Grove Unified,TA,5343,4788,89.6,2693,56.2,536,11.2,1934,40.4,239,4.5,298,5.6
acgr25.txt,2024_25,2024-25,34,67330,0000000,3467330,34673300000000,34673300000000,Sacramento,Folsom-Cordova Unified,TA,1734,1604,92.5,888,55.4,343,21.4,542,33.8,65,3.7,27,1.6
acgr25.txt,2024_25,2024-25,34,67355,0000000,3467355,34673550000000,34673550000000,Sacramento,Galt Joint Union High,TA,491,456,92.9,213,46.7,79,17.3,106,23.2,18,3.7,14,2.9
acgr25.txt,2024_25,2024-25,34,67413,0000000,3467413,34674130000000,34674130000000,Sacramento,River Delta Joint Unified,TA,172,159,92.4,78,49.1,26,16.4,82,51.6,7,4.1,4,2.3
acgr25.txt,2024_25,2024-25,34,67421,0000000,3467421,34674210000000,34674210000000,Sacramento,Robla Elementary,TA,231,45,19.5,0,0,0,0,0,0,72,31.2,114,49.4
acgr25.txt,2024_25,2024-25,34,67439,0000000,3467439,34674390000000,34674390000000,Sacramento,Sacramento City Unified,TA,3119,2680,85.9,1391,51.9,311,11.6,964,36,249,8,136,4.4
acgr25.txt,2024_25,2024-25,34,67447,0000000,3467447,34674470000000,34674470000000,Sacramento,San Juan Unified,TA,4918,4016,81.7,1415,35.2,430,10.7,982,24.5,484,9.8,356,7.2
acgr25.txt,2024_25,2024-25,34,73973,0000000,3473973,34739730000000,34739730000000,Sacramento,Center Joint Unified,TA,355,329,92.7,101,30.7,63,19.1,0,0,9,2.5,12,3.4
acgr25.txt,2024_25,2024-25,34,75283,0000000,3475283,34752830000000,34752830000000,Sacramento,Natomas Unified,TA,1297,1238,95.5,842,68,230,18.6,482,38.9,16,1.2,9,0.7
acgr25.txt,2024_25,2024-25,34,76505,0000000,3476505,34765050000000,34765050000000,Sacramento,Twin Rivers Unified,TA,7713,2004,26,804,40.1,215,10.7,362,18.1,5583,72.4,91,1.2
acgr25.txt,2024_25,2024-25,35,10355,0000000,3510355,35103550000000,35103550000000,San Benito,San Benito County Office of Education,TA,NA,NA,NA,NA,NA,NA,NA,NA,NA,NA,NA,NA,NA
acgr25.txt,2024_25,2024-25,35,67538,0000000,3567538,35675380000000,35675380000000,San Benito,San Benito High,TA,885,833,94.1,410,49.2,139,16.7,278,33.4,20,2.3,12,1.4
acgr25.txt,2024_25,2024-25,35,75259,0000000,3575259,35752590000000,35752590000000,San Benito,Aromas - San Juan Unified,TA,65,58,89.2,29,50,25,43.1,19,32.8,4,6.2,0,0
acgr25.txt,2024_25,2024-25,36,10363,0000000,3610363,36103630000000,36103630000000,San Bernardino,San Bernardino County Office of Education,TA,804,577,71.8,157,27.2,16,2.8,97,16.8,143,17.8,82,10.2
acgr25.txt,2024_25,2024-25,36,67587,0000000,3667587,36675870000000,36675870000000,San Bernardino,Adelanto Elementary,TA,150,65,43.3,0,0,1,1.5,2,3.1,69,46,16,10.7
acgr25.txt,2024_25,2024-25,36,67611,0000000,3667611,36676110000000,36676110000000,San Bernardino,Barstow Unified,TA,404,351,86.9,76,21.7,19,5.4,39,11.1,36,8.9,0,0
acgr25.txt,2024_25,2024-25,36,67637,0000000,3667637,36676370000000,36676370000000,San Bernardino,Bear Valley Unified,TA,168,151,89.9,42,27.8,6,4,35,23.2,14,8.3,3,1.8
acgr25.txt,2024_25,2024-25,36,67652,0000000,3667652,36676520000000,36676520000000,San Bernardino,Chaffey Joint Union High,TA,5464,5022,91.9,3322,66.1,711,14.2,1568,31.2,395,7.2,0,0
acgr25.txt,2024_25,2024-25,36,67678,0000000,3667678,36676780000000,36676780000000,San Bernardino,Chino Valley Unified,TA,2275,2173,95.5,1377,63.4,534,24.6,920,42.3,31,1.4,13,0.6
acgr25.txt,2024_25,2024-25,36,67686,0000000,3667686,36676860000000,36676860000000,San Bernardino,Colton Joint Unified,TA,1424,1312,92.1,464,35.4,284,21.6,168,12.8,78,5.5,20,1.4
acgr25.txt,2024_25,2024-25,36,67710,0000000,3667710,36677100000000,36677100000000,San Bernardino,Fontana Unified,TA,2862,2708,94.6,1710,63.1,710,26.2,627,23.2,75,2.6,27,0.9
acgr25.txt,2024_25,2024-25,36,67736,0000000,3667736,36677360000000,36677360000000,San Bernardino,Helendale Elementary,TA,535,355,66.4,140,39.4,17,4.8,101,28.5,91,17,77,14.4
acgr25.txt,2024_25,2024-25,36,67777,0000000,3667777,36677770000000,36677770000000,San Bernardino,Morongo Unified,TA,491,414,84.3,98,23.7,29,7,73,17.6,62,12.6,9,1.8
acgr25.txt,2024_25,2024-25,36,67801,0000000,3667801,36678010000000,36678010000000,San Bernardino,Needles Unified,TA,97,97,100,2,2.1,0,0,0,0,0,0,0,0
acgr25.txt,2024_25,2024-25,36,67827,0000000,3667827,36678270000000,36678270000000,San Bernardino,Oro Grande,TA,1014,807,79.6,79,9.8,30,3.7,3,0.4,198,19.5,0,0
acgr25.txt,2024_25,2024-25,36,67843,0000000,3667843,36678430000000,36678430000000,San Bernardino,Redlands Unified,TA,1664,1535,92.2,797,51.9,195,12.7,564,36.7,44,2.6,19,1.1
acgr25.txt,2024_25,2024-25,36,67850,0000000,3667850,36678500000000,36678500000000,San Bernardino,Rialto Unified,TA,1778,1672,94,927,55.4,507,30.3,271,16.2,69,3.9,19,1.1
acgr25.txt,2024_25,2024-25,36,67868,0000000,3667868,36678680000000,36678680000000,San Bernardino,Rim of the World Unified,TA,285,260,91.2,96,36.9,14,5.4,52,20,23,8.1,1,0.4
acgr25.txt,2024_25,2024-25,36,67876,0000000,3667876,36678760000000,36678760000000,San Bernardino,San Bernardino City Unified,TA,3905,3312,84.8,1532,46.3,718,21.7,662,20,294,7.5,201,5.1
acgr25.txt,2024_25,2024-25,36,67892,0000000,3667892,36678920000000,36678920000000,San Bernardino,Trona Joint Unified,TA,20,17,85,2,11.8,0,0,0,0,3,15,0,0
acgr25.txt,2024_25,2024-25,36,67934,0000000,3667934,36679340000000,36679340000000,San Bernardino,Victor Valley Union High,TA,2492,2098,84.2,1079,51.4,214,10.2,525,25,222,8.9,115,4.6
acgr25.txt,2024_25,2024-25,36,67959,0000000,3667959,36679590000000,36679590000000,San Bernardino,Yucaipa-Calimesa Joint Unified,TA,736,685,93.1,229,33.4,76,11.1,191,27.9,46,6.3,0,0
acgr25.txt,2024_25,2024-25,36,73858,0000000,3673858,36738580000000,36738580000000,San Bernardino,Baker Valley Unified,TA,NA,NA,NA,NA,NA,NA,NA,NA,NA,NA,NA,NA,NA
acgr25.txt,2024_25,2024-25,36,73890,0000000,3673890,36738900000000,36738900000000,San Bernardino,Silver Valley Unified,TA,98,98,100,38,38.8,8,8.2,7,7.1,0,0,0,0
acgr25.txt,2024_25,2024-25,36,73957,0000000,3673957,36739570000000,36739570000000,San Bernardino,Snowline Joint Unified,TA,605,538,88.9,129,24,42,7.8,85,15.8,61,10.1,0,0
acgr25.txt,2024_25,2024-25,36,75044,0000000,3675044,36750440000000,36750440000000,San Bernardino,Hesperia Unified,TA,2063,1930,93.6,1058,54.8,232,12,339,17.6,103,5,11,0.5
acgr25.txt,2024_25,2024-25,36,75051,0000000,3675051,36750510000000,36750510000000,San Bernardino,Lucerne Valley Unified,TA,1515,758,50,138,18.2,5,0.7,145,19.1,277,18.3,461,30.4
acgr25.txt,2024_25,2024-25,36,75069,0000000,3675069,36750690000000,36750690000000,San Bernardino,Upland Unified,TA,774,746,96.4,385,51.6,108,14.5,251,33.6,18,2.3,0,0
acgr25.txt,2024_25,2024-25,36,75077,0000000,3675077,36750770000000,36750770000000,San Bernardino,Apple Valley Unified,TA,1184,1114,94.1,457,41,106,9.5,284,25.5,43,3.6,18,1.5
acgr25.txt,2024_25,2024-25,37,10371,0000000,3710371,37103710000000,37103710000000,San Diego,San Diego County Office of Education,TA,536,338,63.1,75,22.2,0,0,56,16.6,82,15.3,105,19.6
acgr25.txt,2024_25,2024-25,37,67983,0000000,3767983,37679830000000,37679830000000,San Diego,Borrego Springs Unified,TA,1143,287,25.1,26,9.1,0,0,3,1,269,23.5,578,50.6
acgr25.txt,2024_25,2024-25,37,67991,0000000,3767991,37679910000000,37679910000000,San Diego,Cajon Valley Union,TA,71,65,91.5,0,0,0,0,0,0,6,8.5,0,0
acgr25.txt,2024_25,2024-25,37,68023,0000000,3768023,37680230000000,37680230000000,San Diego,Chula Vista Elementary,TA,243,239,98.4,168,70.3,106,44.4,113,47.3,1,0.4,2,0.8
acgr25.txt,2024_25,2024-25,37,68031,0000000,3768031,37680310000000,37680310000000,San Diego,Coronado Unified,TA,260,252,96.9,202,80.2,82,32.5,123,48.8,2,0.8,0,0
acgr25.txt,2024_25,2024-25,37,68049,0000000,3768049,37680490000000,37680490000000,San Diego,Dehesa Elementary,TA,468,417,89.1,141,33.8,26,6.2,140,33.6,32,6.8,15,3.2
acgr25.txt,2024_25,2024-25,37,68106,0000000,3768106,37681060000000,37681060000000,San Diego,Escondido Union High,TA,2328,2073,89,1147,55.3,350,16.9,987,47.6,134,5.8,51,2.2
acgr25.txt,2024_25,2024-25,37,68122,0000000,3768122,37681220000000,37681220000000,San Diego,Fallbrook Union High,TA,500,441,88.2,238,54,103,23.4,150,34,46,9.2,9,1.8
acgr25.txt,2024_25,2024-25,37,68130,0000000,3768130,37681300000000,37681300000000,San Diego,Grossmont Union High,TA,5248,4551,86.7,2667,58.6,507,11.1,1288,28.3,569,10.8,14,0.3
acgr25.txt,2024_25,2024-25,37,68155,0000000,3768155,37681550000000,37681550000000,San Diego,Jamul-Dulzura Union Elementary,TA,12,9,75,2,22.2,0,0,0,0,2,16.7,0,0
acgr25.txt,2024_25,2024-25,37,68163,0000000,3768163,37681630000000,37681630000000,San Diego,Julian Union Elementary,TA,160,112,70,15,13.4,0,0,9,8,46,28.8,0,0
acgr25.txt,2024_25,2024-25,37,68171,0000000,3768171,37681710000000,37681710000000,San Diego,Julian Union High,TA,22,20,90.9,9,45,0,0,8,40,0,0,0,0
acgr25.txt,2024_25,2024-25,37,68189,0000000,3768189,37681890000000,37681890000000,San Diego,Lakeside Union Elementary,TA,39,34,87.2,0,0,7,20.6,15,44.1,5,12.8,0,0
acgr25.txt,2024_25,2024-25,37,68213,0000000,3768213,37682130000000,37682130000000,San Diego,Mountain Empire Unified,TA,515,405,78.6,107,26.4,2,0.5,80,19.8,40,7.8,61,11.8
acgr25.txt,2024_25,2024-25,37,68296,0000000,3768296,37682960000000,37682960000000,San Diego,Poway Unified,TA,2804,2680,95.6,2056,76.7,427,15.9,1776,66.3,18,0.6,72,2.6
acgr25.txt,2024_25,2024-25,37,68304,0000000,3768304,37683040000000,37683040000000,San Diego,Ramona City Unified,TA,394,359,91.1,149,41.5,30,8.4,79,22,18,4.6,0,0
acgr25.txt,2024_25,2024-25,37,68338,0000000,3768338,37683380000000,37683380000000,San Diego,San Diego Unified,TA,8512,7561,88.8,5327,70.5,905,12,3686,48.8,256,3,388,4.6
acgr25.txt,2024_25,2024-25,37,68346,0000000,3768346,37683460000000,37683460000000,San Diego,San Dieguito Union High,TA,2140,2090,97.7,1652,79,682,32.6,1368,65.5,18,0.8,10,0.5
acgr25.txt,2024_25,2024-25,37,68403,0000000,3768403,37684030000000,37684030000000,San Diego,Spencer Valley Elementary,TA,451,332,73.6,50,15.1,3,0.9,13,3.9,86,19.1,32,7.1
acgr25.txt,2024_25,2024-25,37,68411,0000000,3768411,37684110000000,37684110000000,San Diego,Sweetwater Union High,TA,6677,6070,90.9,3166,52.2,746,12.3,1903,31.4,330,4.9,133,2
acgr25.txt,2024_25,2024-25,37,68452,0000000,3768452,37684520000000,37684520000000,San Diego,Vista Unified,TA,2300,1731,75.3,759,43.8,257,14.8,479,27.7,437,19,78,3.4
acgr25.txt,2024_25,2024-25,37,73551,0000000,3773551,37735510000000,37735510000000,San Diego,Carlsbad Unified,TA,928,906,97.6,649,71.6,223,24.6,410,45.3,18,1.9,0,0
acgr25.txt,2024_25,2024-25,37,73569,0000000,3773569,37735690000000,37735690000000,San Diego,Oceanside Unified,TA,1605,1407,87.7,599,42.6,98,7,304,21.6,112,7,44,2.7
acgr25.txt,2024_25,2024-25,37,73791,0000000,3773791,37737910000000,37737910000000,San Diego,San Marcos Unified,TA,1661,1547,93.1,1009,65.2,150,9.7,853,55.1,70,4.2,25,1.5
acgr25.txt,2024_25,2024-25,37,75416,0000000,3775416,37754160000000,37754160000000,San Diego,Warner Unified,TA,679,316,46.5,73,23.1,3,0.9,51,16.1,128,18.9,215,31.7
acgr25.txt,2024_25,2024-25,37,75614,0000000,3775614,37756140000000,37756140000000,San Diego,Valley Center-Pauma Unified,TA,322,296,91.9,87,29.4,17,5.7,62,20.9,20,6.2,0,0
acgr25.txt,2024_25,2024-25,37,76471,0000000,3776471,37764710000000,37764710000000,San Diego,SBC - High Tech High,TA,344,339,98.5,335,98.8,75,22.1,226,66.7,3,0.9,0,0
acgr25.txt,2024_25,2024-25,37,76851,0000000,3776851,37768510000000,37768510000000,San Diego,Bonsall Unified,TA,92,82,89.1,52,63.4,17,20.7,36,43.9,3,3.3,0,0
acgr25.txt,2024_25,2024-25,37,77099,0000000,3777099,37770990000000,37770990000000,San Diego,SBE - Altus Schools East County,TA,104,67,64.4,16,23.9,0,0,7,10.4,3,2.9,16,15.4
acgr25.txt,2024_25,2024-25,37,77107,0000000,3777107,37771070000000,37771070000000,San Diego,SBE - Altus Schools South Bay,TA,133,91,68.4,24,26.4,2,2.2,15,16.5,7,5.3,23,17.3
acgr25.txt,2024_25,2024-25,38,10389,0000000,3810389,38103890000000,38103890000000,San Francisco,San Francisco County Office of Education,TA,118,65,55.1,9,13.8,1,1.5,5,7.7,52,44.1,1,0.8
acgr25.txt,2024_25,2024-25,38,68478,0000000,3868478,38684780000000,38684780000000,San Francisco,San Francisco Unified,TA,6832,3827,56,2588,67.6,677,17.7,1602,41.9,2713,39.7,206,3
acgr25.txt,2024_25,2024-25,39,10397,0000000,3910397,39103970000000,39103970000000,San Joaquin,San Joaquin County Office of Education,TA,1261,657,52.1,82,12.5,22,3.3,55,8.4,261,20.7,343,27.2
acgr25.txt,2024_25,2024-25,39,68502,0000000,3968502,39685020000000,39685020000000,San Joaquin,Escalon Unified,TA,224,218,97.3,63,28.9,25,11.5,0,0,2,0.9,3,1.3
acgr25.txt,2024_25,2024-25,39,68569,0000000,3968569,39685690000000,39685690000000,San Joaquin,Lincoln Unified,TA,741,718,96.9,293,40.8,112,15.6,157,21.9,13,1.8,5,0.7
acgr25.txt,2024_25,2024-25,39,68577,0000000,3968577,39685770000000,39685770000000,San Joaquin,Linden Unified,TA,221,219,99.1,89,40.6,36,16.4,36,16.4,1,0.5,0,0
acgr25.txt,2024_25,2024-25,39,68585,0000000,3968585,39685850000000,39685850000000,San Joaquin,Lodi Unified,TA,2285,2085,91.2,754,36.2,189,9.1,606,29.1,99,4.3,42,1.8
acgr25.txt,2024_25,2024-25,39,68593,0000000,3968593,39685930000000,39685930000000,San Joaquin,Manteca Unified,TA,2018,1870,92.7,604,32.3,184,9.8,359,19.2,79,3.9,34,1.7
acgr25.txt,2024_25,2024-25,39,68627,0000000,3968627,39686270000000,39686270000000,San Joaquin,New Jerusalem Elementary,TA,833,630,75.6,161,25.6,4,0.6,75,11.9,154,18.5,48,5.8
acgr25.txt,2024_25,2024-25,39,68650,0000000,3968650,39686500000000,39686500000000,San Joaquin,Ripon Unified,TA,567,492,86.8,208,42.3,50,10.2,108,22,69,12.2,1,0.2
acgr25.txt,2024_25,2024-25,39,68676,0000000,3968676,39686760000000,39686760000000,San Joaquin,Stockton Unified,TA,2757,2479,89.9,955,38.5,548,22.1,409,16.5,133,4.8,85,3.1
acgr25.txt,2024_25,2024-25,39,75499,0000000,3975499,39754990000000,39754990000000,San Joaquin,Tracy Joint Unified,TA,1664,1527,91.8,553,36.2,137,9,210,13.8,90,5.4,26,1.6
acgr25.txt,2024_25,2024-25,39,76760,0000000,3976760,39767600000000,39767600000000,San Joaquin,Lammersville Joint Unified,TA,583,577,99,402,69.7,69,12,428,74.2,0,0,0,0
acgr25.txt,2024_25,2024-25,40,10405,0000000,4010405,40104050000000,40104050000000,San Luis Obispo,San Luis Obispo County Office of Education,TA,226,193,85.4,0,0,0,0,0,0,17,7.5,14,6.2
acgr25.txt,2024_25,2024-25,40,68700,0000000,4068700,40687000000000,40687000000000,San Luis Obispo,Atascadero Unified,TA,385,351,91.2,125,35.6,3,0.9,56,16,29,7.5,0,0
acgr25.txt,2024_25,2024-25,40,68759,0000000,4068759,40687590000000,40687590000000,San Luis Obispo,Lucia Mar Unified,TA,873,827,94.7,421,50.9,68,8.2,313,37.8,16,1.8,14,1.6
acgr25.txt,2024_25,2024-25,40,68809,0000000,4068809,40688090000000,40688090000000,San Luis Obispo,San Luis Coastal Unified,TA,600,583,97.2,385,66,101,17.3,277,47.5,7,1.2,1,0.2
acgr25.txt,2024_25,2024-25,40,68833,0000000,4068833,40688330000000,40688330000000,San Luis Obispo,Shandon Joint Unified,TA,22,19,86.4,1,5.3,0,0,0,0,2,9.1,1,4.5
acgr25.txt,2024_25,2024-25,40,68841,0000000,4068841,40688410000000,40688410000000,San Luis Obispo,Templeton Unified,TA,243,239,98.4,112,46.9,0,0,0,0,2,0.8,0,0
acgr25.txt,2024_25,2024-25,40,75457,0000000,4075457,40754570000000,40754570000000,San Luis Obispo,Paso Robles Joint Unified,TA,586,517,88.2,103,19.9,48,9.3,123,23.8,49,8.4,9,1.5
acgr25.txt,2024_25,2024-25,40,75465,0000000,4075465,40754650000000,40754650000000,San Luis Obispo,Coast Unified,TA,52,51,98.1,10,19.6,5,9.8,6,11.8,1,1.9,0,0
acgr25.txt,2024_25,2024-25,41,10413,0000000,4110413,41104130000000,41104130000000,San Mateo,San Mateo County Office of Education,TA,54,29,53.7,17,58.6,0,0,1,3.4,14,25.9,11,20.4
acgr25.txt,2024_25,2024-25,41,68890,0000000,4168890,41688900000000,41688900000000,San Mateo,Cabrillo Unified,TA,258,238,92.2,77,32.4,29,12.2,85,35.7,14,5.4,3,1.2
acgr25.txt,2024_25,2024-25,41,68916,0000000,4168916,41689160000000,41689160000000,San Mateo,Jefferson Elementary,TA,120,86,71.7,25,29.1,0,0,4,4.7,24,20,6,5
acgr25.txt,2024_25,2024-25,41,68924,0000000,4168924,41689240000000,41689240000000,San Mateo,Jefferson Union High,TA,1095,1016,92.8,631,62.1,88,8.7,390,38.4,32,2.9,13,1.2
acgr25.txt,2024_25,2024-25,41,68940,0000000,4168940,41689400000000,41689400000000,San Mateo,La Honda-Pescadero Unified,TA,20,17,85,6,35.3,3,17.6,4,23.5,1,5,1,5
acgr25.txt,2024_25,2024-25,41,69047,0000000,4169047,41690470000000,41690470000000,San Mateo,San Mateo Union High,TA,2383,2227,93.5,1570,70.5,535,24,1159,52,109,4.6,0,0
acgr25.txt,2024_25,2024-25,41,69062,0000000,4169062,41690620000000,41690620000000,San Mateo,Sequoia Union High,TA,2488,2237,89.9,1538,68.8,705,31.5,859,38.4,208,8.4,1,0
acgr25.txt,2024_25,2024-25,41,69070,0000000,4169070,41690700000000,41690700000000,San Mateo,South San Francisco Unified,TA,646,587,90.9,296,50.4,67,11.4,239,40.7,34,5.3,6,0.9
acgr25.txt,2024_25,2024-25,42,10421,0000000,4210421,42104210000000,42104210000000,Santa Barbara,Santa Barbara County Office of Education,TA,16,7,43.8,1,14.3,0,0,0,0,7,43.8,2,12.5
acgr25.txt,2024_25,2024-25,42,69112,0000000,4269112,42691120000000,42691120000000,Santa Barbara,Blochman Union Elementary,TA,118,107,90.7,20,18.7,0,0,32,29.9,9,7.6,1,0.8
acgr25.txt,2024_25,2024-25,42,69146,0000000,4269146,42691460000000,42691460000000,Santa Barbara,Carpinteria Unified,TA,152,141,92.8,83,58.9,35,24.8,85,60.3,3,2,0,0
acgr25.txt,2024_25,2024-25,42,69229,0000000,4269229,42692290000000,42692290000000,Santa Barbara,Lompoc Unified,TA,728,672,92.3,211,31.4,26,3.9,157,23.4,22,3,14,1.9
acgr25.txt,2024_25,2024-25,42,69260,0000000,4269260,42692600000000,42692600000000,Santa Barbara,Orcutt Union Elementary,TA,146,146,100,78,53.4,10,6.8,0,0,0,0,0,0
acgr25.txt,2024_25,2024-25,42,69310,0000000,4269310,42693100000000,42693100000000,Santa Barbara,Santa Maria Joint Union High,TA,2245,2062,91.8,785,38.1,338,16.4,422,20.5,127,5.7,45,2
acgr25.txt,2024_25,2024-25,42,69328,0000000,4269328,42693280000000,42693280000000,Santa Barbara,Santa Ynez Valley Union High,TA,224,215,96,99,46,29,13.5,85,39.5,6,2.7,0,0
acgr25.txt,2024_25,2024-25,42,75010,0000000,4275010,42750100000000,42750100000000,Santa Barbara,Cuyama Joint Unified,TA,36,28,77.8,3,10.7,1,3.6,6,21.4,6,16.7,0,0
acgr25.txt,2024_25,2024-25,42,76786,0000000,4276786,42767860000000,42767860000000,Santa Barbara,Santa Barbara Unified,TA,1587,1501,94.6,962,64.1,265,17.7,945,63,78,4.9,0,0
acgr25.txt,2024_25,2024-25,42,77198,0000000,4277198,42771980000000,42771980000000,Santa Barbara,SBE - Olive Grove Charter - Orcutt/Santa Maria,TA,30,15,50,4,26.7,0,0,5,33.3,15,50,0,0
acgr25.txt,2024_25,2024-25,42,77206,0000000,4277206,42772060000000,42772060000000,Santa Barbara,SBE - Olive Grove Charter - Lompoc,TA,27,18,66.7,0,0,0,0,3,16.7,6,22.2,3,11.1
acgr25.txt,2024_25,2024-25,42,77214,0000000,4277214,42772140000000,42772140000000,Santa Barbara,SBE - Olive Grove Charter - Buellton,TA,NA,NA,NA,NA,NA,NA,NA,NA,NA,NA,NA,NA,NA
acgr25.txt,2024_25,2024-25,42,77222,0000000,4277222,42772220000000,42772220000000,Santa Barbara,SBE - Olive Grove Charter - Santa Barbara,TA,14,9,64.3,2,22.2,0,0,2,22.2,4,28.6,1,7.1
acgr25.txt,2024_25,2024-25,43,10439,0000000,4310439,43104390000000,43104390000000,Santa Clara,Santa Clara County Office of Education,TA,478,308,64.4,214,69.5,32,10.4,128,41.6,60,12.6,72,15.1
acgr25.txt,2024_25,2024-25,43,69401,0000000,4369401,43694010000000,43694010000000,Santa Clara,Campbell Union High,TA,2176,2055,94.4,1386,67.4,474,23.1,995,48.4,51,2.3,16,0.7
acgr25.txt,2024_25,2024-25,43,69427,0000000,4369427,43694270000000,43694270000000,Santa Clara,East Side Union High,TA,6628,5173,78,2879,55.7,697,13.5,1857,35.9,990,14.9,378,5.7
acgr25.txt,2024_25,2024-25,43,69468,0000000,4369468,43694680000000,43694680000000,Santa Clara,Fremont Union High,TA,2475,2369,95.7,1935,81.7,1016,42.9,1687,71.2,78,3.2,0,0
acgr25.txt,2024_25,2024-25,43,69484,0000000,4369484,43694840000000,43694840000000,Santa Clara,Gilroy Unified,TA,928,848,91.4,432,50.9,127,15,286,33.7,39,4.2,0,0
acgr25.txt,2024_25,2024-25,43,69534,0000000,4369534,43695340000000,43695340000000,Santa Clara,Los Gatos-Saratoga Union High,TA,826,798,96.6,684,85.7,326,40.9,575,72.1,19,2.3,0,0
acgr25.txt,2024_25,2024-25,43,69583,0000000,4369583,43695830000000,43695830000000,Santa Clara,Morgan Hill Unified,TA,706,674,95.5,375,55.6,80,11.9,239,35.5,13,1.8,7,1
acgr25.txt,2024_25,2024-25,43,69609,0000000,4369609,43696090000000,43696090000000,Santa Clara,Mountain View-Los Altos Union High,TA,1184,1121,94.7,901,80.4,559,49.9,720,64.2,36,3,8,0.7
acgr25.txt,2024_25,2024-25,43,69641,0000000,4369641,43696410000000,43696410000000,Santa Clara,Palo Alto Unified,TA,899,878,97.7,815,92.8,351,40,626,71.3,12,1.3,5,0.6
acgr25.txt,2024_25,2024-25,43,69666,0000000,4369666,43696660000000,43696660000000,Santa Clara,San Jose Unified,TA,2324,2150,92.5,1084,50.4,252,11.7,702,32.7,166,7.1,0,0
acgr25.txt,2024_25,2024-25,43,69674,0000000,4369674,43696740000000,43696740000000,Santa Clara,Santa Clara Unified,TA,1160,1056,91,547,51.8,215,20.4,457,43.3,54,4.7,32,2.8
acgr25.txt,2024_25,2024-25,43,73387,0000000,4373387,43733870000000,43733870000000,Santa Clara,Milpitas Unified,TA,758,714,94.2,396,55.5,80,11.2,0,0,9,1.2,14,1.8
acgr25.txt,2024_25,2024-25,43,77149,0000000,4377149,43771490000000,43771490000000,Santa Clara,SBE - KIPP Navigate College Prep,TA,76,65,85.5,65,100,0,0,0,0,8,10.5,2,2.6
acgr25.txt,2024_25,2024-25,44,10447,0000000,4410447,44104470000000,44104470000000,Santa Cruz,Santa Cruz County Office of Education,TA,584,382,65.4,89,23.3,17,4.5,60,15.7,202,34.6,0,0
acgr25.txt,2024_25,2024-25,44,69799,0000000,4469799,44697990000000,44697990000000,Santa Cruz,Pajaro Valley Unified,TA,1358,1254,92.3,570,45.5,184,14.7,93,7.4,64,4.7,23,1.7
acgr25.txt,2024_25,2024-25,44,69807,0000000,4469807,44698070000000,44698070000000,Santa Cruz,San Lorenzo Valley Unified,TA,355,336,94.6,143,42.6,50,14.9,141,42,8,2.3,9,2.5
acgr25.txt,2024_25,2024-25,44,69823,0000000,4469823,44698230000000,44698230000000,Santa Cruz,Santa Cruz City High,TA,885,839,94.8,493,58.8,151,18,240,28.6,32,3.6,0,0
acgr25.txt,2024_25,2024-25,44,75432,0000000,4475432,44754320000000,44754320000000,Santa Cruz,Scotts Valley Unified,TA,255,225,88.2,145,64.4,19,8.4,73,32.4,22,8.6,0,0
acgr25.txt,2024_25,2024-25,45,10454,0000000,4510454,45104540000000,45104540000000,Shasta,Shasta County Office of Education,TA,97,83,85.6,0,0,0,0,0,0,9,9.3,4,4.1
acgr25.txt,2024_25,2024-25,45,69856,0000000,4569856,45698560000000,45698560000000,Shasta,Anderson Union High,TA,389,342,87.9,80,23.4,4,1.2,70,20.5,24,6.2,0,0
acgr25.txt,2024_25,2024-25,45,69948,0000000,4569948,45699480000000,45699480000000,Shasta,Columbia Elementary,TA,80,75,93.8,4,5.3,0,0,10,13.3,3,3.8,1,1.3
acgr25.txt,2024_25,2024-25,45,69971,0000000,4569971,45699710000000,45699710000000,Shasta,Enterprise Elementary,TA,38,33,86.8,7,21.2,0,0,2,6.1,4,10.5,0,0
acgr25.txt,2024_25,2024-25,45,69989,0000000,4569989,45699890000000,45699890000000,Shasta,Fall River Joint Unified,TA,107,92,86,16,17.4,0,0,0,0,8,7.5,5,4.7
acgr25.txt,2024_25,2024-25,45,70110,0000000,4570110,45701100000000,45701100000000,Shasta,Redding Elementary,TA,17,15,88.2,5,33.3,0,0,0,0,2,11.8,0,0
acgr25.txt,2024_25,2024-25,45,70136,0000000,4570136,45701360000000,45701360000000,Shasta,Shasta Union High,TA,1224,1147,93.7,468,40.8,76,6.6,358,31.2,44,3.6,2,0.2
acgr25.txt,2024_25,2024-25,45,75267,0000000,4575267,45752670000000,45752670000000,Shasta,Gateway Unified,TA,168,147,87.5,54,36.7,2,1.4,36,24.5,18,10.7,0,0
acgr25.txt,2024_25,2024-25,46,70177,0000000,4670177,46701770000000,46701770000000,Sierra,Sierra-Plumas Joint Unified,TA,31,31,100,13,41.9,2,6.5,11,35.5,0,0,0,0
acgr25.txt,2024_25,2024-25,47,10470,0000000,4710470,47104700000000,47104700000000,Siskiyou,Siskiyou County Office of Education,TA,75,62,82.7,16,25.8,0,0,6,9.7,7,9.3,3,4
acgr25.txt,2024_25,2024-25,47,70250,0000000,4770250,47702500000000,47702500000000,Siskiyou,Dunsmuir Joint Union High,TA,23,16,69.6,4,25,0,0,0,0,2,8.7,0,0
acgr25.txt,2024_25,2024-25,47,70466,0000000,4770466,47704660000000,47704660000000,Siskiyou,Siskiyou Union High,TA,125,109,87.2,39,35.8,0,0,0,0,13,10.4,0,0
acgr25.txt,2024_25,2024-25,47,70516,0000000,4770516,47705160000000,47705160000000,Siskiyou,Yreka Union High,TA,182,171,94,52,30.4,0,0,0,0,8,4.4,0,0
acgr25.txt,2024_25,2024-25,47,73684,0000000,4773684,47736840000000,47736840000000,Siskiyou,Butte Valley Unified,TA,19,19,100,1,5.3,0,0,0,0,0,0,0,0
acgr25.txt,2024_25,2024-25,47,76455,0000000,4776455,47764550000000,47764550000000,Siskiyou,Scott Valley Unified,TA,47,46,97.9,22,47.8,7,15.2,16,34.8,0,0,0,0
acgr25.txt,2024_25,2024-25,48,10488,0000000,4810488,48104880000000,48104880000000,Solano,Solano County Office of Education,TA,92,57,62,25,43.9,0,0,0,0,23,25,1,1.1
acgr25.txt,2024_25,2024-25,48,70524,0000000,4870524,48705240000000,48705240000000,Solano,Benicia Unified,TA,338,325,96.2,176,54.2,29,8.9,130,40,3,0.9,1,0.3
acgr25.txt,2024_25,2024-25,48,70532,0000000,4870532,48705320000000,48705320000000,Solano,Dixon Unified,TA,276,250,90.6,105,42,20,8,0,0,16,5.8,9,3.3
acgr25.txt,2024_25,2024-25,48,70540,0000000,4870540,48705400000000,48705400000000,Solano,Fairfield-Suisun Unified,TA,1582,1427,90.2,557,39,105,7.4,385,27,74,4.7,19,1.2
acgr25.txt,2024_25,2024-25,48,70565,0000000,4870565,48705650000000,48705650000000,Solano,Travis Unified,TA,473,466,98.5,209,44.8,63,13.5,147,31.5,1,0.2,1,0.2
acgr25.txt,2024_25,2024-25,48,70573,0000000,4870573,48705730000000,48705730000000,Solano,Vacaville Unified,TA,1161,1043,89.8,549,52.6,130,12.5,166,15.9,109,9.4,1,0.1
acgr25.txt,2024_25,2024-25,48,70581,0000000,4870581,48705810000000,48705810000000,Solano,Vallejo City Unified,TA,953,775,81.3,257,33.2,39,5,51,6.6,157,16.5,4,0.4
acgr25.txt,2024_25,2024-25,49,10496,0000000,4910496,49104960000000,49104960000000,Sonoma,Sonoma County Office of Education,TA,33,12,36.4,0,0,0,0,0,0,16,48.5,5,15.2
acgr25.txt,2024_25,2024-25,49,70607,0000000,4970607,49706070000000,49706070000000,Sonoma,West Sonoma County Union High,TA,364,343,94.2,181,52.8,43,12.5,115,33.5,14,3.8,0,0
acgr25.txt,2024_25,2024-25,49,70656,0000000,4970656,49706560000000,49706560000000,Sonoma,Cloverdale Unified,TA,104,101,97.1,32,31.7,25,24.8,0,0,3,2.9,0,0
acgr25.txt,2024_25,2024-25,49,70706,0000000,4970706,49707060000000,49707060000000,Sonoma,Geyserville Unified,TA,18,16,88.9,4,25,0,0,0,0,2,11.1,0,0
acgr25.txt,2024_25,2024-25,49,70722,0000000,4970722,49707220000000,49707220000000,Sonoma,Guerneville Elementary,TA,20,17,85,5,29.4,0,0,3,17.6,3,15,0,0
acgr25.txt,2024_25,2024-25,49,70730,0000000,4970730,49707300000000,49707300000000,Sonoma,Harmony Union Elementary,TA,48,35,72.9,5,14.3,0,0,6,17.1,8,16.7,4,8.3
acgr25.txt,2024_25,2024-25,49,70797,0000000,4970797,49707970000000,49707970000000,Sonoma,Liberty Elementary,TA,122,73,59.8,14,19.2,0,0,8,11,33,27,14,11.5
acgr25.txt,2024_25,2024-25,49,70839,0000000,4970839,49708390000000,49708390000000,Sonoma,Oak Grove Union Elementary,TA,125,59,47.2,16,27.1,1,1.7,5,8.5,64,51.2,0,0
acgr25.txt,2024_25,2024-25,49,70854,0000000,4970854,49708540000000,49708540000000,Sonoma,Petaluma City Elementary,TA,15,3,20,0,0,0,0,0,0,6,40,0,0
acgr25.txt,2024_25,2024-25,49,70862,0000000,4970862,49708620000000,49708620000000,Sonoma,Petaluma Joint Union High,TA,767,706,92,344,48.7,151,21.4,270,38.2,46,6,0,0
acgr25.txt,2024_25,2024-25,49,70870,0000000,4970870,49708700000000,49708700000000,Sonoma,Piner-Olivet Union Elementary,TA,26,25,96.2,13,52,0,0,0,0,1,3.8,0,0
acgr25.txt,2024_25,2024-25,49,70904,0000000,4970904,49709040000000,49709040000000,Sonoma,Roseland,TA,169,152,89.9,60,39.5,33,21.7,17,11.2,14,8.3,2,1.2
acgr25.txt,2024_25,2024-25,49,70920,0000000,4970920,49709200000000,49709200000000,Sonoma,Santa Rosa High,TA,1790,1606,89.7,619,38.5,455,28.3,454,28.3,126,7,29,1.6
acgr25.txt,2024_25,2024-25,49,70953,0000000,4970953,49709530000000,49709530000000,Sonoma,Sonoma Valley Unified,TA,300,270,90,136,50.4,66,24.4,91,33.7,13,4.3,2,0.7
acgr25.txt,2024_25,2024-25,49,70961,0000000,4970961,49709610000000,49709610000000,Sonoma,Twin Hills Union Elementary,TA,32,29,90.6,9,31,0,0,0,0,3,9.4,0,0
acgr25.txt,2024_25,2024-25,49,73882,0000000,4973882,49738820000000,49738820000000,Sonoma,Cotati-Rohnert Park Unified,TA,652,586,89.9,280,47.8,71,12.1,230,39.2,60,9.2,0,0
acgr25.txt,2024_25,2024-25,49,75358,0000000,4975358,49753580000000,49753580000000,Sonoma,Windsor Unified,TA,480,450,93.8,159,35.3,149,33.1,125,27.8,22,4.6,0,0
acgr25.txt,2024_25,2024-25,49,75390,0000000,4975390,49753900000000,49753900000000,Sonoma,Healdsburg Unified,TA,147,142,96.6,88,62,49,34.5,58,40.8,0,0,3,2
acgr25.txt,2024_25,2024-25,50,10504,0000000,5010504,50105040000000,50105040000000,Stanislaus,Stanislaus County Office of Education,TA,227,73,32.2,0,0,0,0,0,0,110,48.5,44,19.4
acgr25.txt,2024_25,2024-25,50,71043,0000000,5071043,50710430000000,50710430000000,Stanislaus,Ceres Unified,TA,1158,1075,92.8,500,46.5,133,12.4,273,25.4,61,5.3,0,0
acgr25.txt,2024_25,2024-25,50,71068,0000000,5071068,50710680000000,50710680000000,Stanislaus,Denair Unified,TA,120,114,95,24,21.1,12,10.5,18,15.8,5,4.2,0,0
acgr25.txt,2024_25,2024-25,50,71092,0000000,5071092,50710920000000,50710920000000,Stanislaus,Hart-Ransom Union Elementary,TA,33,32,97,6,18.8,0,0,0,0,1,3,0,0
acgr25.txt,2024_25,2024-25,50,71134,0000000,5071134,50711340000000,50711340000000,Stanislaus,Keyes Union,TA,26,24,92.3,0,0,0,0,0,0,2,7.7,0,0
acgr25.txt,2024_25,2024-25,50,71167,0000000,5071167,50711670000000,50711670000000,Stanislaus,Modesto City Elementary,TA,58,55,94.8,4,7.3,0,0,8,14.5,3,5.2,0,0
acgr25.txt,2024_25,2024-25,50,71175,0000000,5071175,50711750000000,50711750000000,Stanislaus,Modesto City High,TA,3940,3662,92.9,1508,41.2,320,8.7,1096,29.9,65,1.6,37,0.9
acgr25.txt,2024_25,2024-25,50,71217,0000000,5071217,50712170000000,50712170000000,Stanislaus,Patterson Joint Unified,TA,492,468,95.1,179,38.2,44,9.4,116,24.8,9,1.8,3,0.6
acgr25.txt,2024_25,2024-25,50,73601,0000000,5073601,50736010000000,50736010000000,Stanislaus,Newman-Crows Landing Unified,TA,267,260,97.4,102,39.2,38,14.6,53,20.4,4,1.5,0,0
acgr25.txt,2024_25,2024-25,50,75549,0000000,5075549,50755490000000,50755490000000,Stanislaus,Hughson Unified,TA,210,206,98.1,91,44.2,21,10.2,75,36.4,4,1.9,0,0
acgr25.txt,2024_25,2024-25,50,75556,0000000,5075556,50755560000000,50755560000000,Stanislaus,Riverbank Unified,TA,181,174,96.1,65,37.4,12,6.9,28,16.1,7,3.9,0,0
acgr25.txt,2024_25,2024-25,50,75564,0000000,5075564,50755640000000,50755640000000,Stanislaus,Oakdale Joint Unified,TA,446,434,97.3,138,31.8,20,4.6,108,24.9,9,2,1,0.2
acgr25.txt,2024_25,2024-25,50,75572,0000000,5075572,50755720000000,50755720000000,Stanislaus,Waterford Unified,TA,212,197,92.9,17,8.6,27,13.7,40,20.3,7,3.3,2,0.9
acgr25.txt,2024_25,2024-25,50,75739,0000000,5075739,50757390000000,50757390000000,Stanislaus,Turlock Unified,TA,1277,1193,93.4,502,42.1,96,8,192,16.1,53,4.2,8,0.6
acgr25.txt,2024_25,2024-25,51,10512,0000000,5110512,51105120000000,51105120000000,Sutter,Sutter County Office of Education,TA,46,23,50,3,13,0,0,0,0,6,13,4,8.7
acgr25.txt,2024_25,2024-25,51,71373,0000000,5171373,51713730000000,51713730000000,Sutter,East Nicolaus Joint Union High,TA,73,69,94.5,27,39.1,0,0,0,0,4,5.5,0,0
acgr25.txt,2024_25,2024-25,51,71399,0000000,5171399,51713990000000,51713990000000,Sutter,Live Oak Unified,TA,174,164,94.3,64,39,4,2.4,41,25,4,2.3,0,0
acgr25.txt,2024_25,2024-25,51,71407,0000000,5171407,51714070000000,51714070000000,Sutter,Marcum-Illinois Union Elementary,TA,188,181,96.3,41,22.7,13,7.2,88,48.6,4,2.1,3,1.6
acgr25.txt,2024_25,2024-25,51,71415,0000000,5171415,51714150000000,51714150000000,Sutter,Meridian Elementary,TA,153,114,74.5,19,16.7,0,0,6,5.3,33,21.6,6,3.9
acgr25.txt,2024_25,2024-25,51,71423,0000000,5171423,51714230000000,51714230000000,Sutter,Nuestro Elementary,TA,47,47,100,26,55.3,0,0,22,46.8,0,0,0,0
acgr25.txt,2024_25,2024-25,51,71449,0000000,5171449,51714490000000,51714490000000,Sutter,Sutter Union High,TA,211,210,99.5,84,40,0,0,0,0,1,0.5,0,0
acgr25.txt,2024_25,2024-25,51,71456,0000000,5171456,51714560000000,51714560000000,Sutter,Winship-Robbins,TA,141,132,93.6,44,33.3,4,3,49,37.1,4,2.8,2,1.4
acgr25.txt,2024_25,2024-25,51,71464,0000000,5171464,51714640000000,51714640000000,Sutter,Yuba City Unified,TA,952,807,84.8,285,35.3,108,13.4,215,26.6,111,11.7,0,0
acgr25.txt,2024_25,2024-25,52,10520,0000000,5210520,52105200000000,52105200000000,Tehama,Tehama County Department of Education,TA,33,24,72.7,0,0,0,0,0,0,4,12.1,1,3
acgr25.txt,2024_25,2024-25,52,71506,0000000,5271506,52715060000000,52715060000000,Tehama,Corning Union High,TA,271,255,94.1,59,23.1,29,11.4,66,25.9,11,4.1,0,0
acgr25.txt,2024_25,2024-25,52,71522,0000000,5271522,52715220000000,52715220000000,Tehama,Evergreen Union,TA,11,11,100,1,9.1,0,0,2,18.2,0,0,0,0
acgr25.txt,2024_25,2024-25,52,71571,0000000,5271571,52715710000000,52715710000000,Tehama,Los Molinos Unified,TA,51,45,88.2,18,40,3,6.7,10,22.2,6,11.8,0,0
acgr25.txt,2024_25,2024-25,52,71639,0000000,5271639,52716390000000,52716390000000,Tehama,Red Bluff Joint Union High,TA,425,381,89.6,118,31,15,3.9,90,23.6,30,7.1,6,1.4
acgr25.txt,2024_25,2024-25,53,10538,0000000,5310538,53105380000000,53105380000000,Trinity,Trinity County Office of Education,TA,63,24,38.1,0,0,0,0,0,0,33,52.4,0,0
acgr25.txt,2024_25,2024-25,53,73833,0000000,5373833,53738330000000,53738330000000,Trinity,Southern Trinity Joint Unified,TA,NA,NA,NA,NA,NA,NA,NA,NA,NA,NA,NA,NA,NA
acgr25.txt,2024_25,2024-25,53,75028,0000000,5375028,53750280000000,53750280000000,Trinity,Mountain Valley Unified,TA,25,23,92,11,47.8,3,13,4,17.4,2,8,0,0
acgr25.txt,2024_25,2024-25,53,76513,0000000,5376513,53765130000000,53765130000000,Trinity,Trinity Alps Unified,TA,82,76,92.7,18,23.7,0,0,0,0,1,1.2,0,0
acgr25.txt,2024_25,2024-25,54,10546,0000000,5410546,54105460000000,54105460000000,Tulare,Tulare County Office of Education,TA,227,123,54.2,59,48,11,8.9,55,44.7,14,6.2,19,8.4
acgr25.txt,2024_25,2024-25,54,71803,0000000,5471803,54718030000000,54718030000000,Tulare,Alpaugh Unified,TA,142,113,79.6,32,28.3,2,1.8,0,0,27,19,1,0.7
acgr25.txt,2024_25,2024-25,54,71811,0000000,5471811,54718110000000,54718110000000,Tulare,Alta Vista Elementary,TA,53,48,90.6,16,33.3,1,2.1,25,52.1,2,3.8,0,0
acgr25.txt,2024_25,2024-25,54,71837,0000000,5471837,54718370000000,54718370000000,Tulare,Burton Elementary,TA,147,147,100,99,67.3,12,8.2,50,34,0,0,0,0
acgr25.txt,2024_25,2024-25,54,71860,0000000,5471860,54718600000000,54718600000000,Tulare,Cutler-Orosi Joint Unified,TA,232,219,94.4,84,38.4,5,2.3,52,23.7,11,4.7,0,0
acgr25.txt,2024_25,2024-25,54,71993,0000000,5471993,54719930000000,54719930000000,Tulare,Lindsay Unified,TA,359,338,94.2,150,44.4,46,13.6,60,17.8,4,1.1,3,0.8
acgr25.txt,2024_25,2024-25,54,72140,0000000,5472140,54721400000000,54721400000000,Tulare,Stone Corral Elementary,TA,274,74,27,2,2.7,0,0,0,0,44,16.1,150,54.7
acgr25.txt,2024_25,2024-25,54,72249,0000000,5472249,54722490000000,54722490000000,Tulare,Tulare Joint Union High,TA,1374,1337,97.3,667,49.9,163,12.2,256,19.1,25,1.8,0,0
acgr25.txt,2024_25,2024-25,54,72256,0000000,5472256,54722560000000,54722560000000,Tulare,Visalia Unified,TA,2238,2138,95.5,963,45,272,12.7,527,24.6,45,2,12,0.5
acgr25.txt,2024_25,2024-25,54,75325,0000000,5475325,54753250000000,54753250000000,Tulare,Farmersville Unified,TA,215,212,98.6,85,40.1,0,0,0,0,2,0.9,0,0
acgr25.txt,2024_25,2024-25,54,75523,0000000,5475523,54755230000000,54755230000000,Tulare,Porterville Unified,TA,1794,1643,91.6,671,40.8,247,15,412,25.1,140,7.8,0,0
acgr25.txt,2024_25,2024-25,54,75531,0000000,5475531,54755310000000,54755310000000,Tulare,Dinuba Unified,TA,520,502,96.5,153,30.5,28,5.6,0,0,6,1.2,3,0.6
acgr25.txt,2024_25,2024-25,54,76794,0000000,5476794,54767940000000,54767940000000,Tulare,Woodlake Unified,TA,168,161,95.8,73,45.3,44,27.3,19,11.8,6,3.6,1,0.6
acgr25.txt,2024_25,2024-25,54,76836,0000000,5476836,54768360000000,54768360000000,Tulare,Exeter Unified,TA,227,223,98.2,75,33.6,31,13.9,62,27.8,4,1.8,0,0
acgr25.txt,2024_25,2024-25,55,10553,0000000,5510553,55105530000000,55105530000000,Tuolumne,Tuolumne County Superintendent of Schools,TA,NA,NA,NA,NA,NA,NA,NA,NA,NA,NA,NA,NA,NA
acgr25.txt,2024_25,2024-25,55,72389,0000000,5572389,55723890000000,55723890000000,Tuolumne,Sonora Union High,TA,282,261,92.6,50,19.2,8,3.1,65,24.9,9,3.2,0,0
acgr25.txt,2024_25,2024-25,55,72413,0000000,5572413,55724130000000,55724130000000,Tuolumne,Summerville Union High,TA,199,185,93,49,26.5,18,9.7,42,22.7,4,2,0,0
acgr25.txt,2024_25,2024-25,55,75184,0000000,5575184,55751840000000,55751840000000,Tuolumne,Big Oak Flat-Groveland Unified,TA,23,20,87,0,0,0,0,0,0,3,13,0,0
acgr25.txt,2024_25,2024-25,56,10561,0000000,5610561,56105610000000,56105610000000,Ventura,Ventura County Office of Education,TA,552,146,26.4,24,16.4,0,0,18,12.3,125,22.6,228,41.3
acgr25.txt,2024_25,2024-25,56,72454,0000000,5672454,56724540000000,56724540000000,Ventura,Fillmore Unified,TA,280,273,97.5,128,46.9,54,19.8,58,21.2,4,1.4,0,0
acgr25.txt,2024_25,2024-25,56,72470,0000000,5672470,56724700000000,56724700000000,Ventura,Mesa Union Elementary,TA,31,29,93.5,4,13.8,0,0,15,51.7,0,0,0,0
acgr25.txt,2024_25,2024-25,56,72520,0000000,5672520,56725200000000,56725200000000,Ventura,Ojai Unified,TA,206,179,86.9,107,59.8,18,10.1,0,0,14,6.8,5,2.4
acgr25.txt,2024_25,2024-25,56,72546,0000000,5672546,56725460000000,56725460000000,Ventura,Oxnard Union High,TA,4023,3719,92.4,1408,37.9,501,13.5,1157,31.1,184,4.6,69,1.7
acgr25.txt,2024_25,2024-25,56,72553,0000000,5672553,56725530000000,56725530000000,Ventura,Pleasant Valley,TA,36,36,100,7,19.4,0,0,1,2.8,0,0,0,0
acgr25.txt,2024_25,2024-25,56,72603,0000000,5672603,56726030000000,56726030000000,Ventura,Simi Valley Unified,TA,1315,1248,94.9,640,51.3,155,12.4,501,40.1,30,2.3,10,0.8
acgr25.txt,2024_25,2024-25,56,72652,0000000,5672652,56726520000000,56726520000000,Ventura,Ventura Unified,TA,1249,1194,95.6,505,42.3,275,23,389,32.6,48,3.8,0,0
acgr25.txt,2024_25,2024-25,56,73759,0000000,5673759,56737590000000,56737590000000,Ventura,Conejo Valley Unified,TA,1593,1509,94.7,940,62.3,145,9.6,674,44.7,21,1.3,20,1.3
acgr25.txt,2024_25,2024-25,56,73874,0000000,5673874,56738740000000,56738740000000,Ventura,Oak Park Unified,TA,396,383,96.7,310,80.9,71,18.5,313,81.7,3,0.8,5,1.3
acgr25.txt,2024_25,2024-25,56,73940,0000000,5673940,56739400000000,56739400000000,Ventura,Moorpark Unified,TA,503,474,94.2,238,50.2,31,6.5,214,45.1,14,2.8,1,0.2
acgr25.txt,2024_25,2024-25,56,76828,0000000,5676828,56768280000000,56768280000000,Ventura,Santa Paula Unified,TA,418,405,96.9,173,42.7,33,8.1,125,30.9,6,1.4,3,0.7
acgr25.txt,2024_25,2024-25,57,10579,0000000,5710579,57105790000000,57105790000000,Yolo,Yolo County Office of Education,TA,31,8,25.8,0,0,0,0,0,0,22,71,1,3.2
acgr25.txt,2024_25,2024-25,57,72678,0000000,5772678,57726780000000,57726780000000,Yolo,Davis Joint Unified,TA,708,651,91.9,522,80.2,154,23.7,328,50.4,25,3.5,17,2.4
acgr25.txt,2024_25,2024-25,57,72686,0000000,5772686,57726860000000,57726860000000,Yolo,Esparto Unified,TA,74,71,95.9,14,19.7,5,7,9,12.7,2,2.7,1,1.4
acgr25.txt,2024_25,2024-25,57,72694,0000000,5772694,57726940000000,57726940000000,Yolo,Washington Unified,TA,629,591,94,273,46.2,65,11,0,0,24,3.8,4,0.6
acgr25.txt,2024_25,2024-25,57,72702,0000000,5772702,57727020000000,57727020000000,Yolo,Winters Joint Unified,TA,139,119,85.6,41,34.5,11,9.2,21,17.6,18,12.9,0,0
acgr25.txt,2024_25,2024-25,57,72710,0000000,5772710,57727100000000,57727100000000,Yolo,Woodland Joint Unified,TA,719,657,91.4,261,39.7,149,22.7,174,26.5,29,4,18,2.5
acgr25.txt,2024_25,2024-25,58,10587,0000000,5810587,58105870000000,58105870000000,Yuba,Yuba County Office of Education,TA,96,34,35.4,0,0,0,0,2,5.9,62,64.6,0,0
acgr25.txt,2024_25,2024-25,58,72728,0000000,5872728,58727280000000,58727280000000,Yuba,Camptonville Elementary,TA,42,7,16.7,0,0,0,0,0,0,35,83.3,0,0
acgr25.txt,2024_25,2024-25,58,72736,0000000,5872736,58727360000000,58727360000000,Yuba,Marysville Joint Unified,TA,802,713,88.9,158,22.2,45,6.3,129,18.1,71,8.9,15,1.9
acgr25.txt,2024_25,2024-25,58,72769,0000000,5872769,58727690000000,58727690000000,Yuba,Wheatland Union High,TA,268,261,97.4,96,36.8,0,0,0,0,7,2.6,0,0
