OBJECTID,Academic Year,Fed ID,District Code,CDS Code,County Name,District Name,District Type,Grade Low,Grade High,Assistance Status,Street,City,Zip,Region,US Congress District,CA Senate District,CA Assembly District,Locale,Latitude,Longitude,Enroll Total,Enroll Charter,Enroll Non Charter,African American,African American (%),American Indian,American Indian (%),Asian,Asian (%),Filipino,Filipino (%),Hispanic,Hispanic (%),Pacific Islander,Pacific Islander (%),White,White (%),Two or More Races,Two or More Races (%),Not Reported,Not Reported (%),English Learners,English Learners (%),Foster,Foster (%),Homeless,Homeless (%),Migrant,Migrant (%),Socioeconomically Disadvantaged,Socioeconomically Disadvantaged (%),Students with Disabilities,Students with Disabilities (%),x,y
1,2023-24,0691051,0110017,01100170000000,Alameda,Alameda County Office of Education,County Office of Education (COE),KG,12,Differentiated Assistance,313 West Winton Ave.,Hayward,94544,04,14,10,20,"21 - Suburban, Large",37.65848196,-122.09834715,3914,3812,102,510,13,19,0.5,724,18.5,71,1.8,1809,46.2,40,1,331,8.5,343,8.8,67,1.7,1069,27.3,26,0.7,33,0.8,1,0,2387,61,440,11.2,-13591925.831892,4531292.47310432
2,2023-24,0600002,0131609,01316090000000,Alameda,California School for the Blind (State Special Schl),State Special Schools,KG,12,,500 Walnut Ave.,Fremont,94536,04,14,10,24,"12 - City, Midsize ",37.56180196,-121.96550312,49,0,49,5,10.2,0,0,6,12.2,4,8.2,27,55.1,1,2,3,6.1,2,4.1,1,2,9,18.4,1,2,0,0,0,0,21,42.9,40,81.6,-13577137.7020326,4517706.73645172
3,2023-24,0600003,0131617,01316170000000,Alameda,California School for the Deaf-Fremont (State Special Schl),State Special Schools,KG,12,,39350 Gallaudet Dr.,Fremont,94538,04,14,10,24,"12 - City, Midsize ",37.55976896,-121.96336612,300,0,300,18,6,0,0,26,8.7,7,2.3,166,55.3,2,0.7,64,21.3,16,5.3,1,0.3,3,1,2,0.7,1,0.3,0,0,300,100,298,99.3,-13576899.8121957,4517421.24330645
4,2023-24,0601770,0161119,01611190000000,Alameda,Alameda Unified,Unified,KG,12,General Assistance,2060 Challenger Dr.,Alameda,94501,04,12,07,18,"21 - Suburban, Large",37.78215496,-122.27010419,10557,1496,9061,748,7.1,25,0.2,2610,24.7,484,4.6,1878,17.8,52,0.5,2844,26.9,1596,15.1,320,3,906,8.6,27,0.3,91,0.9,0,0,4035,38.2,1286,12.2,-13611045.7381501,4548697.15807416
5,2023-24,0601860,0161127,01611270000000,Alameda,Albany City Unified,Unified,KG,12,General Assistance,1216 Solano Ave.,Albany,94706,04,12,07,14,"21 - Suburban, Large",37.890276,-122.295755,3574,0,3574,152,4.3,10,0.3,1130,31.6,51,1.4,616,17.2,4,0.1,923,25.8,483,13.5,205,5.7,456,12.8,1,0,24,0.7,0,0,1122,31.4,320,9,-13613901.172841,4563937.06645628
6,2023-24,0604740,0161143,01611430000000,Alameda,Berkeley Unified,Unified,KG,12,General Assistance,2020 Bonar St.,Berkeley,94702,04,12,07,14,"12 - City, Midsize ",37.86944396,-122.28779121,9077,0,9077,1052,11.6,21,0.2,736,8.1,73,0.8,2045,22.5,16,0.2,3733,41.1,1392,15.3,9,0.1,594,6.5,32,0.4,150,1.7,0,0,2508,27.6,1092,12,-13613014.6474473,4560999.00463641
7,2023-24,0607800,0161150,01611500000000,Alameda,Castro Valley Unified,Unified,KG,12,General Assistance,4400 Alma Ave.,Castro Valley,94546,04,14,09,20,"21 - Suburban, Large",37.70800696,-122.07180916,9489,0,9489,406,4.3,7,0.1,3119,32.9,423,4.5,2331,24.6,40,0.4,1862,19.6,974,10.3,327,3.4,1266,13.3,5,0.1,135,1.4,0,0,3686,38.8,1048,11,-13588971.6354272,4538258.71339164
8,2023-24,0612630,0161168,01611680000000,Alameda,Emery Unified,Unified,KG,12,General Assistance,4727 San Pablo Ave.,Emeryville,94608,04,12,07,18,"21 - Suburban, Large",37.83658996,-122.2819692,600,0,600,265,44.2,0,0,56,9.3,5,0.8,126,21,4,0.7,76,12.7,56,9.3,12,2,98,16.3,1,0.2,13,2.2,0,0,327,54.5,75,12.5,-13612366.544714,4556367.10422245
9,2023-24,0614400,0161176,01611760000000,Alameda,Fremont Unified,Unified,KG,12,Differentiated Assistance,4210 Technology Dr.,Fremont,94538,04,17,10,24,"12 - City, Midsize ",37.50765796,-121.95448111,33063,402,32661,588,1.8,120,0.4,21565,65.2,1373,4.2,5327,16.1,163,0.5,2426,7.3,1150,3.5,351,1.1,5508,16.7,21,0.1,226,0.7,46,0.1,8297,25.1,3323,10.1,-13575910.7376478,4510105.97538725
10,2023-24,0616740,0161192,01611920000000,Alameda,Hayward Unified,Unified,KG,12,Differentiated Assistance,24411 Amador St.,Hayward,94544,04,14,10,20,"21 - Suburban, Large",37.65670396,-122.09371115,20193,2562,17631,1388,6.9,46,0.2,1700,8.4,1303,6.5,13289,65.8,632,3.1,802,4,848,4.2,185,0.9,5864,29,44,0.2,564,2.8,302,1.5,15843,78.5,2698,13.4,-13591409.75463,4531042.46415296
11,2023-24,0622110,0161200,01612000000000,Alameda,Livermore Valley Joint Unified,Unified,KG,12,Differentiated Assistance,685 East Jack London Blvd.,Livermore,94551,04,14,05,16,"13 - City, Small",37.68848998,-121.79180611,13050,0,13050,190,1.5,30,0.2,1892,14.5,353,2.7,4182,32,28,0.2,5223,40,1152,8.8,0,0,1245,9.5,23,0.2,162,1.2,94,0.7,3298,25.3,1978,15.2,-13557801.8390248,4535512.87854294
12,2023-24,0626130,0161218,01612180000000,Alameda,Mountain House Elementary,Elementary,KG,08,General Assistance,3950 Mountain House Rd.,Byron,94514,04,14,05,16,"41 - Rural, Fringe",37.78729001,-121.57777209,12,0,12,0,0,0,0,0,0,0,0,10,83.3,0,0,2,16.7,0,0,0,0,6,50,0,0,0,0,0,0,8,66.7,1,8.3,-13533975.6807887,4549420.45050181
13,2023-24,0627060,0161234,01612340000000,Alameda,Newark Unified,Unified,KG,12,Differentiated Assistance,5715 Musick Ave.,Newark,94560,04,17,10,24,"21 - Suburban, Large",37.54261495,-122.03169813,4828,0,4828,132,2.7,14,0.3,861,17.8,394,8.2,2477,51.3,93,1.9,436,9,290,6,131,2.7,1029,21.3,19,0.4,172,3.6,29,0.6,2297,47.6,683,14.1,-13584506.4964955,4515012.62399711
14,2023-24,0626910,0161242,01612420000000,Alameda,New Haven Unified,Unified,KG,12,Differentiated Assistance,34200 Alvarado-Niles Rd.,Union City,94587,04,14,10,20,"21 - Suburban, Large",37.58873596,-122.02487114,10052,0,10052,419,4.2,74,0.7,2824,28.1,1773,17.6,3718,37,145,1.4,573,5.7,500,5,26,0.3,1769,17.6,18,0.2,156,1.6,62,0.6,5705,56.8,1160,11.5,-13583746.51888,4521489.80106634
15,2023-24,0628050,0161259,01612590000000,Alameda,Oakland Unified,Unified,KG,12,Differentiated Assistance,1011 Union St,Oakland,94607,04,12,07,18,"11 - City, Large",37.80842913,-122.28911133,45086,11170,33916,9008,20,112,0.2,4252,9.4,304,0.7,22647,50.2,312,0.7,4551,10.1,2722,6,1178,2.6,14915,33.1,211,0.5,2449,5.4,2,0,36284,80.5,7010,15.5,-13613161.6024202,4552398.50944585
16,2023-24,0630330,0161275,01612750000000,Alameda,Piedmont City Unified,Unified,KG,12,General Assistance,760 Magnolia Ave.,Piedmont,94611,04,12,07,14,"21 - Suburban, Large",37.82287096,-122.23376219,2308,0,2308,50,2.2,2,0.1,355,15.4,22,1,234,10.1,0,0,1201,52,442,19.2,2,0.1,27,1.2,0,0,9,0.4,0,0,81,3.5,297,12.9,-13607000.1650628,4554433.5507565
17,2023-24,0634680,0161291,01612910000000,Alameda,San Leandro Unified,Unified,KG,12,Differentiated Assistance,"835 East 14th St., Ste. 200",San Leandro,94577,04,12,09,20,"21 - Suburban, Large",37.72865096,-122.15934417,8741,0,8741,999,11.4,46,0.5,1569,17.9,489,5.6,4297,49.2,79,0.9,651,7.4,421,4.8,190,2.2,2130,24.4,26,0.3,93,1.1,0,0,6402,73.2,1321,15.1,-13598715.9887511,4541163.89442438
18,2023-24,0634710,0161309,01613090000000,Alameda,San Lorenzo Unified,Unified,KG,12,Differentiated Assistance,15510 Usher St.,San Lorenzo,94580,04,14,09,20,"21 - Suburban, Large",37.68920896,-122.12845416,9235,1112,8123,719,7.8,20,0.2,1574,17,590,6.4,5365,58.1,131,1.4,498,5.4,313,3.4,25,0.3,2882,31.2,19,0.2,243,2.6,30,0.3,7193,77.9,1122,12.1,-13595277.3287244,4535614.01810745
19,2023-24,0600019,0175093,01750930000000,Alameda,Dublin Unified,Unified,KG,12,General Assistance,7471 Larkdale Ave.,Dublin,94568,04,10,05,20,"22 - Suburban, Midsize",37.71698497,-121.93081414,12827,0,12827,345,2.7,35,0.3,8042,62.7,566,4.4,1195,9.3,31,0.2,1673,13,922,7.2,18,0.1,801,6.2,11,0.1,3,0,0,0,1101,8.6,989,7.7,-13573276.1415684,4539522.068308
20,2023-24,0600020,0175101,01751010000000,Alameda,Pleasanton Unified,Unified,KG,12,General Assistance,5758 W Las Positas Blvd.,Pleasanton,94588,04,14,05,16,"13 - City, Small",37.684708,-121.89308,13696,0,13696,219,1.6,33,0.2,7295,53.3,212,1.5,1467,10.7,31,0.2,3568,26.1,770,5.6,101,0.7,1410,10.3,3,0,40,0.3,0,0,1261,9.2,1175,8.6,-13569075.5967921,4534980.87693539
21,2023-24,0600021,0175119,01751190000000,Alameda,Sunol Glen Unified,Unified,KG,08,General Assistance,11601 Main St.,Sunol,94586,04,14,05,24,"41 - Rural, Fringe",37.59389397,-121.88504811,268,0,268,1,0.4,0,0,97,36.2,2,0.7,40,14.9,1,0.4,94,35.1,33,12.3,0,0,14,5.2,1,0.4,1,0.4,0,0,28,10.4,15,5.6,-13568181.4913423,4522214.43527595
22,2023-24,0601514,0177180,01771800000000,Alameda,SBE - Latitude 37.8 High,State Board of Education,09,12,,1045 Derby Ave.,Oakland,94601,04,12,07,18,"11 - City, Large",37.777109,-122.2296095,350,350,0,50,14.3,0,0,11,3.1,3,0.9,235,67.1,0,0,30,8.6,18,5.1,3,0.9,91,26,2,0.6,2,0.6,0,0,231,66,82,23.4,-13606537.8893991,4547986.46403985
23,2020-21,0691058,0210025,02100250000000,Alpine,Alpine County Office of Education,County Office of Education (COE),01,12,General Assistance,43 Hawkside Dr.,Markleeville,96120,03,03,04,01,"42 - Rural, Distant",38.76656,-119.80913,2,0,2,0,0,1,50,0,0,0,0,1,50,0,0,0,0,0,0,0,0,0,0,0,0,0,0,0,0,2,100,0,0,-13337091.3439225,4688288.24389757
24,2023-24,0602070,0261333,02613330000000,Alpine,Alpine County Unified,Unified,KG,12,General Assistance,43 Hawkside Dr.,Markleeville,96120,03,03,04,01,"42 - Rural, Distant",38.76636522,-119.80884893,66,0,66,1,1.5,32,48.5,0,0,1,1.5,8,12.1,0,0,20,30.3,4,6.1,0,0,1,1.5,1,1.5,4,6.1,0,0,41,62.1,13,19.7,-13337060.0549124,4688260.43542079
25,2023-24,0691001,0310033,03100330000000,Amador,Amador County Office of Education,County Office of Education (COE),KG,12,General Assistance,217 Rex Ave.,Jackson,95642,06,05,04,01,"32 - Town, Distant",38.35298311,-120.77830503,21,0,21,0,0,0,0,0,0,0,0,5,23.8,0,0,14,66.7,2,9.5,0,0,0,0,1,4.8,2,9.5,0,0,7,33.3,17,81,-13444979.4150314,4629411.19848109
26,2023-24,0602450,0373981,03739810000000,Amador,Amador County Unified,Unified,KG,12,Differentiated Assistance,217 Rex Ave.,Jackson,95642,06,05,04,01,"32 - Town, Distant",38.35298311,-120.77830503,4075,0,4075,19,0.5,84,2.1,22,0.5,25,0.6,1029,25.3,9,0.2,2544,62.4,297,7.3,46,1.1,126,3.1,27,0.7,180,4.4,78,1.9,1737,42.6,746,18.3,-13444979.4150314,4629411.19848109
27,2023-24,0691002,0410041,04100410000000,Butte,Butte County Office of Education,County Office of Education (COE),KG,12,General Assistance,1859 Bird St.,Oroville,95965,02,01,01,03,"41 - Rural, Fringe",39.51237515,-121.5566243,1286,1154,132,14,1.1,21,1.6,16,1.2,2,0.2,259,20.1,6,0.5,851,66.2,108,8.4,9,0.7,23,1.8,9,0.7,69,5.4,1,0.1,776,60.3,282,21.9,-13531621.5195412,4795332.9363616
28,2023-24,0603780,0461382,04613820000000,Butte,Bangor Union Elementary,Elementary,KG,08,General Assistance,7549 Oro-Bangor Hwy.,Bangor,95914,02,01,01,03,"42 - Rural, Distant",39.39089415,-121.40794826,82,0,82,0,0,2,2.4,0,0,0,0,21,25.6,0,0,53,64.6,6,7.3,0,0,10,12.2,0,0,2,2.4,0,0,44,53.7,20,24.4,-13515070.9786201,4777819.48468392
29,2023-24,0605040,0461408,04614080000000,Butte,Biggs Unified,Unified,KG,12,General Assistance,300 B St.,Biggs,95917,02,01,01,03,"42 - Rural, Distant",39.41531713,-121.70249631,548,0,548,13,2.4,4,0.7,11,2,0,0,216,39.4,2,0.4,300,54.7,2,0.4,0,0,47,8.6,3,0.5,50,9.1,9,1.6,348,63.5,79,14.4,-13547859.917432,4781337.99955402
30,2023-24,0608370,0461424,04614240000000,Butte,Chico Unified,Unified,KG,12,Differentiated Assistance,1163 East Seventh St.,Chico,95928,04,14,09,20,"12 - City, Midsize ",39.733838,-121.825745,14407,2090,12317,317,2.2,136,0.9,705,4.9,51,0.4,3965,27.5,60,0.4,7600,52.8,1085,7.5,488,3.4,885,6.1,98,0.7,564,3.9,17,0.1,7500,52.1,2133,14.8,-13561579.8989297,4827339.39166845
31,2023-24,0611730,0461432,04614320000000,Butte,Durham Unified,Unified,KG,12,Differentiated Assistance,9420 Putney Dr.,Durham,95938,02,01,01,03,"41 - Rural, Fringe",39.64754914,-121.80199936,1026,0,1026,3,0.3,6,0.6,6,0.6,0,0,234,22.8,0,0,704,68.6,54,5.3,19,1.9,75,7.3,5,0.5,23,2.2,9,0.9,422,41.1,115,11.2,-13558936.5459495,4814856.49036459
32,2023-24,0615480,0461457,04614570000000,Butte,Golden Feather Union Elementary,Elementary,KG,08,General Assistance,2771 Pentz Rd.,Oroville,95965,02,01,01,03,"42 - Rural, Distant",39.65158516,-121.56270432,72,0,72,1,1.4,0,0,0,0,0,0,12,16.7,0,0,51,70.8,8,11.1,0,0,5,6.9,4,5.6,2,2.8,2,2.8,61,84.7,15,20.8,-13532298.3441812,4815440.00983472
33,2023-24,0623700,0461499,04614990000000,Butte,Manzanita Elementary,Elementary,KG,08,General Assistance,627 East Evans-Reimer Rd.,Gridley,95948,02,01,01,03,"41 - Rural, Fringe",39.33476813,-121.65856829,327,0,327,0,0,5,1.5,11,3.4,0,0,151,46.2,1,0.3,139,42.5,19,5.8,1,0.3,60,18.3,1,0.3,1,0.3,2,0.6,132,40.4,43,13.1,-13542969.8728556,4769738.31006963
34,2023-24,0629100,0461507,04615070000000,Butte,Oroville City Elementary,Elementary,KG,12,Differentiated Assistance,2795 Yard St.,Oroville,95966,02,01,01,03,"32 - Town, Distant",39.51296615,-121.5455833,2599,544,2055,85,3.3,70,2.7,251,9.7,10,0.4,510,19.6,8,0.3,1272,48.9,377,14.5,16,0.6,159,6.1,49,1.9,115,4.4,4,0.2,1998,76.9,434,16.7,-13530392.4408801,4795418.21352982
35,2023-24,0629130,0461515,04615150000000,Butte,Oroville Union High,High,09,12,Differentiated Assistance,2211 Washington Ave.,Oroville,95966,02,01,01,03,"32 - Town, Distant",39.50935515,-121.5468143,2264,0,2264,64,2.8,130,5.7,290,12.8,15,0.7,502,22.2,21,0.9,1072,47.3,163,7.2,7,0.3,118,5.2,20,0.9,101,4.5,0,0,1866,82.4,376,16.6,-13530529.4750283,4794897.18397861
36,2023-24,0629540,0461523,04615230000000,Butte,Palermo Union Elementary,Elementary,KG,08,Differentiated Assistance,7390 Bulldog Way,Palermo,95968,02,01,01,03,"32 - Town, Distant",39.43557915,-121.54635429,1283,0,1283,7,0.5,33,2.6,50,3.9,3,0.2,470,36.6,2,0.2,535,41.7,182,14.2,1,0.1,154,12,10,0.8,94,7.3,2,0.2,1030,80.3,154,12,-13530478.2671495,4784257.99763634
37,2023-24,0629820,0461531,04615310000000,Butte,Paradise Unified,Unified,KG,12,Differentiated Assistance,6696 Clark Rd.,Paradise,95969,02,01,01,03,"42 - Rural, Distant",39.77870217,-121.58930434,2266,609,1657,13,0.6,36,1.6,25,1.1,9,0.4,366,16.2,4,0.2,1648,72.7,158,7,7,0.3,33,1.5,17,0.8,84,3.7,0,0,1423,62.8,414,18.3,-13535259.4450326,4833835.8015359
38,2023-24,0639180,0461549,04615490000000,Butte,Thermalito Union Elementary,Elementary,KG,08,General Assistance,400 Grand Ave.,Oroville,95965,02,01,01,03,"41 - Rural, Fringe",39.51955215,-121.5745143,1520,0,1520,33,2.2,36,2.4,491,32.3,12,0.8,246,16.2,6,0.4,556,36.6,125,8.2,15,1,191,12.6,10,0.7,33,2.2,0,0,1296,85.3,154,10.1,-13533613.0257141,4796368.57401122
39,2023-24,0630520,0473379,04733790000000,Butte,Pioneer Union Elementary,Elementary,KG,08,General Assistance,286 Rockerfeller Rd.,Berry Creek,95916,02,01,01,03,"42 - Rural, Distant",39.62536218,-121.37459029,32,0,32,0,0,1,3.1,0,0,0,0,7,21.9,0,0,23,71.9,1,3.1,0,0,1,3.1,0,0,9,28.1,0,0,31,96.9,5,15.6,-13511357.5859314,4811649.35126172
40,2023-24,0600051,0475507,04755070000000,Butte,Gridley Unified,Unified,KG,12,Differentiated Assistance,429 Magnolia St.,Gridley,95948,02,01,01,03,"32 - Town, Distant",39.36282813,-121.6923573,1995,0,1995,15,0.8,9,0.5,68,3.4,0,0,1173,58.8,3,0.2,679,34,48,2.4,0,0,286,14.3,8,0.4,23,1.2,67,3.4,1513,75.8,319,16,-13546731.2482212,4773777.65192301
41,2023-24,0691003,0510058,05100580000000,Calaveras,Calaveras County Office of Education,County Office of Education (COE),KG,12,General Assistance,185 South Main St.,Angels Camp,95222,06,05,04,08,"42 - Rural, Distant",38.08090211,-120.55523696,438,398,40,4,0.9,9,2.1,1,0.2,1,0.2,78,17.8,1,0.2,311,71,33,7.5,0,0,4,0.9,14,3.2,14,3.2,0,0,254,58,123,28.1,-13420147.5912162,4590860.87975242
42,2023-24,0605940,0561556,05615560000000,Calaveras,Bret Harte Union High,High,09,12,General Assistance,323 South Main St.,Angels Camp,95221,06,05,04,08,"42 - Rural, Distant",38.07900511,-120.55251296,627,0,627,3,0.5,8,1.3,4,0.6,1,0.2,151,24.1,0,0,423,67.5,37,5.9,0,0,24,3.8,4,0.6,7,1.1,0,0,317,50.6,90,14.4,-13419844.3569513,4590592.60440782
43,2023-24,0606870,0561564,05615640000000,Calaveras,Calaveras Unified,Unified,KG,12,Differentiated Assistance,3304 B Highway 12,San Andreas,95249,06,05,04,08,"42 - Rural, Distant",38.2075371,-120.76833201,2846,0,2846,16,0.6,37,1.3,13,0.5,11,0.4,729,25.6,8,0.3,1837,64.5,195,6.9,0,0,109,3.8,28,1,143,5,0,0,1329,46.7,524,18.4,-13443869.2235146,4608785.47245733
44,2023-24,0623970,0561572,05615720000000,Calaveras,Mark Twain Union Elementary,Elementary,KG,08,Differentiated Assistance,981 Tuolumne Ave.,Angels Camp,95222,06,05,04,08,"42 - Rural, Distant",38.07295511,-120.55024796,767,0,767,6,0.8,15,2,2,0.3,1,0.1,160,20.9,1,0.1,548,71.4,34,4.4,0,0,47,6.1,9,1.2,19,2.5,0,0,465,60.6,136,17.7,-13419592.2181005,4589737.05517027
45,2023-24,0640680,0561580,05615800000000,Calaveras,Vallecito Union,Elementary,KG,08,Differentiated Assistance,4545 B Moran Rd.,Avery,95224,06,05,04,08,"43 - Rural, Remote",38.20351313,-120.36485395,580,0,580,0,0,10,1.7,2,0.3,2,0.3,112,19.3,3,0.5,410,70.7,35,6,6,1,28,4.8,1,0.2,22,3.8,0,0,326,56.2,88,15.2,-13398954.2508449,4608215.41914014
46,2023-24,0691004,0610066,06100660000000,Colusa,Colusa County Office of Education,County Office of Education (COE),KG,12,General Assistance,"345 5th St., Ste. A",Colusa,95932,07,22,16,33,"32 - Town, Distant",39.212425,-122.008306,42,0,42,2,4.8,0,0,0,0,0,0,34,81,2,4.8,3,7.1,1,2.4,0,0,2,4.8,3,7.1,5,11.9,0,0,41,97.6,27,64.3,-13581902.4965275,4752145.46964322
47,2023-24,0609570,0661598,06615980000000,Colusa,Colusa Unified,Unified,KG,12,General Assistance,745 10th St.,Colusa,95932,03,01,01,04,"32 - Town, Distant",39.21012809,-122.01632033,1464,0,1464,12,0.8,47,3.2,11,0.8,1,0.1,1072,73.2,3,0.2,277,18.9,34,2.3,7,0.5,314,21.4,6,0.4,50,3.4,15,1,1114,76.1,216,14.8,-13582794.6477281,4751815.46954917
48,2023-24,0624150,0661606,06616060000000,Colusa,Maxwell Unified,Unified,KG,12,General Assistance,515 Oak St.,Maxwell,95955,03,01,01,04,"42 - Rural, Distant",39.27558808,-122.19980737,350,0,350,0,0,7,2,1,0.3,0,0,197,56.3,0,0,144,41.1,1,0.3,0,0,119,34,1,0.3,80,22.9,9,2.6,229,65.4,60,17.1,-13603220.3311693,4761224.43241781
49,2023-24,0630360,0661614,06616140000000,Colusa,Pierce Joint Unified,Unified,KG,12,Differentiated Assistance,540 A Sixth St.,Arbuckle,95912,03,01,01,04,"42 - Rural, Distant",39.01669307,-122.05786531,1494,0,1494,14,0.9,1,0.1,13,0.9,2,0.1,1196,80.1,1,0.1,251,16.8,12,0.8,4,0.3,389,26,7,0.5,65,4.4,48,3.2,1107,74.1,194,13,-13587419.4138551,4724062.99408465
50,2023-24,0642540,0661622,06616220000000,Colusa,Williams Unified,Unified,KG,12,Differentiated Assistance,260 11th St.,Williams,95987,03,01,01,04,"32 - Town, Distant",39.15524508,-122.15700834,1370,0,1370,3,0.2,1,0.1,13,0.9,1,0.1,1306,95.3,2,0.1,36,2.6,3,0.2,5,0.4,720,52.6,2,0.1,148,10.8,190,13.9,1302,95,195,14.2,-13598455.9657758,4743933.55669649
51,2023-24,0691005,0710074,07100740000000,Contra Costa,Contra Costa County Office of Education,County Office of Education (COE),KG,12,General Assistance,77 Santa Barbara Rd.,Pleasant Hill,94523,04,10,09,15,"21 - Suburban, Large",37.93491698,-122.06975718,6145,5939,206,613,10,18,0.3,321,5.2,233,3.8,3332,54.2,17,0.3,905,14.7,304,4.9,402,6.5,1006,16.4,20,0.3,48,0.8,0,0,3364,54.7,869,14.1,-13588743.2106096,4570235.84071282
52,2023-24,0601650,0761630,07616300000000,Contra Costa,Acalanes Union High,High,09,12,General Assistance,1212 Pleasant Hill Rd.,Lafayette,94549,04,10,09,16,"21 - Suburban, Large",37.90579198,-122.09918318,5415,0,5415,95,1.8,7,0.1,808,14.9,98,1.8,616,11.4,9,0.2,3228,59.6,503,9.3,51,0.9,139,2.6,4,0.1,15,0.3,0,0,472,8.7,675,12.5,-13592018.8981259,4566125.91383416
53,2023-24,0602850,0761648,07616480000000,Contra Costa,Antioch Unified,Unified,KG,12,Differentiated Assistance,510 G St.,Antioch,94509,04,08,09,15,"21 - Suburban, Large",38.01441501,-121.81427715,16045,1011,15034,3735,23.3,85,0.5,732,4.6,767,4.8,8138,50.7,237,1.5,1558,9.7,791,4.9,2,0,3251,20.3,162,1,298,1.9,0,0,11928,74.3,2644,16.5,-13560303.3038506,4581462.37028325
54,2023-24,0605910,0761655,07616550000000,Contra Costa,Brentwood Union,Elementary,KG,08,General Assistance,255 Guthrie Ln.,Brentwood,94513,04,10,03,15,"21 - Suburban, Large",37.92238301,-121.68335412,9751,0,9751,782,8,39,0.4,1163,11.9,641,6.6,3157,32.4,46,0.5,2790,28.6,704,7.2,429,4.4,896,9.2,18,0.2,82,0.8,0,0,2182,22.4,1442,14.8,-13545729.0187098,4568466.93043516
55,2023-24,0606750,0761663,07616630000000,Contra Costa,Byron Union Elementary,Elementary,KG,12,General Assistance,14301 Byron Hwy.,Byron,94514,04,09,03,11,"31 - Town, Fringe",37.87766001,-121.64052711,2188,948,1240,99,4.5,20,0.9,131,6,22,1,721,33,22,1,939,42.9,194,8.9,40,1.8,108,4.9,9,0.4,19,0.9,0,0,742,33.9,299,13.7,-13540961.5376274,4562157.66192707
56,2023-24,0607350,0761671,07616710000000,Contra Costa,Canyon Elementary,Elementary,KG,08,General Assistance,187 Pinehurst Rd.,Canyon,94516,04,10,09,16,"41 - Rural, Fringe",37.82771297,-122.16343118,69,0,69,0,0,1,1.4,1,1.4,0,0,12,17.4,0,0,44,63.8,8,11.6,3,4.3,0,0,0,0,0,0,0,0,13,18.8,3,4.3,-13599170.9528551,4555115.94127186
57,2023-24,0618990,0761697,07616970000000,Contra Costa,John Swett Unified,Unified,KG,12,Differentiated Assistance,400 Parker Ave.,Rodeo,94572,04,08,07,14,"21 - Suburban, Large",38.03273698,-122.26733022,1220,0,1220,162,13.3,9,0.7,111,9.1,132,10.8,521,42.7,7,0.6,156,12.8,103,8.4,19,1.6,233,19.1,1,0.1,76,6.2,0,0,962,78.9,211,17.3,-13610736.9410626,4584051.4825484
58,2023-24,0620040,0761705,07617050000000,Contra Costa,Knightsen Elementary,Elementary,KG,08,General Assistance,1923 Delta Rd.,Knightsen,94548,04,10,03,11,"41 - Rural, Fringe",37.96853002,-121.66009512,596,0,596,7,1.2,2,0.3,10,1.7,6,1,252,42.3,4,0.7,272,45.6,39,6.5,4,0.7,72,12.1,2,0.3,14,2.3,0,0,173,29,61,10.2,-13543139.8388453,4574981.11299765
59,2023-24,0620310,0761713,07617130000000,Contra Costa,Lafayette Elementary,Elementary,KG,08,General Assistance,3477 School St.,Lafayette,94549,04,10,09,16,"21 - Suburban, Large",37.88734998,-122.11508318,3212,0,3212,11,0.3,0,0,407,12.7,37,1.2,327,10.2,0,0,1735,54,445,13.9,250,7.8,117,3.6,3,0.1,13,0.4,0,0,147,4.6,417,13,-13593788.8780647,4563524.34232998
60,2023-24,0621600,0761721,07617210000000,Contra Costa,Liberty Union High,High,09,12,Differentiated Assistance,20 Oak St.,Brentwood,94513,04,10,03,15,"21 - Suburban, Large",37.93462801,-121.69041712,8241,0,8241,809,9.8,41,0.5,528,6.4,520,6.3,3091,37.5,44,0.5,2608,31.6,477,5.8,123,1.5,595,7.2,19,0.2,157,1.9,2,0,2088,25.3,1272,15.4,-13546515.2686875,4570195.05489684
61,2023-24,0624030,0761739,07617390000000,Contra Costa,Martinez Unified,Unified,KG,12,General Assistance,921 Susana St.,Martinez,94553,04,08,09,15,"21 - Suburban, Large",38.01483499,-122.1324992,3771,0,3771,86,2.3,8,0.2,170,4.5,124,3.3,1186,31.5,17,0.5,1657,43.9,408,10.8,115,3,272,7.2,5,0.1,45,1.2,0,0,1210,32.1,608,16.1,-13595727.620241,4581521.71077734
62,2023-24,0625740,0761747,07617470000000,Contra Costa,Moraga Elementary,Elementary,KG,08,General Assistance,1540 School St.,Moraga,94556,04,10,09,16,"21 - Suburban, Large",37.83468497,-122.13153018,1775,0,1775,16,0.9,4,0.2,301,17,24,1.4,200,11.3,3,0.2,848,47.8,328,18.5,51,2.9,65,3.7,1,0.1,0,0,0,0,101,5.7,207,11.7,-13595619.7492758,4556098.59405981
63,2023-24,0626370,0761754,07617540000000,Contra Costa,Mt. Diablo Unified,Unified,KG,12,Differentiated Assistance,1936 Carlotta Dr.,Concord,94519,04,10,09,15,"21 - Suburban, Large",37.98685399,-122.00590418,30010,946,29064,1032,3.4,32,0.1,2692,9,1233,4.1,13119,43.7,210,0.7,8135,27.1,2628,8.8,929,3.1,6629,22.1,55,0.2,454,1.5,0,0,12576,41.9,4022,13.4,-13581635.1268802,4577568.88927455
64,2023-24,0628080,0761762,07617620000000,Contra Costa,Oakley Union Elementary,Elementary,KG,08,Differentiated Assistance,91 Mercedes Ln.,Oakley,94561,04,10,03,11,"21 - Suburban, Large",37.98175401,-121.71671213,5098,0,5098,490,9.6,22,0.4,230,4.5,323,6.3,2416,47.4,41,0.8,1312,25.7,258,5.1,6,0.1,657,12.9,18,0.4,15,0.3,0,0,2218,43.5,812,15.9,-13549442.4156444,4576848.5874543
65,2023-24,0628860,0761770,07617700000000,Contra Costa,Orinda Union,Elementary,KG,08,General Assistance,8 Altarinda Rd.,Orinda,94563,04,10,09,16,"21 - Suburban, Large",37.88234897,-122.18440319,2554,0,2554,20,0.8,3,0.1,477,18.7,36,1.4,197,7.7,3,0.1,1344,52.6,390,15.3,84,3.3,55,2.2,0,0,3,0.1,0,0,63,2.5,246,9.6,-13601505.5461896,4562818.97401473
66,2023-24,0630600,0761788,07617880000000,Contra Costa,Pittsburg Unified,Unified,KG,12,Differentiated Assistance,2000 Railroad Ave.,Pittsburg,94565,04,08,09,15,"21 - Suburban, Large",38.019848,-121.88866816,10709,0,10709,1653,15.4,23,0.2,348,3.2,477,4.5,7068,66,138,1.3,450,4.2,539,5,13,0.1,2627,24.5,50,0.5,450,4.2,0,0,8679,81,1331,12.4,-13568584.4734862,4582230.04972199
67,2023-24,0632550,0761796,07617960000000,Contra Costa,West Contra Costa Unified,Unified,KG,12,Differentiated Assistance,1108 Bissell Ave.,Richmond,94801,04,08,07,14,"21 - Suburban, Large",37.93392596,-122.35870322,29528,3953,25575,3410,11.5,59,0.2,2914,9.9,1252,4.2,17278,58.5,158,0.5,2695,9.1,1680,5.7,82,0.3,9527,32.3,83,0.3,567,1.9,3,0,19573,66.3,4262,14.4,-13620908.5370427,4570095.96768726
68,2023-24,0635130,0761804,07618040000000,Contra Costa,San Ramon Valley Unified,Unified,KG,12,General Assistance,699 Old Orchard Dr.,Danville,94526,04,10,09,16,"13 - City, Small",37.81244898,-121.97768515,29235,0,29235,489,1.7,98,0.3,12921,44.2,1053,3.6,2641,9,75,0.3,9367,32,2579,8.8,12,0,1379,4.7,11,0,55,0.2,0,0,2161,7.4,3151,10.8,-13578493.7994252,4552964.91840245
69,2023-24,0641250,0761812,07618120000000,Contra Costa,Walnut Creek Elementary,Elementary,KG,08,General Assistance,960 Ygnacio Valley Rd.,Walnut Creek,94596,04,10,09,16,"13 - City, Small",37.90841198,-122.05592718,3547,0,3547,92,2.6,5,0.1,560,15.8,88,2.5,551,15.5,7,0.2,1716,48.4,413,11.6,115,3.2,501,14.1,1,0,16,0.5,0,0,572,16.1,329,9.3,-13587203.6614718,4566495.56475523
70,2023-24,0601872,0777354,07773540000000,Contra Costa,SBE - John Henry High,State Board of Education,09,12,,1402 Marina Way South,Richmond,94804,04,08,07,14,"21 - Suburban, Large",37.91302496,-122.35500322,285,285,0,9,3.2,0,0,0,0,0,0,269,94.4,1,0.4,5,1.8,0,0,1,0.4,110,38.6,0,0,0,0,0,0,236,82.8,34,11.9,-13620496.6546747,4567146.43220359
71,2023-24,0691063,0810082,08100820000000,Del Norte,Del Norte County Office of Education,County Office of Education (COE),KG,12,General Assistance,301 West Washington Blvd.,Crescent City,95531,01,02,02,02,"33 - Town, Remote",41.77203109,-124.20622902,368,337,31,1,0.3,41,11.1,7,1.9,0,0,78,21.2,0,0,203,55.2,38,10.3,0,0,13,3.5,6,1.6,31,8.4,0,0,258,70.1,77,20.9,-13826574.1683126,5126891.74091249
72,2023-24,0610770,0861820,08618200000000,Del Norte,Del Norte County Unified,Unified,KG,12,Differentiated Assistance,301 West Washington Blvd.,Crescent City,95531,01,02,02,02,"33 - Town, Remote",41.77203109,-124.20622902,3722,295,3427,18,0.5,528,14.2,123,3.3,14,0.4,908,24.4,1,0,1780,47.8,335,9,15,0.4,206,5.5,70,1.9,221,5.9,0,0,2538,68.2,606,16.3,-13826574.1683126,5126891.74091249
73,2023-24,0691006,0910090,09100900000000,El Dorado,El Dorado County Office of Education,County Office of Education (COE),KG,12,General Assistance,6767 Green Valley Rd.,Placerville,95667,03,05,04,05,"41 - Rural, Fringe",38.72166114,-120.86706709,2299,2099,200,26,1.1,11,0.5,72,3.1,17,0.7,356,15.5,4,0.2,1613,70.2,165,7.2,35,1.5,67,2.9,23,1,17,0.7,0,0,588,25.6,433,18.8,-13454860.3620911,4681879.97893543
74,2023-24,0606270,0961838,09618380000000,El Dorado,Buckeye Union Elementary,Elementary,KG,12,General Assistance,5049 Robert J Mathews Pkwy.,El Dorado Hills,95762,03,05,04,05,"21 - Suburban, Large",38.62324112,-121.05785711,10189,6780,3409,118,1.2,39,0.4,626,6.1,97,1,1631,16,14,0.1,6672,65.5,747,7.3,245,2.4,481,4.7,18,0.2,102,1,0,0,3294,32.3,1207,11.8,-13476099.0097712,4667846.88599655
75,2023-24,0607170,0961846,09618460000000,El Dorado,Camino Union Elementary,Elementary,KG,08,Differentiated Assistance,3060 Snows Rd.,Camino,95709,03,03,04,01,"41 - Rural, Fringe",38.73287516,-120.67658206,430,23,407,4,0.9,10,2.3,1,0.2,1,0.2,109,25.3,2,0.5,292,67.9,10,2.3,1,0.2,60,14,2,0.5,13,3,0,0,221,51.4,65,15.1,-13433655.6658739,4683480.14067347
76,2023-24,0612070,0961853,09618530000000,El Dorado,El Dorado Union High,High,08,12,Differentiated Assistance,4675 Missouri Flat Rd.,Placerville,95667,03,05,04,05,"21 - Suburban, Large",38.69469814,-120.82316508,6541,100,6441,60,0.9,72,1.1,372,5.7,111,1.7,1270,19.4,13,0.2,4284,65.5,346,5.3,13,0.2,156,2.4,19,0.3,116,1.8,0,0,1518,23.2,927,14.2,-13449973.2127978,4678033.575006
77,2023-24,0615390,0961879,09618790000000,El Dorado,Gold Oak Union Elementary,Elementary,KG,08,General Assistance,3171 Pleasant Valley Rd.,Placerville,95667,03,03,04,01,"41 - Rural, Fringe",38.69409215,-120.71720306,435,0,435,2,0.5,3,0.7,1,0.2,0,0,87,20,2,0.5,317,72.9,21,4.8,2,0.5,11,2.5,2,0.5,15,3.4,0,0,172,39.5,58,13.3,-13438177.5750146,4677947.1438167
78,2023-24,0615450,0961887,09618870000000,El Dorado,Gold Trail Union Elementary,Elementary,KG,08,General Assistance,1575 Old Ranch Rd.,Placerville,95667,03,05,04,05,"42 - Rural, Distant",38.76999614,-120.92767911,498,0,498,1,0.2,3,0.6,3,0.6,0,0,88,17.7,0,0,384,77.1,19,3.8,0,0,18,3.6,0,0,23,4.6,0,0,147,29.5,70,14.1,-13461607.6608783,4688778.83864163
79,2023-24,0618240,0961895,09618950000000,El Dorado,Indian Diggings Elementary,Elementary,KG,08,General Assistance,6020 Omo Ranch Rd.,Somerset,95684,03,03,04,01,"42 - Rural, Distant",38.58116215,-120.57754203,8,0,8,0,0,0,0,0,0,0,0,0,0,0,0,8,100,0,0,0,0,0,0,0,0,0,0,0,0,1,12.5,0,0,-13422630.5795747,4661852.98916126
80,2023-24,0620640,0961903,09619030000000,El Dorado,Lake Tahoe Unified,Unified,KG,12,Differentiated Assistance,1021 Al Tahoe Blvd.,South Lake Tahoe,96150,03,03,04,01,"32 - Town, Distant",38.93472823,-119.97705297,3604,0,3604,11,0.3,16,0.4,47,1.3,78,2.2,1648,45.7,6,0.2,1641,45.5,151,4.2,6,0.2,640,17.8,6,0.2,70,1.9,0,0,1858,51.6,478,13.3,-13355784.4439347,4712326.25886447
81,2023-24,0621180,0961911,09619110000000,El Dorado,Latrobe,Elementary,KG,08,General Assistance,7900 South Shingle Rd.,Shingle Springs,95682,03,05,04,05,"41 - Rural, Fringe",38.55561112,-120.98999809,168,0,168,0,0,2,1.2,2,1.2,0,0,23,13.7,0,0,125,74.4,13,7.7,3,1.8,7,4.2,0,0,2,1.2,0,0,49,29.2,15,8.9,-13468544.9784322,4658215.11100817
82,2023-24,0625980,0961929,09619290000000,El Dorado,Mother Lode Union Elementary,Elementary,KG,08,Differentiated Assistance,3783 Forni Rd.,Placerville,95667,03,05,04,05,"31 - Town, Fringe",38.70869514,-120.83028308,863,0,863,4,0.5,18,2.1,6,0.7,6,0.7,281,32.6,1,0.1,520,60.3,27,3.1,0,0,109,12.6,12,1.4,61,7.1,0,0,464,53.8,124,14.4,-13450765.5852232,4680030.13467597
83,2023-24,0630480,0961945,09619450000000,El Dorado,Pioneer Union,Elementary,KG,08,Differentiated Assistance,6862 Mt. Aukum Rd.,Somerset,95684,03,05,04,05,"42 - Rural, Distant",38.60448614,-120.71366005,283,0,283,1,0.4,4,1.4,4,1.4,1,0.4,54,19.1,0,0,190,67.1,27,9.5,2,0.7,8,2.8,4,1.4,27,9.5,0,0,151,53.4,44,15.5,-13437783.1688379,4665174.91797272
84,2023-24,0630780,0961952,09619520000000,El Dorado,Placerville Union Elementary,Elementary,KG,08,Differentiated Assistance,1032 Thompson Way,Placerville,95667,03,05,04,05,"31 - Town, Fringe",38.72782015,-120.79327608,1204,0,1204,5,0.4,8,0.7,4,0.3,0,0,393,32.6,0,0,680,56.5,90,7.5,24,2,137,11.4,5,0.4,53,4.4,0,0,730,60.6,144,12,-13446645.9843535,4682758.79517445
85,2023-24,0631290,0961960,09619600000000,El Dorado,Pollock Pines Elementary,Elementary,KG,08,Differentiated Assistance,2701 Amber Trail,Pollock Pines,95726,03,03,04,01,"42 - Rural, Distant",38.74637316,-120.57890805,575,0,575,3,0.5,8,1.4,8,1.4,2,0.3,120,20.9,1,0.2,394,68.5,38,6.6,1,0.2,9,1.6,5,0.9,31,5.4,0,0,298,51.8,106,18.4,-13422782.6442311,4685406.54527832
86,2023-24,0632310,0961978,09619780000000,El Dorado,Rescue Union Elementary,Elementary,KG,08,General Assistance,2390 Bass Lake Rd.,Rescue,95672,03,05,04,05,"21 - Suburban, Large",38.69626813,-121.00812511,3512,0,3512,28,0.8,17,0.5,224,6.4,63,1.8,558,15.9,18,0.5,2488,70.8,116,3.3,0,0,136,3.9,9,0.3,35,1,0,0,593,16.9,462,13.2,-13470562.8689623,4678257.5014468
87,2023-24,0636810,0961986,09619860000000,El Dorado,Silver Fork Elementary,Elementary,KG,08,General Assistance,2701 Amber Trail,Pollock Pines,95726,03,03,04,01,"43 - Rural, Remote",38.74637316,-120.57890805,16,0,16,0,0,0,0,0,0,0,0,2,12.5,0,0,14,87.5,0,0,0,0,0,0,0,0,0,0,0,0,9,56.2,6,37.5,-13422782.6442311,4685406.54527832
88,2023-24,0605240,0973783,09737830000000,El Dorado,Black Oak Mine Unified,Unified,KG,12,Differentiated Assistance,6540 Wentworth Springs Rd.,Georgetown,95634,03,03,04,05,"42 - Rural, Distant",38.91200116,-120.82932911,1270,244,1026,5,0.4,22,1.7,12,0.9,3,0.2,161,12.7,6,0.5,952,75,44,3.5,65,5.1,16,1.3,7,0.6,74,5.8,0,0,552,43.5,182,14.3,-13450659.3891859,4709074.32081111
89,2023-24,0691007,1010108,10101080000000,Fresno,Fresno County Office of Education,County Office of Education (COE),KG,12,Differentiated Assistance,1111 Van Ness Ave.,Fresno,93721,07,21,14,31,"11 - City, Large",36.73563104,-119.79081869,4130,3424,706,375,9.1,22,0.5,204,4.9,7,0.2,2911,70.5,8,0.2,453,11,122,3,28,0.7,553,13.4,53,1.3,129,3.1,26,0.6,3323,80.5,1006,24.4,-13335052.9384621,4402320.94760642
90,2023-24,0602370,1061994,10619940000000,Fresno,Alvina Elementary,Elementary,KG,08,,295 West Saginaw Ave.,Caruthers,93609,07,13,14,31,"42 - Rural, Distant",36.55411902,-119.79612367,176,176,0,1,0.6,0,0,1,0.6,0,0,159,90.3,0,0,14,8,1,0.6,0,0,46,26.1,0,0,0,0,3,1.7,137,77.8,15,8.5,-13335643.4864598,4377137.62752525
91,2023-24,0604860,1062026,10620260000000,Fresno,Big Creek Elementary,Elementary,KG,08,General Assistance,55190 Point Rd.,Big Creek,93605,07,05,12,08,"43 - Rural, Remote",37.20391712,-119.24897565,26,0,26,0,0,0,0,0,0,0,0,8,30.8,0,0,14,53.8,4,15.4,0,0,0,0,0,0,1,3.8,0,0,9,34.6,7,26.9,-13274735.2472527,4467568.44706804
92,2023-24,0606540,1062042,10620420000000,Fresno,Burrel Union Elementary,Elementary,KG,08,General Assistance,16704 South Jameson Ave.,Riverdale,93656,07,13,14,27,"42 - Rural, Distant",36.492282,-119.9890987,101,0,101,0,0,0,0,1,1,0,0,97,96,0,0,3,3,0,0,0,0,49,48.5,0,0,1,1,0,0,89,88.1,12,11.9,-13357125.3677914,4368571.7619113
93,2023-24,0608850,1062109,10621090000000,Fresno,Clay Joint Elementary,Elementary,KG,08,General Assistance,12449 South Smith Ave.,Kingsburg,93631,07,21,16,33,"41 - Rural, Fringe",36.55464804,-119.50439863,240,0,240,1,0.4,1,0.4,5,2.1,2,0.8,81,33.8,1,0.4,147,61.3,0,0,2,0.8,5,2.1,0,0,0,0,0,0,51,21.2,16,6.7,-13303168.8026145,4377210.93860651
94,2023-24,0609030,1062117,10621170000000,Fresno,Clovis Unified,Unified,KG,12,Differentiated Assistance,1450 Herndon Ave.,Clovis,93611,07,20,12,08,"21 - Suburban, Large",36.83692705,-119.68941069,43291,667,42624,1396,3.2,275,0.6,6761,15.6,958,2.2,17873,41.3,122,0.3,13579,31.4,1943,4.5,384,0.9,2076,4.8,213,0.5,39,0.1,40,0.1,20052,46.3,4267,9.9,-13323764.2508611,4416400.8312033
95,2023-24,0609120,1062125,10621250000000,Fresno,Coalinga-Huron Unified,Unified,KG,12,Differentiated Assistance,657 Sunset St.,Coalinga,93210,07,13,14,27,"33 - Town, Remote",36.14235994,-120.36425972,4382,0,4382,49,1.1,7,0.2,65,1.5,12,0.3,3805,86.8,4,0.1,365,8.3,37,0.8,38,0.9,1758,40.1,18,0.4,77,1.8,103,2.4,3821,87.2,456,10.4,-13398888.1020431,4320227.60245777
96,2023-24,0614250,1062158,10621580000000,Fresno,Fowler Unified,Unified,KG,12,General Assistance,658 East Adams Ave.,Fowler,93625,07,21,14,31,"31 - Town, Fringe",36.63480404,-119.67365066,2523,0,2523,21,0.8,7,0.3,220,8.7,0,0,2070,82,1,0,183,7.3,21,0.8,0,0,420,16.6,5,0.2,12,0.5,57,2.3,2045,81.1,269,10.7,-13322009.8530856,4388324.69320477
97,2023-24,0614550,1062166,10621660000000,Fresno,Fresno Unified,Unified,KG,12,Differentiated Assistance,2309 Tulare St.,Fresno,93721,07,21,14,31,"11 - City, Large",36.73666504,-119.78708369,71480,3234,68246,5407,7.6,489,0.7,7560,10.6,245,0.3,49646,69.5,329,0.5,5554,7.8,2236,3.1,14,0,14340,20.1,684,1,571,0.8,1070,1.5,62333,87.2,9679,13.5,-13334637.1600392,4402464.57695732
98,2023-24,0619800,1062240,10622400000000,Fresno,Kingsburg Elementary Charter,Elementary,KG,08,Differentiated Assistance,1310 Stroud Ave.,Kingsburg,93631,07,21,16,33,"32 - Town, Distant",36.52482103,-119.55276963,2151,2151,0,11,0.5,2,0.1,57,2.6,2,0.1,1457,67.7,1,0,525,24.4,73,3.4,23,1.1,222,10.3,7,0.3,95,4.4,0,0,1552,72.2,233,10.8,-13308553.4382334,4373078.32130509
99,2023-24,0619830,1062257,10622570000000,Fresno,Kingsburg Joint Union High,High,09,12,General Assistance,1900 18th Ave.,Kingsburg,93631,07,21,16,33,"32 - Town, Distant",36.51896803,-119.54628963,1227,0,1227,7,0.6,2,0.2,23,1.9,4,0.3,795,64.8,0,0,356,29,29,2.4,11,0.9,99,8.1,5,0.4,22,1.8,0,0,821,66.9,90,7.3,-13307832.0878312,4372267.55854628
100,2023-24,0619700,1062265,10622650000000,Fresno,Kings Canyon Joint Unified,Unified,KG,12,Differentiated Assistance,1801 Tenth St.,Reedley,93654,07,21,14,33,"32 - Town, Distant",36.59694705,-119.45367962,9658,401,9257,26,0.3,27,0.3,53,0.5,30,0.3,8507,88.1,4,0,783,8.1,102,1.1,126,1.3,2575,26.7,29,0.3,94,1,352,3.6,8528,88.3,845,8.7,-13297522.7890064,4383074.32365243
101,2023-24,0621150,1062281,10622810000000,Fresno,Laton Joint Unified,Unified,KG,12,Differentiated Assistance,6259 DeWoody,Laton,93242,07,13,14,31,"41 - Rural, Fringe",36.43440302,-119.68538764,597,0,597,5,0.8,0,0,0,0,0,0,520,87.1,0,0,66,11.1,2,0.3,4,0.7,169,28.3,1,0.2,10,1.7,7,1.2,468,78.4,85,14.2,-13323316.40781,4360560.37022092
102,2023-24,0625290,1062323,10623230000000,Fresno,Monroe Elementary,Elementary,KG,08,General Assistance,11842 South Chestnut Ave.,Fresno,93725,07,21,14,31,"42 - Rural, Distant",36.56425602,-119.73652667,152,0,152,0,0,1,0.7,0,0,0,0,141,92.8,0,0,10,6.6,0,0,0,0,79,52,0,0,3,2,16,10.5,121,79.6,25,16.4,-13329009.1777298,4378542.4922149
103,2023-24,0628530,1062331,10623310000000,Fresno,Orange Center,Elementary,KG,12,General Assistance,3530 South Cherry Ave.,Fresno,93706,07,21,14,31,"41 - Rural, Fringe",36.68280903,-119.78087868,1680,1432,248,101,6,13,0.8,81,4.8,17,1,1110,66.1,3,0.2,281,16.7,74,4.4,0,0,232,13.8,7,0.4,29,1.7,5,0.3,1314,78.2,215,12.8,-13333946.4218712,4394986.19665037
104,2023-24,0629400,1062356,10623560000000,Fresno,Pacific Union Elementary,Elementary,KG,08,General Assistance,2065 East Bowles Ave.,Fresno,93725,07,21,14,31,"41 - Rural, Fringe",36.60139503,-119.75338867,345,0,345,1,0.3,0,0,6,1.7,0,0,301,87.2,0,0,37,10.7,0,0,0,0,187,54.2,2,0.6,0,0,0,0,309,89.6,39,11.3,-13330886.2476029,4383691.07847588
105,2023-24,0629910,1062364,10623640000000,Fresno,Parlier Unified,Unified,KG,12,Differentiated Assistance,900 South Newmark Ave.,Parlier,93648,07,21,14,31,"31 - Town, Fringe",36.61674604,-119.52952064,3226,0,3226,10,0.3,10,0.3,8,0.2,0,0,3155,97.8,2,0.1,31,1,3,0.1,7,0.2,1362,42.2,4,0.1,179,5.5,398,12.3,3009,93.3,362,11.2,-13305965.3720147,4385819.91642048
106,2023-24,0630390,1062372,10623720000000,Fresno,Pine Ridge Elementary,Elementary,KG,08,General Assistance,45828 Auberry Rd.,Auberry,93602,07,05,12,08,"42 - Rural, Distant",37.0612731,-119.36901366,68,0,68,0,0,0,0,1,1.5,0,0,6,8.8,0,0,58,85.3,3,4.4,0,0,0,0,0,0,2,2.9,0,0,24,35.3,10,14.7,-13288097.8168129,4447650.91160387
107,2023-24,0631680,1062380,10623800000000,Fresno,Raisin City Elementary,Elementary,KG,12,General Assistance,6425 West Bowles Ave.,Raisin City,93652,07,13,14,27,"42 - Rural, Distant",36.60073702,-119.9066077,553,307,246,46,8.3,3,0.5,6,1.1,0,0,449,81.2,0,0,34,6.1,9,1.6,6,1.1,212,38.3,13,2.4,8,1.4,31,5.6,541,97.8,84,15.2,-13347942.511432,4383599.83684478
108,2023-24,0635250,1062414,10624140000000,Fresno,Sanger Unified,Unified,KG,12,General Assistance,1905 Seventh St.,Sanger,93657,07,21,14,31,"31 - Town, Fringe",36.70559405,-119.56358165,13250,1215,12035,161,1.2,24,0.2,1831,13.8,53,0.4,9241,69.7,18,0.1,1380,10.4,369,2.8,173,1.3,1747,13.2,81,0.6,19,0.1,166,1.3,9208,69.5,1028,7.8,-13309757.0267863,4398149.45724146
109,2023-24,0636270,1062430,10624300000000,Fresno,Selma Unified,Unified,KG,12,Differentiated Assistance,3036 Thompson Ave.,Selma,93662,07,21,14,31,"31 - Town, Fringe",36.57871203,-119.61922865,5974,0,5974,22,0.4,17,0.3,196,3.3,3,0.1,5468,91.5,7,0.1,239,4,22,0.4,0,0,1718,28.8,45,0.8,84,1.4,274,4.6,5408,90.5,763,12.8,-13315951.6222093,4380546.23680543
110,2023-24,0641460,1062513,10625130000000,Fresno,Washington Colony Elementary,Elementary,KG,08,General Assistance,130 East Lincoln Ave.,Fresno,93706,07,21,14,31,"41 - Rural, Fringe",36.64921003,-119.78852668,434,0,434,3,0.7,2,0.5,15,3.5,0,0,394,90.8,0,0,18,4.1,2,0.5,0,0,137,31.6,1,0.2,2,0.5,0,0,369,85,33,7.6,-13334797.7931077,4390323.3316687
111,2023-24,0642060,1062539,10625390000000,Fresno,West Park Elementary,Elementary,KG,12,General Assistance,2695 South Valentine Ave.,Fresno,93706,07,21,14,31,"41 - Rural, Fringe",36.69415903,-119.8541917,469,172,297,6,1.3,1,0.2,38,8.1,1,0.2,365,77.8,0,0,53,11.3,3,0.6,2,0.4,140,29.9,2,0.4,18,3.8,20,4.3,411,87.6,74,15.8,-13342107.5891996,4396561.8077063
112,2023-24,0642210,1062547,10625470000000,Fresno,Westside Elementary,Elementary,KG,12,General Assistance,19191 Excelsior Ave.,Five Points,93624,07,13,14,27,"42 - Rural, Distant",36.40034798,-120.14274471,4071,3949,122,131,3.2,17,0.4,93,2.3,23,0.6,2076,51,5,0.1,1377,33.8,191,4.7,158,3.9,306,7.5,21,0.5,66,1.6,13,0.3,2447,60.1,502,12.3,-13374229.1640549,4355849.39201524
113,2023-24,0613840,1073809,10738090000000,Fresno,Firebaugh-Las Deltas Unified,Unified,KG,12,General Assistance,1976 Morris Kyle Dr.,Firebaugh,93622,07,13,14,27,"32 - Town, Distant",36.846468,-120.44648381,2193,0,2193,4,0.2,0,0,5,0.2,0,0,2122,96.8,2,0.1,59,2.7,1,0,0,0,788,35.9,9,0.4,15,0.7,237,10.8,2051,93.5,252,11.5,-13408041.2453203,4417727.95852999
114,2023-24,0607970,1073965,10739650000000,Fresno,Central Unified,Unified,KG,12,Differentiated Assistance,5652 West Gettysburg Ave.,Fresno,93722,07,21,14,27,"11 - City, Large",36.80138604,-119.89237771,15956,0,15956,1228,7.7,79,0.5,2637,16.5,112,0.7,9781,61.3,32,0.2,1721,10.8,328,2.1,38,0.2,2210,13.9,194,1.2,108,0.7,112,0.7,12930,81,1742,10.9,-13346358.43718,4411458.60181453
115,2023-24,0619490,1073999,10739990000000,Fresno,Kerman Unified,Unified,KG,12,Differentiated Assistance,15218 West Whitesbridge Ave.,Kerman,93630,07,13,14,27,"31 - Town, Fringe",36.73577402,-120.06321174,5304,0,5304,16,0.3,22,0.4,195,3.7,5,0.1,4676,88.2,5,0.1,344,6.5,24,0.5,17,0.3,1504,28.4,25,0.5,224,4.2,183,3.5,4632,87.3,554,10.4,-13365375.5933664,4402340.8084357
116,2023-24,0600022,1075127,10751270000000,Fresno,Mendota Unified,Unified,KG,12,Differentiated Assistance,115 McCabe Ave.,Mendota,93640,07,13,14,27,"32 - Town, Distant",36.760787,-120.38815979,3949,0,3949,2,0.1,0,0,12,0.3,0,0,3892,98.6,0,0,39,1,3,0.1,1,0,2273,57.6,4,0.1,247,6.3,475,12,3879,98.2,251,6.4,-13401548.6452178,4405815.82458959
117,2023-24,0691134,1075234,10752340000000,Fresno,Golden Plains Unified,Unified,KG,12,General Assistance,22000 Nevada St.,San Joaquin,93660,07,13,14,27,"42 - Rural, Distant",36.609763,-120.18797174,1388,0,1388,19,1.4,0,0,7,0.5,0,0,1347,97,0,0,14,1,1,0.1,0,0,720,51.9,9,0.6,29,2.1,6,0.4,1367,98.5,153,11,-13379263.8139349,4384851.47387761
118,2023-24,0636805,1075275,10752750000000,Fresno,Sierra Unified,Unified,KG,12,Differentiated Assistance,29143 Auberry Rd.,Prather,93651,07,20,12,08,"42 - Rural, Distant",37.03675908,-119.52387868,1292,0,1292,6,0.5,175,13.5,11,0.9,8,0.6,280,21.7,0,0,723,56,70,5.4,19,1.5,16,1.2,7,0.5,27,2.1,0,0,613,47.4,192,14.9,-13305337.3122461,4444231.7686187
119,2023-24,0600040,1075408,10754080000000,Fresno,Riverdale Joint Unified,Unified,KG,12,Differentiated Assistance,3160 West Mt. Whitney Ave.,Riverdale,93656,07,13,14,31,"42 - Rural, Distant",36.431414,-119.85693467,1456,0,1456,6,0.4,1,0.1,3,0.2,1,0.1,1316,90.4,0,0,127,8.7,2,0.1,0,0,478,32.8,0,0,72,4.9,30,2.1,1307,89.8,140,9.6,-13342412.9354658,4360146.80469771
120,2023-24,0600067,1075598,10755980000000,Fresno,Caruthers Unified,Unified,KG,12,Differentiated Assistance,2200 West Tahoe,Caruthers,93609,07,13,14,27,"42 - Rural, Distant",36.54380602,-119.83160668,1531,0,1531,5,0.3,9,0.6,42,2.7,3,0.2,1338,87.4,2,0.1,58,3.8,6,0.4,68,4.4,403,26.3,15,1,17,1.1,127,8.3,1358,88.7,126,8.2,-13339593.4362769,4375708.56092141
121,2023-24,0601415,1076778,10767780000000,Fresno,Washington Unified,Unified,KG,12,Differentiated Assistance,7950 South Elm Ave.,Fresno,93706,07,21,14,31,"41 - Rural, Fringe",36.62028302,-119.79015168,2752,302,2450,200,7.3,9,0.3,188,6.8,0,0,2159,78.5,4,0.1,130,4.7,29,1.1,33,1.2,790,28.7,36,1.3,81,2.9,217,7.9,2430,88.3,344,12.5,-13334978.6869253,4386310.47572933
122,2023-24,0691008,1110116,11101160000000,Glenn,Glenn County Office of Education,County Office of Education (COE),KG,12,General Assistance,311 South Villa Ave.,Willows,95988,02,01,01,03,"32 - Town, Distant",39.5172981,-122.2096224,479,409,70,2,0.4,10,2.1,6,1.3,1,0.2,233,48.6,0,0,182,38,24,5,21,4.4,70,14.6,1,0.2,3,0.6,1,0.2,305,63.7,138,28.8,-13604312.9356592,4796043.30412673
123,2023-24,0607410,1162554,11625540000000,Glenn,Capay Joint Union Elementary,Elementary,KG,08,General Assistance,7504 Cutting Ave.,Orland,95963,02,01,01,03,"42 - Rural, Distant",39.79772613,-122.08484642,194,0,194,0,0,0,0,0,0,0,0,85,43.8,0,0,108,55.7,0,0,1,0.5,23,11.9,0,0,0,0,2,1,89,45.9,22,11.3,-13590422.9369901,4836591.78261775
124,2023-24,0620610,1162596,11625960000000,Glenn,Lake Elementary,Elementary,KG,12,General Assistance,4672 County Road N,Orland,95963,02,01,01,03,"41 - Rural, Fringe",39.76935912,-122.15922643,1030,836,194,10,1,5,0.5,5,0.5,3,0.3,178,17.3,1,0.1,738,71.7,46,4.5,44,4.3,17,1.7,3,0.3,9,0.9,0,0,591,57.4,100,9.7,-13598702.8814719,4832482.56318457
125,2023-24,0630870,1162638,11626380000000,Glenn,Plaza Elementary,Elementary,KG,08,General Assistance,7322 County Road 24,Orland,95963,02,01,01,03,"42 - Rural, Distant",39.71064312,-122.10547141,194,0,194,0,0,1,0.5,0,0,0,0,77,39.7,0,0,106,54.6,7,3.6,3,1.5,17,8.8,0,0,3,1.5,1,0.5,92,47.4,14,7.2,-13592718.9005937,4823982.39161008
126,2023-24,0631620,1162646,11626460000000,Glenn,Princeton Joint Unified,Unified,KG,12,General Assistance,473 State St.,Princeton,95970,03,01,01,04,"42 - Rural, Distant",39.40103811,-122.01111335,117,0,117,0,0,2,1.7,0,0,0,0,63,53.8,0,0,45,38.5,7,6,0,0,28,23.9,0,0,11,9.4,0,0,90,76.9,16,13.7,-13582215.009752,4779280.73122446
127,2023-24,0638070,1162653,11626530000000,Glenn,Stony Creek Joint Unified,Unified,KG,12,General Assistance,3430 County Road 309,Elk Creek,95939,02,01,01,03,"43 - Rural, Remote",39.60686608,-122.53839446,71,0,71,0,0,36,50.7,0,0,0,0,10,14.1,0,0,23,32.4,2,2.8,0,0,0,0,0,0,0,0,0,0,40,56.3,8,11.3,-13640911.6741664,4808976.51562305
128,2023-24,0642710,1162661,11626610000000,Glenn,Willows Unified,Unified,KG,12,General Assistance,823 West Laurel St.,Willows,95988,02,01,01,03,"32 - Town, Distant",39.5182641,-122.2038914,1357,0,1357,15,1.1,38,2.8,50,3.7,4,0.3,715,52.7,1,0.1,504,37.1,24,1.8,6,0.4,263,19.4,9,0.7,15,1.1,2,0.1,1103,81.3,165,12.2,-13603674.9636625,4796182.70111362
129,2023-24,0600045,1175481,11754810000000,Glenn,Orland Joint Unified,Unified,KG,12,Differentiated Assistance,903 South St.,Orland,95963,02,01,01,03,"32 - Town, Distant",39.74010812,-122.20123943,2242,0,2242,6,0.3,31,1.4,32,1.4,2,0.1,1508,67.3,2,0.1,632,28.2,22,1,7,0.3,542,24.2,9,0.4,57,2.5,25,1.1,1895,84.5,315,14,-13603379.7475349,4828247.06137667
130,2023-24,0601339,1176562,11765620000000,Glenn,Hamilton Unified,Unified,KG,12,General Assistance,620 Canal St.,Hamilton City,95951,02,01,01,03,"42 - Rural, Distant",39.74551313,-122.0194514,715,0,715,0,0,4,0.6,11,1.5,0,0,600,83.9,0,0,49,6.9,1,0.1,50,7,221,30.9,1,0.1,39,5.5,17,2.4,636,89,105,14.7,-13583143.1968949,4829029.56399861
131,2023-24,0691009,1210124,12101240000000,Humboldt,Humboldt County Office of Education,County Office of Education (COE),KG,12,Differentiated Assistance,901 Myrtle Ave.,Eureka,95501,01,02,02,02,"33 - Town, Remote",40.80099803,-124.14989287,831,534,297,6,0.7,54,6.5,12,1.4,0,0,134,16.1,4,0.5,499,60,112,13.5,10,1.2,9,1.1,16,1.9,56,6.7,0,0,545,65.6,242,29.1,-13820302.8559022,4983033.08269026
132,2023-24,0603000,1262679,12626790000000,Humboldt,Arcata Elementary,Elementary,KG,12,Differentiated Assistance,1435 Buttermilk Ln.,Arcata,95521,01,02,02,02,"33 - Town, Remote",40.85645304,-124.06687986,1137,644,493,16,1.4,35,3.1,12,1.1,2,0.2,229,20.1,1,0.1,668,58.8,170,15,4,0.4,23,2,14,1.2,29,2.6,0,0,652,57.3,212,18.6,-13811061.89066,4991191.52126508
133,2023-24,0603030,1262687,12626870000000,Humboldt,Northern Humboldt Union High,High,KG,12,General Assistance,2755 McKinleyville Ave.,McKinleyville,95519,01,02,02,02,"33 - Town, Remote",40.95524204,-124.11016388,1929,279,1650,20,1,115,6,36,1.9,6,0.3,293,15.2,7,0.4,1176,61,217,11.2,59,3.1,52,2.7,14,0.7,87,4.5,0,0,851,44.1,334,17.3,-13815880.2457804,5005742.11552237
134,2023-24,0604890,1262695,12626950000000,Humboldt,Big Lagoon Union Elementary,Elementary,KG,08,General Assistance,269 Big Lagoon Park Rd.,Trinidad,95570,01,02,02,02,"43 - Rural, Remote",41.15741306,-124.13112692,20,0,20,0,0,14,70,0,0,0,0,1,5,0,0,1,5,4,20,0,0,0,0,0,0,0,0,0,0,6,30,2,10,-13818213.8400448,5035587.85303083
135,2023-24,0605400,1262703,12627030000000,Humboldt,Blue Lake Union Elementary,Elementary,KG,08,General Assistance,631 Greenwood Ave.,Blue Lake,95525,01,02,02,02,"42 - Rural, Distant",40.88547505,-123.99149186,160,0,160,1,0.6,10,6.2,1,0.6,0,0,22,13.8,1,0.6,92,57.5,24,15,9,5.6,0,0,0,0,14,8.8,0,0,100,62.5,40,25,-13802669.736167,4995463.90766968
136,2023-24,0606000,1262729,12627290000000,Humboldt,Bridgeville Elementary,Elementary,KG,08,Differentiated Assistance,38717 Kneeland Rd.,Bridgeville,95526,01,02,02,02,"43 - Rural, Remote",40.47104704,-123.79644277,37,0,37,0,0,0,0,0,0,0,0,4,10.8,0,0,27,73,6,16.2,0,0,0,0,0,0,2,5.4,0,0,25,67.6,5,13.5,-13780956.970779,4934631.52672841
137,2023-24,0610230,1262737,12627370000000,Humboldt,Cuddeback Union Elementary,Elementary,KG,08,General Assistance,300 Wilder Rd.,Carlotta,95528,01,02,02,02,"42 - Rural, Distant",40.53781302,-124.04255481,159,0,159,0,0,7,4.4,0,0,0,0,24,15.1,0,0,110,69.2,17,10.7,1,0.6,0,0,0,0,0,0,0,0,101,63.5,25,15.7,-13808354.0383174,4944406.36739353
138,2023-24,0610380,1262745,12627450000000,Humboldt,Cutten Elementary,Elementary,KG,06,General Assistance,4182 Walnut Dr.,Eureka,95503,01,02,02,02,"33 - Town, Remote",40.76636603,-124.14343386,561,0,561,1,0.2,17,3,21,3.7,0,0,91,16.2,1,0.2,345,61.5,84,15,1,0.2,20,3.6,3,0.5,22,3.9,0,0,266,47.4,82,14.6,-13819583.8426323,4977941.54406551
139,2023-24,0613740,1262794,12627940000000,Humboldt,Fieldbrook Elementary,Elementary,KG,08,General Assistance,4070 Fieldbrook Rd.,McKinleyville,95519,01,02,02,02,"41 - Rural, Fringe",40.95658605,-124.03442887,111,0,111,1,0.9,5,4.5,0,0,2,1.8,6,5.4,0,0,91,82,6,5.4,0,0,0,0,0,0,0,0,0,0,39,35.1,9,8.1,-13807449.4629322,5005940.22379563
140,2023-24,0614190,1262810,12628100000000,Humboldt,Fortuna Union High,High,09,12,Differentiated Assistance,735 13th St.,Fortuna,95540,01,02,02,02,"33 - Town, Remote",40.59839902,-124.15322284,1083,0,1083,1,0.1,42,3.9,7,0.6,4,0.4,336,31,0,0,608,56.1,63,5.8,22,2,66,6.1,7,0.6,54,5,0,0,637,58.8,177,16.3,-13820673.5465193,4953284.8639347
141,2023-24,0614520,1262828,12628280000000,Humboldt,Freshwater Elementary,Elementary,KG,08,General Assistance,75 Greenwood Heights Dr.,Eureka,95503,01,02,02,02,"41 - Rural, Fringe",40.78595404,-124.08238186,313,48,265,1,0.3,6,1.9,1,0.3,0,0,44,14.1,2,0.6,221,70.6,38,12.1,0,0,3,1,0,0,4,1.3,0,0,142,45.4,32,10.2,-13812787.5645323,4980821.01373468
142,2023-24,0614910,1262836,12628360000000,Humboldt,Garfield Elementary,Elementary,KG,06,General Assistance,2200 Freshwater Rd.,Eureka,95503,01,02,02,02,"42 - Rural, Distant",40.76119204,-124.06179785,67,0,67,0,0,0,0,1,1.5,0,0,7,10.4,0,0,56,83.6,3,4.5,0,0,0,0,2,3,0,0,0,0,21,31.3,9,13.4,-13810496.1633916,4977181.10020862
143,2023-24,0615990,1262851,12628510000000,Humboldt,Green Point Elementary,Elementary,KG,08,General Assistance,180 Valkensar Ln.,Blue Lake,95525,01,02,02,02,"43 - Rural, Remote",41.02074507,-123.86715586,6,0,6,0,0,0,0,0,0,0,0,0,0,0,0,6,100,0,0,0,0,0,0,0,0,0,0,0,0,4,66.7,1,16.7,-13788828.7161985,5015402.03882333
144,2023-24,0618120,1262885,12628850000000,Humboldt,Hydesville Elementary,Elementary,KG,08,General Assistance,3050 Johnson Rd.,Hydesville,95547,01,02,02,02,"41 - Rural, Fringe",40.54915602,-124.09315282,224,0,224,2,0.9,4,1.8,0,0,0,0,30,13.4,0,0,174,77.7,14,6.2,0,0,5,2.2,3,1.3,0,0,0,0,114,50.9,38,17,-13813986.5830408,4946068.00092564
145,2023-24,0618660,1262893,12628930000000,Humboldt,Jacoby Creek Elementary,Elementary,KG,08,General Assistance,1617 Old Arcata Rd.,Bayside,95524,01,02,02,02,"41 - Rural, Fringe",40.84685504,-124.06787486,462,0,462,2,0.4,4,0.9,10,2.2,1,0.2,54,11.7,1,0.2,338,73.2,48,10.4,4,0.9,2,0.4,1,0.2,5,1.1,0,0,159,34.4,83,18,-13811172.6533904,4989778.99267018
146,2023-24,0619950,1262901,12629010000000,Humboldt,Klamath-Trinity Joint Unified,Unified,KG,12,Differentiated Assistance,11800 Highway 96,Hoopa,95546,01,02,02,02,"43 - Rural, Remote",41.05349609,-123.68031684,939,0,939,4,0.4,756,80.5,1,0.1,0,0,59,6.3,1,0.1,103,11,14,1.5,1,0.1,3,0.3,145,15.4,184,19.6,0,0,739,78.7,168,17.9,-13768029.8914035,5020235.52978789
147,2023-24,0619980,1262919,12629190000000,Humboldt,Kneeland Elementary,Elementary,KG,08,General Assistance,9313 Kneeland Rd.,Kneeland,95549,01,02,02,02,"42 - Rural, Distant",40.72647705,-123.94429683,28,0,28,0,0,0,0,0,0,0,0,2,7.1,0,0,26,92.9,0,0,0,0,0,0,0,0,0,0,0,0,17,60.7,3,10.7,-13797416.0093409,4972080.41942871
148,2023-24,0622320,1262927,12629270000000,Humboldt,Loleta Union Elementary,Elementary,KG,08,Differentiated Assistance,700 Loleta Dr.,Loleta,95551,01,02,02,02,"42 - Rural, Distant",40.64380702,-124.21820885,75,0,75,0,0,21,28,0,0,0,0,29,38.7,0,0,15,20,6,8,4,5.3,18,24,0,0,18,24,0,0,69,92,25,33.3,-13827907.7567363,4959944.39663459
149,2023-24,0623730,1262935,12629350000000,Humboldt,Maple Creek Elementary,Elementary,KG,08,General Assistance,15933 Maple Creek Rd.,Korbel,95550,01,02,02,02,"42 - Rural, Distant",40.76044505,-123.87012382,3,0,3,0,0,1,33.3,0,0,0,0,0,0,0,0,2,66.7,0,0,0,0,0,0,0,0,0,0,0,0,2,66.7,2,66.7,-13789159.1081838,4977071.31758422
150,2023-24,0624300,1262950,12629500000000,Humboldt,McKinleyville Union Elementary,Elementary,KG,08,Differentiated Assistance,2275 Central Ave.,McKinleyville,95519,01,02,02,02,"33 - Town, Remote",40.94745505,-124.09809788,924,0,924,6,0.6,70,7.6,10,1.1,1,0.1,158,17.1,4,0.4,515,55.7,144,15.6,16,1.7,40,4.3,6,0.6,23,2.5,0,0,542,58.7,169,18.3,-13814537.0645847,5004594.38178944
151,2023-24,0628830,1262968,12629680000000,Humboldt,Orick Elementary,Elementary,KG,08,General Assistance,120918 Highway 101,Orick,95555,01,02,02,02,"43 - Rural, Remote",41.28705207,-124.05881493,10,0,10,0,0,0,0,0,0,0,0,0,0,0,0,8,80,2,20,0,0,0,0,3,30,4,40,0,0,10,100,2,20,-13810164.1060857,5054774.42390468
152,2023-24,0629430,1262976,12629760000000,Humboldt,Pacific Union Elementary,Elementary,KG,08,Differentiated Assistance,3001 Janes Rd.,Arcata,95521,01,02,02,02,"33 - Town, Remote",40.89497904,-124.09270987,572,42,530,14,2.4,31,5.4,7,1.2,0,0,152,26.6,0,0,291,50.9,73,12.8,4,0.7,44,7.7,3,0.5,15,2.6,0,0,347,60.7,95,16.6,-13813937.2740526,4996863.41597446
153,2023-24,0630090,1262984,12629840000000,Humboldt,Peninsula Union ,Elementary,KG,08,Differentiated Assistance,909 Vance Ave.,Samoa,95564,01,02,02,02,"33 - Town, Remote",40.82204303,-124.18252287,65,0,65,3,4.6,4,6.2,0,0,0,0,15,23.1,0,0,34,52.3,6,9.2,3,4.6,2,3.1,2,3.1,12,18.5,0,0,52,80,14,21.5,-13823935.2117451,4986128.38061988
154,2023-24,0632730,1263008,12630080000000,Humboldt,Rio Dell Elementary,Elementary,KG,08,General Assistance,95 Center St.,Rio Dell,95562,01,02,02,02,"42 - Rural, Distant",40.50144602,-124.10358682,307,0,307,4,1.3,5,1.6,3,1,0,0,59,19.2,0,0,211,68.7,19,6.2,6,2,25,8.1,3,1,24,7.8,0,0,239,77.9,45,14.7,-13815148.0899581,4939080.8673634
155,2023-24,0636100,1263024,12630240000000,Humboldt,Scotia Union Elementary,Elementary,KG,08,Differentiated Assistance,417 Church St.,Scotia,95565,01,02,02,02,"42 - Rural, Distant",40.48172902,-124.10079581,192,0,192,0,0,4,2.1,0,0,0,0,25,13,0,0,129,67.2,29,15.1,5,2.6,6,3.1,2,1,12,6.2,0,0,147,76.6,26,13.5,-13814837.3969179,4936194.7624771
156,2023-24,0637350,1263032,12630320000000,Humboldt,South Bay Union Elementary,Elementary,KG,12,Differentiated Assistance,6077 Loma Ave.,Eureka,95503,01,02,02,02,"33 - Town, Remote",40.73484302,-124.20817787,845,501,344,8,0.9,47,5.6,12,1.4,0,0,183,21.7,1,0.1,477,56.4,108,12.8,9,1.1,47,5.6,8,0.9,100,11.8,0,0,635,75.1,150,17.8,-13826791.1123446,4973309.39078775
157,2023-24,0637590,1263040,12630400000000,Humboldt,Southern Humboldt Joint Unified,Unified,KG,12,General Assistance,110 School Rd.,Miranda,95553,01,02,02,02,"43 - Rural, Remote",40.23560402,-123.82222974,645,0,645,3,0.5,28,4.3,4,0.6,0,0,141,21.9,2,0.3,426,66,38,5.9,3,0.5,45,7,6,0.9,54,8.4,0,0,463,71.8,78,12.1,-13783827.5632464,4900238.91372701
158,2023-24,0639720,1263057,12630570000000,Humboldt,Trinidad Union Elementary,Elementary,KG,08,Differentiated Assistance,300 Trinity St.,Trinidad,95570,01,02,02,02,"42 - Rural, Distant",41.06036705,-124.1435549,168,0,168,2,1.2,11,6.5,1,0.6,0,0,24,14.3,1,0.6,110,65.5,17,10.1,2,1.2,0,0,0,0,5,3,0,0,105,62.5,31,18.5,-13819597.3171732,5021249.87168693
159,2023-24,0600037,1275374,12753740000000,Humboldt,Ferndale Unified,Unified,KG,12,Differentiated Assistance,164 Shaw Ave.,Ferndale,95536,01,02,02,02,"42 - Rural, Distant",40.57775773,-124.2674922,482,0,482,2,0.4,20,4.1,1,0.2,2,0.4,104,21.6,0,0,343,71.2,8,1.7,2,0.4,15,3.1,1,0.2,3,0.6,0,0,241,50,78,16.2,-13833393.9536936,4950259.11010959
160,2023-24,0600038,1275382,12753820000000,Humboldt,Mattole Unified,Unified,KG,12,General Assistance,29289 Chambers Rd.,Petrolia,95558,01,02,02,02,"43 - Rural, Remote",40.32183699,-124.28570582,36,0,36,0,0,1,2.8,0,0,0,0,4,11.1,0,0,21,58.3,9,25,1,2.8,0,0,0,0,4,11.1,0,0,14,38.9,6,16.7,-13835421.4843167,4912821.56583679
161,2023-24,0600052,1275515,12755150000000,Humboldt,Eureka City Schools,Unified,KG,12,Differentiated Assistance,2100 J St.,Eureka,95501,01,02,02,02,"33 - Town, Remote",40.78841003,-124.15927587,3686,148,3538,65,1.8,158,4.3,363,9.8,15,0.4,989,26.8,57,1.5,1578,42.8,451,12.2,10,0.3,617,16.7,58,1.6,281,7.6,1,0,2572,69.8,605,16.4,-13821347.3667224,4981182.10866995
162,2023-24,0601420,1276802,12768020000000,Humboldt,Fortuna Elementary,Elementary,KG,08,Differentiated Assistance,500 9th St.,Fortuna,95540,01,02,02,02,"33 - Town, Remote",40.59657702,-124.15794384,1278,230,1048,4,0.3,45,3.5,15,1.2,1,0.1,473,37,0,0,622,48.7,112,8.8,6,0.5,167,13.1,14,1.1,71,5.6,0,0,974,76.2,262,20.5,-13821199.0858135,4953017.74390493
163,2023-24,0691010,1310132,13101320000000,Imperial,Imperial County Office of Education,County Office of Education (COE),KG,12,Differentiated Assistance,1398 Sperber Rd.,El Centro,92243,09,25,18,36,"41 - Rural, Fringe",32.75209785,-115.56377062,958,241,717,9,0.9,3,0.3,2,0.2,1,0.1,914,95.4,0,0,27,2.8,2,0.2,0,0,429,44.8,4,0.4,21,2.2,65,6.8,807,84.2,564,58.9,-12864500.0997922,3862445.13802373
164,2023-24,0605790,1363073,13630730000000,Imperial,Brawley Elementary,Elementary,KG,08,Differentiated Assistance,261 D St.,Brawley,92227,09,25,18,36,"31 - Town, Fringe",32.98133088,-115.53808663,3901,0,3901,29,0.7,3,0.1,3,0.1,20,0.5,3719,95.3,3,0.1,107,2.7,5,0.1,12,0.3,1533,39.3,19,0.5,35,0.9,390,10,3318,85.1,530,13.6,-12861640.971386,3892826.21160639
165,2023-24,0605820,1363081,13630810000000,Imperial,Brawley Union High,High,09,12,Differentiated Assistance,480 North Imperial Ave.,Brawley,92227,09,25,18,36,"31 - Town, Fringe",32.98273288,-115.53418863,2022,0,2022,11,0.5,1,0,14,0.7,2,0.1,1912,94.6,1,0,74,3.7,6,0.3,1,0,465,23,9,0.4,7,0.3,263,13,1526,75.5,278,13.7,-12861207.0479386,3893012.26586601
166,2023-24,0606900,1363099,13630990000000,Imperial,Calexico Unified,Unified,KG,12,Differentiated Assistance,901 Andrade Ave.,Calexico,92231,09,25,18,36,"31 - Town, Fringe",32.67646384,-115.4828516,8146,0,8146,4,0,3,0,16,0.2,0,0,8013,98.4,0,0,45,0.6,1,0,64,0.8,4874,59.8,23,0.3,508,6.2,519,6.4,7185,88.2,875,10.7,-12855492.2357885,3852438.26947701
167,2023-24,0606990,1363107,13631070000000,Imperial,Calipatria Unified,Unified,KG,12,Differentiated Assistance,501 West Main St.,Calipatria,92233,09,25,18,36,"42 - Rural, Distant",33.12513489,-115.52262464,1086,0,1086,31,2.9,1,0.1,1,0.1,2,0.2,982,90.4,0,0,61,5.6,8,0.7,0,0,310,28.5,4,0.4,26,2.4,197,18.1,966,89,127,11.7,-12859919.7501905,3911925.33095756
168,2023-24,0608010,1363115,13631150000000,Imperial,Central Union High,High,09,12,Differentiated Assistance,351 Ross Ave.,El Centro,92243,09,25,18,36,"13 - City, Small",32.78102685,-115.55093462,4023,0,4023,26,0.6,4,0.1,29,0.7,4,0.1,3853,95.8,2,0,98,2.4,5,0.1,2,0,1007,25,14,0.3,114,2.8,309,7.7,3059,76,488,12.1,-12863071.2029692,3866274.87847465
169,2023-24,0612030,1363123,13631230000000,Imperial,El Centro Elementary,Elementary,KG,08,General Assistance,1256 Broadway,El Centro,92243,09,25,18,36,"13 - City, Small",32.79410585,-115.56707863,5433,385,5048,46,0.8,2,0,16,0.3,4,0.1,5211,95.9,0,0,105,1.9,16,0.3,33,0.6,2400,44.2,19,0.3,31,0.6,301,5.5,4487,82.6,755,13.9,-12864868.345072,3868006.7389488
170,2023-24,0616830,1363131,13631310000000,Imperial,Heber Elementary,Elementary,KG,08,Differentiated Assistance,1052 Heber Ave.,Heber,92249,09,25,18,36,"41 - Rural, Fringe",32.72540984,-115.52923761,1186,0,1186,2,0.2,0,0,0,0,1,0.1,1162,98,0,0,15,1.3,0,0,6,0.5,645,54.4,4,0.3,1,0.1,125,10.5,838,70.7,138,11.6,-12860655.9029385,3858913.17369829
171,2023-24,0617430,1363149,13631490000000,Imperial,Holtville Unified,Unified,KG,12,General Assistance,621 East Sixth St.,Holtville,92250,09,25,18,36,"31 - Town, Fringe",32.81320186,-115.37273359,1582,0,1582,5,0.3,3,0.2,0,0,0,0,1385,87.5,0,0,181,11.4,8,0.5,0,0,700,44.2,7,0.4,102,6.4,187,11.8,1274,80.5,150,9.5,-12843233.9549084,3870535.80192807
172,2023-24,0618210,1363164,13631640000000,Imperial,Imperial Unified,Unified,KG,12,Differentiated Assistance,219 North E St.,Imperial,92251,09,25,18,36,"23 - Suburban, Small",32.84923086,-115.57511063,4672,0,4672,31,0.7,1,0,22,0.5,30,0.6,4208,90.1,1,0,330,7.1,30,0.6,19,0.4,1121,24,17,0.4,390,8.3,72,1.5,2157,46.2,638,13.7,-12865762.4639522,3875308.93791912
173,2023-24,0623460,1363172,13631720000000,Imperial,Magnolia Union Elementary,Elementary,KG,08,General Assistance,4502 Casey Rd.,Brawley,92227,09,25,18,36,"42 - Rural, Distant",32.98244188,-115.42298861,114,0,114,0,0,0,0,0,0,0,0,59,51.8,0,0,55,48.2,0,0,0,0,11,9.6,0,0,0,0,0,0,20,17.5,15,13.2,-12848828.3182453,3892973.6488393
174,2023-24,0624180,1363180,13631800000000,Imperial,McCabe Union Elementary,Elementary,KG,08,General Assistance,701 West McCabe Rd.,El Centro,92243,09,25,18,36,"41 - Rural, Fringe",32.75151984,-115.59538363,1164,0,1164,3,0.3,0,0,25,2.1,3,0.3,995,85.5,0,0,102,8.8,8,0.7,28,2.4,158,13.6,2,0.2,2,0.2,11,0.9,503,43.2,130,11.2,-12868019.2435508,3862368.63250625
175,2023-24,0624390,1363198,13631980000000,Imperial,Meadows Union,Elementary,KG,08,Differentiated Assistance,2059 Bowker Rd.,El Centro,92243,09,25,18,36,"41 - Rural, Fringe",32.80050486,-115.47484661,370,0,370,3,0.8,1,0.3,0,0,0,0,338,91.4,2,0.5,22,5.9,2,0.5,2,0.5,220,59.5,0,0,0,0,38,10.3,240,64.9,62,16.8,-12854601.1240762,3868854.15844665
176,2023-24,0626430,1363206,13632060000000,Imperial,Mulberry Elementary,Elementary,KG,08,General Assistance,1391 East Rutherford Rd.,Brawley,92227,09,25,18,36,"42 - Rural, Distant",33.04404289,-115.41731662,69,0,69,2,2.9,0,0,0,0,0,0,48,69.6,0,0,19,27.5,0,0,0,0,8,11.6,0,0,0,0,0,0,36,52.2,10,14.5,-12848196.9144723,3901151.38058906
177,2023-24,0635070,1363214,13632140000000,Imperial,San Pasqual Valley Unified,Unified,KG,12,Differentiated Assistance,676 Base Line Rd.,Winterhaven,92283,09,25,18,36,"41 - Rural, Fringe",32.74958489,-114.59829245,589,0,589,2,0.3,266,45.2,0,0,0,0,286,48.6,0,0,15,2.5,16,2.7,4,0.7,129,21.9,1,0.2,45,7.6,33,5.6,521,88.5,108,18.3,-12757023.5609683,3862112.5219227
178,2023-24,0636210,1363222,13632220000000,Imperial,Seeley Union Elementary,Elementary,KG,08,General Assistance,1812 West Rio Vista St.,Seeley,92273,09,25,18,36,"42 - Rural, Distant",32.79537485,-115.69181165,337,0,337,1,0.3,4,1.2,0,0,1,0.3,303,89.9,1,0.3,17,5,10,3,0,0,170,50.4,0,0,17,5,44,13.1,318,94.4,59,17.5,-12878753.5617743,3868174.7868436
179,2023-24,0642180,1363230,13632300000000,Imperial,Westmorland Union Elementary,Elementary,KG,08,General Assistance,200 South C St.,Westmorland,92281,09,25,18,36,"42 - Rural, Distant",33.03592588,-115.61799665,323,0,323,1,0.3,0,0,0,0,0,0,320,99.1,0,0,2,0.6,0,0,0,0,157,48.6,4,1.2,41,12.7,40,12.4,308,95.4,30,9.3,-12870536.5139261,3900073.49436258
180,2023-24,0691011,1410140,14101400000000,Inyo,Inyo County Office of Education,County Office of Education (COE),KG,12,General Assistance,166 Grandview Dr.,Bishop,93514,10,03,04,08,"33 - Town, Remote",37.36030719,-118.43426153,1376,1368,8,244,17.7,11,0.8,3,0.2,1,0.1,1071,77.8,2,0.1,21,1.5,13,0.9,10,0.7,222,16.1,26,1.9,152,11,0,0,1261,91.6,144,10.5,-13184041.6864972,4489448.6687597
181,2023-24,0604950,1463248,14632480000000,Inyo,Big Pine Unified,Unified,KG,12,General Assistance,500 South Main St.,Big Pine,93513,10,03,04,08,"43 - Rural, Remote",37.16148318,-118.28861249,151,0,151,0,0,44,29.1,0,0,0,0,50,33.1,0,0,36,23.8,20,13.2,1,0.7,10,6.6,0,0,0,0,0,0,95,62.9,21,13.9,-13167828.1088564,4461639.42627076
182,2023-24,0610680,1463271,14632710000000,Inyo,Death Valley Unified,Unified,KG,12,General Assistance,Old State Highway 127,Shoshone,92384,10,03,04,08,"43 - Rural, Remote",35.97907219,-116.27267002,17,0,17,0,0,0,0,0,0,0,0,8,47.1,0,0,6,35.3,1,5.9,2,11.8,4,23.5,0,0,0,0,0,0,8,47.1,0,0,-12943414.4196337,4297742.11946607
183,2023-24,0622440,1463289,14632890000000,Inyo,Lone Pine Unified,Unified,KG,12,Differentiated Assistance,301 South Hay St.,Lone Pine,93545,10,03,04,08,"43 - Rural, Remote",36.60279714,-118.06057539,299,0,299,0,0,27,9,3,1,1,0.3,176,58.9,0,0,65,21.7,27,9,0,0,52,17.4,5,1.7,1,0.3,0,0,198,66.2,37,12.4,-13142443.1352269,4383885.50227626
184,2023-24,0629190,1463297,14632970000000,Inyo,Owens Valley Unified,Unified,KG,12,General Assistance,202 South Clay St.,Independence,93526,10,03,04,08,"43 - Rural, Remote",36.80293715,-118.19640244,101,0,101,2,2,16,15.8,0,0,1,1,42,41.6,0,0,20,19.8,17,16.8,3,3,1,1,0,0,0,0,0,0,35,34.7,22,21.8,-13157563.3327185,4411674.24746662
185,2023-24,0633690,1463305,14633050000000,Inyo,Round Valley Joint Elementary,Elementary,KG,05,General Assistance,300 North Round Valley Rd.,Bishop,93514,10,03,04,08,"42 - Rural, Distant",37.41876219,-118.58594957,69,0,69,0,0,5,7.2,1,1.4,0,0,11,15.9,0,0,40,58,4,5.8,8,11.6,1,1.4,0,0,0,0,0,0,25,36.2,14,20.3,-13200927.5209763,4497638.68974056
186,2023-24,0601409,1476687,14766870000000,Inyo,Bishop Unified,Unified,KG,12,Differentiated Assistance,656 West Pine St.,Bishop,93514,10,03,04,08,"33 - Town, Remote",37.36372719,-118.40134753,1933,0,1933,4,0.2,280,14.5,13,0.7,1,0.1,796,41.2,2,0.1,658,34,152,7.9,27,1.4,199,10.3,15,0.8,71,3.7,0,0,1245,64.4,288,14.9,-13180377.7161185,4489927.66313034
187,2023-24,0691012,1510157,15101570000000,Kern,Kern County Office of Education,County Office of Education (COE),KG,12,Differentiated Assistance,"1300 17th St., City Centre",Bakersfield,93301,08,22,12,32,"11 - City, Large",35.37460495,-119.01676343,5484,4468,1016,180,3.3,16,0.3,51,0.9,70,1.3,4159,75.8,3,0.1,876,16,92,1.7,37,0.7,1303,23.8,64,1.2,57,1,96,1.8,3873,70.6,946,17.3,-13248885.5010619,4214905.70953236
188,2023-24,0603270,1563313,15633130000000,Kern,Arvin Union,Elementary,KG,08,General Assistance,737 Bear Mountain Blvd.,Arvin,93203,08,22,16,35,"31 - Town, Fringe",35.20888195,-118.83200239,2915,0,2915,24,0.8,1,0,8,0.3,4,0.1,2735,93.8,0,0,113,3.9,3,0.1,27,0.9,1814,62.2,16,0.5,65,2.2,462,15.8,2751,94.4,278,9.5,-13228317.9954885,4192303.72226746
189,2023-24,0603630,1563321,15633210000000,Kern,Bakersfield City,Elementary,KG,08,Differentiated Assistance,1300 Baker St.,Bakersfield,93305,08,22,16,35,"11 - City, Large",35.38260795,-118.99117143,28761,0,28761,2118,7.4,109,0.4,200,0.7,99,0.3,23719,82.5,28,0.1,2174,7.6,314,1.1,0,0,7864,27.3,246,0.9,841,2.9,904,3.1,26509,92.2,3195,11.1,-13246036.6122417,4215998.36520636
190,2023-24,0604260,1563339,15633390000000,Kern,Beardsley Elementary,Elementary,KG,08,Differentiated Assistance,1001 Roberts Ln.,Bakersfield,93308,08,20,12,32,"21 - Suburban, Large",35.40828595,-119.04023344,1946,0,1946,121,6.2,9,0.5,3,0.2,4,0.2,1134,58.3,0,0,600,30.8,69,3.5,6,0.3,249,12.8,31,1.6,27,1.4,21,1.1,1886,96.9,287,14.7,-13251498.1702202,4219504.93257647
191,2023-24,0605250,1563354,15633540000000,Kern,Blake Elementary,Elementary,KG,08,General Assistance,19165 Main St.,Woody,93287,08,20,12,32,"42 - Rural, Distant",35.703712,-118.83720943,19,0,19,0,0,1,5.3,0,0,0,0,9,47.4,0,0,9,47.4,0,0,0,0,2,10.5,0,0,0,0,0,0,7,36.8,0,0,-13228897.6412734,4259928.81373087
192,2023-24,0606390,1563362,15633620000000,Kern,Panama-Buena Vista Union,Elementary,KG,08,Differentiated Assistance,4200 Ashe Rd.,Bakersfield,93313,08,22,16,35,"11 - City, Large",35.31689694,-119.07389444,19369,0,19369,1488,7.7,62,0.3,2026,10.5,113,0.6,11909,61.5,74,0.4,2649,13.7,369,1.9,679,3.5,2818,14.5,150,0.8,97,0.5,0,0,14838,76.6,2511,13,-13255245.2952851,4207029.99978778
193,2023-24,0606720,1563370,15633700000000,Kern,Buttonwillow Union Elementary,Elementary,KG,08,General Assistance,42600 Highway 58,Buttonwillow,93206,08,22,12,35,"42 - Rural, Distant",35.40048493,-119.47453351,287,0,287,5,1.7,1,0.3,1,0.3,0,0,262,91.3,0,0,18,6.3,0,0,0,0,161,56.1,2,0.7,0,0,5,1.7,247,86.1,32,11.1,-13299844.2328511,4218439.51217448
194,2023-24,0606960,1563388,15633880000000,Kern,Caliente Union Elementary,Elementary,KG,08,General Assistance,12400 Caliente Creek Rd.,Caliente,93518,08,20,12,32,"43 - Rural, Remote",35.34570699,-118.37839032,52,0,52,0,0,0,0,0,0,0,0,10,19.2,0,0,32,61.5,8,15.4,2,3.8,0,0,0,0,0,0,0,0,41,78.8,4,7.7,-13177822.1315542,4210961.15219917
195,2023-24,0610890,1563404,15634040000000,Kern,Delano Union Elementary,Elementary,KG,08,General Assistance,1405 12th Ave.,Delano,93215,08,22,16,35,"32 - Town, Distant",35.77314298,-119.2394645,6235,1839,4396,30,0.5,15,0.2,61,1,527,8.5,5455,87.5,2,0,78,1.3,33,0.5,34,0.5,2133,34.2,31,0.5,69,1.1,304,4.9,5562,89.2,567,9.1,-13273676.4711359,4269450.92646545
196,2023-24,0610860,1563412,15634120000000,Kern,Delano Joint Union High,High,09,12,General Assistance,1720 Norwalk St.,Delano,93215,08,22,16,35,"32 - Town, Distant",35.77866998,-119.24050351,4054,0,4054,17,0.4,0,0,33,0.8,299,7.4,3635,89.7,1,0,58,1.4,11,0.3,0,0,961,23.7,8,0.2,21,0.5,246,6.1,3693,91.1,355,8.8,-13273792.1322582,4270209.28392443
197,2023-24,0611130,1563420,15634200000000,Kern,Di Giorgio Elementary,Elementary,KG,08,General Assistance,19405 Buena Vista Blvd.,Arvin,93203,08,22,16,35,"41 - Rural, Fringe",35.23758695,-118.78697538,223,0,223,0,0,0,0,0,0,0,0,214,96,0,0,9,4,0,0,0,0,72,32.3,2,0.9,0,0,10,4.5,223,100,10,4.5,-13223305.6123204,4196215.31884143
198,2023-24,0611940,1563438,15634380000000,Kern,Edison Elementary,Elementary,KG,08,Differentiated Assistance,11518 School St.,Bakersfield,93307,08,22,16,35,"41 - Rural, Fringe",35.34747496,-118.8760774,1113,0,1113,17,1.5,8,0.7,0,0,1,0.1,967,86.9,0,0,80,7.2,16,1.4,24,2.2,289,26,11,1,178,16,14,1.3,1082,97.2,129,11.6,-13233224.4041676,4211202.4385247
199,2023-24,0612360,1563446,15634460000000,Kern,Elk Hills Elementary,Elementary,KG,08,General Assistance,501 Kern St.,Tupman,93276,08,20,12,32,"42 - Rural, Distant",35.29821392,-119.35485448,167,0,167,2,1.2,0,0,0,0,0,0,28,16.8,0,0,134,80.2,3,1.8,0,0,10,6,3,1.8,0,0,0,0,97,58.1,23,13.8,-13286521.6243448,4204481.43620204
200,2023-24,0613290,1563461,15634610000000,Kern,Fairfax Elementary,Elementary,KG,08,Differentiated Assistance,1500 South Fairfax Rd.,Bakersfield,93307,08,22,16,35,"21 - Suburban, Large",35.34128095,-118.93264641,2687,0,2687,55,2,2,0.1,32,1.2,3,0.1,2441,90.8,1,0,98,3.6,26,1,29,1.1,903,33.6,11,0.4,133,4.9,211,7.9,2610,97.1,255,9.5,-13239521.6374919,4210357.12532865
201,2023-24,0614700,1563479,15634790000000,Kern,Fruitvale Elementary,Elementary,KG,08,General Assistance,7311 Rosedale Hwy.,Bakersfield,93308,08,20,12,32,"11 - City, Large",35.38301595,-119.08373344,3078,0,3078,119,3.9,23,0.7,92,3,58,1.9,1538,50,16,0.5,1096,35.6,101,3.3,35,1.1,216,7,19,0.6,67,2.2,0,0,2120,68.9,392,12.7,-13256340.5686542,4216054.07174927
202,2023-24,0615000,1563487,15634870000000,Kern,General Shafter Elementary,Elementary,KG,08,General Assistance,1825 Shafter Rd.,Bakersfield,93313,08,20,12,32,"41 - Rural, Fringe",35.22228193,-119.02274642,184,0,184,2,1.1,0,0,0,0,0,0,144,78.3,0,0,37,20.1,1,0.5,0,0,48,26.1,1,0.5,0,0,0,0,168,91.3,9,4.9,-13249551.5241129,4194129.55042465
203,2023-24,0616050,1563503,15635030000000,Kern,Greenfield Union,Elementary,KG,08,General Assistance,1624 Fairview Rd.,Bakersfield,93307,08,22,16,35,"11 - City, Large",35.30346294,-119.02050642,9021,0,9021,483,5.4,9,0.1,134,1.5,27,0.3,7856,87.1,5,0.1,422,4.7,84,0.9,1,0,2135,23.7,65,0.7,326,3.6,331,3.7,8679,96.2,782,8.7,-13249302.169168,4205197.39952818
204,2023-24,0619540,1563529,15635290000000,Kern,Kern High,High,09,12,Differentiated Assistance,5801 Sundale Ave.,Bakersfield,93309,08,20,12,32,"11 - City, Large",35.34243494,-119.06517644,43116,574,42542,2320,5.4,227,0.5,1149,2.7,440,1,30954,71.8,124,0.3,7088,16.4,363,0.8,451,1,4382,10.2,336,0.8,486,1.1,651,1.5,33830,78.5,5328,12.4,-13254274.8120455,4210514.60893189
205,2023-24,0619590,1563545,15635450000000,Kern,Kernville Union Elementary,Elementary,KG,08,Differentiated Assistance,3240 Erskine Creek Rd.,Lake Isabella,93240,08,20,12,32,"32 - Town, Distant",35.60932501,-118.46643436,779,0,779,11,1.4,22,2.8,3,0.4,3,0.4,180,23.1,1,0.1,541,69.4,17,2.2,1,0.1,14,1.8,20,2.6,7,0.9,0,0,647,83.1,150,19.3,-13187623.1491642,4246997.39745892
206,2023-24,0620730,1563552,15635520000000,Kern,Lakeside Union,Elementary,KG,08,Differentiated Assistance,14535 Old River Rd.,Bakersfield,93311,08,20,12,32,"41 - Rural, Fringe",35.22220593,-119.11044643,1599,0,1599,72,4.5,7,0.4,95,5.9,24,1.5,1093,68.4,2,0.1,181,11.3,57,3.6,68,4.3,262,16.4,9,0.6,29,1.8,0,0,1068,66.8,182,11.4,-13259314.2450365,4194119.19354113
207,2023-24,0620850,1563560,15635600000000,Kern,Lamont Elementary,Elementary,KG,08,General Assistance,7915 Burgundy Ave.,Lamont,93241,08,22,16,35,"31 - Town, Fringe",35.26307095,-118.9163874,2613,0,2613,4,0.2,0,0,4,0.2,0,0,2585,98.9,0,0,20,0.8,0,0,0,0,1355,51.9,7,0.3,75,2.9,312,11.9,2249,86.1,232,8.9,-13237711.6927973,4199689.15243989
208,2023-24,0621450,1563578,15635780000000,Kern,Richland Union Elementary,Elementary,KG,08,Differentiated Assistance,300 North Valley,Shafter,93263,08,22,16,35,"31 - Town, Fringe",35.50365395,-119.27880649,3333,810,2523,22,0.7,3,0.1,33,1,1,0,3081,92.4,3,0.1,180,5.4,4,0.1,6,0.2,1037,31.1,24,0.7,141,4.2,57,1.7,2880,86.4,401,12,-13278056.0004932,4232538.10273701
209,2023-24,0621900,1563586,15635860000000,Kern,Linns Valley-Poso Flat Union,Elementary,KG,08,General Assistance,158 White River Rd.,Glennville,93226,08,20,12,32,"42 - Rural, Distant",35.72997901,-118.70425041,19,0,19,0,0,0,0,0,0,0,0,3,15.8,0,0,15,78.9,1,5.3,0,0,0,0,0,0,0,0,0,0,13,68.4,2,10.5,-13214096.710976,4263530.22696991
210,2023-24,0622950,1563594,15635940000000,Kern,Lost Hills Union Elementary,Elementary,KG,08,General Assistance,20951 Pavilion Way,Lost Hills,93249,08,22,16,35,"43 - Rural, Remote",35.61537593,-119.70273856,271,0,271,0,0,0,0,2,0.7,0,0,267,98.5,0,0,2,0.7,0,0,0,0,133,49.1,0,0,0,0,134,49.4,207,76.4,24,8.9,-13325247.9035574,4247825.94138502
211,2023-24,0623760,1563610,15636100000000,Kern,Maple Elementary,Elementary,KG,08,General Assistance,29161 Fresno Ave.,Shafter,93263,08,22,16,35,"41 - Rural, Fringe",35.51392195,-119.3359965,285,0,285,0,0,2,0.7,0,0,0,0,221,77.5,0,0,62,21.8,0,0,0,0,29,10.2,0,0,0,0,0,0,171,60,28,9.8,-13284422.3632943,4233942.26874371
212,2023-24,0623820,1563628,15636280000000,Kern,Maricopa Unified,Unified,KG,12,Differentiated Assistance,955 Stanislaus St.,Maricopa,93252,08,20,12,32,"42 - Rural, Distant",35.05416489,-119.40382646,14535,14229,306,613,4.2,47,0.3,460,3.2,136,0.9,5302,36.5,39,0.3,6736,46.3,995,6.8,207,1.4,415,2.9,16,0.1,92,0.6,26,0.2,7075,48.7,1469,10.1,-13291973.1608308,4171244.37520383
213,2023-24,0624330,1563651,15636510000000,Kern,McKittrick Elementary,Elementary,KG,08,General Assistance,23250 Second St.,McKittrick,93251,08,20,12,32,"42 - Rural, Distant",35.30982991,-119.62091452,69,0,69,3,4.3,0,0,1,1.4,0,0,22,31.9,0,0,42,60.9,1,1.4,0,0,2,2.9,0,0,0,0,0,0,28,40.6,4,5.8,-13316139.2929692,4206065.91169529
214,2023-24,0624780,1563669,15636690000000,Kern,Midway Elementary,Elementary,KG,08,General Assistance,259 F St.,Fellows,93224,08,20,12,32,"42 - Rural, Distant",35.1722329,-119.5440455,67,0,67,0,0,1,1.5,0,0,0,0,10,14.9,0,0,54,80.6,2,3,0,0,3,4.5,0,0,3,4.5,0,0,44,65.7,7,10.4,-13307582.2722811,4187311.6096417
215,2023-24,0625230,1563677,15636770000000,Kern,Mojave Unified,Unified,KG,12,Differentiated Assistance,3200 Pat Ave.,Mojave,93501,08,23,12,34,"43 - Rural, Remote",35.06074697,-118.19267626,2842,0,2842,749,26.4,12,0.4,28,1,5,0.2,1489,52.4,9,0.3,350,12.3,186,6.5,14,0.5,449,15.8,67,2.4,89,3.1,0,0,2555,89.9,496,17.5,-13157148.5372776,4172139.48180524
216,2023-24,0626490,1563685,15636850000000,Kern,Muroc Joint Unified,Unified,KG,12,Differentiated Assistance,17100 Foothill Ave.,North Edwards,93523,08,23,12,34,"42 - Rural, Distant",35.01505099,-117.8263762,1802,0,1802,136,7.5,5,0.3,18,1,37,2.1,634,35.2,8,0.4,633,35.1,201,11.2,130,7.2,19,1.1,6,0.3,27,1.5,0,0,543,30.1,266,14.8,-13116372.2004825,4165926.70109543
217,2023-24,0627450,1563693,15636930000000,Kern,Norris Elementary,Elementary,KG,08,General Assistance,6940 Calloway Dr.,Bakersfield,93312,08,20,12,32,"11 - City, Large",35.42221495,-119.10880545,3991,0,3991,77,1.9,23,0.6,165,4.1,108,2.7,1675,42,5,0.1,1721,43.1,195,4.9,22,0.6,189,4.7,25,0.6,13,0.3,2,0.1,1356,34,396,9.9,-13259131.5717486,4221407.53271292
218,2023-24,0631350,1563719,15637190000000,Kern,Pond Union Elementary,Elementary,KG,08,General Assistance,29585 Pond Rd.,Wasco,93280,08,22,16,35,"42 - Rural, Distant",35.71738897,-119.31268051,169,0,169,0,0,0,0,1,0.6,1,0.6,159,94.1,0,0,4,2.4,1,0.6,3,1.8,29,17.2,0,0,3,1.8,3,1.8,153,90.5,24,14.2,-13281826.8397274,4261803.88563635
219,2023-24,0633480,1563750,15637500000000,Kern,Rosedale Union Elementary,Elementary,KG,08,Differentiated Assistance,2553 Old Farm Rd.,Bakersfield,93312,08,20,12,32,"11 - City, Large",35.38326194,-119.13732645,6213,0,6213,161,2.6,26,0.4,200,3.2,102,1.6,2681,43.2,8,0.1,2768,44.6,184,3,83,1.3,315,5.1,25,0.4,1,0,0,0,2636,42.4,738,11.9,-13262306.5150258,4216087.65975561
220,2023-24,0636330,1563768,15637680000000,Kern,Semitropic Elementary,Elementary,KG,08,General Assistance,25300 Highway 46,Wasco,93280,08,22,16,35,"42 - Rural, Distant",35.60203194,-119.50862353,142,0,142,4,2.8,0,0,0,0,0,0,136,95.8,0,0,2,1.4,0,0,0,0,79,55.6,0,0,0,0,1,0.7,97,68.3,12,8.5,-13303639.1170644,4245998.85203531
221,2023-24,0637620,1563776,15637760000000,Kern,Southern Kern Unified,Unified,KG,12,Differentiated Assistance,2601 Rosamond Blvd.,Rosamond,93560,08,20,12,34,"31 - Town, Fringe",34.86464395,-118.17901125,3683,0,3683,313,8.5,10,0.3,27,0.7,30,0.8,2369,64.3,4,0.1,738,20,160,4.3,32,0.9,563,15.3,49,1.3,439,11.9,1,0,3048,82.8,644,17.5,-13155627.3544043,4145501.97736026
222,2023-24,0637470,1563784,15637840000000,Kern,South Fork Union,Elementary,KG,08,Differentiated Assistance,5225 Kelso Valley Rd.,Weldon,93283,08,20,12,32,"43 - Rural, Remote",35.64684203,-118.27473933,340,0,340,0,0,7,2.1,2,0.6,0,0,83,24.4,0,0,219,64.4,20,5.9,9,2.6,9,2.6,4,1.2,8,2.4,0,0,262,77.1,53,15.6,-13166283.7562147,4252135.55749504
223,2023-24,0637890,1563792,15637920000000,Kern,Standard Elementary,Elementary,KG,08,Differentiated Assistance,1200 North Chester Ave.,Bakersfield,93308,08,22,12,32,"21 - Suburban, Large",35.41625195,-119.02067144,3030,0,3030,129,4.3,15,0.5,10,0.3,8,0.3,1396,46.1,9,0.3,1370,45.2,92,3,1,0,245,8.1,28,0.9,118,3.9,9,0.3,2778,91.7,396,13.1,-13249320.5380575,4220592.99030289
224,2023-24,0638700,1563800,15638000000000,Kern,Taft City,Elementary,KG,08,General Assistance,820 Sixth St.,Taft,93268,08,20,12,32,"32 - Town, Distant",35.1487329,-119.45653848,2383,0,2383,18,0.8,6,0.3,11,0.5,6,0.3,1706,71.6,8,0.3,607,25.5,10,0.4,11,0.5,1096,46,16,0.7,10,0.4,238,10,2161,90.7,277,11.6,-13297841.0357757,4184111.76561232
225,2023-24,0638730,1563818,15638180000000,Kern,Taft Union High,High,09,12,Differentiated Assistance,701 Wildcat Way,Taft,93268,08,20,12,32,"32 - Town, Distant",35.1463419,-119.46053448,1138,0,1138,6,0.5,5,0.4,7,0.6,3,0.3,705,62,1,0.1,396,34.8,4,0.4,11,1,207,18.2,7,0.6,20,1.8,99,8.7,938,82.4,149,13.1,-13298285.8685664,4183786.25033132
226,2023-24,0638880,1563826,15638260000000,Kern,Tehachapi Unified,Unified,KG,12,Differentiated Assistance,300 South Robinson St.,Tehachapi,93561,08,20,12,32,"41 - Rural, Fringe",35.12933496,-118.44622331,4219,0,4219,52,1.2,21,0.5,40,0.9,10,0.2,1653,39.2,9,0.2,2245,53.2,148,3.5,41,1,241,5.7,37,0.9,139,3.3,9,0.2,1827,43.3,611,14.5,-13185373.2657567,4181471.1685957
227,2023-24,0641130,1563834,15638340000000,Kern,Vineland Elementary,Elementary,KG,08,Differentiated Assistance,14713 Weedpatch Hwy.,Bakersfield,93307,08,22,16,35,"41 - Rural, Fringe",35.22146494,-118.9141844,657,0,657,0,0,0,0,0,0,0,0,648,98.6,0,0,8,1.2,0,0,1,0.2,386,58.8,1,0.2,66,10,133,20.2,657,100,74,11.3,-13237466.4555503,4194018.22164413
228,2023-24,0641400,1563842,15638420000000,Kern,Wasco Union Elementary,Elementary,KG,08,General Assistance,1102 Fifth St.,Wasco,93280,08,22,16,35,"32 - Town, Distant",35.59722395,-119.3384485,3473,0,3473,45,1.3,3,0.1,16,0.5,0,0,3329,95.9,4,0.1,66,1.9,8,0.2,2,0.1,1089,31.4,16,0.5,13,0.4,292,8.4,3223,92.8,367,10.6,-13284695.3194756,4245340.60588071
229,2023-24,0641430,1563859,15638590000000,Kern,Wasco Union High,High,09,12,Differentiated Assistance,2100 Seventh St.,Wasco,93280,08,22,16,35,"32 - Town, Distant",35.59459495,-119.34963051,1807,0,1807,32,1.8,1,0.1,10,0.6,2,0.1,1704,94.3,0,0,56,3.1,1,0.1,1,0.1,378,20.9,5,0.3,9,0.5,114,6.3,1599,88.5,168,9.3,-13285940.0943093,4244980.69462529
230,2023-24,0632710,1573544,15735440000000,Kern,Rio Bravo-Greeley Union Elementary,Elementary,KG,08,General Assistance,6521 Enos Ln.,Bakersfield,93314,08,22,12,32,"41 - Rural, Fringe",35.41934294,-119.25228747,1037,0,1037,7,0.7,2,0.2,29,2.8,5,0.5,521,50.2,1,0.1,465,44.8,6,0.6,1,0.1,83,8,4,0.4,0,0,6,0.6,523,50.4,104,10,-13275103.917477,4221015.20993491
231,2023-24,0636800,1573742,15737420000000,Kern,Sierra Sands Unified,Unified,KG,12,Differentiated Assistance,113 West Felspar Ave.,Ridgecrest,93555,08,20,12,32,"33 - Town, Remote",35.63327906,-117.67157923,5122,0,5122,376,7.3,55,1.1,104,2,74,1.4,1676,32.7,32,0.6,2493,48.7,274,5.3,38,0.7,280,5.5,41,0.8,208,4.1,0,0,2830,55.3,823,16.1,-13099140.2805785,4250277.75741757
232,2023-24,0624230,1573908,15739080000000,Kern,McFarland Unified,Unified,KG,12,Differentiated Assistance,601 Second St.,McFarland,93250,08,22,16,35,"32 - Town, Distant",35.68048697,-119.22970049,3274,0,3274,8,0.2,0,0,16,0.5,9,0.3,3203,97.8,1,0,11,0.3,0,0,26,0.8,1123,34.3,14,0.4,426,13,90,2.7,2990,91.3,356,10.9,-13272589.546478,4256745.46848048
233,2023-24,0600026,1575168,15751680000000,Kern,El Tejon Unified,Unified,KG,12,General Assistance,4337 Lebec Rd.,Lebec,93243,08,20,12,32,"43 - Rural, Remote",34.87326291,-118.88753536,712,0,712,6,0.8,5,0.7,10,1.4,5,0.7,347,48.7,3,0.4,309,43.4,18,2.5,9,1.3,73,10.3,7,1,148,20.8,0,0,590,82.9,111,15.6,-13234499.8983574,4146671.38946632
234,2023-24,0691013,1610165,16101650000000,Kings,Kings County Office of Education,County Office of Education (COE),KG,12,General Assistance,1144 West Lacey Blvd.,Hanford,93230,07,22,16,33,"13 - City, Small",36.32845201,-119.66360463,363,0,363,19,5.2,8,2.2,1,0.3,9,2.5,265,73,1,0.3,51,14,8,2.2,1,0.3,8,2.2,8,2.2,4,1.1,0,0,290,79.9,348,95.9,-13320891.5338146,4345910.48908289
235,2023-24,0603180,1663875,16638750000000,Kings,Armona Union Elementary,Elementary,KG,12,Differentiated Assistance,11115 C St.,Armona,93202,07,22,16,33,"23 - Suburban, Small",36.311872,-119.70662263,1667,700,967,51,3.1,6,0.4,32,1.9,14,0.8,1239,74.3,6,0.4,248,14.9,60,3.6,11,0.7,294,17.6,14,0.8,28,1.7,56,3.4,1368,82.1,188,11.3,-13325680.2762019,4343619.77018592
236,2023-24,0607980,1663883,16638830000000,Kings,Central Union Elementary,Elementary,KG,08,General Assistance,15783 18th Ave.,Lemoore,93245,07,20,16,33,"32 - Town, Distant",36.24346799,-119.78024964,1596,0,1596,111,7,72,4.5,20,1.3,47,2.9,702,44,8,0.5,450,28.2,186,11.7,0,0,148,9.3,22,1.4,2,0.1,24,1.5,781,48.9,183,11.5,-13333876.397006,4334174.11359881
237,2023-24,0609690,1663891,16638910000000,Kings,Corcoran Joint Unified,Unified,KG,12,Differentiated Assistance,1520 Patterson Ave.,Corcoran,93212,07,22,16,33,"32 - Town, Distant",36.10196599,-119.56688859,3201,0,3201,74,2.3,9,0.3,12,0.4,5,0.2,2951,92.2,1,0,135,4.2,11,0.3,3,0.1,627,19.6,5,0.2,122,3.8,96,3,2953,92.3,280,8.7,-13310125.1535294,4314660.82074551
238,2023-24,0616470,1663917,16639170000000,Kings,Hanford Elementary,Elementary,KG,08,Differentiated Assistance,714 North White St.,Hanford,93230,07,22,16,33,"13 - City, Small",36.33264201,-119.63989463,5568,0,5568,221,4,28,0.5,46,0.8,51,0.9,4351,78.1,10,0.2,657,11.8,185,3.3,19,0.3,1051,18.9,56,1,82,1.5,146,2.6,4478,80.4,627,11.3,-13318252.1483402,4346489.46328913
239,2023-24,0616500,1663925,16639250000000,Kings,Hanford Joint Union High,High,09,12,Differentiated Assistance,823 West Lacey Blvd.,Hanford,93230,07,22,16,33,"13 - City, Small",36.32753501,-119.65719363,4180,152,4028,144,3.4,15,0.4,52,1.2,53,1.3,3052,73,7,0.2,689,16.5,146,3.5,22,0.5,472,11.3,32,0.8,170,4.1,121,2.9,3264,78.1,357,8.5,-13320177.8644498,4345783.78214055
240,2023-24,0618510,1663933,16639330000000,Kings,Island Union Elementary,Elementary,KG,08,,7799 21st Ave.,Lemoore,93245,07,20,16,33,"42 - Rural, Distant",36.361379,-119.83352366,367,367,0,0,0,3,0.8,0,0,1,0.3,140,38.1,0,0,208,56.7,15,4.1,0,0,19,5.2,0,0,23,6.3,6,1.6,165,45,21,5.7,-13339806.8338534,4350461.17817281
241,2023-24,0619770,1663941,16639410000000,Kings,Kings River-Hardwick Union Elementary,Elementary,KG,08,,10300 Excelsior Ave.,Hanford,93230,07,20,16,33,"41 - Rural, Fringe",36.40157401,-119.64174363,850,850,0,2,0.2,1,0.1,4,0.5,6,0.7,391,46,0,0,395,46.5,46,5.4,5,0.6,31,3.6,3,0.4,0,0,5,0.6,284,33.4,55,6.5,-13318457.9788869,4356018.95855865
242,2023-24,0619890,1663958,16639580000000,Kings,Kit Carson Union Elementary,Elementary,KG,12,General Assistance,9895 Seventh Ave.,Hanford,93230,07,20,16,33,"41 - Rural, Fringe",36.33011201,-119.58235662,1523,1139,384,34,2.2,17,1.1,4,0.3,1,0.1,1192,78.3,1,0.1,218,14.3,40,2.6,16,1.1,265,17.4,23,1.5,22,1.4,14,0.9,1299,85.3,210,13.8,-13311847.0463894,4346139.86485897
243,2023-24,0620760,1663966,16639660000000,Kings,Lakeside Union Elementary,Elementary,KG,08,General Assistance,9100 Jersey Ave.,Hanford,93230,07,22,16,33,"41 - Rural, Fringe",36.241025,-119.62021861,248,0,248,12,4.8,0,0,6,2.4,0,0,213,85.9,0,0,12,4.8,5,2,0,0,100,40.3,3,1.2,3,1.2,1,0.4,240,96.8,32,12.9,-13316061.8245349,4333836.9232101
244,2023-24,0621360,1663974,16639740000000,Kings,Lemoore Union Elementary,Elementary,KG,08,Differentiated Assistance,1200 West Cinnamon Dr.,Lemoore,93245,07,20,16,33,"31 - Town, Fringe",36.30601899,-119.79998665,3216,145,3071,95,3,46,1.4,24,0.7,90,2.8,2294,71.3,7,0.2,500,15.5,141,4.4,19,0.6,450,14,29,0.9,54,1.7,54,1.7,2540,79,315,9.8,-13336073.5108051,4342811.22615994
245,2023-24,0621400,1663982,16639820000000,Kings,Lemoore Union High,High,09,12,Differentiated Assistance,5 Powell Ave.,Lemoore,93245,07,20,16,33,"31 - Town, Fringe",36.29852999,-119.78023964,2309,392,1917,95,4.1,44,1.9,23,1,83,3.6,1379,59.7,12,0.5,539,23.3,134,5.8,0,0,194,8.4,15,0.6,29,1.3,36,1.6,1346,58.3,250,10.8,-13333875.2843382,4341776.7720374
246,2023-24,0630510,1663990,16639900000000,Kings,Pioneer Union Elementary,Elementary,KG,08,Differentiated Assistance,1888 North Mustang Dr.,Hanford,93230,07,20,16,33,"41 - Rural, Fringe",36.34575301,-119.68755364,1636,1636,0,37,2.3,10,0.6,43,2.6,44,2.7,937,57.3,6,0.4,478,29.2,72,4.4,9,0.6,129,7.9,18,1.1,4,0.2,4,0.2,727,44.4,131,8,-13323557.5249472,4348301.34140425
247,2023-24,0632270,1673932,16739320000000,Kings,Reef-Sunset Unified,Unified,KG,12,Differentiated Assistance,205 North Park Ave.,Avenal,93204,07,22,16,33,"41 - Rural, Fringe",36.00866094,-120.12517267,2687,0,2687,2,0.1,2,0.1,25,0.9,0,0,2617,97.4,2,0.1,38,1.4,1,0,0,0,1450,54,9,0.3,88,3.3,73,2.7,2606,97,250,9.3,-13372273.0532388,4301813.17000588
248,2023-24,0691014,1710173,17101730000000,Lake,Lake County Office of Education,County Office of Education (COE),KG,12,General Assistance,1152 South Main St.,Lakeport,95453,01,04,02,04,"41 - Rural, Fringe",39.03456001,-122.91521444,31,0,31,0,0,3,9.7,0,0,0,0,6,19.4,0,0,18,58.1,3,9.7,1,3.2,0,0,1,3.2,4,12.9,0,0,26,83.9,22,71,-13682859.082511,4726623.20674408
249,2023-24,0619320,1764014,17640140000000,Lake,Kelseyville Unified,Unified,KG,12,Differentiated Assistance,4410 Konocti Rd.,Kelseyville,95451,01,04,02,04,"41 - Rural, Fringe",38.97595301,-122.83184342,1915,38,1877,12,0.6,52,2.7,5,0.3,6,0.3,865,45.2,1,0.1,825,43.1,106,5.5,43,2.2,299,15.6,12,0.6,81,4.2,59,3.1,1347,70.3,261,13.6,-13673578.2630873,4718227.63253763
250,2023-24,0620070,1764022,17640220000000,Lake,Konocti Unified,Unified,KG,12,Differentiated Assistance,9430 B Lake St.,Lower Lake,95457,01,04,02,04,"32 - Town, Distant",38.91450502,-122.60787138,3874,0,3874,72,1.9,92,2.4,11,0.3,6,0.2,2107,54.4,5,0.1,1248,32.2,254,6.6,79,2,1072,27.7,14,0.4,231,6,189,4.9,3222,83.2,552,14.2,-13648645.8095405,4709432.53899699
251,2023-24,0620670,1764030,17640300000000,Lake,Lakeport Unified,Unified,KG,12,Differentiated Assistance,2508 Howard Ave.,Lakeport,95453,01,04,02,04,"32 - Town, Distant",39.06239401,-122.91817945,1359,0,1359,16,1.2,129,9.5,23,1.7,9,0.7,530,39,2,0.1,550,40.5,100,7.4,0,0,142,10.4,10,0.7,71,5.2,40,2.9,884,65,169,12.4,-13683189.1452674,4730612.92367018
252,2023-24,0623040,1764048,17640480000000,Lake,Lucerne Elementary,Elementary,KG,08,General Assistance,3351 Country Club Dr.,Lucerne,95458,01,04,02,04,"32 - Town, Distant",39.08392502,-122.78967243,292,0,292,5,1.7,5,1.7,0,0,0,0,96,32.9,0,0,155,53.1,30,10.3,1,0.3,32,11,3,1,28,9.6,12,4.1,228,78.1,43,14.7,-13668883.8095766,4733700.25120185
253,2023-24,0624750,1764055,17640550000000,Lake,Middletown Unified,Unified,KG,12,Differentiated Assistance,20932 Big Canyon Rd.,Middletown,95461,01,04,02,04,"42 - Rural, Distant",38.75514701,-122.61411636,1730,254,1476,14,0.8,22,1.3,14,0.8,6,0.3,535,30.9,2,0.1,1015,58.7,118,6.8,4,0.2,134,7.7,7,0.4,71,4.1,28,1.6,970,56.1,218,12.6,-13649340.9974276,4686658.92352507
254,2023-24,0601442,1776976,17769760000000,Lake,Upper Lake Unified,Unified,KG,12,Differentiated Assistance,675 Clover Valley Rd.,Upper Lake,95485,01,04,02,04,"42 - Rural, Distant",39.16506002,-122.90229346,954,0,954,9,0.9,85,8.9,4,0.4,1,0.1,310,32.5,3,0.3,465,48.7,64,6.7,13,1.4,59,6.2,5,0.5,47,4.9,5,0.5,805,84.4,89,9.3,-13681420.7250034,4745342.65806173
255,2023-24,0691015,1810181,18101810000000,Lassen,Lassen County Office of Education,County Office of Education (COE),KG,12,General Assistance,"472-013 Johnstonville Rd., North",Susanville,96130,02,01,01,01,"42 - Rural, Distant",40.3757483,-120.58095026,7,0,7,2,28.6,1,14.3,0,0,0,0,1,14.3,0,0,3,42.9,0,0,0,0,0,0,1,14.3,0,0,0,0,3,42.9,7,100,-13423009.9827013,4920696.1815445
256,2023-24,0605010,1864089,18640890000000,Lassen,Big Valley Joint Unified,Unified,KG,12,Differentiated Assistance,400 Bridge St.,Bieber,96009,02,01,01,01,"43 - Rural, Remote",41.12171831,-121.13957646,117,0,117,0,0,9,7.7,0,0,0,0,20,17.1,1,0.9,87,74.4,0,0,0,0,8,6.8,3,2.6,0,0,5,4.3,65,55.6,15,12.8,-13485195.9666985,5030311.69851083
257,2023-24,0618780,1864105,18641050000000,Lassen,Janesville Union Elementary,Elementary,KG,08,General Assistance,464-555 Main St.,Janesville,96114,02,01,01,01,"42 - Rural, Distant",40.3030053,-120.53290324,313,0,313,1,0.3,5,1.6,0,0,2,0.6,53,16.9,0,0,232,74.1,20,6.4,0,0,0,0,4,1.3,2,0.6,0,0,165,52.7,39,12.5,-13417661.4130556,4910072.37651645
258,2023-24,0619050,1864113,18641130000000,Lassen,Johnstonville Elementary,Elementary,KG,08,General Assistance,704-795 Bangham Ln.,Susanville,96130,02,01,01,01,"42 - Rural, Distant",40.3841613,-120.58895527,198,0,198,3,1.5,0,0,1,0.5,1,0.5,23,11.6,0,0,164,82.8,6,3,0,0,3,1.5,4,2,12,6.1,0,0,109,55.1,24,12.1,-13423901.0954907,4921925.60357668
259,2023-24,0621060,1864139,18641390000000,Lassen,Lassen Union High,High,09,12,General Assistance,1000 Main St.,Susanville,96130,02,01,01,01,"33 - Town, Remote",40.4174173,-120.65782028,845,0,845,8,0.9,18,2.1,7,0.8,6,0.7,206,24.4,22,2.6,467,55.3,91,10.8,20,2.4,35,4.1,21,2.5,31,3.7,2,0.2,341,40.4,80,9.5,-13431567.1140695,4926786.92745844
260,2023-24,0631830,1864162,18641620000000,Lassen,Ravendale-Termo Elementary,Elementary,KG,08,General Assistance,709-855 Termo-Grasshopper Rd.,Termo,96132,02,01,01,01,"43 - Rural, Remote",40.83881134,-120.51317732,6,0,6,0,0,0,0,0,0,0,0,3,50,0,0,3,50,0,0,0,0,1,16.7,0,0,0,0,0,0,6,100,1,16.7,-13415465.5330101,4988595.36706429
261,2023-24,0632520,1864170,18641700000000,Lassen,Richmond Elementary,Elementary,KG,08,General Assistance,"700-585 Richmond Rd., East",Susanville,96130,02,01,01,01,"41 - Rural, Fringe",40.37176129,-120.63939427,185,0,185,0,0,1,0.5,1,0.5,0,0,21,11.4,0,0,151,81.6,11,5.9,0,0,0,0,0,0,0,0,0,0,42,22.7,18,9.7,-13429515.9400633,4920113.5993933
262,2023-24,0636420,1864188,18641880000000,Lassen,Shaffer Union Elementary,Elementary,KG,08,Differentiated Assistance,722-055 Highway 395 North,Litchfield,96117,02,01,01,01,"43 - Rural, Remote",40.38227732,-120.38227023,243,0,243,3,1.2,8,3.3,0,0,0,0,53,21.8,0,0,166,68.3,13,5.3,0,0,6,2.5,3,1.2,1,0.4,0,0,137,56.4,28,11.5,-13400893.0228096,4921650.27712613
263,2023-24,0638550,1864196,18641960000000,Lassen,Susanville Elementary,Elementary,KG,12,Differentiated Assistance,109 South Gilman St.,Susanville,96130,02,01,01,01,"33 - Town, Remote",40.4138773,-120.64546128,1139,150,989,10,0.9,58,5.1,12,1.1,12,1.1,269,23.6,45,4,632,55.5,99,8.7,2,0.2,48,4.2,10,0.9,36,3.2,0,0,759,66.6,140,12.3,-13430191.316202,4926269.34004988
264,2023-24,0642300,1864204,18642040000000,Lassen,Westwood Unified,Unified,KG,12,Differentiated Assistance,Fourth and Greenwood Sts.,Westwood,96137,02,01,01,01,"43 - Rural, Remote",40.30395126,-121.00924032,192,0,192,1,0.5,13,6.8,0,0,0,0,39,20.3,0,0,137,71.4,2,1,0,0,3,1.6,0,0,19,9.9,0,0,154,80.2,24,12.5,-13470687.0138805,4910210.45648334
265,2023-24,0600011,1875036,18750360000000,Lassen,Fort Sage Unified,Unified,KG,12,General Assistance,100 DS Hall St.,Herlong,96113,02,01,01,01,"43 - Rural, Remote",40.14142832,-120.13517416,502,412,90,11,2.2,11,2.2,1,0.2,0,0,95,18.9,0,0,341,67.9,43,8.6,0,0,6,1.2,2,0.4,15,3,0,0,333,66.3,78,15.5,-13373386.4137264,4886515.59143367
266,2023-24,0691078,1910199,19101990000000,Los Angeles,Los Angeles County Office of Education,County Office of Education (COE),KG,12,Differentiated Assistance,9300 Imperial Hwy.,Downey,90242,11,42,30,64,"21 - Suburban, Large",33.91640685,-118.12929816,8680,7083,1597,1022,11.8,16,0.2,209,2.4,110,1.3,6248,72,22,0.3,751,8.7,232,2.7,70,0.8,1541,17.8,151,1.7,166,1.9,0,0,6722,77.4,1463,16.9,-13150093.3186025,4017583.02347759
267,2023-24,0601620,1964212,19642120000000,Los Angeles,ABC Unified,Unified,KG,12,General Assistance,16700 Norwalk Blvd.,Cerritos,90703,11,45,36,67,"21 - Suburban, Large",33.87971985,-118.07147514,18081,0,18081,1271,7,36,0.2,4277,23.7,2102,11.6,8232,45.5,99,0.5,860,4.8,724,4,480,2.7,1969,10.9,88,0.5,127,0.7,1488,8.2,11006,60.9,2164,12,-13143656.4902905,4012662.75214975
268,2023-24,0602820,1964246,19642460000000,Los Angeles,Antelope Valley Union High,High,06,12,Differentiated Assistance,176 Holston Dr.,Lancaster,93535,11,27,23,39,"21 - Suburban, Large",34.66443293,-118.12863522,22602,1533,21069,3686,16.3,53,0.2,234,1,288,1.3,15151,67,34,0.2,2056,9.1,987,4.4,113,0.5,2357,10.4,467,2.1,444,2,119,0.5,15704,69.5,3930,17.4,-13150019.5206767,4118371.91135691
269,2023-24,0602970,1964261,19642610000000,Los Angeles,Arcadia Unified,Unified,KG,12,Differentiated Assistance,150 South 3rd Ave.,Arcadia,91006,11,28,25,49,"13 - City, Small",34.13838588,-118.02329416,8988,0,8988,125,1.4,16,0.2,5721,63.7,276,3.1,1591,17.7,11,0.1,735,8.2,376,4.2,137,1.5,1187,13.2,12,0.1,12,0.1,0,0,3054,34,673,7.5,-13138293.0073505,4047399.03919058
270,2023-24,0603600,1964279,19642790000000,Los Angeles,Azusa Unified,Unified,KG,12,Differentiated Assistance,546 South Citrus Ave.,Azusa,91702,11,31,22,48,"21 - Suburban, Large",34.11222588,-117.88989513,6370,0,6370,65,1,5,0.1,103,1.6,82,1.3,5785,90.8,2,0,192,3,59,0.9,77,1.2,1484,23.3,37,0.6,616,9.7,2,0,5644,88.6,989,15.5,-13123443.0959213,4043881.19320433
271,2023-24,0603690,1964287,19642870000000,Los Angeles,Baldwin Park Unified,Unified,KG,12,Differentiated Assistance,3699 North Holly Ave.,Baldwin Park,91706,11,31,22,48,"21 - Suburban, Large",34.08193687,-117.96099414,10196,267,9929,45,0.4,4,0,675,6.6,161,1.6,9114,89.4,9,0.1,113,1.1,54,0.5,21,0.2,1981,19.4,64,0.6,492,4.8,0,0,9330,91.5,1933,19,-13131357.8013269,4039809.45994437
272,2023-24,0604110,1964295,19642950000000,Los Angeles,Bassett Unified,Unified,KG,12,Differentiated Assistance,904 Willow Ave.,La Puente,91746,11,31,30,48,"21 - Suburban, Large",34.05259687,-117.97188614,2876,0,2876,36,1.3,3,0.1,144,5,39,1.4,2618,91,3,0.1,29,1,4,0.1,0,0,670,23.3,11,0.4,404,14,0,0,2601,90.4,461,16,-13132570.2932174,4035866.68941194
273,2023-24,0604440,1964303,19643030000000,Los Angeles,Bellflower Unified,Unified,KG,12,Differentiated Assistance,16703 South Clark Ave.,Bellflower,90706,11,44,30,62,"21 - Suburban, Large",33.88254584,-118.13435216,9813,0,9813,1236,12.6,31,0.3,391,4,406,4.1,6649,67.8,93,0.9,666,6.8,297,3,44,0.4,1672,17,79,0.8,226,2.3,0,0,7818,79.7,1625,16.6,-13150655.9271117,4013041.68506846
274,2023-24,0604830,1964311,19643110000000,Los Angeles,Beverly Hills Unified,Unified,KG,12,Differentiated Assistance,255 South Lasky Dr.,Beverly Hills,90212,11,36,24,51,"21 - Suburban, Large",34.06264085,-118.41029722,3074,0,3074,80,2.6,1,0,334,10.9,19,0.6,289,9.4,8,0.3,2009,65.4,197,6.4,137,4.5,283,9.2,3,0.1,5,0.2,0,0,919,29.9,433,14.1,-13181373.9907167,4037216.26612163
275,2023-24,0605610,1964329,19643290000000,Los Angeles,Bonita Unified,Unified,KG,12,General Assistance,115 West Allen Ave.,San Dimas,91773,11,31,22,41,"21 - Suburban, Large",34.11791489,-117.80784412,9957,0,9957,211,2.1,4,0,861,8.6,277,2.8,5657,56.8,10,0.1,2046,20.5,592,5.9,299,3,520,5.2,47,0.5,64,0.6,0,0,3464,34.8,1237,12.4,-13114309.2187314,4044646.12530012
276,2023-24,0606450,1964337,19643370000000,Los Angeles,Burbank Unified,Unified,KG,12,General Assistance,1900 West Olive Ave.,Burbank,91506,11,30,20,44,"12 - City, Midsize ",34.16531486,-118.32465321,14240,0,14240,270,1.9,20,0.1,734,5.2,446,3.1,4482,31.5,21,0.1,6930,48.7,846,5.9,491,3.4,1716,12.1,24,0.2,42,0.3,0,0,4617,32.4,1830,12.9,-13171840.1435874,4051021.43238576
277,2023-24,0607740,1964345,19643450000000,Los Angeles,Castaic Union,Elementary,KG,08,General Assistance,28131 Livingston Ave.,Valencia,91355,11,27,23,40,"21 - Suburban, Large",34.44112788,-118.62675428,1938,0,1938,39,2,0,0,41,2.1,70,3.6,966,49.8,2,0.1,690,35.6,113,5.8,17,0.9,169,8.7,7,0.4,7,0.4,0,0,986,50.9,247,12.7,-13205469.8811907,4088189.64745787
278,2023-24,0607920,1964352,19643520000000,Los Angeles,Centinela Valley Union High,High,09,12,Differentiated Assistance,14901 South Inglewood Ave.,Lawndale,90260,11,43,35,61,"21 - Suburban, Large",33.89576783,-118.36219719,6537,937,5600,1008,15.4,14,0.2,150,2.3,58,0.9,4964,75.9,57,0.9,124,1.9,150,2.3,12,0.2,1052,16.1,31,0.5,147,2.2,0,0,5277,80.7,785,12,-13176019.5208415,4014814.76478636
279,2023-24,0608190,1964378,19643780000000,Los Angeles,Charter Oak Unified,Unified,KG,12,General Assistance,20240 East Cienega Ave.,Covina,91724,11,31,22,48,"21 - Suburban, Large",34.10270388,-117.85838213,4248,0,4248,109,2.6,19,0.4,180,4.2,128,3,3158,74.3,4,0.1,516,12.1,134,3.2,0,0,344,8.1,41,1,341,8,0,0,3078,72.5,681,16,-13119935.0841429,4042600.99939295
280,2023-24,0608760,1964394,19643940000000,Los Angeles,Claremont Unified,Unified,KG,12,Differentiated Assistance,170 West San Jose Ave.,Claremont,91711,11,28,25,41,"21 - Suburban, Large",34.08276889,-117.7163571,6261,0,6261,279,4.5,18,0.3,690,11,125,2,2908,46.4,9,0.1,1703,27.2,376,6,153,2.4,341,5.4,26,0.4,179,2.9,0,0,2180,34.8,914,14.6,-13104124.9305457,4039921.28768865
281,2023-24,0610050,1964436,19644360000000,Los Angeles,Covina-Valley Unified,Unified,KG,12,General Assistance,519 East Badillo St.,Covina,91723,11,31,22,48,"21 - Suburban, Large",34.08657688,-117.88090713,11143,0,11143,304,2.7,23,0.2,850,7.6,310,2.8,8838,79.3,18,0.2,586,5.3,165,1.5,49,0.4,1163,10.4,90,0.8,436,3.9,0,0,8328,74.7,1612,14.5,-13122442.5558072,4040433.11863566
282,2023-24,0610260,1964444,19644440000000,Los Angeles,Culver City Unified,Unified,KG,12,General Assistance,4034 Irving Pl.,Culver City,90232,11,37,28,55,"21 - Suburban, Large",34.02247584,-118.39387521,6717,0,6717,698,10.4,5,0.1,713,10.6,93,1.4,2517,37.5,14,0.2,1678,25,888,13.2,111,1.7,690,10.3,6,0.1,49,0.7,0,0,2478,36.9,721,10.7,-13179545.9014135,4031820.38220624
283,2023-24,0611460,1964451,19644510000000,Los Angeles,Downey Unified,Unified,KG,12,Differentiated Assistance,11627 Brookshire Ave.,Downey,90241,11,42,30,64,"21 - Suburban, Large",33.93501185,-118.13282016,22421,0,22421,617,2.8,26,0.1,389,1.7,167,0.7,19872,88.6,53,0.2,1126,5,171,0.8,0,0,3237,14.4,90,0.4,928,4.1,0,0,15581,69.5,3316,14.8,-13150485.3860378,4020079.03980085
284,2023-24,0611520,1964469,19644690000000,Los Angeles,Duarte Unified,Unified,KG,12,Differentiated Assistance,1620 Huntington Dr.,Duarte,91010,11,31,22,48,"21 - Suburban, Large",34.13942688,-117.97001615,7465,4485,2980,570,7.6,8,0.1,365,4.9,164,2.2,4978,66.7,21,0.3,838,11.2,300,4,221,3,1137,15.2,88,1.2,245,3.3,1,0,4895,65.6,1285,17.2,-13132362.1264686,4047539.04976738
285,2023-24,0611910,1964477,19644770000000,Los Angeles,Eastside Union Elementary,Elementary,KG,08,Differentiated Assistance,44938 North 30th St. East,Lancaster,93535,11,27,23,39,"21 - Suburban, Large",34.70107694,-118.07593921,3114,0,3114,700,22.5,6,0.2,11,0.4,24,0.8,2112,67.8,8,0.3,135,4.3,107,3.4,11,0.4,667,21.4,122,3.9,224,7.2,16,0.5,2825,90.7,426,13.7,-13144153.4282184,4123332.52944346
286,2023-24,0611850,1964485,19644850000000,Los Angeles,East Whittier City Elementary,Elementary,KG,08,Differentiated Assistance,14535 Whittier Blvd.,Whittier,90605,11,38,30,56,"21 - Suburban, Large",33.95341786,-118.01475114,7769,0,7769,78,1,7,0.1,134,1.7,77,1,6456,83.1,6,0.1,631,8.1,146,1.9,234,3,680,8.8,37,0.5,242,3.1,0,0,4798,61.8,1001,12.9,-13137342.003113,4022548.89623251
287,2023-24,0612090,1964501,19645010000000,Los Angeles,El Monte City,Elementary,KG,08,General Assistance,3540 North Lexington Ave.,El Monte,91731,11,31,22,49,"21 - Suburban, Large",34.07346387,-118.03920616,7045,0,7045,40,0.6,2,0,1189,16.9,55,0.8,5643,80.1,8,0.1,71,1,37,0.5,0,0,2312,32.8,33,0.5,553,7.8,116,1.6,5945,84.4,879,12.5,-13140064.3228193,4038670.69975546
288,2023-24,0612120,1964519,19645190000000,Los Angeles,El Monte Union High,High,09,12,Differentiated Assistance,3537 Johnson Ave.,El Monte,91731,11,31,22,49,"21 - Suburban, Large",34.07185487,-118.03114115,7677,0,7677,21,0.3,2,0,1449,18.9,50,0.7,6062,79,2,0,67,0.9,17,0.2,7,0.1,1626,21.2,40,0.5,746,9.7,116,1.5,7007,91.3,1190,15.5,-13139166.5308625,4038454.4652717
289,2023-24,0612180,1964527,19645270000000,Los Angeles,El Rancho Unified,Unified,KG,12,Differentiated Assistance,9333 Loch Lomond Dr.,Pico Rivera,90660,11,38,30,56,"21 - Suburban, Large",33.99478886,-118.08090716,7110,0,7110,17,0.2,4,0.1,37,0.5,28,0.4,6921,97.3,3,0,77,1.1,22,0.3,1,0,1201,16.9,67,0.9,84,1.2,0,0,5984,84.2,952,13.4,-13144706.4569336,4028102.31867776
290,2023-24,0612210,1964535,19645350000000,Los Angeles,El Segundo Unified,Unified,KG,12,General Assistance,641 Sheldon St.,El Segundo,90245,11,36,24,66,"21 - Suburban, Large",33.92480483,-118.41156521,3563,0,3563,136,3.8,2,0.1,274,7.7,56,1.6,866,24.3,10,0.3,1601,44.9,607,17,11,0.3,78,2.2,3,0.1,6,0.2,0,0,377,10.6,326,9.1,-13181515.1427048,4018709.61585915
291,2023-24,0614940,1964550,19645500000000,Los Angeles,Garvey Elementary,Elementary,KG,08,General Assistance,2730 North Del Mar Ave.,Rosemead,91770,11,28,25,49,"21 - Suburban, Large",34.06129986,-118.09928316,4266,0,4266,11,0.3,3,0.1,2453,57.5,47,1.1,1594,37.4,8,0.2,34,0.8,65,1.5,51,1.2,1641,38.5,12,0.3,38,0.9,4,0.1,2912,68.3,402,9.4,-13146752.0648507,4037036.07326156
292,2023-24,0615240,1964568,19645680000000,Los Angeles,Glendale Unified,Unified,KG,12,General Assistance,223 North Jackson St.,Glendale,91206,11,30,25,52,"12 - City, Midsize ",34.14896287,-118.2505992,25049,0,25049,250,1,26,0.1,2565,10.2,985,3.9,4761,19,19,0.1,15498,61.9,945,3.8,0,0,5499,22,38,0.2,1204,4.8,0,0,12327,49.2,2510,10,-13163596.4884531,4048821.68103157
293,2023-24,0615270,1964576,19645760000000,Los Angeles,Glendora Unified,Unified,KG,12,Differentiated Assistance,500 North Loraine Ave.,Glendora,91741,11,28,25,48,"21 - Suburban, Large",34.14444089,-117.84566313,6363,0,6363,92,1.4,11,0.2,790,12.4,147,2.3,3112,48.9,5,0.1,1796,28.2,378,5.9,32,0.5,388,6.1,21,0.3,33,0.5,0,0,2064,32.4,989,15.5,-13118519.2116329,4048213.43750457
294,2023-24,0615600,1964584,19645840000000,Los Angeles,Gorman Joint,Elementary,KG,12,General Assistance,49847 Gorman School Rd.,Gorman,93243,11,27,23,34,"42 - Rural, Distant",34.7927369,-118.85416635,1208,1118,90,104,8.6,2,0.2,23,1.9,9,0.7,591,48.9,3,0.2,385,31.9,71,5.9,20,1.7,42,3.5,7,0.6,39,3.2,0,0,510,42.2,200,16.6,-13230785.2768279,4135750.46721014
295,2023-24,0616680,1964592,19645920000000,Los Angeles,Hawthorne,Elementary,KG,12,Differentiated Assistance,14120 South Hawthorne Blvd.,Hawthorne,90250,11,43,35,61,"21 - Suburban, Large",33.90374683,-118.35206519,7025,548,6477,1351,19.2,30,0.4,164,2.3,70,1,5031,71.6,87,1.2,189,2.7,62,0.9,41,0.6,1773,25.2,36,0.5,49,0.7,0,0,5778,82.2,625,8.9,-13174891.6315939,4015884.8884475
296,2023-24,0617040,1964600,19646000000000,Los Angeles,Hermosa Beach City Elementary,Elementary,KG,08,General Assistance,1645 Valley Dr.,Hermosa Beach,90254,11,36,24,66,"21 - Suburban, Large",33.86618998,-118.39770152,1325,0,1325,15,1.1,0,0,66,5,9,0.7,164,12.4,0,0,785,59.2,186,14,100,7.5,38,2.9,0,0,1,0.1,0,0,112,8.5,126,9.5,-13179971.8441513,4010848.73025476
297,2023-24,0617880,1964626,19646260000000,Los Angeles,Hughes-Elizabeth Lakes Union Elementary,Elementary,KG,08,General Assistance,16633 Elizabeth Lake Rd.,Lake Hughes,93532,11,27,23,34,"42 - Rural, Distant",34.67201991,-118.42462927,48,0,48,1,2.1,0,0,0,0,0,0,20,41.7,0,0,23,47.9,4,8.3,0,0,0,0,0,0,3,6.2,0,0,19,39.6,22,45.8,-13182969.4276945,4119398.80571012
298,2023-24,0618390,1964634,19646340000000,Los Angeles,Inglewood Unified,Unified,KG,12,Differentiated Assistance,401 South Inglewood Ave.,Inglewood,90301,11,43,35,61,"21 - Suburban, Large",33.95862184,-118.3620902,8724,2615,6109,3206,36.7,58,0.7,50,0.6,21,0.2,5117,58.7,45,0.5,54,0.6,105,1.2,68,0.8,1858,21.3,90,1,169,1.9,0,0,7666,87.9,1282,14.7,-13176007.6102469,4023247.30239373
299,2023-24,0619440,1964642,19646420000000,Los Angeles,Keppel Union Elementary,Elementary,KG,12,Differentiated Assistance,34004 128th St. East,Pearblossom,93553,11,27,23,39,"41 - Rural, Fringe",34.50354593,-117.90050617,2909,378,2531,80,2.8,5,0.2,20,0.7,14,0.5,2383,81.9,4,0.1,356,12.2,46,1.6,1,0,828,28.5,34,1.2,58,2,0,0,2326,80,426,14.6,-13124624.310788,4096618.01931168
300,2023-24,0620130,1964659,19646590000000,Los Angeles,La Canada Unified,Unified,KG,12,General Assistance,4490 Cornishon Ave.,La Canada,91011,11,28,25,41,"21 - Suburban, Large",34.20553088,-118.20334819,3937,0,3937,15,0.4,0,0,1209,30.7,74,1.9,488,12.4,2,0.1,1658,42.1,456,11.6,35,0.9,124,3.1,2,0.1,4,0.1,0,0,213,5.4,317,8.1,-13158336.5309035,4056433.30223051
301,2023-24,0620880,1964667,19646670000000,Los Angeles,Lancaster Elementary,Elementary,KG,08,Differentiated Assistance,44711 North Cedar Ave.,Lancaster,93534,11,27,23,39,"21 - Suburban, Large",34.69480693,-118.13955722,14837,1005,13832,4312,29.1,267,1.8,223,1.5,163,1.1,3802,25.6,134,0.9,4925,33.2,925,6.2,86,0.6,2022,13.6,450,3,805,5.4,21,0.1,12996,87.6,2252,15.2,-13151235.3526835,4122483.58295652
302,2023-24,0621000,1964683,19646830000000,Los Angeles,Las Virgenes Unified,Unified,KG,12,General Assistance,4111 Las Virgenes Rd.,Calabasas,91302,11,26,24,42,"21 - Suburban, Large",34.13491884,-118.70337027,9660,0,9660,178,1.8,31,0.3,502,5.2,73,0.8,1405,14.5,9,0.1,6485,67.1,696,7.2,281,2.9,445,4.6,11,0.1,23,0.2,0,0,2355,24.4,1126,11.7,-13213998.7339723,4046932.74911282
303,2023-24,0621210,1964691,19646910000000,Los Angeles,Lawndale Elementary,Elementary,KG,12,Differentiated Assistance,4161 West 147th St.,Lawndale,90260,11,43,35,61,"21 - Suburban, Large",33.89853883,-118.34808319,4910,490,4420,432,8.8,8,0.2,221,4.5,33,0.7,3788,77.1,31,0.6,192,3.9,125,2.5,80,1.6,1280,26.1,23,0.5,58,1.2,0,0,3975,81,701,14.3,-13174448.3572808,4015186.39317272
304,2023-24,0621420,1964709,19647090000000,Los Angeles,Lennox,Elementary,KG,12,General Assistance,10319 South Firmona Ave.,Lennox,90304,11,43,35,61,"21 - Suburban, Large",33.94280984,-118.3573662,5699,1661,4038,110,1.9,2,0,17,0.3,8,0.1,5455,95.7,13,0.2,27,0.5,3,0.1,64,1.1,2066,36.3,20,0.4,559,9.8,0,0,5202,91.3,776,13.6,-13175481.7367178,4021125.36720513
305,2023-24,0621930,1964717,19647170000000,Los Angeles,Little Lake City Elementary,Elementary,KG,08,General Assistance,10515 South Pioneer Blvd.,Santa Fe Springs,90670,11,38,30,64,"21 - Suburban, Large",33.93857885,-118.08234915,3656,0,3656,49,1.3,3,0.1,88,2.4,58,1.6,3238,88.6,9,0.2,117,3.2,41,1.1,53,1.4,354,9.7,25,0.7,373,10.2,0,0,2934,80.3,580,15.9,-13144866.9791817,4020557.64531795
306,2023-24,0622500,1964725,19647250000000,Los Angeles,Long Beach Unified,Unified,KG,12,Differentiated Assistance,1515 Hughes Way,Long Beach,90810,11,44,33,69,"11 - City, Large",33.82892483,-118.21377316,64267,301,63966,7810,12.2,85,0.1,4533,7.1,2037,3.2,37997,59.1,647,1,7676,11.9,3466,5.4,16,0,10745,16.7,455,0.7,4248,6.6,82,0.1,39347,61.2,9041,14.1,-13159497.0333106,4005853.87751567
307,2023-24,0622710,1964733,19647330000000,Los Angeles,Los Angeles Unified,Unified,KG,12,Differentiated Assistance,333 South Beaudry Ave.,Los Angeles,90017,11,34,26,54,"11 - City, Large",34.05617386,-118.25736019,529902,148786,381116,38494,7.3,631,0.1,17968,3.4,8891,1.7,391174,73.8,903,0.2,51734,9.8,10409,2,9698,1.8,106318,20.1,3227,0.6,11310,2.1,960,0.2,430741,81.3,78491,14.8,-13164349.1189213,4036347.29874857
308,2023-24,0622890,1964758,19647580000000,Los Angeles,Los Nietos,Elementary,KG,08,Differentiated Assistance,8324 South Westman Ave.,Whittier,90606,11,38,30,56,"21 - Suburban, Large",33.96661886,-118.06654815,1251,0,1251,12,1,5,0.4,10,0.8,6,0.5,1197,95.7,1,0.1,15,1.2,3,0.2,2,0.2,314,25.1,20,1.6,113,9,0,0,950,75.9,238,19,-13143108.019861,4024320.63432253
309,2023-24,0623160,1964774,19647740000000,Los Angeles,Lynwood Unified,Unified,KG,12,Differentiated Assistance,11321 Bullis Rd.,Lynwood,90262,11,44,33,62,"21 - Suburban, Large",33.92622984,-118.20047617,11386,0,11386,548,4.8,10,0.1,19,0.2,3,0,10702,94,16,0.1,72,0.6,11,0.1,5,0,3005,26.4,103,0.9,365,3.2,84,0.7,11043,97,1777,15.6,-13158016.8187224,4018900.79254752
310,2023-24,0625320,1964790,19647900000000,Los Angeles,Monrovia Unified,Unified,KG,12,Differentiated Assistance,325 East Huntington Dr.,Monrovia,91016,11,31,25,41,"21 - Suburban, Large",34.14094288,-117.99545715,4935,0,4935,220,4.5,2,0,400,8.1,116,2.4,3126,63.3,8,0.2,765,15.5,262,5.3,36,0.7,540,10.9,25,0.5,119,2.4,0,0,3115,63.1,647,13.1,-13135194.2061548,4047742.94860947
311,2023-24,0625470,1964808,19648080000000,Los Angeles,Montebello Unified,Unified,KG,12,Differentiated Assistance,123 South Montebello Blvd.,Montebello,90640,11,38,30,54,"21 - Suburban, Large",34.00911586,-118.10870816,19967,0,19967,49,0.2,8,0,291,1.5,60,0.3,19086,95.6,2,0,71,0.4,43,0.2,357,1.8,5472,27.4,121,0.6,885,4.4,0,0,16061,80.4,3215,16.1,-13147801.2506747,4030026.12892471
312,2023-24,0626190,1964816,19648160000000,Los Angeles,Mountain View Elementary,Elementary,KG,08,Differentiated Assistance,3320 Gilman Rd.,El Monte,91732,11,31,22,56,"21 - Suburban, Large",34.06246687,-118.00932515,4642,0,4642,15,0.3,5,0.1,269,5.8,15,0.3,4312,92.9,2,0,23,0.5,1,0,0,0,2192,47.2,24,0.5,576,12.4,113,2.4,3621,78,571,12.3,-13136737.9844772,4037192.88795012
313,2023-24,0627180,1964832,19648320000000,Los Angeles,Newhall,Elementary,KG,06,General Assistance,"25375 Orchard Village Rd., Ste. 200",Valencia,91355,11,27,23,40,"21 - Suburban, Large",34.38936187,-118.54759527,5928,0,5928,103,1.7,14,0.2,665,11.2,205,3.5,2661,44.9,7,0.1,1733,29.2,377,6.4,163,2.7,1211,20.4,16,0.3,145,2.4,0,0,2770,46.7,742,12.5,-13196657.9397502,4081204.40769217
314,2023-24,0627690,1964840,19648400000000,Los Angeles,Norwalk-La Mirada Unified,Unified,KG,12,General Assistance,12820 Pioneer Blvd.,Norwalk,90650,11,38,30,64,"21 - Suburban, Large",33.91372085,-118.08147315,15052,0,15052,343,2.3,37,0.2,588,3.9,431,2.9,12248,81.4,49,0.3,906,6,326,2.2,124,0.8,2326,15.5,111,0.7,4165,27.7,236,1.6,10793,71.7,2157,14.3,-13144769.463058,4017222.71950714
315,2023-24,0629580,1964857,19648570000000,Los Angeles,Palmdale Elementary,Elementary,KG,12,Differentiated Assistance,39139 10th St. East,Palmdale,93550,11,27,23,39,"21 - Suburban, Large",34.59349192,-118.11253621,21205,4021,17184,2724,12.8,174,0.8,111,0.5,158,0.7,16654,78.5,43,0.2,870,4.1,393,1.9,78,0.4,4162,19.6,444,2.1,331,1.6,113,0.5,18366,86.6,3346,15.8,-13148227.3872114,4108774.62734329
316,2023-24,0629700,1964865,19648650000000,Los Angeles,Palos Verdes Peninsula Unified,Unified,KG,12,General Assistance,375 Via Almar,Palos Verdes Estates,90274,11,36,24,66,"21 - Suburban, Large",33.80105482,-118.39554619,10393,0,10393,220,2.1,18,0.2,3067,29.5,210,2,1606,15.5,14,0.1,4015,38.6,1147,11,96,0.9,572,5.5,11,0.1,34,0.3,0,0,974,9.4,1239,11.9,-13179731.9142854,4002119.72910651
317,2023-24,0629850,1964873,19648730000000,Los Angeles,Paramount Unified,Unified,KG,12,General Assistance,15110 California Ave.,Paramount,90723,11,44,33,62,"21 - Suburban, Large",33.89608784,-118.15847116,12042,0,12042,926,7.7,13,0.1,112,0.9,52,0.4,10635,88.3,73,0.6,107,0.9,117,1,7,0.1,2509,20.8,80,0.7,266,2.2,0,0,11379,94.5,1685,14,-13153340.8424534,4014857.68188247
318,2023-24,0629940,1964881,19648810000000,Los Angeles,Pasadena Unified,Unified,KG,12,Differentiated Assistance,351 South Hudson Ave.,Pasadena,91101,11,28,25,41,"12 - City, Midsize ",34.13987987,-118.13467918,15219,1241,13978,1560,10.3,27,0.2,846,5.6,295,1.9,8625,56.7,20,0.1,2770,18.2,787,5.2,289,1.9,1966,12.9,156,1,345,2.3,0,0,10213,67.1,2353,15.5,-13150692.330931,4047599.97575532
319,2023-24,0631320,1964907,19649070000000,Los Angeles,Pomona Unified,Unified,KG,12,Differentiated Assistance,800 South Garey Ave.,Pomona,91766,11,35,22,53,"21 - Suburban, Large",34.05188088,-117.7492711,21633,2117,19516,844,3.9,44,0.2,887,4.1,221,1,18379,85,66,0.3,716,3.3,252,1.2,224,1,5405,25,182,0.8,3068,14.2,0,0,18949,87.6,3056,14.1,-13107788.9005264,4035770.49052605
320,2023-24,0633570,1964931,19649310000000,Los Angeles,Rosemead Elementary,Elementary,KG,08,General Assistance,3907 Rosemead Blvd.,Rosemead,91770,11,28,25,49,"21 - Suburban, Large",34.07882187,-118.07373516,2299,0,2299,6,0.3,5,0.2,1309,56.9,31,1.3,862,37.5,0,0,33,1.4,11,0.5,42,1.8,843,36.7,8,0.3,23,1,18,0.8,1710,74.4,222,9.7,-13143908.0741987,4039390.79416955
321,2023-24,0634860,1964964,19649640000000,Los Angeles,San Marino Unified,Unified,KG,12,General Assistance,1665 West Dr.,San Marino,91108,11,28,25,49,"21 - Suburban, Large",34.11822087,-118.11220717,2933,0,2933,16,0.5,2,0.1,1767,60.2,60,2,197,6.7,5,0.2,535,18.2,341,11.6,10,0.3,277,9.4,2,0.1,2,0.1,0,0,327,11.1,221,7.5,-13148190.7586089,4044687.26864865
322,2023-24,0635700,1964980,19649800000000,Los Angeles,Santa Monica-Malibu Unified,Unified,KG,12,General Assistance,1717 4th St.,Santa Monica,90401,11,36,24,51,"13 - City, Small",34.011185,-118.488942,8641,0,8641,569,6.6,17,0.2,622,7.2,63,0.7,2600,30.1,9,0.1,4134,47.8,606,7,21,0.2,600,6.9,17,0.2,64,0.7,0,0,2429,28.1,1277,14.8,-13190128.6880749,4030303.997286
323,2023-24,0635970,1964998,19649980000000,Los Angeles,Saugus Union,Elementary,KG,06,General Assistance,24930 Avenue Stanford,Santa Clarita,91355,11,27,23,40,"21 - Suburban, Large",34.43914688,-118.57181427,9192,0,9192,300,3.3,17,0.2,882,9.6,613,6.7,3529,38.4,9,0.1,3116,33.9,656,7.1,70,0.8,738,8,32,0.3,88,1,0,0,3197,34.8,1412,15.4,-13199353.9874683,4087922.25443834
324,2023-24,0637500,1965029,19650290000000,Los Angeles,South Pasadena Unified,Unified,KG,12,General Assistance,1100 El Centro St.,South Pasadena,91030,11,28,25,49,"21 - Suburban, Large",34.11500387,-118.15481118,4687,0,4687,58,1.2,2,0,1547,33,111,2.4,1055,22.5,4,0.1,1104,23.6,659,14.1,147,3.1,240,5.1,4,0.1,11,0.2,0,0,771,16.4,471,10,-13152933.4151681,4044254.70906694
325,2023-24,0637560,1965037,19650370000000,Los Angeles,South Whittier Elementary,Elementary,KG,08,Differentiated Assistance,11200 Telechron Ave.,Whittier,90605,11,38,34,64,"21 - Suburban, Large",33.92940285,-118.03917614,2272,0,2272,16,0.7,2,0.1,14,0.6,17,0.7,2156,94.9,0,0,55,2.4,12,0.5,0,0,697,30.7,16,0.7,229,10.1,0,0,2074,91.3,364,16,-13140060.9818358,4019326.48889468
326,2023-24,0638220,1965045,19650450000000,Los Angeles,Sulphur Springs Union,Elementary,KG,06,General Assistance,27000 Weyerhaeuser Way,Canyon Country,91351,11,27,23,40,"21 - Suburban, Large",34.40790388,-118.46710325,5211,0,5211,298,5.7,18,0.3,207,4,323,6.2,3026,58.1,3,0.1,1007,19.3,266,5.1,63,1.2,897,17.2,26,0.5,55,1.1,0,0,2679,51.4,834,16,-13187697.6099618,4083705.94613353
327,2023-24,0638980,1965052,19650520000000,Los Angeles,Temple City Unified,Unified,KG,12,General Assistance,9700 Las Tunas Dr.,Temple City,91780,11,28,25,49,"21 - Suburban, Large",34.10689887,-118.05755616,5253,0,5253,32,0.6,2,0,3406,64.8,88,1.7,1222,23.3,8,0.2,248,4.7,220,4.2,27,0.5,1166,22.2,14,0.3,36,0.7,0,0,2305,43.9,522,9.9,-13142107.0361295,4043164.98069393
328,2023-24,0639420,1965060,19650600000000,Los Angeles,Torrance Unified,Unified,KG,12,General Assistance,2335 Plaza Del Amo,Torrance,90501,11,43,24,66,"12 - City, Midsize ",33.82839583,-118.32118118,22109,0,22109,933,4.2,33,0.1,6060,27.4,1062,4.8,7486,33.9,98,0.4,4213,19.1,2074,9.4,150,0.7,2749,12.4,87,0.4,190,0.9,0,0,7278,32.9,2674,12.1,-13171453.639297,4005782.98752572
329,2023-24,0640650,1965078,19650780000000,Los Angeles,Valle Lindo Elementary,Elementary,KG,08,Differentiated Assistance,1431 North Central Ave.,South El Monte,91733,11,31,22,56,"21 - Suburban, Large",34.04448187,-118.04724315,875,0,875,1,0.1,0,0,62,7.1,1,0.1,794,90.7,0,0,8,0.9,3,0.3,6,0.7,160,18.3,15,1.7,15,1.7,0,0,690,78.9,97,11.1,-13140958.997287,4034776.41897593
330,2023-24,0642000,1965094,19650940000000,Los Angeles,West Covina Unified,Unified,KG,12,Differentiated Assistance,1717 West Merced Ave.,West Covina,91790,11,31,22,48,"21 - Suburban, Large",34.06443987,-117.94958114,14750,6956,7794,1133,7.7,36,0.2,1459,9.9,421,2.9,10143,68.8,42,0.3,996,6.8,460,3.1,60,0.4,1362,9.2,79,0.5,800,5.4,0,0,10468,71,1950,13.2,-13130087.3115647,4037458.01229604
331,2023-24,0642120,1965102,19651020000000,Los Angeles,Westside Union Elementary,Elementary,KG,08,Differentiated Assistance,41914 50th St. West,Quartz Hill,93536,11,27,23,34,"21 - Suburban, Large",34.64401692,-118.21779323,9138,0,9138,960,10.5,22,0.2,210,2.3,137,1.5,5126,56.1,10,0.1,2081,22.8,584,6.4,8,0.1,713,7.8,156,1.7,656,7.2,10,0.1,5135,56.2,1261,13.8,-13159944.5453453,4115609.08197943
332,2023-24,0642450,1965110,19651100000000,Los Angeles,Whittier City,Elementary,KG,08,Differentiated Assistance,7211 South Whittier Ave.,Whittier,90602,11,38,30,56,"21 - Suburban, Large",33.97691986,-118.04375915,5366,0,5366,42,0.8,13,0.2,60,1.1,22,0.4,4870,90.8,7,0.1,180,3.4,49,0.9,123,2.3,723,13.5,51,1,188,3.5,0,0,4152,77.4,878,16.4,-13140571.159588,4025703.34796758
333,2023-24,0642480,1965128,19651280000000,Los Angeles,Whittier Union High,High,09,12,Differentiated Assistance,9401 South Painter Ave.,Whittier,90605,11,38,30,56,"21 - Suburban, Large",33.95249386,-118.04525515,10223,0,10223,95,0.9,30,0.3,129,1.3,76,0.7,9207,90.1,8,0.1,612,6,31,0.3,35,0.3,998,9.8,52,0.5,570,5.6,0,0,7960,77.9,1487,14.5,-13140737.6933464,4022424.89399471
334,2023-24,0642510,1965136,19651360000000,Los Angeles,William S. Hart Union High,High,KG,12,Differentiated Assistance,21380 Centre Pointe Pkwy.,Santa Clarita,91350,11,27,23,40,"21 - Suburban, Large",34.41046488,-118.51092526,22135,1450,20685,953,4.3,31,0.1,1734,7.8,1135,5.1,10052,45.4,42,0.2,7138,32.2,1010,4.6,40,0.2,1240,5.6,49,0.2,925,4.2,0,0,6286,28.4,3409,15.4,-13192575.8535932,4084051.49892679
335,2023-24,0642810,1965151,19651510000000,Los Angeles,Wilsona Elementary,Elementary,KG,08,Differentiated Assistance,18050 East Avenue O,Palmdale,93591,11,23,23,39,"42 - Rural, Distant",34.61601394,-117.80732616,1257,0,1257,92,7.3,8,0.6,2,0.2,0,0,1032,82.1,0,0,101,8,22,1.8,0,0,433,34.4,20,1.6,194,15.4,1,0.1,1208,96.1,174,13.8,-13114251.5599149,4111820.63949771
336,2023-24,0609620,1973437,19734370000000,Los Angeles,Compton Unified,Unified,KG,12,General Assistance,501 South Santa Fe Ave.,Compton,90221,11,43,35,65,"21 - Suburban, Large",33.89157184,-118.21675717,19743,3005,16738,3601,18.2,31,0.2,15,0.1,14,0.1,15776,79.9,88,0.4,65,0.3,111,0.6,42,0.2,4694,23.8,295,1.5,347,1.8,0,0,18639,94.4,2552,12.9,-13159829.2114425,4014252.04890588
337,2023-24,0616325,1973445,19734450000000,Los Angeles,Hacienda la Puente Unified,Unified,KG,12,Differentiated Assistance,15959 East Gale Ave.,City Of Industry,91745,11,31,30,56,"21 - Suburban, Large",34.01001487,-117.95864514,15767,0,15767,95,0.6,13,0.1,3050,19.3,274,1.7,11587,73.5,24,0.2,355,2.3,132,0.8,237,1.5,3026,19.2,96,0.6,905,5.7,48,0.3,11971,75.9,2133,13.5,-13131096.3112366,4030146.85740656
338,2023-24,0633750,1973452,19734520000000,Los Angeles,Rowland Unified,Unified,KG,12,Differentiated Assistance,1830 South Nogales St.,Rowland Heights,91748,11,38,30,56,"21 - Suburban, Large",33.98531887,-117.88859612,13052,1429,11623,420,3.2,24,0.2,2621,20.1,736,5.6,8450,64.7,28,0.2,385,2.9,278,2.1,110,0.8,3043,23.3,38,0.3,1984,15.2,26,0.2,10405,79.7,1746,13.4,-13123298.4905685,4026830.87921857
339,2023-24,0641280,1973460,19734600000000,Los Angeles,Walnut Valley Unified,Unified,KG,12,Differentiated Assistance,880 South Lemon Ave.,Walnut,91789,11,38,30,56,"21 - Suburban, Large",34.00072287,-117.85457112,13815,0,13815,152,1.1,3,0,8740,63.3,748,5.4,2955,21.4,53,0.4,569,4.1,566,4.1,29,0.2,1946,14.1,27,0.2,32,0.2,0,0,3875,28,1054,7.6,-13119510.8443977,4028899.09072804
340,2023-24,0634425,1975291,19752910000000,Los Angeles,San Gabriel Unified,Unified,KG,12,Differentiated Assistance,408 Junipero Serra Dr.,San Gabriel,91776,11,28,25,49,"21 - Suburban, Large",34.09755887,-118.10463817,4840,226,4614,30,0.6,4,0.1,2337,48.3,115,2.4,1954,40.4,20,0.4,160,3.3,140,2.9,80,1.7,1044,21.6,15,0.3,77,1.6,0,0,3348,69.2,542,11.2,-13147348.1810152,4041909.33336151
341,2023-24,0600001,1975309,19753090000000,Los Angeles,Acton-Agua Dulce Unified,Unified,KG,12,Differentiated Assistance,32248 North Crown Valley Rd.,Acton,93510,11,27,23,34,"41 - Rural, Fringe",34.4727129,-118.19678021,12875,11854,1021,868,6.7,48,0.4,335,2.6,98,0.8,7669,59.6,28,0.2,2878,22.4,650,5,301,2.3,1135,8.8,124,1,391,3,4,0,8806,68.4,2250,17.5,-13157605.3868818,4092453.81760057
342,2023-24,0600025,1975333,19753330000000,Los Angeles,Manhattan Beach Unified,Unified,KG,12,General Assistance,325 South Peck Ave.,Manhattan Beach,90266,11,36,24,66,"21 - Suburban, Large",33.87665783,-118.3885812,5925,0,5925,66,1.1,7,0.1,678,11.4,65,1.1,840,14.2,9,0.2,3418,57.7,842,14.2,0,0,113,1.9,9,0.2,5,0.1,0,0,336,5.7,911,15.4,-13178956.5746296,4012252.18573991
343,2023-24,0600032,1975341,19753410000000,Los Angeles,Redondo Beach Unified,Unified,KG,12,General Assistance,1401 Inglewood Ave.,Redondo Beach,90278,11,36,24,66,"21 - Suburban, Large",33.86756983,-118.36176619,9485,0,9485,282,3,11,0.1,1179,12.4,183,1.9,2358,24.9,11,0.1,3989,42.1,1471,15.5,1,0,445,4.7,9,0.1,19,0.2,0,0,1558,16.4,1160,12.2,-13175971.5418734,4011033.72083336
344,2023-24,0601844,1975663,19756630000000,Los Angeles,SBE - New West Charter,State Board of Education,06,12,,1905 Armacost Ave.,Los Angeles,90025,11,36,24,51,"11 - City, Large",34.03561484,-118.45538322,998,998,0,43,4.3,2,0.2,84,8.4,9,0.9,222,22.2,0,0,532,53.3,89,8.9,17,1.7,28,2.8,0,0,0,0,0,0,210,21,144,14.4,-13186392.9419347,4033585.23242731
345,2023-24,0600153,1975713,19757130000000,Los Angeles,Alhambra Unified,Unified,KG,12,Differentiated Assistance,1515 West Mission Rd.,Alhambra,91803,11,28,25,49,"21 - Suburban, Large",34.08286086,-118.14044017,14602,0,14602,83,0.6,8,0.1,6965,47.7,380,2.6,6269,42.9,7,0,284,1.9,481,3.3,125,0.9,3813,26.1,48,0.3,4,0,0,0,8868,60.7,1510,10.3,-13151333.6420018,4039933.64985541
346,2023-24,0601428,1976869,19768690000000,Los Angeles,Wiseburn Unified,Unified,KG,12,General Assistance,201 North Douglas St.,El Segundo,90245,11,36,24,66,"21 - Suburban, Large",33.91797083,-118.3842642,5012,2467,2545,755,15.1,12,0.2,261,5.2,78,1.6,2597,51.8,24,0.5,777,15.5,398,7.9,110,2.2,280,5.6,7,0.1,22,0.4,0,0,1959,39.1,614,12.3,-13178476.0086926,4017792.82420369
347,2023-24,0602291,1976968,19769680000000,Los Angeles,SBE - Academia Avance Charter,State Board of Education,06,12,,115 North Avenue 53,Highland Park,90042,11,34,26,52,"11 - City, Large",34.10778286,-118.19826219,241,241,0,2,0.8,3,1.2,2,0.8,2,0.8,226,93.8,0,0,1,0.4,0,0,5,2.1,48,19.9,4,1.7,4,1.7,0,0,178,73.9,37,15.4,-13157770.3591029,4043283.8296974
348,2023-24,0601713,1977289,19772890000000,Los Angeles,SBE - Los Angeles College Prep Academy,State Board of Education,09,12,,625 Coleman Ave.,Los Angeles,90042,11,34,26,52,"11 - City, Large",34.10260986,-118.18327318,41,41,0,0,0,0,0,0,0,2,4.9,35,85.4,0,0,0,0,2,4.9,2,4.9,3,7.3,1,2.4,0,0,0,0,30,73.2,8,19.5,-13156101.7908115,4042588.35972377
349,2023-24,0691017,2010207,20102070000000,Madera,Madera County Superintendent of Schools,County Office of Education (COE),KG,12,General Assistance,1105 South Madera Ave.,Madera,93637,07,13,14,27,"23 - Suburban, Small",36.94280604,-120.05535576,687,305,382,16,2.3,3,0.4,7,1,1,0.1,542,78.9,0,0,102,14.8,11,1.6,5,0.7,203,29.5,5,0.7,10,1.5,0,0,585,85.2,388,56.5,-13364501.0697323,4431137.68204666
350,2023-24,0602360,2065177,20651770000000,Madera,Alview-Dairyland Union Elementary,Elementary,KG,08,General Assistance,12861 Avenue 18 1/2,Chowchilla,93610,07,13,14,27,"42 - Rural, Distant",37.01891803,-120.31099281,386,0,386,2,0.5,1,0.3,3,0.8,1,0.3,236,61.1,0,0,139,36,3,0.8,1,0.3,136,35.2,0,0,0,0,3,0.8,261,67.6,23,6,-13392958.4559294,4441744.0444794
351,2023-24,0604080,2065185,20651850000000,Madera,Bass Lake Joint Union Elementary,Elementary,KG,08,Differentiated Assistance,40096 Indian Springs Rd.,Oakhurst,93644,07,05,04,08,"43 - Rural, Remote",37.3314281,-119.64078873,831,17,814,1,0.1,25,3,11,1.3,4,0.5,208,25,0,0,540,65,41,4.9,1,0.1,75,9,1,0.1,25,3,0,0,581,69.9,135,16.2,-13318351.6796416,4485404.82791216
352,2023-24,0608520,2065193,20651930000000,Madera,Chowchilla Elementary,Elementary,KG,08,General Assistance,355 North Fifth St.,Chowchilla,93610,07,13,14,27,"32 - Town, Distant",37.12220504,-120.26581281,2171,0,2171,46,2.1,14,0.6,37,1.7,5,0.2,1584,73,2,0.1,447,20.6,36,1.7,0,0,601,27.7,15,0.7,16,0.7,33,1.5,1929,88.9,253,11.7,-13387929.0416909,4456154.31037364
353,2023-24,0608550,2065201,20652010000000,Madera,Chowchilla Union High,High,09,12,Differentiated Assistance,805 Humboldt Ave.,Chowchilla,93610,07,13,14,27,"32 - Town, Distant",37.11474504,-120.26227481,1135,0,1135,18,1.6,8,0.7,26,2.3,3,0.3,797,70.2,0,0,265,23.3,18,1.6,0,0,205,18.1,4,0.4,13,1.1,28,2.5,958,84.4,84,7.4,-13387535.1932512,4455112.85743677
354,2023-24,0623340,2065243,20652430000000,Madera,Madera Unified,Unified,KG,12,Differentiated Assistance,1902 Howard Rd.,Madera,93637,07,13,14,27,"23 - Suburban, Small",36.95210804,-120.08146376,21181,1039,20142,231,1.1,97,0.5,237,1.1,37,0.2,19264,90.9,2,0,964,4.6,131,0.6,218,1,5974,28.2,111,0.5,658,3.1,616,2.9,19218,90.7,1733,8.2,-13367407.3995417,4432433.36591299
355,2023-24,0631920,2065276,20652760000000,Madera,Raymond-Knowles Union Elementary,Elementary,KG,08,Differentiated Assistance,31828 Road 600,Raymond,93653,07,05,04,08,"42 - Rural, Distant",37.21140707,-119.90876076,82,0,82,0,0,7,8.5,1,1.2,0,0,35,42.7,0,0,34,41.5,5,6.1,0,0,2,2.4,4,4.9,4,4.9,0,0,43,52.4,16,19.5,-13348182.1895786,4468615.31619878
356,2023-24,0600068,2075580,20755800000000,Madera,Golden Valley Unified,Unified,KG,12,Differentiated Assistance,37479 Avenue 12,Madera,93636,07,13,04,08,"41 - Rural, Fringe",36.92332705,-119.86740772,2774,0,2774,54,1.9,30,1.1,157,5.7,15,0.5,1374,49.5,3,0.1,1071,38.6,50,1.8,20,0.7,231,8.3,32,1.2,14,0.5,1,0,1152,41.5,326,11.8,-13343578.7904682,4428424.94831463
357,2023-24,0600116,2075606,20756060000000,Madera,Chawanakee Unified,Unified,KG,12,General Assistance,26065 Outback Industrial Way,O'Neals,93645,07,05,04,08,"42 - Rural, Distant",37.12898708,-119.73355772,1361,351,1010,8,0.6,80,5.9,20,1.5,7,0.5,368,27,1,0.1,762,56,115,8.4,0,0,18,1.3,14,1,23,1.7,0,0,717,52.7,134,9.8,-13328678.6767016,4457101.20519323
358,2023-24,0600160,2076414,20764140000000,Madera,Yosemite Unified,Unified,KG,12,Differentiated Assistance,50200 Road 427,Oakhurst,93644,07,05,04,08,"42 - Rural, Distant",37.3291941,-119.63254173,1710,296,1414,12,0.7,61,3.6,27,1.6,8,0.5,445,26,1,0.1,1029,60.2,112,6.5,15,0.9,65,3.8,20,1.2,61,3.6,0,0,1044,61.1,229,13.4,-13317433.6276557,4485092.07335345
359,2023-24,0691018,2110215,21102150000000,Marin,Marin County Office of Education,County Office of Education (COE),KG,12,General Assistance,1111 Las Gallinas Ave.,San Rafael,94903,04,02,02,12,"13 - City, Small",38.01378695,-122.55028926,500,201,299,23,4.6,1,0.2,21,4.2,4,0.8,198,39.6,1,0.2,204,40.8,33,6.6,15,3,97,19.4,8,1.6,5,1,0,0,194,38.8,269,53.8,-13642235.7972775,4581373.63019082
360,2023-24,0605520,2165300,21653000000000,Marin,Bolinas-Stinson Union,Elementary,KG,08,General Assistance,125 Olema-Bolinas Rd.,Bolinas,94924,04,02,02,12,"42 - Rural, Distant",37.91740794,-122.69291927,106,0,106,0,0,1,0.9,0,0,0,0,29,27.4,0,0,69,65.1,6,5.7,1,0.9,14,13.2,0,0,0,0,0,0,41,38.7,18,17,-13658113.2974003,4567764.88540127
361,2023-24,0611220,2165318,21653180000000,Marin,Miller Creek Elementary,Elementary,KG,08,Differentiated Assistance,380 Nova Albion Way,San Rafael,94903,04,02,02,12,"21 - Suburban, Large",37.99778495,-122.54957426,1813,0,1813,20,1.1,1,0.1,99,5.5,19,1,450,24.8,2,0.1,1020,56.3,188,10.4,14,0.8,263,14.5,3,0.2,6,0.3,0,0,388,21.4,247,13.6,-13642156.2036396,4579112.90579073
362,2023-24,0619380,2165334,21653340000000,Marin,Kentfield Elementary,Elementary,KG,08,Differentiated Assistance,750 College Ave.,Kentfield,94904,04,02,02,12,"21 - Suburban, Large",37.95235095,-122.54913326,1055,0,1055,18,1.7,1,0.1,36,3.4,8,0.8,193,18.3,2,0.2,648,61.4,149,14.1,0,0,92,8.7,1,0.1,10,0.9,0,0,146,13.8,125,11.8,-13642107.1112747,4572696.78507054
363,2023-24,0620430,2165342,21653420000000,Marin,Laguna Joint Elementary,Elementary,KG,06,General Assistance,2657 Chileno Valley Rd.,Petaluma,94952,04,02,02,12,"41 - Rural, Fringe",38.19964296,-122.71579331,9,0,9,0,0,0,0,0,0,0,0,8,88.9,0,0,1,11.1,0,0,0,0,6,66.7,0,0,0,0,0,0,5,55.6,3,33.3,-13660659.6235355,4607667.18269504
364,2023-24,0620520,2165359,21653590000000,Marin,Lagunitas Elementary,Elementary,KG,08,General Assistance,One Lagunitas School Rd.,San Geronimo,94963,04,02,02,12,"41 - Rural, Fringe",38.01714095,-122.67531228,162,0,162,1,0.6,0,0,3,1.9,0,0,25,15.4,0,0,116,71.6,12,7.4,5,3.1,10,6.2,0,0,5,3.1,0,0,34,21,24,14.8,-13656153.2960621,4581847.53663996
365,2023-24,0620910,2165367,21653670000000,Marin,Larkspur-Corte Madera,Elementary,KG,08,Differentiated Assistance,230 Doherty Dr.,Larkspur,94939,04,02,02,12,"21 - Suburban, Large",37.93893595,-122.53084925,1178,0,1178,3,0.3,2,0.2,58,4.9,7,0.6,184,15.6,1,0.1,809,68.7,113,9.6,1,0.1,54,4.6,0,0,1,0.1,0,0,115,9.8,140,11.9,-13640071.7450985,4570803.09840785
366,2023-24,0624870,2165391,21653910000000,Marin,Mill Valley Elementary,Elementary,KG,08,Differentiated Assistance,411 Sycamore Ave.,Mill Valley,94941,04,02,02,12,"21 - Suburban, Large",37.89732495,-122.52764225,2282,0,2282,7,0.3,4,0.2,109,4.8,13,0.6,223,9.8,2,0.1,1613,70.7,259,11.3,52,2.3,94,4.1,1,0,2,0.1,0,0,146,6.4,282,12.4,-13639714.7429061,4564931.40801597
367,2023-24,0627300,2165409,21654090000000,Marin,Nicasio,Elementary,KG,08,General Assistance,5555 Nicasio Valley Rd.,Nicasio,94946,04,02,02,12,"41 - Rural, Fringe",38.06842695,-122.70377729,36,0,36,0,0,0,0,0,0,3,8.3,19,52.8,0,0,11,30.6,2,5.6,1,2.8,10,27.8,0,0,0,0,0,0,21,58.3,10,27.8,-13659322.0065362,4589096.76035306
368,2023-24,0627720,2165417,21654170000000,Marin,Novato Unified,Unified,KG,12,Differentiated Assistance,1015 Seventh St.,Novato,94945,04,02,02,12,"21 - Suburban, Large",38.10971496,-122.57861428,7475,266,7209,143,1.9,27,0.4,357,4.8,56,0.7,3221,43.1,14,0.2,3038,40.6,581,7.8,38,0.5,1295,17.3,7,0.1,148,2,0,0,2722,36.4,877,11.7,-13645388.9235226,4594936.47198241
369,2023-24,0632160,2165425,21654250000000,Marin,Reed Union Elementary,Elementary,KG,08,General Assistance,277-A Karen Way,Tiburon,94920,04,02,02,12,"21 - Suburban, Large",37.90351795,-122.49638324,1048,0,1048,10,1,1,0.1,66,6.3,5,0.5,99,9.4,0,0,747,71.3,120,11.5,0,0,35,3.3,0,0,0,0,0,0,48,4.6,104,9.9,-13636235.0063698,4565805.08644585
370,2023-24,0633660,2165433,21654330000000,Marin,Ross Elementary,Elementary,KG,08,General Assistance,9 Lagunitas Rd.,Ross,94957,04,02,02,12,"21 - Suburban, Large",37.96140895,-122.55782326,354,0,354,1,0.3,0,0,5,1.4,2,0.6,20,5.6,0,0,281,79.4,29,8.2,16,4.5,0,0,0,0,0,0,0,0,3,0.8,32,9,-13643074.4777507,4573975.62509126
371,2023-24,0635090,2165458,21654580000000,Marin,San Rafael City Elementary,Elementary,KG,08,Differentiated Assistance,310 Nova Albion Way,San Rafael,94903,04,02,02,12,"13 - City, Small",38.00070095,-122.55500926,4356,0,4356,38,0.9,20,0.5,88,2,17,0.4,3104,71.3,5,0.1,916,21,160,3.7,8,0.2,2301,52.8,8,0.2,777,17.8,0,0,3247,74.5,523,12,-13642761.2252179,4579524.834445
372,2023-24,0635110,2165466,21654660000000,Marin,San Rafael City High,High,09,12,Differentiated Assistance,310 Nova Albion Way,San Rafael,94903,04,02,02,12,"13 - City, Small",38.00070095,-122.55500926,2653,0,2653,34,1.3,7,0.3,92,3.5,18,0.7,1692,63.8,7,0.3,714,26.9,83,3.1,6,0.2,665,25.1,15,0.6,227,8.6,0,0,1709,64.4,296,11.2,-13642761.2252179,4579524.834445
373,2023-24,0636000,2165474,21654740000000,Marin,Sausalito Marin City,Elementary,KG,08,Differentiated Assistance,200 Phillips Dr.,Marin City,94965,04,02,02,12,"21 - Suburban, Large",37.87262495,-122.51380424,283,0,283,76,26.9,1,0.4,18,6.4,1,0.4,72,25.4,0,0,86,30.4,25,8.8,4,1.4,38,13.4,3,1.1,10,3.5,0,0,152,53.7,57,20.1,-13638174.3032,4561447.58336538
374,2023-24,0638790,2165482,21654820000000,Marin,Tamalpais Union High,High,09,12,Differentiated Assistance,395 Doherty Dr.,Larkspur,94939,04,02,02,12,"21 - Suburban, Large",37.93724495,-122.52350725,4730,0,4730,93,2,10,0.2,194,4.1,20,0.4,663,14,8,0.2,3327,70.3,415,8.8,0,0,99,2.1,1,0,8,0.2,0,0,542,11.5,722,15.3,-13639254.4372981,4570564.41821963
375,2023-24,0636670,2173361,21733610000000,Marin,Shoreline Unified,Unified,KG,12,Differentiated Assistance,10 John St.,Tomales,94971,04,02,02,12,"42 - Rural, Distant",38.24542495,-122.90366334,476,0,476,1,0.2,2,0.4,5,1.1,1,0.2,293,61.6,1,0.2,161,33.8,8,1.7,4,0.8,153,32.1,0,0,3,0.6,16,3.4,300,63,92,19.3,-13681573.2199609,4614154.37698412
376,2023-24,0600006,2175002,21750020000000,Marin,Ross Valley Elementary,Elementary,KG,08,Differentiated Assistance,100 Shaw Dr.,San Anselmo,94960,04,02,02,12,"21 - Suburban, Large",37.98231495,-122.56226126,1739,0,1739,12,0.7,5,0.3,44,2.5,5,0.3,229,13.2,0,0,1256,72.2,187,10.8,1,0.1,94,5.4,0,0,0,0,0,0,214,12.3,213,12.2,-13643568.5139,4576927.80958503
377,2023-24,0691090,2210223,22102230000000,Mariposa,Mariposa County Office of Education,County Office of Education (COE),KG,12,General Assistance,5082 Old Highway North,Mariposa,95338,07,05,04,08,"43 - Rural, Remote",37.4902761,-119.9646798,54,0,54,1,1.9,6,11.1,0,0,0,0,13,24.1,0,0,31,57.4,3,5.6,0,0,2,3.7,5,9.3,4,7.4,0,0,43,79.6,50,92.6,-13354407.0686928,4507667.07086416
378,2023-24,0623940,2265532,22655320000000,Mariposa,Mariposa County Unified,Unified,KG,12,Differentiated Assistance,5082 Old Highway North,Mariposa,95338,07,05,04,08,"43 - Rural, Remote",37.4902761,-119.9646798,1802,133,1669,17,0.9,56,3.1,13,0.7,6,0.3,449,24.9,2,0.1,1104,61.3,136,7.5,19,1.1,94,5.2,31,1.7,106,5.9,0,0,1236,68.6,226,12.5,-13354407.0686928,4507667.07086416
379,2023-24,0691019,2310231,23102310000000,Mendocino,Mendocino County Office of Education,County Office of Education (COE),KG,12,General Assistance,2240 Old River Rd.,Ukiah,95482,01,02,02,02,"33 - Town, Remote",39.129431,-123.16484249,43,0,43,2,4.7,3,7,1,2.3,0,0,22,51.2,0,0,14,32.6,1,2.3,0,0,11,25.6,5,11.6,5,11.6,0,0,41,95.3,25,58.1,-13710647.5497389,4740228.44612499
380,2023-24,0602730,2365540,23655400000000,Mendocino,Anderson Valley Unified,Unified,KG,12,Differentiated Assistance,12300 Anderson Valley Way,Boonville,95415,01,02,02,02,"43 - Rural, Remote",39.01198397,-123.37425951,392,0,392,2,0.5,0,0,0,0,0,0,309,78.8,0,0,80,20.4,1,0.3,0,0,143,36.5,2,0.5,26,6.6,42,10.7,324,82.7,56,14.3,-13733959.7452536,4723388.31869522
381,2023-24,0603090,2365557,23655570000000,Mendocino,Arena Union Elementary,Elementary,KG,12,General Assistance,45 Lake St.,Point Arena,95468,01,02,02,02,"43 - Rural, Remote",38.91284694,-123.69357854,287,66,221,0,0,17,5.9,1,0.3,0,0,157,54.7,0,0,97,33.8,9,3.1,6,2.1,57,19.9,1,0.3,16,5.6,0,0,160,55.7,37,12.9,-13769506.1775683,4709195.32163131
382,2023-24,0614070,2365565,23655650000000,Mendocino,Fort Bragg Unified,Unified,KG,12,Differentiated Assistance,312 South Lincoln St.,Fort Bragg,95437,01,02,02,02,"33 - Town, Remote",39.43849097,-123.79526362,1758,80,1678,5,0.3,12,0.7,17,1,0,0,820,46.6,3,0.2,718,40.8,101,5.7,82,4.7,335,19.1,20,1.1,102,5.8,158,9,1385,78.8,232,13.2,-13780825.709249,4784677.69556391
383,2023-24,0623550,2365573,23655730000000,Mendocino,Manchester Union Elementary,Elementary,KG,08,General Assistance,19550 South Highway 1,Manchester,95459,01,02,02,02,"43 - Rural, Remote",38.96805994,-123.68782655,27,0,27,0,0,0,0,1,3.7,0,0,15,55.6,0,0,8,29.6,3,11.1,0,0,9,33.3,0,0,0,0,0,0,16,59.3,3,11.1,-13768865.8686009,4717097.46549516
384,2023-24,0624480,2365581,23655810000000,Mendocino,Mendocino Unified,Unified,KG,12,General Assistance,44141 Little Lake Rd.,Mendocino,95460,01,02,02,02,"42 - Rural, Distant",39.31059696,-123.7841646,436,0,436,3,0.7,3,0.7,7,1.6,2,0.5,72,16.5,0,0,321,73.6,21,4.8,7,1.6,18,4.1,1,0.2,32,7.3,0,0,298,68.3,59,13.5,-13779590.1720916,4766260.07938179
385,2023-24,0631230,2365599,23655990000000,Mendocino,Point Arena Joint Union High,High,09,12,General Assistance,45 Lake St.,Point Arena,95468,01,02,02,02,"43 - Rural, Remote",38.91284694,-123.69357854,143,0,143,0,0,11,7.7,0,0,0,0,88,61.5,1,0.7,40,28,3,2.1,0,0,13,9.1,3,2.1,25,17.5,2,1.4,83,58,27,18.9,-13769506.1775683,4709195.32163131
386,2023-24,0633720,2365607,23656070000000,Mendocino,Round Valley Unified,Unified,KG,12,Differentiated Assistance,76280 High School St.,Covelo,95428,01,02,02,02,"43 - Rural, Remote",39.79240504,-123.25623459,506,56,450,1,0.2,281,55.5,0,0,0,0,163,32.2,0,0,48,9.5,11,2.2,2,0.4,121,23.9,12,2.4,1,0.2,0,0,403,79.6,72,14.2,-13720821.2721228,4835820.84420754
387,2023-24,0640300,2365615,23656150000000,Mendocino,Ukiah Unified,Unified,KG,12,Differentiated Assistance,511 South Orchard Ave.,Ukiah,95482,01,02,02,02,"33 - Town, Remote",39.14732899,-123.1985245,6539,725,5814,32,0.5,304,4.6,54,0.8,25,0.4,3610,55.2,9,0.1,2156,33,290,4.4,59,0.9,1475,22.6,95,1.5,232,3.5,407,6.2,5104,78.1,905,13.8,-13714397.0137243,4742797.21220955
388,2023-24,0642560,2365623,23656230000000,Mendocino,Willits Unified,Unified,KG,12,Differentiated Assistance,1277 Blosser Ln.,Willits,95490,01,02,02,02,"33 - Town, Remote",39.400533,-123.35790256,1892,346,1546,11,0.6,75,4,12,0.6,0,0,598,31.6,0,0,638,33.7,77,4.1,481,25.4,212,11.2,25,1.3,37,2,107,5.7,1238,65.4,311,16.4,-13732138.8979094,4779207.96504191
389,2023-24,0631400,2373866,23738660000000,Mendocino,Potter Valley Community Unified,Unified,KG,12,Differentiated Assistance,10401 Main St.,Potter Valley,95469,01,02,02,02,"42 - Rural, Distant",39.32139601,-123.10498551,277,0,277,1,0.4,12,4.3,0,0,0,0,96,34.7,0,0,157,56.7,10,3.6,1,0.4,37,13.4,4,1.4,16,5.8,0,0,158,57,37,13.4,-13703984.3009265,4767813.91438924
390,2023-24,0642580,2373916,23739160000000,Mendocino,Laytonville Unified,Unified,KG,12,Differentiated Assistance,150 Ramsey Rd.,Laytonville,95454,01,02,02,02,"43 - Rural, Remote",39.68580801,-123.48336661,315,0,315,1,0.3,31,9.8,2,0.6,5,1.6,64,20.3,0,0,167,53,35,11.1,10,3.2,19,6,5,1.6,19,6,0,0,222,70.5,39,12.4,-13746105.4927259,4820389.25039913
391,2023-24,0609665,2375218,23752180000000,Mendocino,Leggett Valley Unified,Unified,KG,12,General Assistance,1 School Way,Leggett,95585,01,02,02,02,"43 - Rural, Remote",39.865156,-123.71672767,121,0,121,2,1.7,2,1.7,0,0,1,0.8,32,26.4,1,0.8,73,60.3,9,7.4,1,0.8,9,7.4,0,0,12,9.9,0,0,92,76,21,17.4,-13772083.1268822,4846366.4222595
392,2023-24,0691020,2410249,24102490000000,Merced,Merced County Office of Education,County Office of Education (COE),KG,12,Differentiated Assistance,632 West 13th St.,Merced,95341,07,13,14,27,"13 - City, Small",37.29776504,-120.48853686,1810,417,1393,78,4.3,11,0.6,61,3.4,9,0.5,1389,76.7,6,0.3,223,12.3,31,1.7,2,0.1,394,21.8,28,1.5,27,1.5,3,0.2,1428,78.9,1078,59.6,-13412722.5699723,4480693.06473264
393,2023-24,0603420,2465631,24656310000000,Merced,Atwater Elementary,Elementary,KG,08,General Assistance,1401 Broadway Ave.,Atwater,95301,07,13,14,27,"22 - Suburban, Midsize",37.34831604,-120.61109589,4959,0,4959,90,1.8,22,0.4,168,3.4,10,0.2,3920,79,9,0.2,630,12.7,110,2.2,0,0,1351,27.2,37,0.7,68,1.4,99,2,3949,79.6,770,15.5,-13426365.778371,4487769.39918952
394,2023-24,0603750,2465649,24656490000000,Merced,Ballico-Cressey Elementary,Elementary,KG,08,General Assistance,11818 Gregg St.,Ballico,95303,07,13,04,22,"42 - Rural, Distant",37.45463904,-120.70019392,362,307,55,1,0.3,4,1.1,3,0.8,0,0,242,66.9,2,0.6,105,29,3,0.8,2,0.6,123,34,2,0.6,1,0.3,9,2.5,191,52.8,41,11.3,-13436284.1252793,4502668.49510125
395,2023-24,0612150,2465680,24656800000000,Merced,El Nido Elementary,Elementary,KG,08,General Assistance,161 East El Nido Rd.,El Nido,95317,07,13,14,27,"42 - Rural, Distant",37.13441703,-120.48877985,152,0,152,0,0,0,0,2,1.3,0,0,137,90.1,0,0,13,8.6,0,0,0,0,87,57.2,0,0,0,0,11,7.2,143,94.1,14,9.2,-13412749.6187542,4457859.38520256
396,2023-24,0617220,2465698,24656980000000,Merced,Hilmar Unified,Unified,KG,12,General Assistance,7807 North Lander Ave.,Hilmar,95324,07,13,04,22,"41 - Rural, Fringe",37.40196802,-120.85111193,2297,0,2297,8,0.3,15,0.7,16,0.7,4,0.2,1067,46.5,3,0.1,1159,50.5,21,0.9,4,0.2,509,22.2,3,0.1,70,3,64,2.8,1497,65.2,214,9.3,-13453084.2420563,4495285.03705002
397,2023-24,0621240,2465722,24657220000000,Merced,Le Grand Union Elementary,Elementary,KG,08,General Assistance,13071 East Le Grand Rd.,Le Grand,95333,07,13,14,27,"42 - Rural, Distant",37.22787105,-120.25191182,330,0,330,0,0,0,0,1,0.3,0,0,293,88.8,0,0,30,9.1,5,1.5,1,0.3,139,42.1,0,0,0,0,10,3,257,77.9,27,8.2,-13386381.5904981,4470916.84776172
398,2023-24,0621270,2465730,24657300000000,Merced,Le Grand Union High,High,09,12,General Assistance,12961 East Le Grand Rd.,Le Grand,95333,07,13,14,27,"42 - Rural, Distant",37.22762305,-120.25390882,495,0,495,1,0.2,1,0.2,1,0.2,1,0.2,456,92.1,1,0.2,32,6.5,0,0,2,0.4,122,24.6,1,0.2,7,1.4,15,3,444,89.7,38,7.7,-13386603.895577,4470882.17553725
399,2023-24,0622170,2465748,24657480000000,Merced,Livingston Union,Elementary,KG,08,General Assistance,922 B St.,Livingston,95334,07,13,14,27,"31 - Town, Fringe",37.38535603,-120.72839591,2545,0,2545,12,0.5,8,0.3,318,12.5,16,0.6,2102,82.6,2,0.1,74,2.9,3,0.1,10,0.4,1008,39.6,6,0.2,138,5.4,64,2.5,2013,79.1,229,9,-13439423.5571604,4492957.43351339
400,2023-24,0622740,2465755,24657550000000,Merced,Los Banos Unified,Unified,KG,12,Differentiated Assistance,1717 South 11th St.,Los Banos,93635,07,13,14,27,"32 - Town, Distant",37.05265199,-120.84000089,11057,0,11057,129,1.2,20,0.2,91,0.8,79,0.7,9605,86.9,63,0.6,963,8.7,94,0.9,13,0.1,2637,23.8,64,0.6,101,0.9,300,2.7,8455,76.5,1342,12.1,-13451847.3667599,4446448.33942616
401,2023-24,0624360,2465763,24657630000000,Merced,McSwain Union Elementary,Elementary,KG,08,General Assistance,926 Scott Rd.,Merced,95341,07,13,14,27,"41 - Rural, Fringe",37.30092504,-120.56708888,939,0,939,3,0.3,2,0.2,62,6.6,1,0.1,453,48.2,1,0.1,375,39.9,42,4.5,0,0,83,8.8,5,0.5,4,0.4,0,0,348,37.1,110,11.7,-13421466.9400986,4481135.27437354
402,2023-24,0624600,2465771,24657710000000,Merced,Merced City Elementary,Elementary,KG,08,Differentiated Assistance,444 West 23rd St.,Merced,95340,07,13,14,27,"13 - City, Small",37.30706004,-120.47949986,11013,0,11013,527,4.8,35,0.3,971,8.8,56,0.5,7606,69.1,24,0.2,1266,11.5,359,3.3,169,1.5,1929,17.5,113,1,146,1.3,77,0.7,9198,83.5,992,9,-13411716.5758562,4481993.85998819
403,2023-24,0624660,2465789,24657890000000,Merced,Merced Union High,High,09,12,Differentiated Assistance,3430 A St.,Atwater,95301,07,13,14,27,"13 - City, Small",37.36724804,-120.57007088,11120,0,11120,423,3.8,60,0.5,831,7.5,71,0.6,8116,73,27,0.2,1354,12.2,139,1.2,99,0.9,1295,11.6,74,0.7,486,4.4,234,2.1,8893,80,1217,10.9,-13421798.8956625,4490420.80452687
404,2023-24,0630810,2465813,24658130000000,Merced,Plainsburg Union Elementary,Elementary,KG,08,General Assistance,3708 South Plainsburg Rd.,Merced,95341,07,13,14,27,"42 - Rural, Distant",37.23327005,-120.32392683,107,0,107,0,0,0,0,3,2.8,0,0,54,50.5,1,0.9,49,45.8,0,0,0,0,14,13.1,0,0,0,0,3,2.8,57,53.3,6,5.6,-13394398.2649679,4471671.69316589
405,2023-24,0630840,2465821,24658210000000,Merced,Planada Elementary,Elementary,KG,08,Differentiated Assistance,9722 East Haskell Ave.,Planada,95365,07,13,14,27,"42 - Rural, Distant",37.29319105,-120.31188383,870,0,870,1,0.1,1,0.1,3,0.3,0,0,845,97.1,0,0,18,2.1,0,0,2,0.2,432,49.7,6,0.7,44,5.1,40,4.6,793,91.1,58,6.7,-13393057.6448695,4480053.0139982
406,2023-24,0636960,2465839,24658390000000,Merced,Snelling-Merced Falls Union Elementary,Elementary,KG,08,General Assistance,16099 North Highway 59,Snelling,95369,07,13,04,22,"42 - Rural, Distant",37.52236906,-120.43427788,56,0,56,0,0,0,0,0,0,0,0,25,44.6,0,0,28,50,1,1.8,2,3.6,15,26.8,0,0,0,0,0,0,49,87.5,8,14.3,-13406682.4876045,4512170.58199259
407,2023-24,0641880,2465862,24658620000000,Merced,Weaver Union,Elementary,KG,08,General Assistance,1240 D St.,Merced,95341,07,13,14,27,"41 - Rural, Fringe",37.29174504,-120.47389086,3032,0,3032,110,3.6,9,0.3,403,13.3,21,0.7,2162,71.3,7,0.2,203,6.7,70,2.3,47,1.6,731,24.1,24,0.8,85,2.8,11,0.4,2480,81.8,409,13.5,-13411092.1843589,4479850.67768939
408,2023-24,0642960,2465870,24658700000000,Merced,Winton,Elementary,KG,08,General Assistance,7000 North Center St.,Winton,95388,07,13,14,27,"22 - Suburban, Midsize",37.38996404,-120.61507289,1868,0,1868,18,1,6,0.3,93,5,0,0,1631,87.3,0,0,115,6.2,1,0.1,4,0.2,962,51.5,6,0.3,117,6.3,4,0.2,1744,93.4,154,8.2,-13426808.4965083,4493603.03696044
409,2023-24,0616323,2473619,24736190000000,Merced,Gustine Unified,Unified,KG,12,General Assistance,1500 Meredith Ave.,Gustine,95322,07,13,14,22,"41 - Rural, Fringe",37.24917,-121.01106394,1679,0,1679,4,0.2,3,0.2,9,0.5,11,0.7,1446,86.1,2,0.1,164,9.8,21,1.3,19,1.1,604,36,5,0.3,37,2.2,63,3.8,1401,83.4,181,10.8,-13470890.0181749,4473895.01475597
410,2023-24,0624630,2473726,24737260000000,Merced,Merced River Union Elementary,Elementary,KG,08,General Assistance,4402 West Oakdale Rd.,Winton,95388,07,13,04,22,"41 - Rural, Fringe",37.43887305,-120.56514389,281,0,281,4,1.4,3,1.1,0,0,0,0,156,55.5,0,0,112,39.9,5,1.8,1,0.4,75,26.7,5,1.8,0,0,0,0,220,78.3,31,11,-13421250.4254005,4500457.86312457
411,2023-24,0600033,2475317,24753170000000,Merced,Dos Palos Oro Loma Joint Unified,Unified,KG,12,Differentiated Assistance,2041 Almond St.,Dos Palos,93620,07,13,14,27,"32 - Town, Distant",36.98474,-120.62878285,2270,0,2270,43,1.9,29,1.3,5,0.2,1,0,1915,84.4,1,0,251,11.1,11,0.5,14,0.6,617,27.2,12,0.5,48,2.1,82,3.6,2025,89.2,264,11.6,-13428334.6820678,4436979.95385703
412,2023-24,0600039,2475366,24753660000000,Merced,Delhi Unified,Unified,KG,12,General Assistance,9716 Hinton Ave.,Delhi,95315,07,13,04,27,"31 - Town, Fringe",37.42996003,-120.77873493,2321,0,2321,5,0.2,6,0.3,71,3.1,1,0,2126,91.6,4,0.2,91,3.9,10,0.4,7,0.3,880,37.9,10,0.4,156,6.7,45,1.9,1953,84.1,227,9.8,-13445027.270566,4499208.32865758
413,2023-24,0638520,2565896,25658960000000,Modoc,Surprise Valley Joint Unified,Unified,KG,12,General Assistance,470 Lincoln St.,Cedarville,96104,02,01,01,01,"43 - Rural, Remote",41.52730243,-120.17890437,88,0,88,0,0,15,17,0,0,0,0,20,22.7,0,0,44,50,7,8,2,2.3,1,1.1,0,0,0,0,0,0,40,45.5,9,10.2,-13378254.4383048,5090432.5451243
414,2023-24,0625190,2573585,25735850000000,Modoc,Modoc Joint Unified,Unified,KG,12,Differentiated Assistance,906 West Fourth St.,Alturas,96101,02,01,01,01,"43 - Rural, Remote",41.48784239,-120.55557042,810,0,810,13,1.6,52,6.4,3,0.4,4,0.5,159,19.6,5,0.6,524,64.7,43,5.3,7,0.9,26,3.2,20,2.5,20,2.5,0,0,530,65.4,100,12.3,-13420184.7117442,5084566.79784885
415,2023-24,0639940,2573593,25735930000000,Modoc,Tulelake Basin Joint Unified,Unified,KG,12,General Assistance,400 G St.,Tulelake,96134,02,01,01,01,"43 - Rural, Remote",41.95080335,-121.47554664,429,0,429,0,0,8,1.9,1,0.2,0,0,325,75.8,0,0,79,18.4,12,2.8,4,0.9,115,26.8,0,0,1,0.2,0,0,356,83,50,11.7,-13522595.9960259,5153612.8702848
416,2023-24,0691052,2610264,26102640000000,Mono,Mono County Office of Education,County Office of Education (COE),KG,12,General Assistance,451 Sierra Park Rd,Mammoth Lakes,93546,10,03,04,08,"11 - City, Large",37.63903218,-118.96364565,223,210,13,12,5.4,0,0,10,4.5,0,0,170,76.2,0,0,27,12.1,4,1.8,0,0,108,48.4,0,0,6,2.7,0,0,163,73.1,10,4.5,-13242972.457104,4528557.91778941
417,2023-24,0611870,2673668,26736680000000,Mono,Eastern Sierra Unified,Unified,KG,12,General Assistance,231 Kingsley St.,Bridgeport,93517,10,03,04,08,"43 - Rural, Remote",38.25412522,-119.22898677,368,0,368,3,0.8,20,5.4,1,0.3,0,0,147,39.9,0,0,189,51.4,2,0.5,6,1.6,49,13.3,1,0.3,5,1.4,0,0,172,46.7,60,16.3,-13272510.094977,4615387.64609885
418,2023-24,0623530,2673692,26736920000000,Mono,Mammoth Unified,Unified,KG,12,General Assistance,461 Sierra Park Rd.,Mammoth Lakes,93546,10,03,04,08,"33 - Town, Remote",37.63853218,-118.96276665,1112,0,1112,0,0,1,0.1,12,1.1,2,0.2,671,60.3,0,0,395,35.5,26,2.3,5,0.4,301,27.1,4,0.4,9,0.8,0,0,601,54,116,10.4,-13242874.6071764,4528487.62938885
419,2023-24,0691021,2710272,27102720000000,Monterey,Monterey County Office of Education,County Office of Education (COE),KG,12,Differentiated Assistance,901 Blanco Cir.,Salinas,93912,05,18,17,29,"12 - City, Midsize ",36.6534149,-121.63977297,1853,1434,419,29,1.6,7,0.4,40,2.2,22,1.2,1123,60.6,13,0.7,484,26.1,119,6.4,16,0.9,397,21.4,5,0.3,174,9.4,1,0.1,988,53.3,495,26.7,-13540877.5876946,4390906.77226174
420,2023-24,0601950,2765961,27659610000000,Monterey,Alisal Union,Elementary,KG,06,General Assistance,155 Bardin Rd.,Salinas,93905,05,18,17,29,"12 - City, Midsize ",36.67809791,-121.60504397,7339,0,7339,11,0.1,5,0.1,15,0.2,57,0.8,7081,96.5,9,0.1,72,1,40,0.5,49,0.7,4514,61.5,4,0.1,1207,16.4,998,13.6,6830,93.1,828,11.3,-13537011.5727161,4394332.26489294
421,2023-24,0605730,2765979,27659790000000,Monterey,Bradley Union Elementary,Elementary,KG,08,General Assistance,65600 Dixie St.,Bradley,93426,05,18,17,30,"42 - Rural, Distant",35.86282489,-120.80527677,39,0,39,0,0,0,0,0,0,0,0,8,20.5,0,0,28,71.8,2,5.1,1,2.6,4,10.3,0,0,0,0,0,0,9,23.1,5,12.8,-13447981.8946626,4281762.66710929
422,2023-24,0607530,2765987,27659870000000,Monterey,Carmel Unified,Unified,KG,12,General Assistance,4380 Carmel Valley Rd.,Carmel,93923,05,19,17,30,"22 - Suburban, Midsize",36.54220488,-121.897113,2159,0,2159,10,0.5,2,0.1,78,3.6,7,0.3,464,21.5,2,0.1,1328,61.5,217,10.1,51,2.4,63,2.9,4,0.2,18,0.8,0,0,372,17.2,285,13.2,-13569524.5484517,4375486.70890974
423,2023-24,0608580,2765995,27659950000000,Monterey,Chualar Union,Elementary,KG,08,General Assistance,24285 Lincoln St.,Chualar,93925,05,18,17,29,"42 - Rural, Distant",36.57208891,-121.51607295,262,0,262,0,0,1,0.4,0,0,0,0,258,98.5,0,0,2,0.8,0,0,1,0.4,194,74,0,0,48,18.3,39,14.9,225,85.9,39,14.9,-13527107.3637113,4379628.15981207
424,2023-24,0615870,2766027,27660270000000,Monterey,Graves Elementary,Elementary,KG,08,General Assistance,15 McFadden Rd.,Salinas,93908,05,18,17,29,"41 - Rural, Fringe",36.6964349,-121.70106099,36,0,36,0,0,0,0,0,0,0,0,32,88.9,0,0,3,8.3,1,2.8,0,0,5,13.9,0,0,4,11.1,0,0,22,61.1,3,8.3,-13547700.1381918,4396877.77360579
425,2023-24,0616080,2766035,27660350000000,Monterey,Greenfield Union Elementary,Elementary,KG,08,Differentiated Assistance,493 El Camino Real,Greenfield,93927,05,18,17,29,"32 - Town, Distant",36.3260069,-121.24827388,3332,0,3332,3,0.1,9,0.3,0,0,4,0.1,3272,98.2,2,0.1,33,1,0,0,9,0.3,2176,65.3,3,0.1,716,21.5,285,8.6,2751,82.6,388,11.6,-13497296.107914,4345572.63880813
426,2023-24,0619680,2766050,27660500000000,Monterey,King City Union,Elementary,KG,08,Differentiated Assistance,104 South Vanderhurst Ave.,King City,93930,05,18,17,29,"33 - Town, Remote",36.2118579,-121.12775985,2552,0,2552,2,0.1,1,0,19,0.7,20,0.8,2425,95,0,0,69,2.7,15,0.6,1,0,1422,55.7,4,0.2,316,12.4,240,9.4,2284,89.5,393,15.4,-13483880.5473079,4329811.98620451
427,2023-24,0619650,2766068,27660680000000,Monterey,South Monterey County Joint Union High,High,09,12,Differentiated Assistance,800 Broadway St.,King City,93930,05,18,17,29,"33 - Town, Remote",36.2082359,-121.13483385,2731,0,2731,2,0.1,8,0.3,5,0.2,11,0.4,2597,95.1,2,0.1,99,3.6,4,0.1,3,0.1,497,18.2,6,0.2,249,9.1,168,6.2,2393,87.6,401,14.7,-13484668.0215516,4329312.27002431
428,2023-24,0620490,2766076,27660760000000,Monterey,Lagunita Elementary,Elementary,KG,08,General Assistance,975 San Juan Grade Rd.,Salinas,93907,05,19,17,29,"41 - Rural, Fringe",36.77292192,-121.60498998,61,0,61,0,0,0,0,0,0,0,0,26,42.6,0,0,32,52.5,3,4.9,0,0,2,3.3,0,0,0,0,0,0,10,16.4,6,9.8,-13537005.5626328,4407502.11885025
429,2023-24,0625110,2766084,27660840000000,Monterey,Mission Union Elementary,Elementary,KG,08,General Assistance,36825 Foothill Rd.,Soledad,93960,05,18,17,29,"42 - Rural, Distant",36.3902059,-121.3647599,127,0,127,2,1.6,0,0,2,1.6,1,0.8,94,74,0,0,28,22,0,0,0,0,19,15,0,0,0,0,0,0,36,28.3,11,8.7,-13510263.272704,4354446.79339745
430,2023-24,0625530,2766092,27660920000000,Monterey,Monterey Peninsula Unified,Unified,KG,12,Differentiated Assistance,700 Pacific St.,Monterey,93940,05,19,17,30,"22 - Suburban, Midsize",36.59540988,-121.89849201,9836,584,9252,452,4.6,31,0.3,428,4.4,359,3.6,6043,61.4,156,1.6,1883,19.1,414,4.2,70,0.7,2465,25.1,15,0.2,1831,18.6,0,0,6385,64.9,1541,15.7,-13569678.058637,4382861.18927527
431,2023-24,0629370,2766134,27661340000000,Monterey,Pacific Grove Unified,Unified,KG,12,General Assistance,435 Hillcrest Ave.,Pacific Grove,93950,05,19,17,30,"22 - Suburban, Midsize",36.61324888,-121.91751301,1727,0,1727,25,1.4,15,0.9,154,8.9,34,2,355,20.6,11,0.6,967,56,116,6.7,50,2.9,73,4.2,1,0.1,3,0.2,0,0,319,18.5,249,14.4,-13571795.4672605,4385334.90211525
432,2023-24,0633930,2766142,27661420000000,Monterey,Salinas City Elementary,Elementary,KG,06,General Assistance,840 South Main St.,Salinas,93901,05,18,17,29,"12 - City, Midsize ",36.6645049,-121.65761398,8206,0,8206,46,0.6,58,0.7,46,0.6,72,0.9,7461,90.9,10,0.1,337,4.1,127,1.5,49,0.6,4191,51.1,9,0.1,3347,40.8,432,5.3,6287,76.6,872,10.6,-13542863.6391124,4392445.69984312
433,2023-24,0633980,2766159,27661590000000,Monterey,Salinas Union High,High,07,12,Differentiated Assistance,431 West Alisal St.,Salinas,93901,05,18,17,29,"12 - City, Midsize ",36.6721149,-121.66525398,16225,0,16225,76,0.5,18,0.1,100,0.6,249,1.5,14902,91.8,18,0.1,648,4,164,1,50,0.3,3143,19.4,16,0.1,642,4,959,5.9,15114,93.2,1897,11.7,-13543714.1203432,4393501.84621837
434,2023-24,0634050,2766167,27661670000000,Monterey,San Antonio Union Elementary,Elementary,KG,08,General Assistance,67550 Lockwood/Jolon Rd.,Lockwood,93932,05,18,17,30,"43 - Rural, Remote",35.94356288,-121.08271682,144,0,144,3,2.1,0,0,0,0,2,1.4,68,47.2,0,0,56,38.9,12,8.3,3,2.1,38,26.4,0,0,2,1.4,0,0,66,45.8,28,19.4,-13478866.3797673,4292858.48704617
435,2023-24,0634080,2766175,27661750000000,Monterey,San Ardo Union Elementary,Elementary,KG,08,Differentiated Assistance,62428 Center St.,San Ardo,93450,05,18,17,29,"43 - Rural, Remote",36.01913289,-120.9047858,86,0,86,1,1.2,0,0,0,0,0,0,77,89.5,0,0,5,5.8,2,2.3,1,1.2,52,60.5,0,0,4,4.7,3,3.5,72,83.7,18,20.9,-13459059.1892293,4303254.34827598
436,2023-24,0634770,2766183,27661830000000,Monterey,San Lucas Union Elementary,Elementary,KG,08,General Assistance,53675 San Benito St.,San Lucas,93954,05,18,17,29,"42 - Rural, Distant",36.1296199,-121.01688082,78,0,78,0,0,0,0,0,0,0,0,77,98.7,0,0,1,1.3,0,0,0,0,36,46.2,0,0,30,38.5,10,12.8,78,100,13,16.7,-13471537.5507413,4318471.55907901
437,2023-24,0635790,2766191,27661910000000,Monterey,Santa Rita Union Elementary,Elementary,KG,08,General Assistance,57 Russell Rd.,Salinas,93906,05,18,17,29,"22 - Suburban, Midsize",36.73291491,-121.64976298,3186,0,3186,14,0.4,2,0.1,30,0.9,54,1.7,2900,91,6,0.2,137,4.3,19,0.6,24,0.8,1459,45.8,6,0.2,772,24.2,184,5.8,2431,76.3,372,11.7,-13541989.6703577,4401943.66897735
438,2023-24,0637710,2766225,27662250000000,Monterey,Spreckels Union Elementary,Elementary,KG,08,General Assistance,130 Railroad Ave.,Spreckels,93962,05,19,17,29,"22 - Suburban, Midsize",36.6261129,-121.64250897,888,0,888,0,0,1,0.1,28,3.2,8,0.9,402,45.3,0,0,363,40.9,74,8.3,12,1.4,72,8.1,0,0,5,0.6,0,0,164,18.5,89,10,-13541182.1575088,4387119.09541679
439,2023-24,0641610,2766233,27662330000000,Monterey,Washington Union Elementary,Elementary,KG,08,General Assistance,43 San Benancio Rd.,Salinas,93908,05,19,17,30,"41 - Rural, Fringe",36.57814489,-121.71721898,746,0,746,3,0.4,1,0.1,44,5.9,11,1.5,214,28.7,0,0,398,53.4,74,9.9,1,0.1,20,2.7,0,0,9,1.2,0,0,87,11.7,81,10.9,-13549498.8372492,4380467.61829075
440,2023-24,0627590,2773825,27738250000000,Monterey,North Monterey County Unified,Unified,KG,12,Differentiated Assistance,13994 Castroville Blvd.,Castroville,95012,05,19,17,29,"31 - Town, Fringe",36.78114412,-121.7335905,4435,0,4435,10,0.2,3,0.1,18,0.4,15,0.3,4062,91.6,7,0.2,284,6.4,18,0.4,18,0.4,2162,48.7,8,0.2,1296,29.2,276,6.2,3882,87.5,592,13.3,-13551321.3070963,4408644.84498052
441,2023-24,0600031,2775150,27751500000000,Monterey,Big Sur Unified,Unified,KG,12,General Assistance,69325 Highway 1,Big Sur,93920,05,19,17,30,"43 - Rural, Remote",35.91983385,-121.46609687,107,89,18,1,0.9,0,0,0,0,0,0,35,32.7,1,0.9,58,54.2,12,11.2,0,0,4,3.7,0,0,1,0.9,0,0,40,37.4,11,10.3,-13521544.0524148,4289596.23260975
442,2023-24,0637050,2775440,27754400000000,Monterey,Soledad Unified,Unified,KG,12,Differentiated Assistance,1261 Metz Rd.,Soledad,93960,05,18,17,29,"32 - Town, Distant",36.4275849,-121.3185309,4700,0,4700,19,0.4,2,0,35,0.7,29,0.6,4507,95.9,3,0.1,88,1.9,15,0.3,2,0,1562,33.2,13,0.3,385,8.2,183,3.9,3955,84.1,712,15.1,-13505117.0837016,4359617.02646839
443,2023-24,0600046,2775473,27754730000000,Monterey,Gonzales Unified,Unified,KG,12,Differentiated Assistance,600 Elko St.,Gonzales,93926,05,18,17,29,"32 - Town, Distant",36.5115229,-121.44311893,2017,0,2017,4,0.2,11,0.5,3,0.1,11,0.5,1960,97.2,1,0,18,0.9,5,0.2,4,0.2,891,44.2,4,0.2,331,16.4,167,8.3,1382,68.5,273,13.5,-13518986.1595457,4371236.34107893
444,2023-24,0691022,2810280,28102800000000,Napa,Napa County Office of Education,County Office of Education (COE),KG,12,General Assistance,2121 Imola Ave.,Napa,94559,04,04,03,04,"23 - Suburban, Small",38.27876,-122.25658125,145,71,74,4,2.8,0,0,2,1.4,0,0,59,40.7,0,0,14,9.7,1,0.7,65,44.8,44,30.3,2,1.4,25,17.2,2,1.4,84,57.9,27,18.6,-13609540.3708302,4618880.4416216
445,2023-24,0607020,2866241,28662410000000,Napa,Calistoga Joint Unified,Unified,KG,12,General Assistance,1520 Lake St.,Calistoga,94515,04,04,03,04,"31 - Town, Fringe",38.58323,-122.58153034,790,0,790,3,0.4,0,0,3,0.4,4,0.5,694,87.8,0,0,68,8.6,3,0.4,15,1.9,269,34.1,0,0,2,0.3,160,20.3,674,85.3,123,15.6,-13645713.5376472,4662147.45974822
446,2023-24,0617760,2866258,28662580000000,Napa,Howell Mountain Elementary,Elementary,KG,08,General Assistance,525 White Cottage Rd. North,Angwin,94508,04,04,03,04,"42 - Rural, Distant",38.58314001,-122.44970832,93,0,93,0,0,0,0,1,1.1,0,0,55,59.1,1,1.1,32,34.4,1,1.1,3,3.2,36,38.7,0,0,22,23.7,24,25.8,64,68.8,8,8.6,-13631039.1776437,4662134.64449541
447,2023-24,0626640,2866266,28662660000000,Napa,Napa Valley Unified,Unified,KG,12,Differentiated Assistance,2425 Jefferson St.,Napa,94558,04,04,03,04,"13 - City, Small",38.308779,-122.29703426,16393,277,16116,381,2.3,27,0.2,446,2.7,1052,6.4,9556,58.3,36,0.2,4054,24.7,803,4.9,38,0.2,3914,23.9,48,0.3,365,2.2,703,4.3,10566,64.5,2227,13.6,-13614043.5793869,4623138.23151404
448,2023-24,0631380,2866282,28662820000000,Napa,Pope Valley Union Elementary,Elementary,KG,08,General Assistance,6200 Pope Valley Rd.,Pope Valley,94567,04,04,03,04,"42 - Rural, Distant",38.62315101,-122.43898232,48,0,48,0,0,0,0,0,0,0,0,35,72.9,0,0,9,18.8,1,2.1,3,6.2,19,39.6,0,0,0,0,14,29.2,46,95.8,7,14.6,-13629845.1650614,4667834.04745436
449,2023-24,0637830,2866290,28662900000000,Napa,Saint Helena Unified,Unified,KG,12,General Assistance,465 Main St.,St. Helena,94574,04,04,03,04,"31 - Town, Fringe",38.49732,-122.46192131,1103,0,1103,5,0.5,2,0.2,16,1.5,0,0,589,53.4,2,0.2,468,42.4,19,1.7,2,0.2,157,14.2,0,0,5,0.5,42,3.8,404,36.6,131,11.9,-13632398.7215709,4649920.63616117
450,2023-24,0691023,2910298,29102980000000,Nevada,Nevada County Office of Education,County Office of Education (COE),KG,12,General Assistance,380 Crown Point Cir.,Grass Valley,95945,03,03,01,01,"32 - Town, Distant",39.21912017,-121.02848618,3144,3073,71,61,1.9,25,0.8,25,0.8,8,0.3,1249,39.7,6,0.2,1534,48.8,164,5.2,72,2.3,152,4.8,11,0.3,93,3,0,0,1961,62.4,431,13.7,-13472829.4528676,4753107.43556254
451,2023-24,0608340,2966316,29663160000000,Nevada,Chicago Park Elementary,Elementary,KG,08,General Assistance,15725 Mt. Olive Rd.,Grass Valley,95945,03,03,01,01,"41 - Rural, Fringe",39.14437217,-120.97749516,156,35,121,0,0,1,0.6,0,0,0,0,29,18.6,0,0,119,76.3,7,4.5,0,0,0,0,0,0,0,0,0,0,78,50,21,13.5,-13467153.1588069,4742372.79594055
452,2023-24,0608880,2966324,29663240000000,Nevada,Clear Creek Elementary,Elementary,KG,08,General Assistance,17700 McCourtney Rd.,Grass Valley,95949,03,03,01,01,"42 - Rural, Distant",39.14279415,-121.14475719,163,0,163,1,0.6,2,1.2,0,0,0,0,22,13.5,0,0,108,66.3,30,18.4,0,0,0,0,2,1.2,7,4.3,0,0,70,42.9,16,9.8,-13485772.6822864,4742146.29880865
453,2023-24,0615780,2966332,29663320000000,Nevada,Grass Valley Elementary,Elementary,KG,08,General Assistance,10840 Gilmore Way,Grass Valley,95945,03,03,01,01,"32 - Town, Distant",39.22241217,-121.07404819,1551,521,1030,14,0.9,25,1.6,23,1.5,4,0.3,315,20.3,5,0.3,1100,70.9,57,3.7,8,0.5,54,3.5,10,0.6,17,1.1,0,0,996,64.2,208,13.4,-13477901.3924689,4753580.46529678
454,2023-24,0626820,2966340,29663400000000,Nevada,Nevada City Elementary,Elementary,KG,08,Differentiated Assistance,800 Hoover Ln.,Nevada City,95959,03,03,01,01,"32 - Town, Distant",39.25521117,-121.03033318,705,0,705,6,0.9,5,0.7,9,1.3,0,0,65,9.2,1,0.1,575,81.6,43,6.1,1,0.1,1,0.1,0,0,8,1.1,0,0,245,34.8,81,11.5,-13473035.0605032,4758294.5938361
455,2023-24,0626880,2966357,29663570000000,Nevada,Nevada Joint Union High,High,09,12,Differentiated Assistance,11645 Ridge Rd.,Grass Valley,95945,03,03,01,01,"32 - Town, Distant",39.24178717,-121.05357319,2741,197,2544,15,0.5,23,0.8,23,0.8,10,0.4,498,18.2,4,0.1,1963,71.6,195,7.1,10,0.4,29,1.1,4,0.1,81,3,0,0,1055,38.5,419,15.3,-13475622.125732,4756364.92528745
456,2023-24,0630930,2966373,29663730000000,Nevada,Pleasant Ridge Union Elementary,Elementary,KG,08,Differentiated Assistance,22580 Kingston Ln.,Grass Valley,95949,03,03,01,01,"41 - Rural, Fringe",39.05127915,-121.06682016,1428,239,1189,5,0.4,3,0.2,6,0.4,4,0.3,221,15.5,1,0.1,1045,73.2,107,7.5,36,2.5,16,1.1,1,0.1,3,0.2,0,0,461,32.3,221,15.5,-13477096.7725187,4729019.53506466
457,2023-24,0640380,2966407,29664070000000,Nevada,Union Hill Elementary,Elementary,KG,08,General Assistance,10879 Bartlett Dr.,Grass Valley,95945,03,03,01,01,"32 - Town, Distant",39.20609817,-121.03637218,689,543,146,0,0,0,0,5,0.7,0,0,71,10.3,1,0.1,511,74.2,47,6.8,54,7.8,16,2.3,1,0.1,14,2,0,0,312,45.3,100,14.5,-13473707.3184117,4751236.51082494
458,2023-24,0600012,2966415,29664150000000,Nevada,Twin Ridges Elementary,Elementary,KG,08,Differentiated Assistance,16661 Old Mill Rd.,Nevada City,95959,03,03,01,01,"42 - Rural, Distant",39.37377018,-120.99544719,110,0,110,0,0,2,1.8,0,0,0,0,12,10.9,1,0.9,81,73.6,14,12.7,0,0,2,1.8,0,0,11,10,0,0,94,85.5,26,23.6,-13469151.5698973,4775353.24145745
459,2023-24,0601427,2976877,29768770000000,Nevada,Penn Valley Union Elementary,Elementary,KG,12,General Assistance,17328 Penn Valley Dr. Ste A,Penn Valley,95946,03,03,01,01,"42 - Rural, Distant",39.19848516,-121.1755442,558,37,521,5,0.9,6,1.1,3,0.5,1,0.2,93,16.7,0,0,399,71.5,51,9.1,0,0,8,1.4,1,0.2,13,2.3,0,0,337,60.4,69,12.4,-13489199.8767912,4750142.87862188
460,2023-24,0691024,3010306,30103060000000,Orange,Orange County Department of Education,County Office of Education (COE),KG,12,Differentiated Assistance,200 Kalmus Dr.,Costa Mesa,92628,09,47,37,73,"12 - City, Midsize ",33.67315983,-117.8807101,13251,10856,2395,368,2.8,32,0.2,1839,13.9,211,1.6,6751,50.9,58,0.4,2892,21.8,761,5.7,339,2.6,2054,15.5,141,1.1,638,4.8,0,0,6836,51.6,1785,13.5,-13122420.6222617,3984999.35554045
461,2023-24,0623010,3064766,30647660000000,Orange,Lowell Joint,Elementary,KG,08,General Assistance,11019 Valley Home Ave.,Whittier,90603,11,38,30,56,"21 - Suburban, Large",33.93291386,-117.97687813,3029,0,3029,36,1.2,3,0.1,130,4.3,49,1.6,2130,70.3,6,0.2,522,17.2,80,2.6,73,2.4,197,6.5,8,0.3,16,0.5,0,0,1770,58.4,452,14.9,-13133125.9991778,4019797.54953798
462,2023-24,0602610,3066423,30664230000000,Orange,Anaheim Elementary,Elementary,KG,06,General Assistance,1001 South East St.,Anaheim,92805,09,46,34,68,"11 - City, Large",33.82284185,-117.89872111,14775,514,14261,196,1.3,19,0.1,726,4.9,229,1.5,12370,83.7,55,0.4,620,4.2,213,1.4,347,2.3,6751,45.7,129,0.9,1392,9.4,14,0.1,11993,81.2,2236,15.1,-13124425.5991448,4005038.74850884
463,2023-24,0602630,3066431,30664310000000,Orange,Anaheim Union High,High,07,12,Differentiated Assistance,501 Crescent Way,Anaheim,92803,09,46,34,67,"11 - City, Large",33.83722185,-117.94895012,27195,0,27195,576,2.1,167,0.6,3669,13.5,1036,3.8,18928,69.6,107,0.4,2091,7.7,543,2,78,0.3,5952,21.9,131,0.5,788,2.9,0,0,21530,79.2,3929,14.4,-13130017.0669644,4006965.78375352
464,2023-24,0605880,3066449,30664490000000,Orange,Brea-Olinda Unified,Unified,KG,12,Differentiated Assistance,1 Civic Center Cir. Level 2,Brea,92821,09,45,30,59,"21 - Suburban, Large",33.91709786,-117.88891612,5895,0,5895,77,1.3,6,0.1,1621,27.5,217,3.7,2311,39.2,19,0.3,1309,22.2,302,5.1,33,0.6,550,9.3,23,0.4,9,0.2,0,0,1313,22.3,747,12.7,-13123334.1121556,4017675.71901571
465,2023-24,0606360,3066456,30664560000000,Orange,Buena Park Elementary,Elementary,KG,08,Differentiated Assistance,6885 Orangethorpe Ave.,Buena Park,90620,09,45,36,67,"21 - Suburban, Large",33.85925785,-118.01445713,3784,0,3784,134,3.5,6,0.2,660,17.4,170,4.5,2488,65.8,15,0.4,185,4.9,90,2.4,36,1,1170,30.9,34,0.9,275,7.3,0,0,2953,78,571,15.1,-13137309.2742783,4009919.41348196
466,2023-24,0607440,3066464,30664640000000,Orange,Capistrano Unified,Unified,KG,12,General Assistance,33122 Valle Rd.,San Juan Capistrano,92675,09,49,38,74,"21 - Suburban, Large",33.48005882,-117.66991204,48326,7490,40836,776,1.6,67,0.1,3189,6.6,772,1.6,13896,28.8,73,0.2,23722,49.1,4036,8.4,1795,3.7,4041,8.4,75,0.2,2855,5.9,15,0,17143,35.5,7037,14.6,-13098954.6905004,3959198.47881868
467,2023-24,0608070,3066472,30664720000000,Orange,Centralia Elementary,Elementary,KG,06,General Assistance,6625 La Palma Ave.,Buena Park,90620,09,45,36,67,"21 - Suburban, Large",33.84693584,-118.01834013,4052,0,4052,80,2,8,0.2,769,19,323,8,2131,52.6,26,0.6,449,11.1,169,4.2,97,2.4,1064,26.3,21,0.5,405,10,0,0,2713,67,492,12.1,-13137741.5279018,4008267.72054073
468,2023-24,0610440,3066480,30664800000000,Orange,Cypress Elementary,Elementary,KG,06,General Assistance,5816 Corporate Ave. Ste. 100,Cypress,90630,09,45,36,67,"13 - City, Small",33.80711984,-118.03167413,3319,0,3319,80,2.4,10,0.3,1242,37.4,176,5.3,955,28.8,17,0.5,590,17.8,249,7.5,0,0,465,14,12,0.4,151,4.5,0,0,1484,44.7,500,15.1,-13139225.8619098,4002932.24392452
469,2023-24,0614220,3066498,30664980000000,Orange,Fountain Valley Elementary,Elementary,KG,08,Differentiated Assistance,10055 Slater Ave.,Fountain Valley,92708,09,45,36,70,"13 - City, Small",33.70956383,-117.95349411,6036,0,6036,25,0.4,4,0.1,2144,35.5,86,1.4,1156,19.2,35,0.6,1949,32.3,469,7.8,168,2.8,657,10.9,17,0.3,11,0.2,0,0,1537,25.5,672,11.1,-13130522.9017305,3989869.89752655
470,2023-24,0614730,3066506,30665060000000,Orange,Fullerton Elementary,Elementary,KG,08,Differentiated Assistance,1401 West Valencia Dr.,Fullerton,92833,09,46,34,67,"21 - Suburban, Large",33.86689885,-117.95113912,11439,0,11439,148,1.3,34,0.3,2712,23.7,278,2.4,5881,51.4,20,0.2,1759,15.4,607,5.3,0,0,2161,18.9,65,0.6,111,1,0,0,5997,52.4,1486,13,-13130260.7456964,4010943.76538233
471,2023-24,0614760,3066514,30665140000000,Orange,Fullerton Joint Union High,High,09,12,Differentiated Assistance,1051 West Bastanchury Rd.,Fullerton,92833,09,45,37,59,"21 - Suburban, Large",33.88868685,-117.94431312,12826,0,12826,185,1.4,12,0.1,2320,18.1,350,2.7,7637,59.5,32,0.2,1345,10.5,461,3.6,484,3.8,1326,10.3,47,0.4,262,2,0,0,7426,57.9,1388,10.8,-13129500.878805,4013865.16564178
472,2023-24,0614880,3066522,30665220000000,Orange,Garden Grove Unified,Unified,KG,12,General Assistance,10331 Stanford Ave.,Garden Grove,92840,09,45,36,70,"21 - Suburban, Large",33.77827684,-117.95221712,37763,0,37763,189,0.5,27,0.1,13418,35.5,445,1.2,20143,53.3,164,0.4,2337,6.2,809,2.1,231,0.6,11657,30.9,144,0.4,685,1.8,29,0.1,30679,81.2,5310,14.1,-13130380.7472402,3999068.73728591
473,2023-24,0618030,3066530,30665300000000,Orange,Huntington Beach City Elementary,Elementary,KG,08,General Assistance,8750 Dorsett Dr.,Huntington Beach,92646,09,47,36,72,"21 - Suburban, Large",33.65531383,-117.97490611,4974,346,4628,26,0.5,6,0.1,535,10.8,36,0.7,1079,21.7,4,0.1,2578,51.8,568,11.4,142,2.9,253,5.1,17,0.3,44,0.9,0,0,1557,31.3,633,12.7,-13132906.4745109,3982612.46638057
474,2023-24,0618060,3066548,30665480000000,Orange,Huntington Beach Union High,High,09,12,General Assistance,5832 Bolsa Ave.,Huntington Beach,92649,09,47,36,72,"21 - Suburban, Large",33.74401983,-118.02720913,14104,0,14104,116,0.8,41,0.3,4019,28.5,175,1.2,4414,31.3,58,0.4,4417,31.3,697,4.9,167,1.2,1377,9.8,52,0.4,485,3.4,0,0,7506,53.2,1608,11.4,-13138728.8197051,3994481.71611283
475,2023-24,0620370,3066555,30665550000000,Orange,Laguna Beach Unified,Unified,KG,12,General Assistance,550 Blumont St.,Laguna Beach,92651,09,47,36,72,"21 - Suburban, Large",33.54260982,-117.77790207,2386,0,2386,14,0.6,7,0.3,107,4.5,21,0.9,296,12.4,0,0,1575,66,211,8.8,155,6.5,49,2.1,2,0.1,6,0.3,0,0,451,18.9,254,10.6,-13110976.0849427,3967549.81199635
476,2023-24,0620190,3066563,30665630000000,Orange,La Habra City Elementary,Elementary,KG,08,General Assistance,500 North Walnut St.,La Habra,90631,09,38,34,64,"21 - Suburban, Large",33.93596586,-117.95013013,4298,0,4298,37,0.9,6,0.1,99,2.3,62,1.4,3705,86.2,7,0.2,295,6.9,77,1.8,10,0.2,884,20.6,30,0.7,64,1.5,0,0,3476,80.9,706,16.4,-13130148.4248609,4020207.04284979
477,2023-24,0623430,3066589,30665890000000,Orange,Magnolia Elementary,Elementary,KG,06,Differentiated Assistance,2705 West Orange Ave.,Anaheim,92804,09,46,34,67,"11 - City, Large",33.82540585,-117.98018412,4920,0,4920,164,3.3,17,0.3,592,12,147,3,3433,69.8,35,0.7,393,8,84,1.7,55,1.1,2013,40.9,27,0.5,1299,26.4,0,0,3961,80.5,676,13.7,-13133494.0204253,4005382.32076131
478,2023-24,0627240,3066597,30665970000000,Orange,Newport-Mesa Unified,Unified,KG,12,Differentiated Assistance,"2985 Bear St., Bldg. A",Costa Mesa,92626,09,47,37,73,"12 - City, Midsize ",33.67912783,-117.8949791,17768,0,17768,143,0.8,21,0.1,912,5.1,115,0.6,8270,46.5,72,0.4,6935,39,1105,6.2,195,1.1,2938,16.5,70,0.4,1033,5.8,16,0.1,9293,52.3,2462,13.9,-13124009.040283,3985797.68112703
479,2023-24,0628140,3066613,30666130000000,Orange,Ocean View,Elementary,KG,08,Differentiated Assistance,17200 Pinehurst Ln.,Huntington Beach,92647,09,47,36,72,"21 - Suburban, Large",33.71203083,-118.02095812,6868,0,6868,70,1,10,0.1,954,13.9,64,0.9,2873,41.8,26,0.4,2256,32.8,505,7.4,110,1.6,1270,18.5,40,0.6,582,8.5,0,0,3976,57.9,966,14.1,-13138032.9611263,3990200.03513203
480,2023-24,0628650,3066621,30666210000000,Orange,Orange Unified,Unified,KG,12,Differentiated Assistance,1401 North Handy St.,Orange,92867,09,40,37,59,"12 - City, Midsize ",33.81129485,-117.8266591,25364,2219,23145,302,1.2,33,0.1,2570,10.1,512,2,14687,57.9,61,0.2,5827,23,1003,4,369,1.5,4155,16.4,132,0.5,319,1.3,0,0,14978,59.1,3254,12.8,-13116403.6925335,4003491.59280817
481,2023-24,0630660,3066647,30666470000000,Orange,Placentia-Yorba Linda Unified,Unified,KG,12,General Assistance,1301 East Orangethorpe Ave.,Placentia,92870,09,45,37,59,"21 - Suburban, Large",33.87039486,-117.8380631,22705,0,22705,252,1.1,45,0.2,4263,18.8,552,2.4,10314,45.4,58,0.3,6107,26.9,1111,4.9,3,0,3066,13.5,89,0.4,2567,11.3,0,0,9979,44,2877,12.7,-13117673.1807707,4011412.47025635
482,2023-24,0635310,3066670,30666700000000,Orange,Santa Ana Unified,Unified,KG,12,Differentiated Assistance,1601 East Chestnut Ave.,Santa Ana,92701,09,46,34,68,"11 - City, Large",33.74316684,-117.8474311,40328,2665,37663,99,0.2,114,0.3,727,1.8,88,0.2,38664,95.9,62,0.2,347,0.9,142,0.4,85,0.2,16345,40.5,258,0.6,6175,15.3,302,0.7,33427,82.9,6335,15.7,-13118716.0208218,3994367.52392247
483,2023-24,0636030,3066696,30666960000000,Orange,Savanna Elementary,Elementary,KG,06,General Assistance,1330 South Knott Ave.,Anaheim,92804,09,46,34,67,"11 - City, Large",33.81385684,-118.01019213,1735,0,1735,68,3.9,1,0.1,241,13.9,91,5.2,1033,59.5,17,1,168,9.7,73,4.2,43,2.5,574,33.1,14,0.8,181,10.4,0,0,1437,82.8,225,13,-13136834.496102,4003834.85008133
484,2023-24,0642150,3066746,30667460000000,Orange,Westminster,Elementary,KG,08,General Assistance,14121 Cedarwood St.,Westminster,92683,09,45,36,70,"21 - Suburban, Large",33.75737484,-117.99450612,7950,0,7950,80,1,9,0.1,2770,34.8,91,1.1,3697,46.5,44,0.6,882,11.1,294,3.7,83,1,2746,34.5,29,0.4,546,6.9,0,0,5863,73.7,1008,12.7,-13135088.3378954,3996269.73603355
485,2023-24,0633860,3073635,30736350000000,Orange,Saddleback Valley Unified,Unified,KG,12,Differentiated Assistance,25631 Peter A. Hartman Way,Mission Viejo,92691,09,40,38,71,"21 - Suburban, Large",33.62153484,-117.68391306,23199,0,23199,246,1.1,33,0.1,2159,9.3,807,3.5,9109,39.3,54,0.2,8652,37.3,1956,8.4,183,0.8,3624,15.6,68,0.3,2321,10,4,0,10452,45.1,3127,13.5,-13100513.2762042,3978095.90880607
486,2023-24,0640150,3073643,30736430000000,Orange,Tustin Unified,Unified,KG,12,Differentiated Assistance,300 South C St.,Tustin,92780,09,40,37,73,"13 - City, Small",33.74316585,-117.82532809,21600,0,21600,347,1.6,32,0.1,4862,22.5,484,2.2,10016,46.4,58,0.3,4292,19.9,1384,6.4,125,0.6,3501,16.2,100,0.5,352,1.6,0,0,10993,50.9,2911,13.5,-13116255.5257396,3994367.39020392
487,2023-24,0684500,3073650,30736500000000,Orange,Irvine Unified,Unified,KG,12,Differentiated Assistance,5050 Barranca Pkwy.,Irvine,92604,09,47,37,73,"11 - City, Large",33.67565484,-117.79235308,37952,221,37731,742,2,65,0.2,18865,49.7,981,2.6,4595,12.1,92,0.2,8912,23.5,3457,9.1,243,0.6,5274,13.9,54,0.1,107,0.3,0,0,7899,20.8,3608,9.5,-13112584.7643419,3985333.09991173
488,2023-24,0622590,3073924,30739240000000,Orange,Los Alamitos Unified,Unified,KG,12,General Assistance,10293 Bloomfield St.,Los Alamitos,90720,09,45,36,70,"21 - Suburban, Large",33.81604484,-118.06371514,8931,0,8931,220,2.5,7,0.1,1277,14.3,239,2.7,2651,29.7,55,0.6,3440,38.5,934,10.5,108,1.2,218,2.4,15,0.2,29,0.3,0,0,1514,17,1161,13,-13142792.6503475,4004128.00746556
489,2023-24,0601461,3076893,30768930000000,Orange,SBE - Magnolia Science Academy Santa Ana,State Board of Education,KG,12,,2840 West 1st St.,Santa Ana,92703,09,46,34,68,"11 - City, Large",33.74430684,-117.90822411,504,504,0,10,2,2,0.4,16,3.2,0,0,415,82.3,0,0,59,11.7,2,0.4,0,0,137,27.2,4,0.8,17,3.4,0,0,409,81.2,77,15.3,-13125483.4678252,3994520.13863479
490,2023-24,0691025,3110314,31103140000000,Placer,Placer County Office of Education,County Office of Education (COE),KG,12,General Assistance,360 Nevada St.,Auburn,95603,03,03,01,05,"31 - Town, Fringe",38.90653714,-121.08125315,410,295,115,9,2.2,5,1.2,7,1.7,2,0.5,105,25.6,3,0.7,240,58.5,27,6.6,12,2.9,20,4.9,3,0.7,13,3.2,1,0.2,230,56.1,162,39.5,-13478703.4449931,4708292.64827682
491,2023-24,0601680,3166761,31667610000000,Placer,Ackerman Charter,Elementary,KG,08,,13777 Bowman Rd.,Auburn,95603,03,03,01,05,"31 - Town, Fringe",38.93534614,-121.05553915,603,603,0,2,0.3,1,0.2,7,1.2,4,0.7,97,16.1,0,0,433,71.8,55,9.1,4,0.7,25,4.1,1,0.2,6,1,0,0,215,35.7,63,10.4,-13475840.975582,4712414.68909682
492,2023-24,0602250,3166779,31667790000000,Placer,Alta-Dutch Flat Union Elementary,Elementary,KG,08,General Assistance,34050 Alta-Bonny Nook Rd.,Alta,95701,03,03,01,01,"42 - Rural, Distant",39.20757119,-120.80795014,91,0,91,2,2.2,0,0,0,0,1,1.1,15,16.5,0,0,69,75.8,4,4.4,0,0,1,1.1,0,0,0,0,0,0,17,18.7,13,14.3,-13448279.4936978,4751448.12794451
493,2023-24,0603480,3166787,31667870000000,Placer,Auburn Union Elementary,Elementary,KG,08,Differentiated Assistance,255 Epperle Ln.,Auburn,95603,03,03,01,05,"31 - Town, Fringe",38.90664714,-121.07277115,1452,0,1452,12,0.8,18,1.2,22,1.5,6,0.4,517,35.6,5,0.3,750,51.7,80,5.5,42,2.9,220,15.2,9,0.6,81,5.6,0,0,945,65.1,225,15.5,-13477759.2328559,4708308.38414499
494,2023-24,0609300,3166795,31667950000000,Placer,Colfax Elementary,Elementary,KG,08,General Assistance,24825 Ben Taylor Rd.,Colfax,95713,03,03,01,01,"42 - Rural, Distant",39.10463316,-120.96264615,334,0,334,0,0,4,1.2,1,0.3,2,0.6,39,11.7,0,0,262,78.4,25,7.5,1,0.3,3,0.9,0,0,22,6.6,0,0,153,45.8,39,11.7,-13465500.1748995,4736670.4769664
495,2023-24,0611490,3166803,31668030000000,Placer,Dry Creek Joint Elementary,Elementary,KG,08,General Assistance,8849 Cook Riolo Rd.,Roseville,95747,03,03,06,05,"21 - Suburban, Large",38.73863811,-121.33654317,6725,0,6725,258,3.8,28,0.4,811,12.1,159,2.4,1599,23.8,52,0.8,2992,44.5,805,12,21,0.3,1152,17.1,11,0.2,126,1.9,5,0.1,3154,46.9,761,11.3,-13507122.1998422,4684302.57112809
496,2023-24,0613080,3166829,31668290000000,Placer,Eureka Union,Elementary,KG,08,General Assistance,5455 Eureka Rd.,Granite Bay,95746,03,03,06,05,"21 - Suburban, Large",38.73663312,-121.19936215,3315,0,3315,43,1.3,6,0.2,404,12.2,64,1.9,466,14.1,6,0.2,1922,58,399,12,5,0.2,256,7.7,2,0.1,11,0.3,0,0,505,15.2,362,10.9,-13491851.278462,4684016.43160123
497,2023-24,0613980,3166837,31668370000000,Placer,Foresthill Union Elementary,Elementary,KG,08,Differentiated Assistance,24750 Main St.,Foresthill,95631,03,03,01,01,"42 - Rural, Distant",39.02072417,-120.81165012,471,0,471,4,0.8,3,0.6,0,0,2,0.4,60,12.7,2,0.4,361,76.6,25,5.3,14,3,3,0.6,2,0.4,22,4.7,0,0,196,41.6,63,13.4,-13448691.3730811,4724640.56690038
498,2023-24,0622560,3166845,31668450000000,Placer,Loomis Union Elementary,Elementary,KG,08,General Assistance,3290 Humphrey Rd.,Loomis,95650,03,03,06,05,"41 - Rural, Fringe",38.83071212,-121.20201416,2905,503,2402,6,0.2,12,0.4,74,2.5,18,0.6,357,12.3,0,0,2193,75.5,231,8,14,0.5,83,2.9,4,0.1,9,0.3,0,0,425,14.6,296,10.2,-13492146.4991208,4697451.46485754
499,2023-24,0627120,3166852,31668520000000,Placer,Newcastle Elementary,Elementary,KG,08,General Assistance,645 Kentucky Greens Way,Newcastle,95658,03,03,06,05,"21 - Suburban, Large",38.87190613,-121.13865615,2131,1964,167,10,0.5,7,0.3,372,17.5,107,5,270,12.7,3,0.1,829,38.9,157,7.4,376,17.6,132,6.2,3,0.1,4,0.2,0,0,368,17.3,189,8.9,-13485093.5182266,4703339.79858094
500,2023-24,0630720,3166886,31668860000000,Placer,Placer Hills Union Elementary,Elementary,KG,08,General Assistance,16801 Placer Hills Rd.,Meadow Vista,95722,03,03,01,05,"42 - Rural, Distant",38.99522115,-121.02424415,762,0,762,6,0.8,8,1,0,0,2,0.3,76,10,1,0.1,623,81.8,26,3.4,20,2.6,15,2,1,0.1,26,3.4,0,0,229,30.1,107,14,-13472357.2322632,4720987.06660624
501,2023-24,0630750,3166894,31668940000000,Placer,Placer Union High,High,09,12,Differentiated Assistance,13000 New Airport Rd.,Auburn,95603,03,03,01,05,"21 - Suburban, Large",38.94020214,-121.07962215,3975,115,3860,22,0.6,30,0.8,59,1.5,26,0.7,701,17.6,9,0.2,2758,69.4,239,6,131,3.3,142,3.6,14,0.4,87,2.2,0,0,1005,25.3,488,12.3,-13478521.8833214,4713109.65851774
502,2023-24,0633600,3166910,31669100000000,Placer,Roseville City Elementary,Elementary,KG,08,General Assistance,1050 Main St.,Roseville,95678,03,03,06,05,"12 - City, Midsize ",38.75255211,-121.30650216,12004,0,12004,353,2.9,32,0.3,1187,9.9,681,5.7,2980,24.8,45,0.4,5520,46,1200,10,6,0,1365,11.4,29,0.2,240,2,12,0.1,7585,63.2,1654,13.8,-13503778.0507447,4686288.51158043
503,2023-24,0633630,3166928,31669280000000,Placer,Roseville Joint Union High,High,KG,12,Differentiated Assistance,1750 Cirby Way,Roseville,95661,03,03,06,05,"12 - City, Midsize ",38.72918511,-121.25839415,12626,1835,10791,473,3.7,104,0.8,1323,10.5,505,4,2754,21.8,112,0.9,6272,49.7,653,5.2,430,3.4,822,6.5,23,0.2,162,1.3,0,0,5254,41.6,1044,8.3,-13498422.6915111,4682953.56942219
504,2023-24,0638770,3166944,31669440000000,Placer,Tahoe-Truckee Unified,Unified,KG,12,Differentiated Assistance,11603 Donner Pass Rd.,Truckee,96161,03,03,04,01,"32 - Town, Distant",39.32474324,-120.20912606,4135,215,3920,8,0.2,11,0.3,22,0.5,2,0,1454,35.2,2,0,2404,58.1,178,4.3,54,1.3,543,13.1,3,0.1,46,1.1,0,0,1417,34.3,595,14.4,-13381618.7019471,4768295.58324996
505,2023-24,0642140,3166951,31669510000000,Placer,Western Placer Unified,Unified,KG,12,Differentiated Assistance,"600 Sixth St., Ste. 400",Lincoln,95648,03,03,06,05,"21 - Suburban, Large",38.89346512,-121.29193418,10905,2992,7913,230,2.1,43,0.4,385,3.5,253,2.3,3293,30.2,50,0.5,5690,52.2,804,7.4,157,1.4,864,7.9,31,0.3,271,2.5,13,0.1,3709,34,1576,14.5,-13502156.3500786,4706422.8337555
506,2023-24,0600013,3175085,31750850000000,Placer,Rocklin Unified,Unified,KG,12,General Assistance,2615 Sierra Meadows Dr.,Rocklin,95677,03,03,06,05,"21 - Suburban, Large",38.79266612,-121.22170816,13206,1600,11606,193,1.5,44,0.3,1605,12.2,499,3.8,2437,18.5,32,0.2,6791,51.4,1253,9.5,352,2.7,754,5.7,19,0.1,125,0.9,1,0,2738,20.7,1864,14.1,-13494338.8249465,4692016.13726094
507,2023-24,0691102,3210322,32103220000000,Plumas,Plumas County Office of Education,County Office of Education (COE),KG,12,General Assistance,50 Church St.,Quincy,95971,02,03,01,01,"43 - Rural, Remote",39.93625624,-120.94383226,13,0,13,2,15.4,0,0,0,0,0,0,2,15.4,0,0,6,46.2,2,15.4,1,7.7,0,0,0,0,1,7.7,0,0,11,84.6,4,30.8,-13463405.821937,4856683.52838199
508,2023-24,0631170,3266969,32669690000000,Plumas,Plumas Unified,Unified,KG,12,Differentiated Assistance,50 Church St.,Quincy,95971,02,03,01,01,"43 - Rural, Remote",39.93625624,-120.94383226,2031,344,1687,10,0.5,61,3,16,0.8,2,0.1,372,18.3,1,0,1298,63.9,173,8.5,98,4.8,90,4.4,6,0.3,115,5.7,0,0,1217,59.9,320,15.8,-13463405.821937,4856683.52838199
509,2023-24,0691026,3310330,33103300000000,Riverside,Riverside County Office of Education,County Office of Education (COE),KG,12,Differentiated Assistance,3939 13th St.,Riverside,92502,10,39,31,58,"11 - City, Large",33.9789319,-117.38042503,13534,12666,868,1053,7.8,61,0.5,146,1.1,140,1,7794,57.6,43,0.3,3459,25.6,778,5.7,60,0.4,1544,11.4,81,0.6,356,2.6,18,0.1,8283,61.2,2481,18.3,-13066729.1438354,4025973.44515894
510,2023-24,0600007,3331625,33316250000000,Riverside,California School for the Deaf-Riverside (State Special Schl),State Special Schools,KG,12,,3044 Horace St.,Riverside,92506,10,39,31,58,"11 - City, Large",33.94456289,-117.38137803,324,0,324,9,2.8,1,0.3,5,1.5,2,0.6,211,65.1,0,0,82,25.3,7,2.2,7,2.2,15,4.6,3,0.9,0,0,0,0,113,34.9,317,97.8,-13066835.2312584,4021360.60374311
511,2023-24,0602430,3366977,33669770000000,Riverside,Alvord Unified,Unified,KG,12,Differentiated Assistance,9 KPC Pkwy.,Corona,92879,10,41,31,58,"11 - City, Large",33.88675088,-117.51448805,16663,0,16663,647,3.9,30,0.2,605,3.6,236,1.4,13565,81.4,83,0.5,1212,7.3,284,1.7,1,0,3990,23.9,102,0.6,1157,6.9,0,0,14323,86,2340,14,-13081652.9705391,4013605.55405152
512,2023-24,0603840,3366985,33669850000000,Riverside,Banning Unified,Unified,KG,12,Differentiated Assistance,161 West Williams St.,Banning,92220,10,25,19,47,"21 - Suburban, Large",33.92763592,-116.87848194,4316,0,4316,283,6.6,80,1.9,152,3.5,36,0.8,3237,75,2,0,387,9,139,3.2,0,0,777,18,57,1.3,364,8.4,0,0,3818,88.5,692,16,-13010853.0947276,4019089.43184522
513,2023-24,0604290,3366993,33669930000000,Riverside,Beaumont Unified,Unified,KG,12,Differentiated Assistance,350 West Brookside Ave.,Beaumont,92223,10,25,19,47,"21 - Suburban, Large",33.96228592,-116.98460097,18137,6016,12121,1047,5.8,94,0.5,443,2.4,410,2.3,9807,54.1,64,0.4,5102,28.1,904,5,266,1.5,1001,5.5,107,0.6,353,1.9,0,0,10967,60.5,2447,13.5,-13022666.2101385,4023739.06969131
514,2023-24,0609850,3367033,33670330000000,Riverside,Corona-Norco Unified,Unified,KG,12,Differentiated Assistance,2820 Clark Ave.,Norco,92860,10,41,32,63,"12 - City, Midsize ",33.92268988,-117.56164606,50256,0,50256,2719,5.4,148,0.3,6695,13.3,1541,3.1,26728,53.2,170,0.3,10333,20.6,1195,2.4,727,1.4,7092,14.1,235,0.5,434,0.9,0,0,35783,71.2,6740,13.4,-13086902.5763174,4018425.8837606
515,2023-24,0611100,3367041,33670410000000,Riverside,Desert Center Unified,Unified,KG,08,General Assistance,1434 Kaiser Rd.,Desert Center,92239,10,25,19,47,"43 - Rural, Remote",33.85004099,-115.47382269,25,0,25,0,0,0,0,0,0,0,0,18,72,0,0,6,24,1,4,0,0,4,16,0,0,3,12,0,0,19,76,4,16,-12854487.1417296,4008683.92439001
516,2023-24,0611110,3367058,33670580000000,Riverside,Desert Sands Unified,Unified,KG,12,Differentiated Assistance,47-950 Dune Palms Rd.,La Quinta,92253,10,41,19,47,"21 - Suburban, Large",33.70236593,-116.27627082,25898,2145,23753,356,1.4,85,0.3,561,2.2,185,0.7,19612,75.7,27,0.1,3949,15.2,531,2.1,592,2.3,5114,19.7,162,0.6,356,1.4,142,0.5,19796,76.4,3184,12.3,-12943815.2590692,3988906.71562028
517,2023-24,0616920,3367082,33670820000000,Riverside,Hemet Unified,Unified,KG,12,Differentiated Assistance,1791 West Acacia Ave.,Hemet,92545,10,25,19,36,"22 - Suburban, Midsize",33.74321889,-116.99051495,22736,741,21995,1799,7.9,159,0.7,194,0.9,210,0.9,15487,68.1,82,0.4,3861,17,944,4.2,0,0,3048,13.4,309,1.4,657,2.9,0,0,19551,86,3643,16,-13023324.5516411,3994374.49158463
518,2023-24,0619260,3367090,33670900000000,Riverside,Jurupa Unified,Unified,KG,12,Differentiated Assistance,4850 Pedley Rd.,Jurupa Valley,92509,10,39,31,58,"21 - Suburban, Large",34.00024589,-117.47474805,18015,0,18015,377,2.1,37,0.2,326,1.8,120,0.7,15509,86.1,37,0.2,1247,6.9,132,0.7,230,1.3,5411,30,110,0.6,106,0.6,0,0,14212,78.9,2266,12.6,-13077229.1343627,4028835.04358475
519,2023-24,0624540,3367116,33671160000000,Riverside,Menifee Union,Elementary,KG,12,Differentiated Assistance,29775 Haun Rd.,Menifee,92586,10,41,32,63,"21 - Suburban, Large",33.68795687,-117.17589198,13831,1636,12195,756,5.5,26,0.2,298,2.2,526,3.8,7053,51,63,0.5,3333,24.1,877,6.3,899,6.5,965,7,94,0.7,260,1.9,0,0,8397,60.7,1980,14.3,-13043960.6280214,3986978.8234614
520,2023-24,0625800,3367124,33671240000000,Riverside,Moreno Valley Unified,Unified,KG,12,General Assistance,25634 Alessandro Blvd.,Moreno Valley,92553,10,39,31,60,"21 - Suburban, Large",33.9183009,-117.215363,31344,0,31344,3647,11.6,59,0.2,624,2,335,1.1,23566,75.2,197,0.6,1729,5.5,812,2.6,375,1.2,5968,19,303,1,738,2.4,0,0,27269,87,4757,15.2,-13048354.5223926,4017837.10141365
521,2023-24,0627780,3367157,33671570000000,Riverside,Nuview Union,Elementary,KG,12,Differentiated Assistance,29780 Lakeview Ave.,Nuevo,92567,10,41,31,60,"41 - Rural, Fringe",33.82155689,-117.13111898,2142,675,1467,18,0.8,1,0,9,0.4,6,0.3,1830,85.4,7,0.3,212,9.9,42,2,17,0.8,508,23.7,12,0.6,125,5.8,0,0,1873,87.4,241,11.3,-13038976.5207848,4004866.56963069
522,2023-24,0629550,3367173,33671730000000,Riverside,Palm Springs Unified,Unified,KG,12,Differentiated Assistance,150 District Center Dr.,Palm Springs,92264,10,41,19,47,"21 - Suburban, Large",33.82450093,-116.49383087,20416,850,19566,776,3.8,75,0.4,160,0.8,348,1.7,16721,81.9,32,0.2,1732,8.5,572,2.8,0,0,5757,28.2,203,1,2084,10.2,22,0.1,19373,94.9,2560,12.5,-12968033.9328305,4005261.0617728
523,2023-24,0629640,3367181,33671810000000,Riverside,Palo Verde Unified,Unified,KG,12,Differentiated Assistance,825 North Lovekin Blvd.,Blythe,92225,10,25,18,36,"33 - Town, Remote",33.62340801,-114.60664951,3787,1081,2706,431,11.4,16,0.4,69,1.8,11,0.3,2274,60,7,0.2,815,21.5,113,3,51,1.3,301,7.9,59,1.6,131,3.5,19,0.5,2846,75.2,460,12.1,-12757953.8652176,3978346.32184749
524,2023-24,0630180,3367199,33671990000000,Riverside,Perris Elementary,Elementary,KG,08,Differentiated Assistance,143 East First St.,Perris,92570,10,39,31,60,"21 - Suburban, Large",33.78533788,-117.22697299,5538,938,4600,319,5.8,12,0.2,30,0.5,14,0.3,4890,88.3,6,0.1,130,2.3,45,0.8,92,1.7,2453,44.3,54,1,99,1.8,0,0,4755,85.9,565,10.2,-13049646.9408035,4000014.44021864
525,2023-24,0630210,3367207,33672070000000,Riverside,Perris Union High,High,05,12,Differentiated Assistance,155 East Fourth St.,Perris,92570,10,39,31,60,"21 - Suburban, Large",33.78197488,-117.22732399,11973,1044,10929,764,6.4,25,0.2,170,1.4,317,2.6,8457,70.6,30,0.3,1592,13.3,545,4.6,73,0.6,1721,14.4,78,0.7,512,4.3,0,0,8952,74.8,1852,15.5,-13049686.0139276,3999564.01552634
526,2023-24,0633150,3367215,33672150000000,Riverside,Riverside Unified,Unified,KG,12,Differentiated Assistance,3380 14th St.,Riverside,92501,10,39,31,58,"11 - City, Large",33.9741139,-117.37453403,39505,650,38855,2344,5.9,105,0.3,1521,3.9,436,1.1,27144,68.7,123,0.3,6351,16.1,816,2.1,665,1.7,6796,17.2,193,0.5,1698,4.3,0,0,19283,48.8,5262,13.3,-13066073.3606901,4025326.68416966
527,2023-24,0633390,3367231,33672310000000,Riverside,Romoland Elementary,Elementary,KG,08,Differentiated Assistance,25900 Leon Rd,Homeland,92548,10,41,32,60,"21 - Suburban, Large",33.74476988,-117.11863697,4617,0,4617,261,5.7,15,0.3,70,1.5,105,2.3,3334,72.2,13,0.3,662,14.3,156,3.4,1,0,755,16.4,42,0.9,184,4,0,0,3544,76.8,649,14.1,-13037587.030069,3994582.1283867
528,2023-24,0634440,3367249,33672490000000,Riverside,San Jacinto Unified,Unified,KG,12,Differentiated Assistance,2045 South San Jacinto Ave.,San Jacinto,92583,10,25,31,60,"22 - Suburban, Midsize",33.76525889,-116.95833194,11970,1569,10401,917,7.7,168,1.4,96,0.8,90,0.8,9207,76.9,54,0.5,1080,9,305,2.5,53,0.4,1958,16.4,109,0.9,168,1.4,0,0,8977,75,1773,14.8,-13019741.956017,3997325.41520333
529,2023-24,0609070,3373676,33736760000000,Riverside,Coachella Valley Unified,Unified,KG,12,Differentiated Assistance,87-225 Church St.,Thermal,92274,10,25,18,36,"21 - Suburban, Large",33.63789092,-116.14420779,16276,230,16046,31,0.2,58,0.4,17,0.1,5,0,15930,97.9,1,0,144,0.9,29,0.2,61,0.4,6899,42.4,85,0.5,215,1.3,1343,8.3,15160,93.1,2095,12.9,-12929114.0699397,3980282.64489179
530,2023-24,0600027,3375176,33751760000000,Riverside,Lake Elsinore Unified,Unified,KG,12,Differentiated Assistance,545 Chaney St.,Lake Elsinore,92530,10,41,32,63,"21 - Suburban, Large",33.68290686,-117.336276,21257,488,20769,943,4.4,39,0.2,365,1.7,344,1.6,14199,66.8,65,0.3,4262,20,913,4.3,127,0.6,2519,11.9,159,0.7,1760,8.3,0,0,15148,71.3,3177,14.9,-13061814.4962623,3986303.22217999
531,2023-24,0600028,3375192,33751920000000,Riverside,Temecula Valley Unified,Unified,KG,12,Differentiated Assistance,31350 Rancho Vista Rd.,Temecula,92592,10,48,32,71,"12 - City, Midsize ",33.50526686,-117.11348195,28094,1603,26491,982,3.5,161,0.6,1745,6.2,1340,4.8,10515,37.4,80,0.3,10421,37.1,2815,10,35,0.1,1527,5.4,80,0.3,183,0.7,0,0,10399,37,4376,15.6,-13037013.1759225,3962563.33726861
532,2023-24,0600029,3375200,33752000000000,Riverside,Murrieta Valley Unified,Unified,KG,12,General Assistance,41870 McAlby Ct.,Murrieta,92562,10,48,32,71,"21 - Suburban, Large",33.52999585,-117.18549097,22317,0,22317,1164,5.2,59,0.3,883,4,820,3.7,9546,42.8,125,0.6,7452,33.4,1896,8.5,372,1.7,1179,5.3,105,0.5,230,1,0,0,11776,52.8,4161,18.6,-13045029.1826636,3965865.20471948
533,2023-24,0691135,3375242,33752420000000,Riverside,Val Verde Unified,Unified,KG,12,Differentiated Assistance,975 West Morgan St.,Perris,92571,10,39,31,60,"21 - Suburban, Large",33.83697689,-117.24682,19361,0,19361,2079,10.7,46,0.2,297,1.5,204,1.1,15511,80.1,44,0.2,681,3.5,366,1.9,133,0.7,4125,21.3,192,1,699,3.6,0,0,16927,87.4,2506,12.9,-13051856.2995207,4006932.95418804
534,2023-24,0691027,3410348,34103480000000,Sacramento,Sacramento County Office of Education,County Office of Education (COE),KG,12,Differentiated Assistance,10474 Mather Blvd.,Mather,95655,03,06,06,07,"11 - City, Large",38.56622509,-121.29843414,2832,1900,932,1301,45.9,17,0.6,81,2.9,13,0.5,760,26.8,28,1,259,9.1,282,10,91,3.2,248,8.8,51,1.8,201,7.1,0,0,2022,71.4,503,17.8,-13502879.9223751,4659726.13983568
535,2023-24,0603060,3467280,34672800000000,Sacramento,Arcohe Union Elementary,Elementary,KG,08,General Assistance,11755 Ivie Rd.,Herald,95638,03,07,06,09,"41 - Rural, Fringe",38.29528507,-121.2421001,501,0,501,4,0.8,1,0.2,13,2.6,0,0,204,40.7,0,0,231,46.1,32,6.4,16,3.2,50,10,0,0,2,0.4,2,0.4,161,32.1,68,13.6,-13496608.8455388,4621224.08290148
536,2023-24,0612330,3467314,34673140000000,Sacramento,Elk Grove Unified,Unified,KG,12,General Assistance,9510 Elk Grove-Florin Rd.,Elk Grove,95624,03,07,08,10,"21 - Suburban, Large",38.41304607,-121.37252413,63518,1201,62317,6359,10,226,0.4,18780,29.6,3608,5.7,17732,27.9,1165,1.8,9658,15.2,5963,9.4,27,0,10539,16.6,192,0.3,1057,1.7,124,0.2,33467,52.7,8907,14,-13511127.5825708,4637940.8199916
537,2023-24,0612600,3467322,34673220000000,Sacramento,Elverta Joint Elementary,Elementary,KG,08,General Assistance,7900 Eloise Ave.,Elverta,95626,03,06,08,06,"21 - Suburban, Large",38.71194009,-121.46311818,223,0,223,2,0.9,0,0,12,5.4,1,0.4,95,42.6,0,0,102,45.7,11,4.9,0,0,41,18.4,0,0,20,9,0,0,146,65.5,16,7.2,-13521212.4662193,4680493.05681069
538,2023-24,0613890,3467330,34673300000000,Sacramento,Folsom-Cordova Unified,Unified,KG,12,Differentiated Assistance,1965 Birkmont Dr.,Rancho Cordova,95742,03,03,06,07,"13 - City, Small",38.63292011,-121.19989913,21075,247,20828,923,4.4,59,0.3,4461,21.2,522,2.5,4864,23.1,137,0.7,7717,36.6,2359,11.2,33,0.2,2829,13.4,40,0.2,552,2.6,0,0,7700,36.5,2728,12.9,-13491911.0554239,4669226.09781009
539,2023-24,0614790,3467348,34673480000000,Sacramento,Galt Joint Union Elementary,Elementary,KG,08,General Assistance,"1018 C St., Ste. 210",Galt,95632,03,07,06,09,"31 - Town, Fringe",38.25245707,-121.2977051,3382,0,3382,30,0.9,11,0.3,123,3.6,46,1.4,2069,61.2,14,0.4,963,28.5,114,3.4,12,0.4,648,19.2,5,0.1,172,5.1,189,5.6,2116,62.6,586,17.3,-13502798.7662029,4615151.17289146
540,2023-24,0614820,3467355,34673550000000,Sacramento,Galt Joint Union High,High,09,12,General Assistance,150 Camellia Way,Galt,95632,03,07,06,09,"41 - Rural, Fringe",38.25625207,-121.2980571,1978,0,1978,16,0.8,0,0,44,2.2,12,0.6,1223,61.8,6,0.3,545,27.6,93,4.7,39,2,180,9.1,3,0.2,80,4,127,6.4,1119,56.6,278,14.1,-13502837.9507459,4615689.15041696
541,2023-24,0633110,3467413,34674130000000,Sacramento,River Delta Joint Unified,Unified,KG,12,Differentiated Assistance,445 Montezuma St.,Rio Vista,94571,04,04,03,11,"31 - Town, Fringe",38.15748703,-121.69478115,2107,354,1753,46,2.2,12,0.6,13,0.6,24,1.1,1194,56.7,12,0.6,659,31.3,140,6.6,7,0.3,414,19.6,5,0.2,97,4.6,251,11.9,1478,70.1,264,12.5,-13547001.0698854,4601697.39888061
542,2023-24,0633240,3467421,34674210000000,Sacramento,Robla Elementary,Elementary,KG,12,Differentiated Assistance,5248 Rose St.,Sacramento,95838,03,06,08,06,"11 - City, Large",38.66305109,-121.44698317,2585,666,1919,389,15,17,0.7,378,14.6,25,1,1349,52.2,46,1.8,312,12.1,62,2.4,7,0.3,891,34.5,21,0.8,364,14.1,0,0,2263,87.5,380,14.7,-13519416.3251587,4673520.81700076
543,2023-24,0633840,3467439,34674390000000,Sacramento,Sacramento City Unified,Unified,KG,12,Differentiated Assistance,5735 47th Ave.,Sacramento,95824,03,07,08,10,"11 - City, Large",38.51095208,-121.43881115,42554,5792,36762,5398,12.7,220,0.5,7215,17,560,1.3,17794,41.8,892,2.1,6953,16.3,3393,8,129,0.3,8393,19.7,141,0.3,981,2.3,218,0.5,29984,70.5,6783,15.9,-13518506.6200841,4651859.79704712
544,2023-24,0634620,3467447,34674470000000,Sacramento,San Juan Unified,Unified,KG,12,General Assistance,3738 Walnut Ave.,Carmichael,95608,03,06,06,06,"21 - Suburban, Large",38.6333531,-121.34483815,49857,11646,38211,3368,6.8,258,0.5,4752,9.5,479,1,13215,26.5,316,0.6,23042,46.2,4115,8.3,312,0.6,8765,17.6,147,0.3,1495,3,3,0,27462,55.1,6937,13.9,-13508045.5936433,4669287.80108747
545,2023-24,0607900,3473973,34739730000000,Sacramento,Center Joint Unified,Unified,KG,12,Differentiated Assistance,8408 Watt Ave.,Antelope,95843,03,06,06,06,"21 - Suburban, Large",38.7216851,-121.39163217,4439,0,4439,539,12.1,30,0.7,492,11.1,151,3.4,1386,31.2,45,1,1490,33.6,305,6.9,1,0,674,15.2,18,0.4,394,8.9,0,0,2663,60,635,14.3,-13513254.6801111,4681883.39768606
546,2023-24,0600036,3475283,34752830000000,Sacramento,Natomas Unified,Unified,KG,12,Differentiated Assistance,1901 Arena Blvd.,Sacramento,95834,03,06,08,06,"11 - City, Large",38.64740008,-121.50350518,16813,5605,11208,2986,17.8,77,0.5,3253,19.3,665,4,5475,32.6,233,1.4,2256,13.4,1832,10.9,36,0.2,2293,13.6,59,0.4,418,2.5,2,0,9595,57.1,2143,12.7,-13525708.3261806,4671289.77566655
547,2023-24,0601332,3476505,34765050000000,Sacramento,Twin Rivers Unified,Unified,KG,12,Differentiated Assistance,5115 Dudley Blvd.,McClellan,95652,03,06,08,07,"21 - Suburban, Large",38.66026409,-121.38874516,41467,19365,22102,3612,8.7,164,0.4,5824,14,306,0.7,14439,34.8,503,1.2,13550,32.7,2306,5.6,763,1.8,9603,23.2,115,0.3,3532,8.5,18,0,37243,89.8,4243,10.2,-13512933.2997755,4673123.4967777
548,2023-24,0691028,3510355,35103550000000,San Benito,San Benito County Office of Education,County Office of Education (COE),KG,12,General Assistance,460 Fifth St.,Hollister,95023,05,18,17,29,"32 - Town, Distant",36.85170494,-121.40501296,54,0,54,0,0,0,0,0,0,0,0,50,92.6,0,0,2,3.7,0,0,2,3.7,18,33.3,1,1.9,6,11.1,9,16.7,44,81.5,8,14.8,-13514744.2221826,4418456.47623773
549,2023-24,0605190,3567454,35674540000000,San Benito,Bitterwater-Tully Elementary,Elementary,KG,08,General Assistance,"45980 Airline Hwy,, State Highway 25",King City,93930,05,18,17,29,"43 - Rural, Remote",36.37666392,-120.99709385,26,0,26,0,0,0,0,0,0,0,0,11,42.3,0,0,14,53.8,1,3.8,0,0,4,15.4,0,0,0,0,0,0,6,23.1,2,7.7,-13469334.8743992,4352574.29206849
550,2023-24,0608640,3567462,35674620000000,San Benito,Cienega Union Elementary,Elementary,KG,08,General Assistance,11936 Cienega Rd.,Hollister,95023,05,18,17,29,"42 - Rural, Distant",36.73009493,-121.36140694,19,0,19,0,0,0,0,0,0,0,0,10,52.6,0,0,8,42.1,1,5.3,0,0,2,10.5,0,0,5,26.3,0,0,9,47.4,5,26.3,-13509890.0223778,4401551.97876853
551,2023-24,0617340,3567470,35674700000000,San Benito,Hollister,Elementary,KG,08,Differentiated Assistance,2690 Cienega Rd.,Hollister,95023,05,18,17,29,"32 - Town, Distant",36.82348094,-121.40145196,6306,534,5772,62,1,23,0.4,125,2,53,0.8,5141,81.5,32,0.5,656,10.4,77,1.2,137,2.2,1784,28.3,11,0.2,140,2.2,611,9.7,3661,58.1,900,14.3,-13514347.8132554,4414530.78369747
552,2023-24,0618810,3567488,35674880000000,San Benito,Jefferson Elementary,Elementary,KG,08,General Assistance,221 Old Hernandez Rd.,Paicines,95043,05,18,17,29,"43 - Rural, Remote",36.51061493,-121.07816187,4,0,4,0,0,0,0,0,0,0,0,4,100,0,0,0,0,0,0,0,0,3,75,0,0,0,0,1,25,4,100,0,0,-13478359.3257291,4371110.58519018
553,2023-24,0627480,3567504,35675040000000,San Benito,North County Joint Union Elementary,Elementary,KG,08,General Assistance,500 Spring Grove Rd.,Hollister,95023,05,18,17,29,"41 - Rural, Fringe",36.91462495,-121.35958396,750,0,750,3,0.4,0,0,6,0.8,2,0.3,459,61.2,0,0,247,32.9,3,0.4,30,4,99,13.2,0,0,3,0.4,65,8.7,350,46.7,78,10.4,-13509687.0891033,4427213.27736313
554,2023-24,0629770,3567520,35675200000000,San Benito,Panoche Elementary,Elementary,KG,08,General Assistance,31441 Panoche Rd.,Paicines,95043,05,18,17,29,"43 - Rural, Remote",36.60681695,-120.85954285,10,0,10,0,0,0,0,0,0,0,0,5,50,0,0,5,50,0,0,0,0,4,40,0,0,0,0,0,0,5,50,3,30,-13454022.7673965,4384442.92825901
555,2023-24,0634140,3567538,35675380000000,San Benito,San Benito High,High,09,12,Differentiated Assistance,1220 Monterey St.,Hollister,95023,05,18,17,29,"32 - Town, Distant",36.84079294,-121.40474796,3539,0,3539,15,0.4,11,0.3,51,1.4,42,1.2,2745,77.6,8,0.2,495,14,44,1.2,128,3.6,473,13.4,8,0.2,102,2.9,413,11.7,2263,63.9,500,14.1,-13514714.7225012,4416938.54800354
556,2023-24,0637650,3567553,35675530000000,San Benito,Southside Elementary,Elementary,KG,08,General Assistance,4991 Southside Rd.,Hollister,95023,05,18,17,29,"32 - Town, Distant",36.80077093,-121.36510395,236,0,236,1,0.4,1,0.4,0,0,3,1.3,157,66.5,0,0,73,30.9,1,0.4,0,0,50,21.2,0,0,9,3.8,55,23.3,98,41.5,18,7.6,-13510301.5714555,4411373.08789684
557,2023-24,0639690,3567561,35675610000000,San Benito,Tres Pinos Union Elementary,Elementary,KG,08,General Assistance,5635 Airline Hwy.,Tres Pinos,95075,05,18,17,29,"41 - Rural, Fringe",36.80109694,-121.33585694,43,0,43,1,2.3,2,4.7,0,0,0,0,22,51.2,0,0,16,37.2,0,0,2,4.7,7,16.3,2,4.7,5,11.6,4,9.3,24,55.8,2,4.7,-13507045.8098151,4411418.41020754
558,2023-24,0642630,3567579,35675790000000,San Benito,Willow Grove Union Elementary,Elementary,KG,08,General Assistance,11655 Airline Hwy.,Paicines,95043,05,18,17,29,"42 - Rural, Distant",36.73554894,-121.27966393,23,0,23,0,0,0,0,0,0,0,0,15,65.2,0,0,8,34.8,0,0,0,0,6,26.1,0,0,2,8.7,0,0,11,47.8,2,8.7,-13500790.4319488,4402309.5431682
559,2023-24,0691136,3575259,35752590000000,San Benito,Aromas - San Juan Unified,Unified,KG,12,Differentiated Assistance,2300 San Juan Hwy.,San Juan Bautista,95045,05,18,17,29,"42 - Rural, Distant",36.88244693,-121.55583898,959,0,959,4,0.4,9,0.9,15,1.6,1,0.1,632,65.9,3,0.3,205,21.4,10,1,80,8.3,293,30.6,1,0.1,80,8.3,76,7.9,550,57.4,139,14.5,-13531534.0987437,4422734.04705224
560,2023-24,0691029,3610363,36103630000000,San Bernardino,San Bernardino County Office of Education,County Office of Education (COE),KG,12,Differentiated Assistance,601 North E St.,San Bernardino,92415,10,33,29,45,"12 - City, Midsize ",34.11052992,-117.29378703,6888,4629,2259,733,10.6,32,0.5,91,1.3,42,0.6,4638,67.3,17,0.2,958,13.9,231,3.4,146,2.1,1129,16.4,113,1.6,299,4.3,0,0,5082,73.8,2521,36.6,-13057084.6454458,4043653.16685638
561,2023-24,0601710,3667587,36675870000000,San Bernardino,Adelanto Elementary,Elementary,KG,12,Differentiated Assistance,11824 Air Expressway,Adelanto,92301,10,23,23,39,"21 - Suburban, Large",34.57237796,-117.40656309,8348,712,7636,1537,18.4,29,0.3,62,0.7,31,0.4,5666,67.9,37,0.4,463,5.5,273,3.3,250,3,1344,16.1,235,2.8,189,2.3,0,0,6657,79.7,1144,13.7,-13069638.8187433,4105919.79938026
562,2023-24,0602160,3667595,36675950000000,San Bernardino,Alta Loma Elementary,Elementary,KG,08,General Assistance,9390 Base Line Rd.,Alta Loma,91701,10,33,29,50,"21 - Suburban, Large",34.1220139,-117.60045008,5599,0,5599,247,4.4,2,0,553,9.9,84,1.5,2833,50.6,13,0.2,1543,27.6,293,5.2,31,0.6,338,6,28,0.5,125,2.2,0,0,1877,33.5,648,11.6,-13091222.2203932,4045197.30206405
563,2023-24,0604020,3667611,36676110000000,San Bernardino,Barstow Unified,Unified,KG,12,Differentiated Assistance,551 South Avenue H,Barstow,92311,10,23,19,34,"32 - Town, Distant",34.88960702,-117.04718105,6318,0,6318,1184,18.7,41,0.6,32,0.5,29,0.5,3587,56.8,52,0.8,989,15.7,402,6.4,2,0,558,8.8,75,1.2,209,3.3,0,0,4669,73.9,954,15.1,-13029632.5935831,4148889.28015748
564,2023-24,0604230,3667637,36676370000000,San Bernardino,Bear Valley Unified,Unified,KG,12,Differentiated Assistance,42271 Moonridge Rd.,Big Bear Lake,92315,10,23,19,34,"32 - Town, Distant",34.24231995,-116.88124697,2132,0,2132,10,0.5,5,0.2,17,0.8,4,0.2,919,43.1,5,0.2,1062,49.8,110,5.2,0,0,290,13.6,8,0.4,201,9.4,0,0,1440,67.5,284,13.3,-13011160.8959925,4061386.27131456
565,2023-24,0607950,3667645,36676450000000,San Bernardino,Central Elementary,Elementary,KG,08,General Assistance,8316 Red Oak St.,Rancho Cucamonga,91730,10,35,29,50,"21 - Suburban, Large",34.1025579,-117.57011308,4327,0,4327,490,11.3,2,0,331,7.6,75,1.7,2465,57,9,0.2,657,15.2,225,5.2,73,1.7,539,12.5,20,0.5,101,2.3,0,0,3139,72.5,691,16,-13087845.1203257,4042581.37363184
566,2023-24,0608160,3667652,36676520000000,San Bernardino,Chaffey Joint Union High,High,09,12,Differentiated Assistance,211 West Fifth St.,Ontario,91762,10,35,22,53,"21 - Suburban, Large",34.08092589,-117.65209209,22628,0,22628,1728,7.6,91,0.4,1669,7.4,517,2.3,14664,64.8,95,0.4,3032,13.4,611,2.7,221,1,1930,8.5,113,0.5,890,3.9,0,0,14927,66,3173,14,-13096970.9822768,4039673.57941765
567,2023-24,0608460,3667678,36676780000000,San Bernardino,Chino Valley Unified,Unified,KG,12,Differentiated Assistance,5130 Riverside Dr.,Chino,91710,10,35,22,53,"21 - Suburban, Large",34.01944588,-117.69163309,26473,960,25513,991,3.7,32,0.1,5585,21.1,1262,4.8,14521,54.9,69,0.3,2909,11,823,3.1,281,1.1,2711,10.2,122,0.5,1589,6,0,0,13566,51.2,3294,12.4,-13101372.666339,4031413.43219414
568,2023-24,0609390,3667686,36676860000000,San Bernardino,Colton Joint Unified,Unified,KG,12,Differentiated Assistance,1212 Valencia Dr.,Colton,92324,10,33,29,50,"21 - Suburban, Large",34.07982091,-117.33345103,18912,0,18912,964,5.1,32,0.2,197,1,101,0.5,16644,88,30,0.2,786,4.2,158,0.8,0,0,3421,18.1,125,0.7,1437,7.6,0,0,16247,85.9,2685,14.2,-13061500.0222276,4039525.06672422
569,2023-24,0616300,3667694,36676940000000,San Bernardino,Cucamonga Elementary,Elementary,KG,08,Differentiated Assistance,8776 Archibald Ave.,Rancho Cucamonga,91730,10,35,29,50,"21 - Suburban, Large",34.0943339,-117.59413608,2296,0,2296,356,15.5,5,0.2,73,3.2,32,1.4,1587,69.1,18,0.8,154,6.7,71,3.1,0,0,255,11.1,15,0.7,108,4.7,0,0,1815,79.1,301,13.1,-13090519.3487849,4041475.80813683
570,2023-24,0612960,3667702,36677020000000,San Bernardino,Etiwanda Elementary,Elementary,KG,08,General Assistance,6061 East Ave.,Etiwanda,91739,10,33,25,50,"21 - Suburban, Large",34.14396491,-117.51407807,13599,0,13599,1132,8.3,33,0.2,2396,17.6,539,4,5941,43.7,29,0.2,2356,17.3,772,5.7,401,2.9,1334,9.8,46,0.3,1056,7.8,0,0,4397,32.3,1700,12.5,-13081607.3319047,4048149.41583556
571,2023-24,0613920,3667710,36677100000000,San Bernardino,Fontana Unified,Unified,KG,12,Differentiated Assistance,9680 Citrus Ave.,Fontana,92335,10,35,29,50,"21 - Suburban, Large",34.0780239,-117.45423106,33410,205,33205,1667,5,36,0.1,653,2,383,1.1,28871,86.4,72,0.2,1328,4,399,1.2,1,0,8302,24.8,213,0.6,419,1.3,0,0,27677,82.8,4263,12.8,-13074945.1926688,4039283.54791065
572,2023-24,0616860,3667736,36677360000000,San Bernardino,Helendale Elementary,Elementary,KG,12,General Assistance,15350 Riverview Rd.,Helendale,92342,10,23,19,34,"31 - Town, Fringe",34.74065499,-117.32969109,7311,6611,700,342,4.7,25,0.3,267,3.7,85,1.2,3908,53.5,21,0.3,2212,30.3,404,5.5,47,0.6,372,5.1,27,0.4,199,2.7,0,0,3817,52.2,968,13.2,-13061081.4670757,4128692.80668899
573,2023-24,0625860,3667777,36677770000000,San Bernardino,Morongo Unified,Unified,KG,12,Differentiated Assistance,5715 Utah Trail,Twentynine Palms,92277,10,23,19,34,"41 - Rural, Fringe",34.14993299,-116.03605581,7359,0,7359,586,8,48,0.7,85,1.2,85,1.2,2795,38,72,1,3352,45.5,263,3.6,73,1,274,3.7,50,0.7,256,3.5,0,0,4726,64.2,1218,16.6,-12917074.6468375,4048952.17510368
574,2023-24,0626220,3667785,36677850000000,San Bernardino,Mountain View Elementary,Elementary,KG,08,Differentiated Assistance,2585 South Archibald Ave.,Ontario,91761,10,35,22,53,"12 - City, Midsize ",34.02721389,-117.59276807,3156,0,3156,262,8.3,3,0.1,435,13.8,165,5.2,1929,61.1,7,0.2,272,8.6,63,2,20,0.6,522,16.5,22,0.7,101,3.2,0,0,1804,57.2,332,10.5,-13090367.0630461,4032456.7722927
575,2023-24,0626340,3667793,36677930000000,San Bernardino,Mt. Baldy Joint Elementary,Elementary,KG,08,General Assistance,1 Mount Baldy Rd.,Mt. Baldy,91759,11,28,25,41,"41 - Rural, Fringe",34.23125291,-117.6625311,97,0,97,0,0,1,1,5,5.2,0,0,37,38.1,0,0,51,52.6,3,3.1,0,0,2,2.1,0,0,4,4.1,0,0,27,27.8,18,18.6,-13098133.0479575,4059896.0707698
576,2023-24,0626760,3667801,36678010000000,San Bernardino,Needles Unified,Unified,KG,12,Differentiated Assistance,1900 Erin Dr.,Needles,92363,10,25,18,36,"31 - Town, Fringe",34.83836516,-114.62027961,930,0,930,36,3.9,112,12,8,0.9,3,0.3,321,34.5,2,0.2,397,42.7,46,4.9,5,0.5,1,0.1,13,1.4,74,8,0,0,754,81.1,155,16.7,-12759471.1612658,4141937.25137632
577,2023-24,0628470,3667819,36678190000000,San Bernardino,Ontario-Montclair,Elementary,KG,08,General Assistance,950 West D St.,Ontario,91762,10,35,22,53,"12 - City, Midsize ",34.06739089,-117.66718509,17944,0,17944,604,3.4,136,0.8,465,2.6,100,0.6,15902,88.6,52,0.3,547,3,138,0.8,0,0,5029,28,98,0.5,2036,11.3,0,0,15784,88,2626,14.6,-13098651.1273602,4037854.56959775
578,2023-24,0628950,3667827,36678270000000,San Bernardino,Oro Grande,Elementary,KG,12,General Assistance,19900 National Trails Hwy,Oro Grande,92368,10,23,19,34,"41 - Rural, Fringe",34.59572797,-117.33650108,5724,5631,93,605,10.6,49,0.9,25,0.4,20,0.3,3763,65.7,29,0.5,987,17.2,214,3.7,32,0.6,696,12.2,57,1,207,3.6,0,0,4794,83.8,765,13.4,-13061839.5516187,4109077.00663226
579,2023-24,0632070,3667843,36678430000000,San Bernardino,Redlands Unified,Unified,KG,12,Differentiated Assistance,20 West Lugonia Ave.,Redlands,92374,10,33,29,45,"13 - City, Small",34.07057192,-117.18304401,19920,247,19673,1234,6.2,35,0.2,1534,7.7,460,2.3,11055,55.5,69,0.3,4328,21.7,1077,5.4,128,0.6,1671,8.4,136,0.7,1250,6.3,0,0,12717,63.8,3117,15.6,-13044756.7885798,4038282.05144889
580,2023-24,0632370,3667850,36678500000000,San Bernardino,Rialto Unified,Unified,KG,12,Differentiated Assistance,182 East Walnut Ave.,Rialto,92376,10,33,29,45,"21 - Suburban, Large",34.12918691,-117.36887804,23461,0,23461,1813,7.7,48,0.2,157,0.7,126,0.5,20377,86.9,81,0.3,580,2.5,279,1.2,0,0,4884,20.8,217,0.9,1953,8.3,0,0,20249,86.3,2728,11.6,-13065443.7388032,4046161.8911683
581,2023-24,0632610,3667868,36678680000000,San Bernardino,Rim of the World Unified,Unified,KG,12,Differentiated Assistance,24740 San Moritz Way,Crestline,92325,10,23,19,34,"31 - Town, Fringe",34.24354793,-117.26301904,2853,0,2853,9,0.3,11,0.4,26,0.9,1,0,1260,44.2,1,0,1449,50.8,87,3,9,0.3,258,9,13,0.5,52,1.8,0,0,1728,60.6,394,13.8,-13053659.5679686,4061551.63320254
582,2023-24,0634170,3667876,36678760000000,San Bernardino,San Bernardino City Unified,Unified,KG,12,Differentiated Assistance,777 North F St.,San Bernardino,92410,10,33,29,45,"12 - City, Midsize ",34.11307592,-117.29575303,49407,4695,44712,4785,9.7,145,0.3,627,1.3,191,0.4,40229,81.4,143,0.3,2015,4.1,938,1.9,334,0.7,10865,22,383,0.8,4268,8.6,0,0,44856,90.8,6845,13.9,-13057303.499677,4043995.48367496
583,2023-24,0639840,3667892,36678920000000,San Bernardino,Trona Joint Unified,Unified,KG,12,General Assistance,83600 Trona Rd.,Trona,93562,10,23,19,34,"43 - Rural, Remote",35.7705651,-117.36995519,248,0,248,16,6.5,0,0,0,0,0,0,75,30.2,1,0.4,146,58.9,10,4,0,0,3,1.2,9,3.6,29,11.7,0,0,189,76.2,51,20.6,-13065563.64623,4269097.23431717
584,2023-24,0641040,3667918,36679180000000,San Bernardino,Victor Elementary,Elementary,KG,06,Differentiated Assistance,12219 2nd Ave.,Victorville,92395,10,23,23,34,"21 - Suburban, Large",34.47344496,-117.29846306,12402,464,11938,1988,16,34,0.3,149,1.2,69,0.6,8486,68.4,46,0.4,1199,9.7,431,3.5,0,0,2005,16.2,195,1.6,311,2.5,0,0,10520,84.8,1469,11.8,-13057605.1787751,4092552.66825737
585,2023-24,0636972,3667934,36679340000000,San Bernardino,Victor Valley Union High,High,07,12,Differentiated Assistance,16350 Mojave Dr.,Victorville,92395,10,23,23,39,"21 - Suburban, Large",34.52950996,-117.30814407,12345,777,11568,2034,16.5,28,0.2,196,1.6,117,0.9,8582,69.5,33,0.3,775,6.3,445,3.6,135,1.1,1713,13.9,209,1.7,194,1.6,0,0,10166,82.3,1758,14.2,-13058682.8635309,4100125.82762669
586,2023-24,0643560,3667959,36679590000000,San Bernardino,Yucaipa-Calimesa Joint Unified,Unified,KG,12,Differentiated Assistance,12797 Third St.,Yucaipa,92399,10,23,19,47,"21 - Suburban, Large",34.02147892,-117.04724698,9519,1706,7813,130,1.4,40,0.4,133,1.4,42,0.4,4814,50.6,14,0.1,4078,42.8,227,2.4,41,0.4,726,7.6,66,0.7,131,1.4,0,0,5833,61.3,1446,15.2,-13029639.9327054,4031686.48511289
587,2023-24,0603610,3673858,36738580000000,San Bernardino,Baker Valley Unified,Unified,KG,12,Differentiated Assistance,72100 School House Ln.,Baker,92309,10,23,19,34,"43 - Rural, Remote",35.27550012,-116.07295892,129,0,129,0,0,0,0,0,0,0,0,111,86,0,0,18,14,0,0,0,0,66,51.2,0,0,3,2.3,0,0,82,63.6,16,12.4,-12921182.6814325,4201383.82356627
588,2023-24,0636820,3673890,36738900000000,San Bernardino,Silver Valley Unified,Unified,KG,12,General Assistance,35320 Daggett-Yermo Rd.,Yermo,92398,10,23,19,34,"33 - Town, Remote",34.89503503,-116.88740703,2030,0,2030,185,9.1,10,0.5,23,1.1,31,1.5,850,41.9,62,3.1,690,34,176,8.7,3,0.1,97,4.8,9,0.4,62,3.1,0,0,1169,57.6,348,17.1,-13011846.6303153,4149625.95687171
589,2023-24,0636970,3673957,36739570000000,San Bernardino,Snowline Joint Unified,Unified,KG,12,Differentiated Assistance,4075 Nielson Rd.,Phelan,92329,10,23,23,41,"42 - Rural, Distant",34.41866194,-117.5730541,7967,0,7967,372,4.7,32,0.4,66,0.8,35,0.4,4827,60.6,31,0.4,1926,24.2,175,2.2,503,6.3,1029,12.9,153,1.9,213,2.7,0,0,5529,69.4,1212,15.2,-13088172.513814,4085157.59021124
590,2023-24,0600014,3675044,36750440000000,San Bernardino,Hesperia Unified,Unified,KG,12,Differentiated Assistance,15576 Main St.,Hesperia,92345,10,23,23,39,"21 - Suburban, Large",34.42524195,-117.32237306,25356,1974,23382,1677,6.6,54,0.2,186,0.7,70,0.3,19193,75.7,81,0.3,3592,14.2,475,1.9,28,0.1,4473,17.6,321,1.3,1389,5.5,0,0,16286,64.2,3324,13.1,-13060266.8278377,4086045.56034209
591,2023-24,0600015,3675051,36750510000000,San Bernardino,Lucerne Valley Unified,Unified,KG,12,Differentiated Assistance,8560 Aliento Rd.,Lucerne Valley,92356,10,23,19,34,"42 - Rural, Distant",34.41026497,-116.90761399,12716,11609,1107,781,6.1,53,0.4,340,2.7,135,1.1,6545,51.5,23,0.2,3643,28.6,731,5.7,465,3.7,758,6,78,0.6,365,2.9,1,0,7316,57.5,1705,13.4,-13014096.0590321,4084024.52510898
592,2023-24,0600016,3675069,36750690000000,San Bernardino,Upland Unified,Unified,KG,12,Differentiated Assistance,390 North Euclid Ave.,Upland,91786,10,35,29,53,"21 - Suburban, Large",34.09823189,-117.65054609,9804,0,9804,642,6.5,0,0,557,5.7,159,1.6,6113,62.4,30,0.3,1918,19.6,319,3.3,66,0.7,855,8.7,48,0.5,488,5,0,0,6703,68.4,1461,14.9,-13096798.8822959,4041999.8086136
593,2023-24,0600017,3675077,36750770000000,San Bernardino,Apple Valley Unified,Unified,KG,12,Differentiated Assistance,12555 Navajo Rd.,Apple Valley,92308,10,23,19,34,"21 - Suburban, Large",34.47983896,-117.18960704,15252,1496,13756,1100,7.2,55,0.4,208,1.4,76,0.5,8883,58.2,42,0.3,4303,28.2,564,3.7,21,0.1,1585,10.4,241,1.6,867,5.7,0,0,11064,72.5,1990,13,-13045487.3822741,4093416.10201311
594,2023-24,0691030,3710371,37103710000000,San Diego,San Diego County Office of Education,County Office of Education (COE),KG,12,Differentiated Assistance,6401 Linda Vista Rd.,San Diego,92111,09,51,39,78,"11 - City, Large",32.76963477,-117.17987391,7464,6400,1064,673,9,14,0.2,944,12.6,107,1.4,3054,40.9,14,0.2,2101,28.1,418,5.6,139,1.9,1556,20.8,62,0.8,532,7.1,12,0.2,4295,57.5,1231,16.5,-13044403.8946348,3864766.59898404
595,2023-24,0602100,3767967,37679670000000,San Diego,Alpine Union Elementary,Elementary,KG,08,Differentiated Assistance,2001 Tavern Rd,Alpine,91901,09,48,40,75,"31 - Town, Fringe",32.82446979,-116.77433884,1539,0,1539,22,1.4,59,3.8,8,0.5,7,0.5,468,30.4,0,0,810,52.6,111,7.2,54,3.5,90,5.8,5,0.3,58,3.8,0,0,696,45.2,239,15.5,-12999259.9376711,3872028.37370348
596,2023-24,0605700,3767983,37679830000000,San Diego,Borrego Springs Unified,Unified,KG,12,Differentiated Assistance,2281 Diegueno Rd.,Borrego Springs,92004,09,48,32,75,"42 - Rural, Distant",33.26456887,-116.3827458,2837,2492,345,139,4.9,12,0.4,14,0.5,15,0.5,2086,73.5,6,0.2,425,15,94,3.3,46,1.6,618,21.8,15,0.5,155,5.5,1,0,2240,79,581,20.5,-12955668.0001077,3930473.93912648
597,2023-24,0606810,3767991,37679910000000,San Diego,Cajon Valley Union,Elementary,KG,12,Differentiated Assistance,750 East Main St.,El Cajon,92020,09,51,39,79,"21 - Suburban, Large",32.79561978,-116.95305687,17947,2340,15607,1067,5.9,62,0.3,1127,6.3,37,0.2,6895,38.4,137,0.8,7407,41.3,436,2.4,779,4.3,6186,34.5,55,0.3,395,2.2,4,0,14002,78,3242,18.1,-13019154.7375825,3868207.22301942
598,2023-24,0607470,3768007,37680070000000,San Diego,Cardiff Elementary,Elementary,KG,06,General Assistance,1888 Montgomery Ave.,Cardiff-by-the-Sea,92007,09,49,38,77,"13 - City, Small",33.02520979,-117.28398695,649,0,649,2,0.3,1,0.2,13,2,3,0.5,101,15.6,1,0.2,416,64.1,62,9.6,50,7.7,35,5.4,2,0.3,0,0,0,0,89,13.7,112,17.3,-13055993.7049262,3898650.61981568
599,2023-24,0608610,3768023,37680230000000,San Diego,Chula Vista Elementary,Elementary,KG,12,General Assistance,84 East J St.,Chula Vista,91910,09,52,18,80,"11 - City, Large",32.63143676,-117.05812188,28964,6679,22285,1056,3.6,37,0.1,642,2.2,2560,8.8,20763,71.7,79,0.3,2120,7.3,1648,5.7,59,0.2,8462,29.2,76,0.3,668,2.3,0,0,15158,52.3,4093,14.1,-13030850.5205228,3846484.91845264
600,2023-24,0609870,3768031,37680310000000,San Diego,Coronado Unified,Unified,KG,12,General Assistance,201 Sixth St.,Coronado,92118,09,50,39,77,"21 - Suburban, Large",32.69638676,-117.1872659,2739,0,2739,49,1.8,5,0.2,40,1.5,29,1.1,684,25,7,0.3,1568,57.2,193,7,164,6,115,4.2,4,0.1,1,0,0,0,442,16.1,376,13.7,-13045226.7678323,3855073.37733231
601,2023-24,0610710,3768049,37680490000000,San Diego,Dehesa Elementary,Elementary,KG,12,General Assistance,4612 Dehesa Rd.,El Cajon,92019,09,48,39,75,"41 - Rural, Fringe",32.78158178,-116.85044885,11667,11444,223,225,1.9,59,0.5,492,4.2,121,1,3584,30.7,30,0.3,5944,50.9,898,7.7,314,2.7,262,2.2,14,0.1,129,1.1,1,0,4395,37.7,1220,10.5,-13007732.4651628,3866348.35494512
602,2023-24,0610740,3768056,37680560000000,San Diego,Del Mar Union Elementary,Elementary,KG,06,General Assistance,11232 El Camino Real,San Diego,92130,09,50,40,76,"11 - City, Large",32.92341078,-117.23184893,3662,0,3662,35,1,5,0.1,1372,37.5,47,1.3,382,10.4,5,0.1,1505,41.1,259,7.1,52,1.4,530,14.5,4,0.1,6,0.2,0,0,345,9.4,399,10.9,-13050189.7274111,3885142.43250531
603,2023-24,0612750,3768080,37680800000000,San Diego,Encinitas Union Elementary,Elementary,KG,06,General Assistance,101 South Rancho Santa Fe Rd.,Encinitas,92024,09,49,38,77,"13 - City, Small",33.03702379,-117.23800694,4444,0,4444,22,0.5,11,0.2,140,3.2,25,0.6,936,21.1,3,0.1,2855,64.2,355,8,97,2.2,386,8.7,0,0,10,0.2,12,0.3,822,18.5,600,13.5,-13050875.2338799,3900219.28468412
604,2023-24,0612880,3768098,37680980000000,San Diego,Escondido Union,Elementary,KG,08,Differentiated Assistance,2310 Aldergrove Ave.,Escondido,92029,09,50,40,76,"21 - Suburban, Large",33.11921881,-117.11516592,17061,2888,14173,180,1.1,29,0.2,439,2.6,312,1.8,12143,71.2,14,0.1,3046,17.9,822,4.8,76,0.4,5379,31.5,30,0.2,900,5.3,111,0.7,12190,71.4,2760,16.2,-13037200.6345772,3911138.9790122
605,2023-24,0612910,3768106,37681060000000,San Diego,Escondido Union High,High,06,12,General Assistance,302 North Midway Dr.,Escondido,92027,09,48,40,76,"21 - Suburban, Large",33.13631082,-117.05019091,8916,2372,6544,139,1.6,36,0.4,278,3.1,161,1.8,6002,67.3,16,0.2,1963,22,221,2.5,100,1.1,1573,17.6,16,0.2,271,3,47,0.5,6164,69.1,1314,14.7,-13029967.6496224,3913410.95271841
606,2023-24,0613500,3768114,37681140000000,San Diego,Fallbrook Union Elementary,Elementary,KG,08,Differentiated Assistance,321 North Iowa St.,Fallbrook,92028,09,48,40,75,"31 - Town, Fringe",33.38397583,-117.24716096,5124,0,5124,118,2.3,18,0.4,32,0.6,36,0.7,3277,64,21,0.4,1358,26.5,264,5.2,0,0,1371,26.8,5,0.1,108,2.1,332,6.5,3945,77,925,18.1,-13051894.2555247,3946381.94505195
607,2023-24,0613530,3768122,37681220000000,San Diego,Fallbrook Union High,High,09,12,Differentiated Assistance,2234 South Stage Coach Ln.,Fallbrook,92028,09,48,40,75,"31 - Town, Fringe",33.35162183,-117.23642796,2064,0,2064,23,1.1,3,0.1,25,1.2,11,0.5,1458,70.6,4,0.2,448,21.7,46,2.2,46,2.2,467,22.6,1,0,206,10,195,9.4,1554,75.3,314,15.2,-13050699.463051,3942069.42573001
608,2023-24,0616230,3768130,37681300000000,San Diego,Grossmont Union High,High,KG,12,Differentiated Assistance,1100 Murray Dr.,El Cajon,92020,09,51,39,79,"21 - Suburban, Large",32.78141578,-116.98691388,21697,5131,16566,1235,5.7,121,0.6,692,3.2,327,1.5,9573,44.1,106,0.5,8143,37.5,1408,6.5,92,0.4,2701,12.4,64,0.3,644,3,5,0,14082,64.9,3713,17.1,-13022923.682124,3866326.37477093
609,2023-24,0618730,3768155,37681550000000,San Diego,Jamul-Dulzura Union Elementary,Elementary,KG,12,General Assistance,14581 Lyons Valley Rd.,Jamul,91935,09,48,18,75,"21 - Suburban, Large",32.72936578,-116.85623785,801,190,611,19,2.4,7,0.9,7,0.9,5,0.6,505,63,0,0,196,24.5,42,5.2,20,2.5,148,18.5,2,0.2,36,4.5,0,0,409,51.1,87,10.9,-13008376.8935061,3859436.64616422
610,2023-24,0619140,3768163,37681630000000,San Diego,Julian Union Elementary,Elementary,KG,12,Differentiated Assistance,1704 Cape Horn,Julian,92036,09,48,32,75,"42 - Rural, Distant",33.07879483,-116.59487683,1949,1680,269,60,3.1,22,1.1,45,2.3,15,0.8,892,45.8,3,0.2,756,38.8,117,6,39,2,316,16.2,8,0.4,126,6.5,1,0.1,1171,60.1,304,15.6,-12979282.3176505,3905767.33596812
611,2023-24,0619110,3768171,37681710000000,San Diego,Julian Union High,High,09,12,General Assistance,1656 Highway 78,Julian,92036,09,48,32,75,"42 - Rural, Distant",33.07725383,-116.59529683,118,0,118,1,0.8,3,2.5,1,0.8,0,0,61,51.7,1,0.8,46,39,5,4.2,0,0,15,12.7,1,0.8,1,0.8,0,0,68,57.6,29,24.6,-12979329.0719443,3905562.61269585
612,2023-24,0620790,3768189,37681890000000,San Diego,Lakeside Union Elementary,Elementary,KG,12,Differentiated Assistance,12335 Woodside Ave.,Lakeside,92040,09,48,40,75,"21 - Suburban, Large",32.85626679,-116.92592187,4842,301,4541,119,2.5,83,1.7,77,1.6,47,1,1791,37,23,0.5,2385,49.3,317,6.5,0,0,378,7.8,11,0.2,23,0.5,0,0,2024,41.8,904,18.7,-13016134.0830829,3876241.28720995
613,2023-24,0620250,3768197,37681970000000,San Diego,La Mesa-Spring Valley,Elementary,KG,08,Differentiated Assistance,4750 Date Ave.,La Mesa,91942,09,51,39,79,"21 - Suburban, Large",32.76502077,-117.02246888,11032,348,10684,828,7.5,12,0.1,325,2.9,235,2.1,5692,51.6,50,0.5,2910,26.4,928,8.4,52,0.5,1904,17.3,36,0.3,356,3.2,6,0.1,6687,60.6,1965,17.8,-13026881.6472306,3864155.77445613
614,2023-24,0621330,3768205,37682050000000,San Diego,Lemon Grove,Elementary,KG,08,Differentiated Assistance,8025 Lincoln St.,Lemon Grove,91945,09,51,39,79,"21 - Suburban, Large",32.73807377,-117.02618088,3122,0,3122,400,12.8,21,0.7,125,4,55,1.8,2056,65.9,23,0.7,256,8.2,184,5.9,2,0.1,804,25.8,14,0.4,225,7.2,2,0.1,2332,74.7,528,16.9,-13027294.8649692,3860589.02087333
615,2023-24,0626100,3768213,37682130000000,San Diego,Mountain Empire Unified,Unified,KG,12,Differentiated Assistance,3305 Buckman Springs Rd.,Pine Valley,91962,09,48,18,75,"42 - Rural, Distant",32.7321688,-116.49373879,4284,2413,1871,97,2.3,92,2.1,49,1.1,20,0.5,2299,53.7,9,0.2,1383,32.3,288,6.7,47,1.1,707,16.5,8,0.2,321,7.5,1,0,2426,56.6,616,14.4,-12968023.6823336,3859807.57220879
616,2023-24,0626670,3768221,37682210000000,San Diego,National Elementary,Elementary,KG,08,General Assistance,1500 N Ave.,National City,91950,09,52,18,80,"21 - Suburban, Large",32.67341976,-117.09033989,4569,369,4200,64,1.4,2,0,46,1,426,9.3,3813,83.5,10,0.2,65,1.4,92,2,51,1.1,2432,53.2,14,0.3,340,7.4,0,0,3683,80.6,690,15.1,-13034437.0129083,3852035.69534536
617,2023-24,0631530,3768296,37682960000000,San Diego,Poway Unified,Unified,KG,12,General Assistance,15250 Avenue of Science,San Diego,92128,09,51,40,76,"11 - City, Large",32.9928648,-117.08222191,34935,0,34935,594,1.7,46,0.1,8676,24.8,1970,5.6,6153,17.6,56,0.2,13274,38,4163,11.9,3,0,2706,7.7,24,0.1,633,1.8,8,0,5599,16,5321,15.2,-13033533.3237669,3894356.92279048
618,2023-24,0631710,3768304,37683040000000,San Diego,Ramona City Unified,Unified,KG,12,Differentiated Assistance,720 Ninth St.,Ramona,92065,07,22,16,33,"31 - Town, Fringe",36.07169302,-119.07058751,5077,0,5077,33,0.6,21,0.4,15,0.3,16,0.3,2389,47.1,4,0.1,2278,44.9,321,6.3,0,0,677,13.3,19,0.4,133,2.6,42,0.8,3101,61.1,883,17.4,-13254877.1697133,4310490.71029872
619,2023-24,0631740,3768312,37683120000000,San Diego,Rancho Santa Fe Elementary,Elementary,KG,08,General Assistance,5927 La Granada,Rancho Santa Fe,92067,09,50,38,76,"21 - Suburban, Large",33.0212118,-117.20708793,543,0,543,4,0.7,2,0.4,40,7.4,1,0.2,57,10.5,1,0.2,392,72.2,28,5.2,18,3.3,35,6.4,1,0.2,0,0,0,0,28,5.2,94,17.3,-13047433.3458639,3898119.81302604
620,2023-24,0634320,3768338,37683380000000,San Diego,San Diego Unified,Unified,KG,12,Differentiated Assistance,4100 Normal St.,San Diego,92103,09,50,39,78,"11 - City, Large",32.75456877,-117.1474869,114330,18838,95492,8477,7.4,262,0.2,9959,8.7,4926,4.3,53785,47,410,0.4,26218,22.9,9981,8.7,312,0.3,19824,17.3,215,0.2,7091,6.2,110,0.1,67786,59.3,19495,17.1,-13040798.5897029,3862772.19988745
621,2023-24,0634380,3768346,37683460000000,San Diego,San Dieguito Union High,High,07,12,General Assistance,710 Encinitas Blvd.,Encinitas,92024,09,49,38,77,"11 - City, Large",33.04912079,-117.27658895,12364,0,12364,105,0.8,34,0.3,2322,18.8,110,0.9,2068,16.7,7,0.1,6690,54.1,1003,8.1,25,0.2,561,4.5,3,0,152,1.2,15,0.1,2229,18,1427,11.5,-13055170.1633797,3901825.74381468
622,2023-24,0635040,3768353,37683530000000,San Diego,San Pasqual Union Elementary,Elementary,KG,08,General Assistance,15305 Rockwood Rd.,Escondido,92027,09,50,40,76,"41 - Rural, Fringe",33.11056082,-117.0117709,527,0,527,5,0.9,0,0,13,2.5,0,0,194,36.8,0,0,270,51.2,38,7.2,7,1.3,55,10.4,3,0.6,47,8.9,0,0,126,23.9,62,11.8,-13025690.7538286,3909988.27412203
623,2023-24,0635880,3768361,37683610000000,San Diego,Santee,Elementary,KG,08,General Assistance,9625 Cuyamaca St.,Santee,92071,09,48,40,75,"21 - Suburban, Large",32.85310979,-116.98291088,6159,0,6159,101,1.6,8,0.1,158,2.6,121,2,1865,30.3,15,0.2,3190,51.8,701,11.4,0,0,581,9.4,6,0.1,113,1.8,0,0,2266,36.8,1234,20,-13022478.0706195,3875822.93553952
624,2023-24,0635220,3768379,37683790000000,San Diego,San Ysidro Elementary,Elementary,KG,08,Differentiated Assistance,4350 Otay Mesa Rd.,San Ysidro,92173,09,52,18,80,"11 - City, Large",32.56222275,-117.04024487,4205,0,4205,108,2.6,0,0,30,0.7,133,3.2,3708,88.2,2,0,80,1.9,91,2.2,53,1.3,2077,49.4,14,0.3,966,23,5,0.1,2459,58.5,638,15.2,-13028860.4610898,3837339.48033927
625,2023-24,0636990,3768387,37683870000000,San Diego,Solana Beach Elementary,Elementary,KG,06,General Assistance,309 North Rios Ave.,Solana Beach,92075,09,49,38,77,"11 - City, Large",32.99558179,-117.27063694,2730,0,2730,10,0.4,1,0,759,27.8,11,0.4,353,12.9,4,0.1,1230,45.1,291,10.7,71,2.6,296,10.8,0,0,17,0.6,0,0,398,14.6,281,10.3,-13054507.5892121,3894717.53438504
626,2023-24,0637380,3768395,37683950000000,San Diego,South Bay Union,Elementary,KG,08,General Assistance,601 Elm Ave.,Imperial Beach,91932,09,52,18,80,"11 - City, Large",32.58004075,-117.12015288,5595,1820,3775,104,1.9,5,0.1,23,0.4,139,2.5,4784,85.5,8,0.1,328,5.9,155,2.8,49,0.9,2611,46.7,22,0.4,217,3.9,6,0.1,3359,60,954,17.1,-13037755.7807425,3839693.14662781
627,2023-24,0637680,3768403,37684030000000,San Diego,Spencer Valley Elementary,Elementary,KG,12,General Assistance,4414 Highway 78 and 79,Santa Ysabel,92070,09,48,32,75,"42 - Rural, Distant",33.09671083,-116.64529684,3885,3838,47,359,9.2,29,0.7,113,2.9,65,1.7,2176,56,40,1,836,21.5,267,6.9,0,0,359,9.2,8,0.2,89,2.3,0,0,2644,68.1,559,14.4,-12984895.0475923,3908147.7557458
628,2023-24,0638640,3768411,37684110000000,San Diego,Sweetwater Union High,High,KG,12,Differentiated Assistance,1130 Fifth Ave.,Chula Vista,91911,09,52,18,80,"11 - City, Large",32.61018475,-117.07718388,36686,1460,35226,1203,3.3,151,0.4,745,2,3113,8.5,25900,70.6,132,0.4,3987,10.9,1331,3.6,124,0.3,8244,22.5,69,0.2,391,1.1,19,0.1,21473,58.5,5456,14.9,-13032972.4928678,3843676.08062467
629,2023-24,0640710,3768437,37684370000000,San Diego,Vallecitos Elementary,Elementary,KG,08,Differentiated Assistance,5211 Fifth St.,Rainbow,92028,09,48,40,75,"41 - Rural, Fringe",33.41351584,-117.14924095,190,0,190,1,0.5,1,0.5,2,1.1,0,0,164,86.3,0,0,22,11.6,0,0,0,0,84,44.2,0,0,19,10,41,21.6,163,85.8,27,14.2,-13040993.8493291,3950320.78403415
630,2023-24,0641190,3768452,37684520000000,San Diego,Vista Unified,Unified,KG,12,Differentiated Assistance,1234 Arcadia Ave.,Vista,92084,09,49,38,74,"21 - Suburban, Large",33.22621482,-117.22214295,21524,3055,18469,467,2.2,63,0.3,398,1.8,256,1.2,14354,66.7,108,0.5,4642,21.6,1212,5.6,24,0.1,3513,16.3,42,0.2,898,4.2,445,2.1,13860,64.4,3836,17.8,-13049109.2627822,3925368.834586
631,2023-24,0607500,3773551,37735510000000,San Diego,Carlsbad Unified,Unified,KG,12,Differentiated Assistance,6225 El Camino Real,Carlsbad,92009,09,49,38,77,"12 - City, Midsize ",33.1229548,-117.26775295,10832,0,10832,128,1.2,22,0.2,589,5.4,87,0.8,2827,26.1,17,0.2,6080,56.1,1078,10,4,0,497,4.6,9,0.1,80,0.7,21,0.2,2573,23.8,1746,16.1,-13054186.5447899,3911635.55223322
632,2023-24,0628250,3773569,37735690000000,San Diego,Oceanside Unified,Unified,KG,12,Differentiated Assistance,2111 Mission Ave.,Oceanside,92058,09,49,38,74,"21 - Suburban, Large",33.20627481,-117.36185197,17839,2542,15297,659,3.7,47,0.3,303,1.7,383,2.1,10223,57.3,271,1.5,4369,24.5,1321,7.4,263,1.5,1930,10.8,45,0.3,275,1.5,121,0.7,12150,68.1,2975,16.7,-13064661.6000796,3922715.60981644
633,2023-24,0634880,3773791,37737910000000,San Diego,San Marcos Unified,Unified,KG,12,General Assistance,"255 Pico Ave., Ste. 250",San Marcos,92069,09,50,40,76,"21 - Suburban, Large",33.14219781,-117.16520793,19456,82,19374,204,1,26,0.1,1136,5.8,429,2.2,8987,46.2,53,0.3,7120,36.6,1495,7.7,6,0,2320,11.9,46,0.2,796,4.1,233,1.2,7699,39.6,2860,14.7,-13042771.2857381,3914193.5902869
634,2023-24,0600042,3775416,37754160000000,San Diego,Warner Unified,Unified,KG,12,Differentiated Assistance,30951 Highway 79,Warner Springs,92086,09,48,32,75,"42 - Rural, Distant",33.27433685,-116.64311685,2528,2329,199,132,5.2,175,6.9,149,5.9,31,1.2,973,38.5,15,0.6,802,31.7,189,7.5,62,2.5,135,5.3,22,0.9,134,5.3,0,0,1260,49.8,342,13.5,-12984652.3724979,3931774.46218694
635,2023-24,0600069,3775614,37756140000000,San Diego,Valley Center-Pauma Unified,Unified,KG,12,Differentiated Assistance,28751 Cole Grade Rd.,Valley Center,92082,09,48,40,75,"42 - Rural, Distant",33.23539483,-117.02221992,3711,0,3711,20,0.5,307,8.3,35,0.9,16,0.4,2337,63,3,0.1,765,20.6,200,5.4,28,0.8,898,24.2,10,0.3,125,3.4,200,5.4,2431,65.5,649,17.5,-13026853.9324706,3926590.53345713
636,2023-24,0602049,3776471,37764710000000,San Diego,SBC - High Tech High,Statewide Benefit Charter,KG,05,General Assistance,2861 Womble Rd.,San Diego,92106,09,51,39,78,"11 - City, Large",32.734923,-117.217485,3819,3819,0,93,2.4,14,0.4,194,5.1,215,5.6,2039,53.4,18,0.5,923,24.2,323,8.5,0,0,372,9.7,8,0.2,8,0.2,0,0,1762,46.1,627,16.4,-13048590.7422591,3860172.04974406
637,2023-24,0601426,3776851,37768510000000,San Diego,Bonsall Unified,Unified,KG,12,General Assistance,31505 Old River Rd.,Bonsall,92003,09,48,40,75,"21 - Suburban, Large",33.28678182,-117.22017595,2231,83,2148,21,0.9,108,4.8,40,1.8,52,2.3,833,37.3,12,0.5,893,40,206,9.2,66,3,231,10.4,4,0.2,116,5.2,34,1.5,912,40.9,350,15.7,-13048890.2977304,3933431.61344581
638,2023-24,0601940,3777099,37770990000000,San Diego,SBE - Altus Schools East County,State Board of Education,07,12,,111 Fletcher Pkwy.,El Cajon,92020,09,51,39,78,"21 - Suburban, Large",32.80700478,-116.96311187,260,260,0,18,6.9,1,0.4,4,1.5,1,0.4,161,61.9,1,0.4,53,20.4,19,7.3,2,0.8,31,11.9,2,0.8,23,8.8,0,0,184,70.8,62,23.8,-13020274.0553577,3869715.00503862
639,2023-24,0601509,3777107,37771070000000,San Diego,SBE - Altus Schools South Bay,State Board of Education,07,12,,3252 Bonita Rd.,Chula Vista,91910,09,52,18,80,"21 - Suburban, Large",32.64883476,-117.05343288,374,374,0,14,3.7,1,0.3,4,1.1,6,1.6,321,85.8,0,0,12,3.2,14,3.7,2,0.5,90,24.1,1,0.3,27,7.2,0,0,281,75.1,93,24.9,-13030328.5436002,3848784.87660758
640,2023-24,0601463,3777156,37771560000000,San Diego,SBE - Vista Springs Charter,State Board of Education,KG,12,,700 E Bobier Ave.,Vista,92084,09,49,38,74,"21 - Suburban, Large",33.22073182,-117.23441695,247,247,0,7,2.8,2,0.8,3,1.2,1,0.4,172,69.6,0,0,48,19.4,14,5.7,0,0,53,21.5,2,0.8,16,6.5,0,0,179,72.5,35,14.2,-13050475.598328,3924639.20420072
641,2023-24,0601638,3777164,37771640000000,San Diego,SBE - College Preparatory Middle,State Board of Education,05,08,,10269 Madrid Way,Spring Valley,91977,09,48,39,75,"21 - Suburban, Large",32.74583477,-116.97131087,400,400,0,15,3.8,0,0,11,2.8,2,0.5,104,26,0,0,242,60.5,25,6.2,1,0.2,25,6.2,0,0,0,0,0,0,131,32.8,21,5.2,-13021186.7636198,3861616.17064538
642,2023-24,0602295,3777172,37771720000000,San Diego,SBE - Baypoint Preparatory Academy San Diego,State Board of Education,KG,08,,520 East Carmel St.,San Marcos,92078,09,50,40,76,"21 - Suburban, Large",33.13860281,-117.15006693,237,237,0,8,3.4,0,0,14,5.9,5,2.1,131,55.3,0,0,54,22.8,22,9.3,3,1.3,27,11.4,0,0,3,1.3,0,0,101,42.6,23,9.7,-13041085.7970292,3913715.65221713
643,2023-24,0691111,3810389,38103890000000,San Francisco,San Francisco County Office of Education,County Office of Education (COE),KG,12,Differentiated Assistance,555 Franklin St.,San Francisco,94102,04,11,11,17,"11 - City, Large",37.77925794,-122.42216622,468,0,468,64,13.7,1,0.2,58,12.4,8,1.7,173,37,2,0.4,101,21.6,37,7.9,24,5.1,83,17.7,9,1.9,11,2.4,0,0,156,33.3,125,26.7,-13627973.2049344,4548289.12473936
644,2023-24,0634410,3868478,38684780000000,San Francisco,San Francisco Unified,Unified,KG,12,Differentiated Assistance,555 Franklin St.,San Francisco,94102,04,11,11,17,"11 - City, Large",37.77925794,-122.42216622,55452,6716,48736,4148,7.5,126,0.2,15688,28.3,1881,3.4,19694,35.5,397,0.7,7363,13.3,4090,7.4,2065,3.7,13480,24.3,281,0.5,1802,3.2,46,0.1,30264,54.6,7477,13.5,-13627973.2049344,4548289.12473936
645,2023-24,0602439,3876927,38769270000000,San Francisco,SBE - The New School of San Francisco,State Board of Education,KG,08,,940 Filbert St,San Francisco,94133,04,11,11,17,"11 - City, Large",37.80094495,-122.41498422,444,444,0,23,5.2,0,0,47,10.6,7,1.6,162,36.5,2,0.5,150,33.8,43,9.7,10,2.3,56,12.6,1,0.2,0,0,0,0,163,36.7,53,11.9,-13627173.7084596,4551344.04759972
646,2023-24,0601498,3877131,38771310000000,San Francisco,SBE - KIPP Bayview Elementary,State Board of Education,KG,04,,948 Hollister,San Francisco,94124,04,11,11,17,"11 - City, Large",37.71842594,-122.3894872,144,144,0,74,51.4,0,0,1,0.7,1,0.7,37,25.7,4,2.8,3,2.1,24,16.7,0,0,19,13.2,5,3.5,4,2.8,0,0,136,94.4,11,7.6,-13624335.3940454,4539724.85048139
647,2023-24,0691031,3910397,39103970000000,San Joaquin,San Joaquin County Office of Education,County Office of Education (COE),KG,12,Differentiated Assistance,2922 Transworld Dr.,Stockton,95206,06,09,05,13,"11 - City, Large",37.90595204,-121.22966405,5205,3268,1937,595,11.4,34,0.7,331,6.4,96,1.8,3229,62,28,0.5,594,11.4,216,4.1,82,1.6,924,17.8,57,1.1,300,5.8,13,0.2,3751,72.1,1190,22.9,-13495224.4709486,4566148.4964622
648,2023-24,0612840,3968502,39685020000000,San Joaquin,Escalon Unified,Unified,KG,12,Differentiated Assistance,1520 East Yosemite Ave.,Escalon,95320,06,09,05,09,"31 - Town, Fringe",37.79905505,-120.994428,3062,338,2724,25,0.8,9,0.3,30,1,16,0.5,1540,50.3,11,0.4,1350,44.1,59,1.9,22,0.7,454,14.8,3,0.1,6,0.2,12,0.4,1654,54,325,10.6,-13469038.1137885,4551077.79308152
649,2023-24,0618840,3968544,39685440000000,San Joaquin,Jefferson Elementary,Elementary,KG,08,Differentiated Assistance,1219 Whispering Wind Dr.,Tracy,95377,06,09,05,13,"22 - Suburban, Midsize",37.70099101,-121.44075306,2905,0,2905,115,4,33,1.1,1126,38.8,121,4.2,850,29.3,15,0.5,456,15.7,153,5.3,36,1.2,466,16,7,0.2,48,1.7,0,0,945,32.5,269,9.3,-13518722.7919271,4537271.55886815
650,2023-24,0621690,3968569,39685690000000,San Joaquin,Lincoln Unified,Unified,KG,12,Differentiated Assistance,2010 West Swain Rd.,Stockton,95207,06,09,05,13,"11 - City, Large",37.99999404,-121.33447208,8773,448,8325,980,11.2,27,0.3,818,9.3,245,2.8,4737,54,62,0.7,1307,14.9,542,6.2,55,0.6,1090,12.4,38,0.4,498,5.7,9,0.1,6111,69.7,1123,12.8,-13506891.6472953,4579424.97140574
651,2023-24,0621810,3968577,39685770000000,San Joaquin,Linden Unified,Unified,KG,12,Differentiated Assistance,18527 East Main St.,Linden,95236,06,09,05,09,"42 - Rural, Distant",38.01997906,-121.08843204,2275,0,2275,3,0.1,27,1.2,35,1.5,7,0.3,1482,65.1,4,0.2,673,29.6,33,1.5,11,0.5,498,21.9,13,0.6,27,1.2,44,1.9,1691,74.3,305,13.4,-13479502.5957113,4582248.56884941
652,2023-24,0622230,3968585,39685850000000,San Joaquin,Lodi Unified,Unified,KG,12,Differentiated Assistance,1305 East Vine St.,Lodi,95240,06,09,05,09,"13 - City, Small",38.12394806,-121.24855008,30068,3262,26806,1917,6.4,110,0.4,5471,18.2,1034,3.4,14454,48.1,224,0.7,4911,16.3,1071,3.6,876,2.9,5773,19.2,174,0.6,401,1.3,280,0.9,22321,74.2,4585,15.2,-13497326.8540807,4596950.34414101
653,2023-24,0623610,3968593,39685930000000,San Joaquin,Manteca Unified,Unified,KG,12,Differentiated Assistance,2271 W. Louise Ave.,Manteca,95337,06,09,05,09,"23 - Suburban, Small",37.81249603,-121.25682804,25000,0,25000,1409,5.6,108,0.4,3294,13.2,1357,5.4,13980,55.9,290,1.2,3607,14.4,955,3.8,0,0,5433,21.7,127,0.5,1300,5.2,224,0.9,17007,68,3004,12,-13498248.3528794,4552971.54841356
654,2023-24,0626970,3968619,39686190000000,San Joaquin,New Hope Elementary,Elementary,KG,08,General Assistance,26675 North Sacramento Blvd.,Thornton,95686,06,09,05,09,"42 - Rural, Distant",38.22908906,-121.42421012,168,0,168,0,0,0,0,0,0,1,0.6,155,92.3,0,0,10,6,2,1.2,0,0,65,38.7,2,1.2,0,0,0,0,145,86.3,23,13.7,-13516881.2402089,4611839.15324851
655,2023-24,0627030,3968627,39686270000000,San Joaquin,New Jerusalem Elementary,Elementary,KG,12,General Assistance,31400 South Koster Rd.,Tracy,95304,06,13,05,09,"41 - Rural, Fringe",37.66794901,-121.32415804,6888,6872,16,665,9.7,46,0.7,597,8.7,170,2.5,3235,47,74,1.1,1585,23,503,7.3,13,0.2,924,13.4,17,0.2,108,1.6,9,0.1,4379,63.6,872,12.7,-13505743.4936055,4532623.75993912
656,2023-24,0627930,3968635,39686350000000,San Joaquin,Oak View Union Elementary,Elementary,KG,08,Differentiated Assistance,7474 East Collier Rd.,Acampo,95220,06,09,05,09,"41 - Rural, Fringe",38.21805007,-121.22786509,380,0,380,1,0.3,0,0,6,1.6,3,0.8,189,49.7,1,0.3,163,42.9,16,4.2,1,0.3,71,18.7,2,0.5,0,0,0,0,138,36.3,43,11.3,-13495024.2112254,4610274.93420791
657,2023-24,0632880,3968650,39686500000000,San Joaquin,Ripon Unified,Unified,KG,12,General Assistance,304 North Acacia Ave.,Ripon,95366,06,09,05,09,"31 - Town, Fringe",37.74194304,-121.12822602,5183,1835,3348,178,3.4,20,0.4,333,6.4,68,1.3,1908,36.8,15,0.3,2040,39.4,557,10.7,64,1.2,438,8.5,11,0.2,178,3.4,5,0.1,1831,35.3,675,13,-13483932.4406953,4543034.88560086
658,2023-24,0638010,3968676,39686760000000,San Joaquin,Stockton Unified,Unified,KG,12,Differentiated Assistance,56 South Lincoln St.,Stockton,95203,06,09,05,13,"11 - City, Large",37.95103304,-121.29690807,38730,6282,32448,3380,8.7,222,0.6,3322,8.6,1251,3.2,27365,70.7,199,0.5,1447,3.7,1424,3.7,120,0.3,9153,23.6,262,0.7,1041,2.7,417,1.1,31326,80.9,5132,13.3,-13502710.0406179,4572510.73146937
659,2023-24,0600047,3975499,39754990000000,San Joaquin,Tracy Joint Unified,Unified,KG,12,Differentiated Assistance,1875 West Lowell Ave.,Tracy,95376,06,09,05,13,"22 - Suburban, Midsize",37.74770801,-121.45118507,15100,1571,13529,788,5.2,54,0.4,2271,15,728,4.8,8155,54,163,1.1,2202,14.6,738,4.9,1,0,3535,23.4,61,0.4,757,5,16,0.1,10639,70.5,2093,13.9,-13519884.0776842,4543846.46767761
660,2023-24,0601410,3976760,39767600000000,San Joaquin,Lammersville Joint Unified,Unified,KG,12,General Assistance,111 S. De Anza Blvd.,Mountain House,95391,06,09,05,13,"22 - Suburban, Midsize",37.77797401,-121.53504408,7764,0,7764,302,3.9,108,1.4,4340,55.9,493,6.3,1017,13.1,34,0.4,914,11.8,421,5.4,135,1.7,830,10.7,3,0,9,0.1,0,0,897,11.6,504,6.5,-13529219.2206937,4548108.29223012
661,2023-24,0602571,3977388,39773880000000,San Joaquin,Banta Unified,Unified,KG,12,Differentiated Assistance,22375 South El Rancho Rd.,Tracy,95304,06,09,05,09,"41 - Rural, Fringe",37.75637002,-121.37446905,3022,2854,168,163,5.4,49,1.6,922,30.5,399,13.2,938,31,21,0.7,338,11.2,192,6.4,0,0,487,16.1,4,0.1,8,0.3,0,0,1198,39.6,268,8.9,-13511344.0904058,4545066.00640893
662,2023-24,0691032,4010405,40104050000000,San Luis Obispo,San Luis Obispo County Office of Education,County Office of Education (COE),KG,12,General Assistance,3350 Education Dr.,San Luis Obispo,93405,08,24,17,30,"41 - Rural, Fringe",35.33435984,-120.7428567,805,696,109,13,1.6,4,0.5,4,0.5,3,0.4,413,51.3,0,0,312,38.8,49,6.1,7,0.9,108,13.4,14,1.7,60,7.5,2,0.2,507,63,168,20.9,-13441033.3252424,4209412.65811562
663,2023-24,0603300,4068700,40687000000000,San Luis Obispo,Atascadero Unified,Unified,KG,12,Differentiated Assistance,5601 West Mall,Atascadero,93422,08,19,17,30,"23 - Suburban, Small",35.49230586,-120.66508071,4338,0,4338,52,1.2,26,0.6,47,1.1,48,1.1,1285,29.6,8,0.2,2614,60.3,189,4.4,69,1.6,307,7.1,27,0.6,142,3.3,6,0.1,2095,48.3,636,14.7,-13432375.3407787,4230986.44129031
664,2023-24,0607840,4068726,40687260000000,San Luis Obispo,Cayucos Elementary,Elementary,KG,08,General Assistance,301 Cayucos Dr.,Cayucos,93430,08,24,17,30,"32 - Town, Distant",35.45219584,-120.90481474,180,0,180,1,0.6,0,0,0,0,0,0,50,27.8,0,0,111,61.7,12,6.7,6,3.3,8,4.4,0,0,7,3.9,0,0,50,27.8,11,6.1,-13459062.4113685,4225503.82175638
665,2023-24,0623080,4068759,40687590000000,San Luis Obispo,Lucia Mar Unified,Unified,KG,12,General Assistance,602 Orchard St.,Arroyo Grande,93420,08,24,17,30,"23 - Suburban, Small",35.11533183,-120.57629866,9621,0,9621,40,0.4,22,0.2,111,1.2,89,0.9,4809,50,11,0.1,3944,41,434,4.5,161,1.7,1108,11.5,42,0.4,1599,16.6,153,1.6,5861,60.9,1483,15.4,-13422492.168384,4179565.34528349
666,2023-24,0631020,4068791,40687910000000,San Luis Obispo,Pleasant Valley Joint Union Elementary,Elementary,KG,06,General Assistance,2025 Ranchita Canyon Rd.,San Miguel,93451,08,19,17,30,"41 - Rural, Fringe",35.71104288,-120.61325872,50,0,50,0,0,1,2,1,2,0,0,15,30,0,0,30,60,3,6,0,0,5,10,0,0,2,4,0,0,17,34,8,16,-13426606.5436359,4260933.81640242
667,2023-24,0634800,4068809,40688090000000,San Luis Obispo,San Luis Coastal Unified,Unified,KG,12,General Assistance,1500 Lizzie St.,San Luis Obispo,93401,08,24,17,30,"13 - City, Small",35.28128184,-120.64986869,7741,164,7577,58,0.7,22,0.3,244,3.2,131,1.7,2325,30,12,0.2,4382,56.6,463,6,104,1.3,690,8.9,37,0.5,573,7.4,2,0,3319,42.9,1207,15.6,-13430681.9463204,4202172.22753624
668,2023-24,0635010,4068825,40688250000000,San Luis Obispo,San Miguel Joint Union,Elementary,KG,08,General Assistance,1601 L St.,San Miguel,93451,08,19,17,30,"42 - Rural, Distant",35.75754188,-120.69687274,641,0,641,3,0.5,3,0.5,3,0.5,2,0.3,417,65.1,1,0.2,201,31.4,11,1.7,0,0,242,37.8,4,0.6,64,10,1,0.2,449,70,86,13.4,-13435914.4133898,4267310.59058011
669,2023-24,0636450,4068833,40688330000000,San Luis Obispo,Shandon Joint Unified,Unified,KG,12,Differentiated Assistance,101 South First St.,Shandon,93461,08,19,17,30,"42 - Rural, Distant",35.65509589,-120.37771768,253,0,253,3,1.2,0,0,0,0,0,0,222,87.7,0,0,28,11.1,0,0,0,0,110,43.5,0,0,55,21.7,1,0.4,177,70,54,21.3,-13400386.2346382,4253266.29345817
670,2023-24,0639000,4068841,40688410000000,San Luis Obispo,Templeton Unified,Unified,KG,12,Differentiated Assistance,960 Old County Rd.,Templeton,93465,08,19,17,30,"23 - Suburban, Small",35.54475886,-120.71138672,2237,0,2237,7,0.3,7,0.3,26,1.2,3,0.1,555,24.8,4,0.2,1459,65.2,166,7.4,10,0.4,61,2.7,17,0.8,39,1.7,0,0,571,25.5,252,11.3,-13437530.1024883,4238160.34908039
671,2023-24,0600048,4075457,40754570000000,San Luis Obispo,Paso Robles Joint Unified,Unified,KG,12,Differentiated Assistance,800 Niblick Rd.,Paso Robles,93446,08,19,17,30,"13 - City, Small",35.61492387,-120.67237772,6252,0,6252,55,0.9,20,0.3,38,0.6,17,0.3,3787,60.6,2,0,2068,33.1,192,3.1,73,1.2,1272,20.3,33,0.5,445,7.1,119,1.9,4114,65.8,938,15,-13433187.6404834,4247764.03905398
672,2023-24,0600049,4075465,40754650000000,San Luis Obispo,Coast Unified,Unified,KG,12,General Assistance,1350 Main St.,Cambria,93428,08,19,17,30,"41 - Rural, Fringe",35.56241484,-121.08994778,489,0,489,0,0,1,0.2,2,0.4,1,0.2,363,74.2,0,0,107,21.9,15,3.1,0,0,187,38.2,2,0.4,100,20.4,0,0,404,82.6,65,13.3,-13479671.3270603,4240576.18234992
673,2023-24,0691033,4110413,41104130000000,San Mateo,San Mateo County Office of Education,County Office of Education (COE),KG,12,General Assistance,101 Twin Dolphin Dr.,Redwood City,94065,04,15,13,21,"13 - City, Small",37.52589893,-122.26309716,182,105,77,7,3.8,0,0,8,4.4,9,4.9,139,76.4,6,3.3,10,5.5,1,0.5,2,1.1,75,41.2,4,2.2,1,0.5,0,0,125,68.7,70,38.5,-13610265.7189348,4512666.03625156
674,2023-24,0604200,4168858,41688580000000,San Mateo,Bayshore Elementary,Elementary,KG,08,Differentiated Assistance,155 Oriente St.,Daly City,94014,04,15,11,19,"21 - Suburban, Large",37.70535394,-122.41421121,337,0,337,13,3.9,1,0.3,43,12.8,58,17.2,168,49.9,17,5,11,3.3,26,7.7,0,0,111,32.9,0,0,2,0.6,0,0,217,64.4,32,9.5,-13627087.6573064,4537885.41811425
675,2023-24,0604530,4168866,41688660000000,San Mateo,Belmont-Redwood Shores Elementary,Elementary,KG,08,General Assistance,2960 Hallmark Dr.,Belmont,94002,04,15,13,21,"21 - Suburban, Large",37.50950493,-122.31885417,4019,0,4019,33,0.8,1,0,1415,35.2,113,2.8,552,13.7,28,0.7,1136,28.3,573,14.3,168,4.2,513,12.8,1,0,2,0,0,0,417,10.4,379,9.4,-13616472.5605924,4510365.16348134
676,2023-24,0606060,4168874,41688740000000,San Mateo,Brisbane Elementary,Elementary,KG,08,General Assistance,1 Solano St.,Brisbane,94005,04,15,13,21,"21 - Suburban, Large",37.68625094,-122.4083292,477,0,477,7,1.5,0,0,118,24.7,54,11.3,139,29.1,0,0,98,20.5,57,11.9,4,0.8,75,15.7,0,0,1,0.2,0,0,127,26.6,52,10.9,-13626432.8758454,4535197.91473229
677,2023-24,0606480,4168882,41688820000000,San Mateo,Burlingame Elementary,Elementary,KG,08,Differentiated Assistance,1825 Trousdale Dr.,Burlingame,94010,04,15,13,21,"21 - Suburban, Large",37.59181093,-122.38578219,3320,0,3320,10,0.3,2,0.1,968,29.2,94,2.8,584,17.6,8,0.2,1120,33.7,336,10.1,198,6,455,13.7,0,0,16,0.5,0,0,543,16.4,239,7.2,-13623922.9536251,4521921.78944946
678,2023-24,0606780,4168890,41688900000000,San Mateo,Cabrillo Unified,Unified,KG,12,Differentiated Assistance,498 Kelly Ave.,Half Moon Bay,94019,04,16,13,23,"31 - Town, Fringe",37.46357792,-122.43585818,2663,0,2663,9,0.3,0,0,42,1.6,18,0.7,1391,52.2,1,0,1066,40,133,5,3,0.1,449,16.9,0,0,2,0.1,92,3.5,1081,40.6,394,14.8,-13629497.387649,4503922.06882553
679,2023-24,0617190,4168908,41689080000000,San Mateo,Hillsborough City Elementary,Elementary,KG,08,General Assistance,300 El Cerrito Ave.,Hillsborough,94010,04,15,13,21,"21 - Suburban, Large",37.56284893,-122.33798318,1263,0,1263,6,0.5,0,0,461,36.5,19,1.5,70,5.5,2,0.2,535,42.4,170,13.5,0,0,18,1.4,0,0,2,0.2,0,0,36,2.9,158,12.5,-13618601.9921594,4517853.76559509
680,2023-24,0618870,4168916,41689160000000,San Mateo,Jefferson Elementary,Elementary,KG,12,Differentiated Assistance,101 Lincoln Ave.,Daly City,94015,04,15,11,19,"21 - Suburban, Large",37.67881993,-122.48387821,5985,1063,4922,159,2.7,9,0.2,1052,17.6,1345,22.5,2436,40.7,63,1.1,546,9.1,343,5.7,32,0.5,1946,32.5,4,0.1,96,1.6,3,0.1,3172,53,709,11.8,-13634842.953113,4534152.67155364
681,2023-24,0618930,4168924,41689240000000,San Mateo,Jefferson Union High,High,09,12,General Assistance,"699 Serramonte Blvd., Ste.100",Daly City,94015,04,15,11,19,"21 - Suburban, Large",37.66799493,-122.47782021,4155,449,3706,58,1.4,8,0.2,654,15.7,1074,25.8,1402,33.7,31,0.7,608,14.6,303,7.3,17,0.4,577,13.9,7,0.2,35,0.8,1,0,1416,34.1,488,11.7,-13634168.5794088,4532630.21725225
682,2023-24,0620460,4168932,41689320000000,San Mateo,Pacifica,Elementary,KG,08,General Assistance,375 Reina del Mar Ave.,Pacifica,94044,04,16,13,23,"21 - Suburban, Large",37.61391593,-122.48480921,2737,0,2737,31,1.1,4,0.1,220,8,215,7.9,729,26.6,14,0.5,1069,39.1,455,16.6,0,0,223,8.1,2,0.1,39,1.4,0,0,561,20.5,354,12.9,-13634946.5907439,4525027.73869412
683,2023-24,0620220,4168940,41689400000000,San Mateo,La Honda-Pescadero Unified,Unified,KG,12,General Assistance,360 Butano Cut Off,Pescadero,94060,04,16,13,23,"42 - Rural, Distant",37.2471679,-122.36373315,259,0,259,0,0,0,0,0,0,2,0.8,170,65.6,0,0,87,33.6,0,0,0,0,78,30.1,0,0,0,0,0,0,139,53.7,44,17,-13621468.465493,4473615.03192678
684,2023-24,0622380,4168957,41689570000000,San Mateo,Las Lomitas Elementary,Elementary,KG,08,General Assistance,1011 Altschul Ave.,Menlo Park,94025,04,16,13,23,"21 - Suburban, Large",37.42896693,-122.20249714,1161,0,1161,5,0.4,0,0,272,23.4,4,0.3,191,16.5,2,0.2,525,45.2,161,13.9,1,0.1,135,11.6,0,0,0,0,0,0,72,6.2,133,11.5,-13603519.7555788,4499069.11279749
685,2023-24,0624570,4168965,41689650000000,San Mateo,Menlo Park City Elementary,Elementary,KG,08,General Assistance,181 Encinal Ave.,Atherton,94027,04,16,13,23,"21 - Suburban, Large",37.46406493,-122.18628114,2730,0,2730,24,0.9,0,0,464,17,18,0.7,531,19.5,31,1.1,1329,48.7,310,11.4,23,0.8,227,8.3,0,0,10,0.4,1,0,325,11.9,213,7.8,-13601714.5989489,4503990.37170143
686,2023-24,0624900,4168973,41689730000000,San Mateo,Millbrae Elementary,Elementary,KG,08,Differentiated Assistance,555 Richmond Dr.,Millbrae,94030,04,15,13,21,"21 - Suburban, Large",37.59858493,-122.40420919,2065,0,2065,13,0.6,1,0,977,47.3,146,7.1,428,20.7,39,1.9,271,13.1,179,8.7,11,0.5,400,19.4,2,0.1,10,0.5,0,0,504,24.4,154,7.5,-13625974.2382882,4522873.49880173
687,2023-24,0631470,4168981,41689810000000,San Mateo,Portola Valley Elementary,Elementary,KG,08,General Assistance,4575 Alpine Rd.,Portola Valley,94028,04,16,13,23,"21 - Suburban, Large",37.36810593,-122.21158914,504,0,504,5,1,1,0.2,32,6.3,0,0,62,12.3,1,0.2,326,64.7,74,14.7,3,0.6,18,3.6,0,0,0,0,0,0,33,6.5,43,8.5,-13604531.8718935,4490540.96607104
688,2023-24,0631860,4168999,41689990000000,San Mateo,Ravenswood City Elementary,Elementary,KG,08,Differentiated Assistance,2120 Euclid Ave.,East Palo Alto,94303,04,15,13,21,"21 - Suburban, Large",37.46374194,-122.14352214,2555,1139,1416,134,5.2,8,0.3,8,0.3,8,0.3,2154,84.3,166,6.5,26,1,42,1.6,9,0.4,1378,53.9,7,0.3,533,20.9,0,0,2281,89.3,382,15,-13596954.6880976,4503945.07222878
689,2023-24,0632130,4169005,41690050000000,San Mateo,Redwood City Elementary,Elementary,KG,08,Differentiated Assistance,750 Bradford St.,Redwood City,94063,04,15,13,21,"13 - City, Small",37.48849793,-122.22744015,7480,1148,6332,47,0.6,4,0.1,322,4.3,58,0.8,5183,69.3,59,0.8,1384,18.5,419,5.6,4,0.1,2853,38.1,9,0.1,318,4.3,84,1.1,4716,63,1189,15.9,-13606296.3987479,4507417.60333357
690,2023-24,0634230,4169013,41690130000000,San Mateo,San Bruno Park Elementary,Elementary,KG,08,Differentiated Assistance,500 Acacia Ave.,San Bruno,94066,04,15,13,21,"21 - Suburban, Large",37.62242593,-122.4159552,1950,0,1950,20,1,2,0.1,358,18.4,180,9.2,897,46,99,5.1,12,0.6,85,4.4,297,15.2,501,25.7,2,0.1,49,2.5,0,0,834,42.8,221,11.3,-13627281.7975621,4526223.71672873
691,2023-24,0634290,4169021,41690210000000,San Mateo,San Carlos Elementary,Elementary,KG,08,Differentiated Assistance,"1200 Industrial Rd., Unit 9",San Carlos,94070,04,15,13,21,"21 - Suburban, Large",37.50170493,-122.24718316,3137,367,2770,13,0.4,2,0.1,716,22.8,41,1.3,456,14.5,19,0.6,1385,44.2,488,15.6,17,0.5,194,6.2,1,0,35,1.1,0,0,295,9.4,262,8.4,-13608494.1800773,4509270.6239315
692,2023-24,0634920,4169039,41690390000000,San Mateo,San Mateo-Foster City,Elementary,KG,08,Differentiated Assistance,1170 Chess Dr.,Foster City,94404,04,15,13,21,"12 - City, Midsize ",37.56615994,-122.27364017,9945,0,9945,78,0.8,12,0.1,2519,25.3,321,3.2,4026,40.5,181,1.8,1683,16.9,945,9.5,180,1.8,2804,28.2,11,0.1,540,5.4,0,0,3601,36.2,1004,10.1,-13611439.3610967,4518318.75168363
693,2023-24,0634980,4169047,41690470000000,San Mateo,San Mateo Union High,High,09,12,General Assistance,650 North Delaware St.,San Mateo,94401,04,15,13,21,"12 - City, Midsize ",37.57796693,-122.33131718,9378,537,8841,69,0.7,3,0,2211,23.6,463,4.9,3172,33.8,157,1.7,2378,25.4,923,9.8,2,0,1060,11.3,11,0.1,23,0.2,0,0,2007,21.4,1145,12.2,-13617859.936557,4519977.0538827
694,2023-24,0636390,4169062,41690620000000,San Mateo,Sequoia Union High,High,09,12,Differentiated Assistance,480 James Ave.,Redwood City,94062,04,15,13,21,"21 - Suburban, Large",37.48241293,-122.23653816,9741,1188,8553,192,2,63,0.6,1077,11.1,108,1.1,4550,46.7,173,1.8,3231,33.2,336,3.4,11,0.1,1494,15.3,10,0.1,51,0.5,62,0.6,3714,38.1,1458,15,-13607309.1837515,4506563.95176536
695,2023-24,0637530,4169070,41690700000000,San Mateo,South San Francisco Unified,Unified,KG,12,Differentiated Assistance,398 B St.,South San Francisco,94080,04,15,13,21,"13 - City, Small",37.64882993,-122.4280292,7770,0,7770,84,1.1,39,0.5,1161,14.9,1573,20.2,3802,48.9,113,1.5,491,6.3,500,6.4,7,0.1,1826,23.5,8,0.1,223,2.9,29,0.4,3326,42.8,1247,16,-13628625.8696145,4529935.35026909
696,2023-24,0643140,4169088,41690880000000,San Mateo,Woodside Elementary,Elementary,KG,08,General Assistance,3195 Woodside Rd.,Woodside,94062,04,16,13,23,"21 - Suburban, Large",37.42779893,-122.25919915,367,0,367,7,1.9,0,0,22,6,0,0,68,18.5,1,0.3,226,61.6,42,11.4,1,0.3,16,4.4,0,0,0,0,0,0,32,8.7,72,19.6,-13609831.7943563,4498905.38110609
697,2023-24,0691034,4210421,42104210000000,Santa Barbara,Santa Barbara County Office of Education,County Office of Education (COE),KG,12,General Assistance,4400 Cathedral Oaks Rd.,Santa Barbara,93110,08,24,21,37,"22 - Suburban, Midsize",34.45219381,-119.76985747,98,0,98,0,0,0,0,1,1,1,1,91,92.9,0,0,4,4.1,1,1,0,0,37,37.8,2,2,14,14.3,0,0,86,87.8,69,70.4,-13332719.5461639,4089683.43211297
698,2023-24,0603720,4269104,42691040000000,Santa Barbara,Ballard Elementary,Elementary,KG,06,General Assistance,2425 School St.,Solvang,93463,08,24,21,37,"41 - Rural, Fringe",34.63942981,-120.11427254,107,0,107,0,0,0,0,1,0.9,0,0,14,13.1,0,0,84,78.5,5,4.7,3,2.8,0,0,0,0,0,0,0,0,10,9.3,11,10.3,-13371059.6564872,4114988.41706568
699,2023-24,0605280,4269112,42691120000000,Santa Barbara,Blochman Union Elementary,Elementary,KG,12,General Assistance,4949 Foxen Canyon Rd.,Santa Maria,93454,08,24,21,37,"41 - Rural, Fringe",34.86661582,-120.29626759,1458,1266,192,10,0.7,4,0.3,18,1.2,7,0.5,499,34.2,3,0.2,775,53.2,121,8.3,21,1.4,40,2.7,4,0.3,27,1.9,2,0.1,585,40.1,179,12.3,-13391319.2525278,4145769.5084114
700,2023-24,0605580,4269120,42691200000000,Santa Barbara,Santa Maria-Bonita,Elementary,KG,08,Differentiated Assistance,708 South Miller St.,Santa Maria,93454,08,24,21,37,"12 - City, Midsize ",34.94546482,-120.43023562,17165,0,17165,38,0.2,56,0.3,65,0.4,182,1.1,16362,95.3,7,0,336,2,72,0.4,47,0.3,9690,56.5,65,0.4,4718,27.5,1493,8.7,15841,92.3,1817,10.6,-13406232.5053557,4156472.49851791
701,2023-24,0606330,4269138,42691380000000,Santa Barbara,Buellton Union Elementary,Elementary,KG,08,General Assistance,301 Second St.,Buellton,93427,08,24,21,37,"32 - Town, Distant",34.6182888,-120.19903955,545,0,545,3,0.6,2,0.4,7,1.3,0,0,284,52.1,0,0,214,39.3,18,3.3,17,3.1,81,14.9,3,0.6,3,0.6,0,0,299,54.9,64,11.7,-13380495.8769835,4112128.35086488
702,2023-24,0607560,4269146,42691460000000,Santa Barbara,Carpinteria Unified,Unified,KG,12,Differentiated Assistance,1400 Linden Ave.,Carpinteria,93013,08,24,21,37,"22 - Suburban, Midsize",34.40312682,-119.51545243,1920,0,1920,7,0.4,2,0.1,21,1.1,1,0.1,1408,73.3,0,0,434,22.6,36,1.9,11,0.6,330,17.2,10,0.5,127,6.6,0,0,1342,69.9,316,16.5,-13304399.3060176,4083061.41027107
703,2023-24,0609270,4269161,42691610000000,Santa Barbara,Cold Spring Elementary,Elementary,KG,06,General Assistance,2243 Sycamore Canyon Rd.,Santa Barbara,93108,08,24,21,37,"22 - Suburban, Midsize",34.44122282,-119.66106845,178,0,178,1,0.6,2,1.1,3,1.7,0,0,14,7.9,0,0,136,76.4,17,9.6,5,2.8,0,0,0,0,0,0,0,0,7,3.9,18,10.1,-13320609.2080129,4088202.46235559
704,2023-24,0609330,4269179,42691790000000,Santa Barbara,College Elementary,Elementary,KG,08,Differentiated Assistance,3525 Pine St.,Santa Ynez,93460,08,24,21,37,"32 - Town, Distant",34.61651281,-120.08324054,358,170,188,2,0.6,7,2,0,0,0,0,137,38.3,0,0,158,44.1,24,6.7,30,8.4,37,10.3,0,0,15,4.2,0,0,124,34.6,54,15.1,-13367605.1892325,4111888.11834502
705,2023-24,0615510,4269195,42691950000000,Santa Barbara,Goleta Union Elementary,Elementary,KG,06,General Assistance,401 North Fairview Ave.,Goleta,93117,08,24,21,37,"22 - Suburban, Midsize",34.44740481,-119.83138748,3408,0,3408,19,0.6,4,0.1,191,5.6,26,0.8,1563,45.9,1,0,1276,37.4,259,7.6,69,2,583,17.1,3,0.1,42,1.2,0,0,1309,38.4,397,11.6,-13339569.0353652,4089036.94261136
706,2023-24,0616260,4269203,42692030000000,Santa Barbara,Guadalupe Union Elementary,Elementary,KG,08,Differentiated Assistance,4465 Ninth St.,Guadalupe,93434,08,24,21,37,"31 - Town, Fringe",34.96891881,-120.56875264,1306,0,1306,4,0.3,5,0.4,1,0.1,6,0.5,1260,96.5,0,0,27,2.1,3,0.2,0,0,703,53.8,5,0.4,75,5.7,53,4.1,1191,91.2,182,13.9,-13421652.1499094,4159658.13694859
707,2023-24,0617490,4269211,42692110000000,Santa Barbara,Hope Elementary,Elementary,KG,06,General Assistance,"3970 La Colina Rd., Ste. 14",Santa Barbara,93110,08,24,21,37,"13 - City, Small",34.44453781,-119.75415247,871,0,871,2,0.2,6,0.7,28,3.2,2,0.2,346,39.7,2,0.2,449,51.5,36,4.1,0,0,88,10.1,0,0,5,0.6,0,0,254,29.2,115,13.2,-13330971.2731165,4088649.93159993
708,2023-24,0622410,4269229,42692290000000,Santa Barbara,Lompoc Unified,Unified,KG,12,Differentiated Assistance,1301 North A St.,Lompoc,93436,08,24,21,37,"23 - Suburban, Small",34.65912279,-120.4497396,9413,458,8955,180,1.9,48,0.5,141,1.5,104,1.1,6659,70.7,14,0.1,1802,19.1,400,4.2,65,0.7,1412,15,53,0.6,386,4.1,40,0.4,6404,68,1623,17.2,-13408403.6781998,4117653.24273885
709,2023-24,0622920,4269245,42692450000000,Santa Barbara,Los Olivos Elementary,Elementary,KG,08,Differentiated Assistance,2540 Alamo Pintado Ave.,Los Olivos,93441,08,24,21,37,"41 - Rural, Fringe",34.66503281,-120.11084354,151,0,151,3,2,0,0,2,1.3,0,0,33,21.9,0,0,92,60.9,7,4.6,14,9.3,11,7.3,0,0,0,0,0,0,29,19.2,14,9.3,-13370677.9421505,4118453.10170535
710,2023-24,0625500,4269252,42692520000000,Santa Barbara,Montecito Union Elementary,Elementary,KG,06,General Assistance,385 San Ysidro Rd.,Santa Barbara,93108,08,24,21,37,"22 - Suburban, Midsize",34.43214082,-119.63228145,345,0,345,1,0.3,1,0.3,1,0.3,0,0,38,11,0,0,254,73.6,31,9,19,5.5,19,5.5,0,0,0,0,0,0,15,4.3,39,11.3,-13317404.6531236,4086976.63437126
711,2023-24,0628710,4269260,42692600000000,Santa Barbara,Orcutt Union Elementary,Elementary,KG,12,Differentiated Assistance,500 Dyer St.,Orcutt,93455,08,24,21,37,"22 - Suburban, Midsize",34.86169781,-120.44260661,4764,778,3986,53,1.1,27,0.6,56,1.2,59,1.2,2663,55.9,10,0.2,1434,30.1,295,6.2,167,3.5,516,10.8,36,0.8,166,3.5,9,0.2,2302,48.3,615,12.9,-13407609.6381779,4145102.27635828
712,2023-24,0635670,4269310,42693100000000,Santa Barbara,Santa Maria Joint Union High,High,09,12,Differentiated Assistance,2560 Skyway Dr.,Santa Maria,93455,08,24,21,37,"12 - City, Midsize ",34.91284982,-120.45334462,8985,0,8985,53,0.6,42,0.5,70,0.8,131,1.5,8047,89.6,9,0.1,589,6.6,24,0.3,20,0.2,1311,14.6,46,0.5,1801,20,428,4.8,7114,79.2,1173,13.1,-13408804.9874033,4152044.08017123
713,2023-24,0635850,4269328,42693280000000,Santa Barbara,Santa Ynez Valley Union High,High,09,12,General Assistance,2975 Mission Dr.,Solvang,93463,08,24,21,37,"32 - Town, Distant",34.60749781,-120.10048754,862,0,862,4,0.5,5,0.6,2,0.2,2,0.2,416,48.3,0,0,395,45.8,38,4.4,0,0,25,2.9,0,0,6,0.7,0,0,270,31.3,112,13,-13369525.1167988,4110668.76949793
714,2023-24,0637110,4269336,42693360000000,Santa Barbara,Solvang Elementary,Elementary,KG,08,Differentiated Assistance,565 Atterdag Rd.,Solvang,93463,08,24,21,37,"32 - Town, Distant",34.5979418,-120.14202154,621,0,621,2,0.3,5,0.8,2,0.3,3,0.5,361,58.1,0,0,205,33,22,3.5,21,3.4,140,22.5,0,0,14,2.3,0,0,260,41.9,61,9.8,-13374148.6610826,4109376.39029535
715,2023-24,0641220,4269344,42693440000000,Santa Barbara,Vista del Mar Union,Elementary,KG,08,General Assistance,9467 San Julian Rd.,Gaviota,93117,08,24,21,37,"42 - Rural, Distant",34.50819279,-120.22966155,61,0,61,0,0,0,0,0,0,0,0,24,39.3,0,0,29,47.5,8,13.1,0,0,6,9.8,0,0,0,0,0,0,25,41,5,8.2,-13383904.7020455,4097245.74235005
716,2023-24,0600009,4275010,42750100000000,Santa Barbara,Cuyama Joint Unified,Unified,KG,12,General Assistance,2300 Highway 166,Cuyama,91901,08,24,21,37,"43 - Rural, Remote",34.93224487,-119.60924649,314,143,171,6,1.9,0,0,1,0.3,0,0,194,61.8,0,0,99,31.5,12,3.8,2,0.6,37,11.8,0,0,10,3.2,0,0,217,69.1,47,15,-13314840.4131127,4154677.30022895
717,2023-24,0601414,4276786,42767860000000,Santa Barbara,Santa Barbara Unified,Unified,KG,12,Differentiated Assistance,720 Santa Barbara St.,Santa Barbara,93101,08,24,21,37,"13 - City, Small",34.42140281,-119.69624546,13573,1372,12201,86,0.6,27,0.2,317,2.3,50,0.4,8088,59.6,9,0.1,4228,31.2,499,3.7,269,2,1892,13.9,16,0.1,765,5.6,0,0,8094,59.6,1858,13.7,-13324525.0941588,4085527.46184427
718,2023-24,0602042,4277198,42771980000000,Santa Barbara,SBE - Olive Grove Charter - Orcutt/Santa Maria,State Board of Education,KG,12,,5075 Bradley Rd.,Santa Maria,93455,08,24,21,37,"22 - Suburban, Midsize",34.86418781,-120.41975461,141,141,0,1,0.7,1,0.7,1,0.7,1,0.7,88,62.4,0,0,41,29.1,6,4.3,2,1.4,10,7.1,0,0,4,2.8,0,0,96,68.1,24,17,-13405065.7646061,4145440.09280118
719,2023-24,0602132,4277206,42772060000000,Santa Barbara,SBE - Olive Grove Charter - Lompoc,State Board of Education,KG,12,,"820 North H St., Suites BCD",Lompoc,93436,08,24,21,37,"23 - Suburban, Small",34.65114079,-120.4567666,109,109,0,0,0,1,0.9,2,1.8,0,0,84,77.1,0,0,12,11,10,9.2,0,0,10,9.2,0,0,3,2.8,0,0,89,81.7,28,25.7,-13409185.9201241,4116573.05376739
720,2023-24,0601501,4277214,42772140000000,Santa Barbara,SBE - Olive Grove Charter - Buellton,State Board of Education,KG,12,,240 East Highway 246 Ste. 100,Buellton,93427,08,24,21,37,"32 - Town, Distant",34.6100388,-120.18714455,29,29,0,0,0,0,0,0,0,0,0,16,55.2,0,0,11,37.9,2,6.9,0,0,2,6.9,0,0,1,3.4,0,0,14,48.3,5,17.2,-13379171.7314386,4111012.44528596
721,2023-24,0602480,4277222,42772220000000,Santa Barbara,SBE - Olive Grove Charter - Santa Barbara,State Board of Education,KG,12,,1933 Cliff Dr. Ste. 12,Santa Barbara,93109,08,24,21,37,"13 - City, Small",34.40143481,-119.72411246,82,82,0,0,0,0,0,0,0,0,0,57,69.5,1,1.2,21,25.6,2,2.4,1,1.2,6,7.3,0,0,3,3.7,0,0,54,65.9,18,22,-13327627.2346453,4082833.12769658
722,2023-24,0691035,4310439,43104390000000,Santa Clara,Santa Clara County Office of Education,County Office of Education (COE),KG,12,General Assistance,1290 Ridder Park Dr.,San Jose,95131,05,17,10,24,"11 - City, Large",37.38364795,-121.90050709,10886,9854,1032,434,4,22,0.2,2363,21.7,242,2.2,6431,59.1,23,0.2,883,8.1,423,3.9,65,0.6,4183,38.4,30,0.3,489,4.5,4,0,6282,57.7,1976,18.2,-13569902.3770678,4492718.13331552
723,2023-24,0602310,4369369,43693690000000,Santa Clara,Alum Rock Union Elementary,Elementary,KG,08,Differentiated Assistance,2930 Gay Ave.,San Jose,95127,05,18,15,25,"11 - City, Large",37.36939295,-121.83357308,8668,1301,7367,61,0.7,21,0.2,996,11.5,373,4.3,6912,79.7,43,0.5,123,1.4,134,1.5,5,0.1,3944,45.5,15,0.2,140,1.6,18,0.2,6854,79.1,1143,13.2,-13562451.3168688,4490721.238982
724,2023-24,0604800,4369377,43693770000000,Santa Clara,Berryessa Union Elementary,Elementary,KG,08,General Assistance,981 Ridder Park Dr.,San Jose,95131,05,17,10,24,"11 - City, Large",37.381811,-121.900743,6026,0,6026,86,1.4,13,0.2,3114,51.7,673,11.2,1540,25.6,35,0.6,265,4.4,300,5,0,0,1372,22.8,6,0.1,227,3.8,1,0,1731,28.7,622,10.3,-13569928.6380532,4492460.78519289
725,2023-24,0607140,4369385,43693850000000,Santa Clara,Cambrian,Elementary,KG,08,General Assistance,4115 Jacksol Dr.,San Jose,95124,05,16,15,28,"11 - City, Large",37.25699193,-121.94092108,3014,2018,996,64,2.1,4,0.1,663,22,71,2.4,872,28.9,17,0.6,926,30.7,375,12.4,22,0.7,442,14.7,4,0.1,12,0.4,0,0,521,17.3,358,11.9,-13574401.2419472,4474988.9435018
726,2023-24,0607200,4369393,43693930000000,Santa Clara,Campbell Union,Elementary,KG,08,General Assistance,155 North Third St.,Campbell,95008,05,16,13,23,"21 - Suburban, Large",37.28890594,-121.94758009,6183,5787,396,230,3.7,14,0.2,1052,17,114,1.8,2929,47.4,20,0.3,1294,20.9,473,7.7,57,0.9,1773,28.7,6,0.1,38,0.6,0,0,2571,41.6,711,11.5,-13575142.5189418,4479453.42121773
727,2023-24,0607230,4369401,43694010000000,Santa Clara,Campbell Union High,High,09,12,General Assistance,3235 Union Ave.,San Jose,95124,05,16,15,28,"11 - City, Large",37.26526494,-121.93203408,8613,0,8613,206,2.4,26,0.3,1752,20.3,189,2.2,3168,36.8,22,0.3,2536,29.4,604,7,110,1.3,722,8.4,12,0.1,38,0.4,0,0,3487,40.5,1118,13,-13573411.9456305,4476146.07912686
728,2023-24,0610290,4369419,43694190000000,Santa Clara,Cupertino Union,Elementary,KG,08,General Assistance,1309 South Mary Ave. Ste. 150,Sunnyvale,94087,05,17,10,26,"13 - City, Small",37.34947994,-122.05093111,13587,0,13587,91,0.7,45,0.3,9427,69.4,172,1.3,934,6.9,19,0.1,1670,12.3,625,4.6,604,4.4,2474,18.2,8,0.1,19,0.1,0,0,2373,17.5,1064,7.8,-13586647.5020815,4487932.38252087
729,2023-24,0611820,4369427,43694270000000,Santa Clara,East Side Union High,High,KG,12,Differentiated Assistance,830 North Capitol Ave.,San Jose,95133,05,17,10,24,"11 - City, Large",37.38117995,-121.85367108,23714,3243,20471,378,1.6,51,0.2,7666,32.3,1275,5.4,12621,53.2,117,0.5,983,4.1,579,2.4,44,0.2,5323,22.4,35,0.1,1244,5.2,101,0.4,12515,52.8,2850,12,-13564688.6164504,4492372.37968098
730,2023-24,0613140,4369435,43694350000000,Santa Clara,Evergreen Elementary,Elementary,KG,08,Differentiated Assistance,3188 Quimby Rd.,San Jose,95148,05,19,15,25,"11 - City, Large",37.32447695,-121.78590207,8779,0,8779,109,1.2,24,0.3,4819,54.9,585,6.7,2443,27.8,27,0.3,353,4,411,4.7,8,0.1,1919,21.9,5,0.1,59,0.7,19,0.2,2145,24.4,815,9.3,-13557144.6039851,4484431.71380692
731,2023-24,0614370,4369450,43694500000000,Santa Clara,Franklin-McKinley Elementary,Elementary,KG,08,Differentiated Assistance,645 Wool Creek Dr.,San Jose,95112,05,16,15,25,"11 - City, Large",37.31443095,-121.85030208,7892,2126,5766,125,1.6,6,0.1,2382,30.2,238,3,4867,61.7,33,0.4,127,1.6,109,1.4,5,0.1,3616,45.8,7,0.1,267,3.4,3,0,5576,70.7,1007,12.8,-13564313.5801941,4483025.50016781
732,2023-24,0614430,4369468,43694680000000,Santa Clara,Fremont Union High,High,09,12,General Assistance,589 West Fremont Ave.,Sunnyvale,94087,05,17,10,26,"13 - City, Small",37.35277994,-122.03753311,9646,0,9646,71,0.7,30,0.3,5377,55.7,264,2.7,1714,17.8,32,0.3,1322,13.7,610,6.3,226,2.3,902,9.4,8,0.1,34,0.4,0,0,1420,14.7,971,10.1,-13585156.043529,4488394.50294611
733,2023-24,0615180,4369484,43694840000000,Santa Clara,Gilroy Unified,Unified,KG,12,Differentiated Assistance,7810 Arroyo Cir.,Gilroy,95020,05,18,15,29,"22 - Suburban, Midsize",37.01618694,-121.561743,10784,540,10244,130,1.2,48,0.4,532,4.9,315,2.9,7624,70.7,19,0.2,1317,12.2,382,3.5,417,3.9,2920,27.1,19,0.2,236,2.2,70,0.6,5972,55.4,1475,13.7,-13532191.3307966,4441363.27822019
734,2023-24,0620700,4369492,43694920000000,Santa Clara,Lakeside Joint,Elementary,KG,05,General Assistance,19621 Black Rd.,Los Gatos,95033,05,16,15,28,"41 - Rural, Fringe",37.19385392,-122.01859809,77,0,77,0,0,0,0,5,6.5,1,1.3,4,5.2,0,0,53,68.8,12,15.6,2,2.6,8,10.4,0,0,0,0,0,0,10,13,14,18.2,-13583048.2065279,4466162.08024578
735,2023-24,0622350,4369500,43695000000000,Santa Clara,Loma Prieta Joint Union Elementary,Elementary,KG,08,Differentiated Assistance,23800 Summit Rd.,Los Gatos,95033,05,19,17,28,"41 - Rural, Fringe",37.12535992,-121.94303907,424,0,424,2,0.5,0,0,21,5,3,0.7,72,17,1,0.2,274,64.6,46,10.8,5,1.2,16,3.8,0,0,0,0,0,0,54,12.7,63,14.9,-13574637.0151679,4456594.77833299
736,2023-24,0622650,4369518,43695180000000,Santa Clara,Los Altos Elementary,Elementary,KG,08,General Assistance,201 Covington Rd.,Los Altos,94024,05,16,13,23,"21 - Suburban, Large",37.37126493,-122.10708312,3361,0,3361,16,0.5,2,0.1,1326,39.5,26,0.8,324,9.6,8,0.2,1214,36.1,432,12.9,13,0.4,346,10.3,1,0,4,0.1,0,0,240,7.1,326,9.7,-13592898.3154431,4490983.4515131
737,2023-24,0622830,4369526,43695260000000,Santa Clara,Los Gatos Union Elementary,Elementary,KG,08,General Assistance,17010 Roberts Rd.,Los Gatos,95032,05,16,13,28,"21 - Suburban, Large",37.23456393,-121.96792109,2673,0,2673,24,0.9,5,0.2,737,27.6,16,0.6,245,9.2,3,0.1,1318,49.3,283,10.6,42,1.6,188,7,0,0,1,0,0,0,186,7,221,8.3,-13577406.8683483,4471852.60204274
738,2023-24,0622800,4369534,43695340000000,Santa Clara,Los Gatos-Saratoga Union High,High,09,12,General Assistance,17421 Farley Road West,Los Gatos,95030,05,16,13,28,"21 - Suburban, Large",37.24046493,-121.97493409,3183,0,3183,12,0.4,7,0.2,1043,32.8,17,0.5,302,9.5,6,0.2,1336,42,296,9.3,164,5.2,76,2.4,4,0.1,3,0.1,0,0,312,9.8,389,12.2,-13578187.5522352,4472677.70981983
739,2023-24,0623130,4369542,43695420000000,Santa Clara,Luther Burbank,Elementary,KG,08,General Assistance,4 Wabash Ave.,San Jose,95128,05,17,15,26,"21 - Suburban, Large",37.32378894,-121.92664009,431,0,431,13,3,0,0,12,2.8,5,1.2,383,88.9,3,0.7,10,2.3,0,0,5,1.2,238,55.2,1,0.2,15,3.5,0,0,374,86.8,41,9.5,-13572811.4889227,4484335.40199213
740,2023-24,0625770,4369575,43695750000000,Santa Clara,Moreland,Elementary,KG,08,General Assistance,4711 Campbell Ave.,San Jose,95130,05,16,15,23,"11 - City, Large",37.28809094,-121.9865591,3863,0,3863,95,2.5,10,0.3,1190,30.8,103,2.7,1312,34,26,0.7,723,18.7,274,7.1,130,3.4,1177,30.5,3,0.1,28,0.7,0,0,1437,37.2,535,13.8,-13579481.6421098,4479339.3863428
741,2023-24,0625830,4369583,43695830000000,Santa Clara,Morgan Hill Unified,Unified,KG,12,Differentiated Assistance,15600 Concord Cir.,Morgan Hill,95037,05,18,15,28,"22 - Suburban, Midsize",37.11139494,-121.63425402,8617,654,7963,115,1.3,34,0.4,717,8.3,208,2.4,4538,52.7,28,0.3,2180,25.3,529,6.1,268,3.1,1447,16.8,12,0.1,636,7.4,171,2,3317,38.5,1073,12.5,-13540263.2207119,4454645.20087308
742,2023-24,0626280,4369591,43695910000000,Santa Clara,Mountain View Whisman ,Elementary,KG,08,Differentiated Assistance,1400 Montecito Ave.,Mountain View,94043,05,16,13,23,"13 - City, Small",37.40303694,-122.08398712,4591,0,4591,51,1.1,3,0.1,1024,22.3,97,2.1,1771,38.6,19,0.4,1052,22.9,566,12.3,8,0.2,1118,24.4,4,0.1,270,5.9,0,0,1378,30,538,11.7,-13590327.2804433,4495434.82633612
743,2023-24,0626310,4369609,43696090000000,Santa Clara,Mountain View-Los Altos Union High,High,09,12,Differentiated Assistance,1299 Bryant Ave.,Mountain View,94040,05,16,13,23,"13 - City, Small",37.36107293,-122.06483412,4406,0,4406,50,1.1,7,0.2,1232,28,89,2,1130,25.6,18,0.4,1444,32.8,435,9.9,1,0,315,7.1,4,0.1,70,1.6,0,0,715,16.2,489,11.1,-13588195.1774495,4489555.91449032
744,2023-24,0626400,4369617,43696170000000,Santa Clara,Mount Pleasant Elementary,Elementary,KG,08,Differentiated Assistance,3434 Marten Ave.,San Jose,95148,05,18,15,25,"11 - City, Large",37.34833395,-121.80077607,1549,410,1139,33,2.1,3,0.2,209,13.5,10,0.6,1182,76.3,18,1.2,34,2.2,38,2.5,22,1.4,687,44.4,4,0.3,133,8.6,23,1.5,1107,71.5,222,14.3,-13558800.3707896,4487771.90805263
745,2023-24,0627810,4369625,43696250000000,Santa Clara,Oak Grove Elementary,Elementary,KG,08,General Assistance,6578 Santa Teresa Blvd.,San Jose,95119,05,19,15,28,"11 - City, Large",37.23455594,-121.78737606,8714,0,8714,230,2.6,26,0.3,1894,21.7,349,4,4461,51.2,61,0.7,1115,12.8,568,6.5,10,0.1,2189,25.1,9,0.1,259,3,65,0.7,3767,43.2,1020,11.7,-13557308.6879821,4471851.48529529
746,2023-24,0628680,4369633,43696330000000,Santa Clara,Orchard Elementary,Elementary,KG,08,Differentiated Assistance,921 Fox Ln.,San Jose,95131,05,17,10,24,"11 - City, Large",37.38855095,-121.90157609,760,0,760,21,2.8,6,0.8,247,32.5,57,7.5,340,44.7,10,1.3,35,4.6,38,5,6,0.8,308,40.5,0,0,28,3.7,0,0,402,52.9,80,10.5,-13570021.3775503,4493405.05204211
747,2023-24,0629610,4369641,43696410000000,Santa Clara,Palo Alto Unified,Unified,KG,12,General Assistance,25 Churchill Ave,Palo Alto,94306,05,16,13,23,"13 - City, Small",37.43359494,-122.15497914,10271,0,10271,183,1.8,7,0.1,4160,40.5,74,0.7,1609,15.7,92,0.9,2972,28.9,1173,11.4,1,0,1093,10.6,1,0,58,0.6,0,0,1205,11.7,1083,10.5,-13598230.0753867,4499717.89528319
748,2023-24,0634590,4369666,43696660000000,Santa Clara,San Jose Unified,Unified,KG,12,Differentiated Assistance,855 Lenzen Ave.,San Jose,95126,05,18,15,25,"11 - City, Large",37.33610894,-121.91149409,25976,917,25059,551,2.1,40,0.2,3509,13.5,478,1.8,14348,55.2,55,0.2,5270,20.3,1718,6.6,7,0,6143,23.6,33,0.1,271,1,0,0,11785,45.4,3533,13.6,-13571125.4438391,4486060.16451303
749,2023-24,0635430,4369674,43696740000000,Santa Clara,Santa Clara Unified,Unified,KG,12,Differentiated Assistance,1889 Lawrence Rd.,Santa Clara,95051,05,17,10,26,"12 - City, Midsize ",37.35738594,-121.9954891,14236,0,14236,352,2.5,71,0.5,4379,30.8,755,5.3,5301,37.2,59,0.4,2404,16.9,855,6,60,0.4,3152,22.1,17,0.1,66,0.5,17,0.1,4641,32.6,1988,14,-13580475.7260726,4489039.54504847
750,2023-24,0635910,4369682,43696820000000,Santa Clara,Saratoga Union Elementary,Elementary,KG,08,General Assistance,20460 Forrest Hills Dr.,Saratoga,95070,05,16,13,23,"21 - Suburban, Large",37.25550893,-122.0317201,1605,0,1605,3,0.2,2,0.1,986,61.4,9,0.6,75,4.7,2,0.1,298,18.6,91,5.7,139,8.7,119,7.4,0,0,1,0.1,1,0.1,48,3,160,10,-13584508.9419381,4474781.5303496
751,2023-24,0638460,4369690,43696900000000,Santa Clara,Sunnyvale,Elementary,KG,08,General Assistance,819 West Iowa Ave.,Sunnyvale,94088,05,17,10,26,"12 - City, Midsize ",37.37481594,-122.04052711,5618,0,5618,73,1.3,53,0.9,1480,26.3,260,4.6,2213,39.4,41,0.7,1040,18.5,437,7.8,21,0.4,1660,29.5,5,0.1,2,0,0,0,1769,31.5,716,12.7,-13585489.3344094,4491480.86675617
752,2023-24,0640320,4369708,43697080000000,Santa Clara,Union Elementary,Elementary,KG,08,General Assistance,5175 Union Ave.,San Jose,95124,05,16,15,28,"11 - City, Large",37.24386793,-121.93173508,5371,0,5371,48,0.9,5,0.1,2193,40.8,57,1.1,863,16.1,7,0.1,1726,32.1,454,8.5,18,0.3,833,15.5,1,0,29,0.5,0,0,560,10.4,585,10.9,-13573378.6607905,4473153.56443799
753,2023-24,0624500,4373387,43733870000000,Santa Clara,Milpitas Unified,Unified,KG,12,Differentiated Assistance,1331 East Calaveras Blvd.,Milpitas,95035,05,17,10,24,"13 - City, Small",37.43705095,-121.8825931,10199,0,10199,179,1.8,34,0.3,5557,54.5,1264,12.4,2041,20,42,0.4,402,3.9,607,6,73,0.7,2277,22.3,6,0.1,472,4.6,0,0,4183,41,974,9.5,-13567908.2000354,4500202.40768475
754,2023-24,0602184,4377149,43771490000000,Santa Clara,SBE - KIPP Navigate College Prep,State Board of Education,09,12,,1750 South White Rd.,San Jose,95127,05,18,15,25,"11 - City, Large",37.34606295,-121.80626207,310,310,0,1,0.3,1,0.3,60,19.4,1,0.3,239,77.1,0,0,0,0,8,2.6,0,0,95,30.6,0,0,11,3.5,0,0,259,83.5,45,14.5,-13559411.069477,4487453.90178565
755,2023-24,0691036,4410447,44104470000000,Santa Cruz,Santa Cruz County Office of Education,County Office of Education (COE),KG,12,Differentiated Assistance,400 Encinal St.,Santa Cruz,95060,05,19,17,28,"13 - City, Small",36.98796691,-122.03901307,1564,707,857,12,0.8,10,0.6,47,3,5,0.3,658,42.1,4,0.3,728,46.5,90,5.8,10,0.6,169,10.8,14,0.9,32,2,0,0,586,37.5,272,17.4,-13585320.791816,4437429.66168423
756,2023-24,0605640,4469732,44697320000000,Santa Cruz,Bonny Doon Union Elementary,Elementary,KG,06,General Assistance,1492 Pine Flat Rd.,Santa Cruz,95060,05,19,17,28,"41 - Rural, Fringe",37.0608189,-122.1488021,97,0,97,1,1,0,0,3,3.1,0,0,13,13.4,0,0,73,75.3,7,7.2,0,0,5,5.2,0,0,4,4.1,0,0,26,26.8,16,16.5,-13597542.450275,4447587.55203801
757,2023-24,0616560,4469757,44697570000000,Santa Cruz,Happy Valley Elementary,Elementary,KG,06,General Assistance,3125 Branciforte Dr.,Santa Cruz,95065,05,19,17,28,"41 - Rural, Fringe",37.02465191,-121.99064407,122,0,122,0,0,0,0,1,0.8,1,0.8,8,6.6,0,0,97,79.5,14,11.5,1,0.8,2,1.6,1,0.8,1,0.8,0,0,13,10.7,15,12.3,-13579936.3790944,4442543.50294472
758,2023-24,0621990,4469765,44697650000000,Santa Cruz,Live Oak Elementary,Elementary,KG,08,Differentiated Assistance,"984 Bostwick Ln., Ste. 1",Santa Cruz,95062,05,19,17,30,"22 - Suburban, Midsize",36.98382691,-121.98581506,1675,163,1512,36,2.1,15,0.9,30,1.8,13,0.8,916,54.7,3,0.2,592,35.3,58,3.5,12,0.7,375,22.4,0,0,127,7.6,6,0.4,993,59.3,262,15.6,-13579398.8166378,4436852.70668326
759,2023-24,0626070,4469773,44697730000000,Santa Cruz,Mountain Elementary,Elementary,KG,06,General Assistance,3042 Old San Jose Rd.,Soquel,95073,05,19,17,28,"22 - Suburban, Midsize",37.02593491,-121.94949906,163,0,163,1,0.6,0,0,3,1.8,2,1.2,26,16,0,0,116,71.2,15,9.2,0,0,1,0.6,4,2.5,1,0.6,0,0,34,20.9,21,12.9,-13575356.1378965,4442722.39661247
760,2023-24,0629340,4469781,44697810000000,Santa Cruz,Pacific Elementary,Elementary,KG,06,General Assistance,50 Ocean St.,Davenport,95017,05,19,17,28,"42 - Rural, Distant",37.0117759,-122.1946081,167,0,167,2,1.2,0,0,1,0.6,0,0,42,25.1,0,0,100,59.9,20,12,2,1.2,10,6,0,0,19,11.4,4,2.4,56,33.5,11,6.6,-13602641.5509778,4440748.32252562
761,2023-24,0629490,4469799,44697990000000,Santa Cruz,Pajaro Valley Unified,Unified,KG,12,Differentiated Assistance,294 Green Valley Rd.,Watsonville,95076,05,18,17,29,"13 - City, Small",36.93952092,-121.76869302,17520,2102,15418,37,0.2,21,0.1,94,0.5,95,0.5,14741,84.1,21,0.1,2270,13,235,1.3,6,0,6637,37.9,43,0.2,1558,8.9,1192,6.8,13875,79.2,2697,15.4,-13555228.9019359,4430680.1328034
762,2023-24,0634740,4469807,44698070000000,Santa Cruz,San Lorenzo Valley Unified,Unified,KG,12,General Assistance,325 Marion Ave.,Ben Lomond,95005,05,19,17,28,"41 - Rural, Fringe",37.08467691,-122.07481209,5540,3502,2038,41,0.7,5,0.1,306,5.5,53,1,1271,22.9,23,0.4,2945,53.2,491,8.9,405,7.3,143,2.6,7,0.1,55,1,0,0,1477,26.7,617,11.1,-13589305.92016,4450916.23805444
763,2023-24,0635590,4469815,44698150000000,Santa Cruz,Santa Cruz City Elementary,Elementary,KG,05,General Assistance,"133 Mission Street, Ste. 100",Santa Cruz,95060,05,19,17,28,"13 - City, Small",36.9769149,-122.02924407,1768,0,1768,14,0.8,3,0.2,48,2.7,2,0.1,713,40.3,5,0.3,817,46.2,127,7.2,39,2.2,325,18.4,2,0.1,16,0.9,15,0.8,661,37.4,291,16.5,-13584233.3113804,4435889.51098668
764,2023-24,0635600,4469823,44698230000000,Santa Cruz,Santa Cruz City High,High,KG,12,Differentiated Assistance,"133 Mission Street, Ste. 100",Santa Cruz,95060,05,19,17,28,"13 - City, Small",36.9769149,-122.02924407,4504,116,4388,58,1.3,8,0.2,93,2.1,27,0.6,1824,40.5,8,0.2,2146,47.6,282,6.3,58,1.3,342,7.6,12,0.3,20,0.4,19,0.4,1643,36.5,627,13.9,-13584233.3113804,4435889.51098668
765,2023-24,0637290,4469849,44698490000000,Santa Cruz,Soquel Union Elementary,Elementary,KG,08,General Assistance,620 Monterey Ave.,Capitola,95010,05,19,17,30,"22 - Suburban, Midsize",36.98005191,-121.94651106,1566,0,1566,12,0.8,5,0.3,25,1.6,13,0.8,536,34.2,5,0.3,867,55.4,96,6.1,7,0.4,180,11.5,5,0.3,1,0.1,0,0,553,35.3,205,13.1,-13575023.5146604,4436326.64557029
766,2023-24,0600043,4475432,44754320000000,Santa Cruz,Scotts Valley Unified,Unified,KG,12,General Assistance,"108 Whispering Pines Dr., Ste. 115",Scotts Valley,95066,05,19,17,28,"22 - Suburban, Midsize",37.04270891,-122.02779708,2694,587,2107,13,0.5,8,0.3,175,6.5,18,0.7,605,22.5,8,0.3,1585,58.8,264,9.8,18,0.7,112,4.2,2,0.1,40,1.5,0,0,505,18.7,304,11.3,-13584072.2330157,4445061.53167883
767,2023-24,0602497,4477248,44772480000000,Santa Cruz,SBE - Watsonville Prep,State Board of Education,KG,08,,407 Main St. 2nd Fl.,Watsonville,95076,05,18,17,29,"13 - City, Small",36.91873792,-121.75316602,461,461,0,0,0,0,0,5,1.1,1,0.2,448,97.2,0,0,5,1.1,2,0.4,0,0,258,56,2,0.4,24,5.2,1,0.2,370,80.3,54,11.7,-13553500.4437528,4427785.94582517
768,2023-24,0691037,4510454,45104540000000,Shasta,Shasta County Office of Education,County Office of Education (COE),KG,12,General Assistance,1644 Magnolia Ave.,Redding,96001,02,01,01,01,"13 - City, Small",40.58035517,-122.40128358,839,666,173,8,1,22,2.6,8,1,0,0,122,14.5,0,0,568,67.7,89,10.6,22,2.6,5,0.6,13,1.5,27,3.2,0,0,491,58.5,149,17.8,-13625648.5601876,4950639.81016662
769,2023-24,0602700,4569856,45698560000000,Shasta,Anderson Union High,High,09,12,Differentiated Assistance,1469 Ferry St.,Anderson,96007,02,01,01,01,"42 - Rural, Distant",40.44347016,-122.30538554,1643,121,1522,19,1.2,75,4.6,45,2.7,7,0.4,347,21.1,6,0.4,1048,63.8,80,4.9,16,1,55,3.3,17,1,25,1.5,0,0,1009,61.4,228,13.9,-13614973.239876,4930596.98427712
770,2023-24,0604350,4569872,45698720000000,Shasta,Bella Vista Elementary,Elementary,KG,08,General Assistance,22661 Old Alturas Rd.,Bella Vista,96008,02,01,01,01,"41 - Rural, Fringe",40.63860118,-122.23273856,338,0,338,0,0,7,2.1,5,1.5,1,0.3,63,18.6,0,0,231,68.3,28,8.3,3,0.9,6,1.8,4,1.2,23,6.8,0,0,211,62.4,47,13.9,-13606886.2147197,4959180.67982129
771,2023-24,0605220,4569880,45698800000000,Shasta,Black Butte Union Elementary,Elementary,KG,08,Differentiated Assistance,7752 Ponderosa Way,Shingletown,96088,02,01,01,01,"42 - Rural, Distant",40.5137302,-121.9371035,246,0,246,4,1.6,9,3.7,2,0.8,1,0.4,42,17.1,0,0,153,62.2,18,7.3,17,6.9,2,0.8,4,1.6,0,0,0,0,191,77.6,37,15,-13573976.2700376,4940879.41147198
772,2023-24,0607680,4569914,45699140000000,Shasta,Cascade Union Elementary,Elementary,KG,08,General Assistance,1645 West Mill St.,Anderson,96007,02,01,01,01,"22 - Suburban, Midsize",40.44728016,-122.30697054,1453,359,1094,18,1.2,55,3.8,51,3.5,6,0.4,454,31.2,13,0.9,727,50,115,7.9,14,1,140,9.6,22,1.5,96,6.6,0,0,1016,69.9,235,16.2,-13615149.6813161,4931154.29500111
773,2023-24,0607770,4569922,45699220000000,Shasta,Castle Rock Union Elementary,Elementary,KG,08,General Assistance,29373 Main St.,Castella,96017,02,01,01,01,"42 - Rural, Distant",41.14303321,-122.31657365,40,0,40,0,0,0,0,0,0,0,0,7,17.5,0,0,30,75,2,5,1,2.5,0,0,0,0,5,12.5,0,0,26,65,3,7.5,-13616218.6940676,5033461.97691502
774,2023-24,0609450,4569948,45699480000000,Shasta,Columbia Elementary,Elementary,KG,12,Differentiated Assistance,10140 Old Oregon Trail,Redding,96003,02,01,01,01,"22 - Suburban, Midsize",40.58266817,-122.30765356,2192,1410,782,14,0.6,51,2.3,64,2.9,6,0.3,313,14.3,9,0.4,1478,67.4,194,8.9,63,2.9,39,1.8,10,0.5,18,0.8,0,0,862,39.3,237,10.8,-13615225.714774,4950978.83472249
775,2023-24,0609990,4569955,45699550000000,Shasta,Cottonwood Union Elementary,Elementary,KG,08,Differentiated Assistance,20512 West First St.,Cottonwood,96022,02,01,01,01,"41 - Rural, Fringe",40.38599516,-122.29193753,1190,280,910,9,0.8,50,4.2,8,0.7,3,0.3,185,15.5,3,0.3,877,73.7,39,3.3,16,1.3,25,2.1,10,0.8,7,0.6,0,0,577,48.5,177,14.9,-13613476.2142386,4922193.61265843
776,2023-24,0612810,4569971,45699710000000,Shasta,Enterprise Elementary,Elementary,KG,12,Differentiated Assistance,1155 Mistletoe Ln.,Redding,96002,02,01,01,01,"13 - City, Small",40.57805117,-122.35050057,3538,221,3317,68,1.9,84,2.4,299,8.5,14,0.4,671,19,8,0.2,1963,55.5,308,8.7,123,3.5,165,4.7,43,1.2,66,1.9,0,0,2133,60.3,529,15,-13619995.4216871,4950302.11806582
777,2023-24,0613470,4569989,45699890000000,Shasta,Fall River Joint Unified,Unified,KG,12,Differentiated Assistance,20375 Tamarack Ave.,Burney,96013,02,01,01,01,"43 - Rural, Remote",40.87982725,-121.67174551,1160,0,1160,2,0.2,112,9.7,1,0.1,0,0,322,27.8,4,0.3,619,53.4,56,4.8,44,3.8,71,6.1,5,0.4,19,1.6,27,2.3,725,62.5,183,15.8,-13544436.7539406,4994632.33691164
778,2023-24,0614490,4569997,45699970000000,Shasta,French Gulch-Whiskeytown Elementary,Elementary,KG,08,Differentiated Assistance,11442 Cline Gulch Rd.,French Gulch,96033,02,01,01,01,"42 - Rural, Distant",40.70840915,-122.63513563,15,0,15,0,0,0,0,0,0,0,0,1,6.7,0,0,14,93.3,0,0,0,0,0,0,0,0,3,20,0,0,10,66.7,4,26.7,-13651680.8517418,4969426.75328947
779,2023-24,0615690,4570003,45700030000000,Shasta,Grant Elementary,Elementary,KG,08,General Assistance,8835 Swasey Dr.,Redding,96001,02,01,01,01,"41 - Rural, Fringe",40.54109416,-122.47292958,621,0,621,1,0.2,13,2.1,22,3.5,2,0.3,55,8.9,0,0,483,77.8,45,7.2,0,0,3,0.5,5,0.8,12,1.9,0,0,218,35.1,49,7.9,-13633624.1570168,4944886.99106879
780,2023-24,0616570,4570011,45700110000000,Shasta,Happy Valley Union Elementary,Elementary,KG,08,Differentiated Assistance,17480 Palm Ave.,Anderson,96007,02,01,01,01,"41 - Rural, Fringe",40.447074,-122.408809,496,0,496,9,1.8,31,6.2,41,8.3,2,0.4,94,19,1,0.2,266,53.6,19,3.8,33,6.7,38,7.7,9,1.8,17,3.4,0,0,341,68.8,71,14.3,-13626486.2865207,4931124.1374764
781,2023-24,0618160,4570029,45700290000000,Shasta,"Igo, Ono, Platina Union Elementary",Elementary,KG,08,General Assistance,6429 Placer St.,Igo,96047,02,01,01,01,"41 - Rural, Fringe",40.50336315,-122.54054559,29,0,29,1,3.4,6,20.7,0,0,0,0,3,10.3,0,0,19,65.5,0,0,0,0,2,6.9,0,0,4,13.8,0,0,24,82.8,1,3.4,-13641151.1362321,4939361.53558963
782,2023-24,0619200,4570045,45700450000000,Shasta,Junction Elementary,Elementary,KG,08,General Assistance,9087 Deschutes Rd.,Palo Cedro,96073,02,01,01,01,"41 - Rural, Fringe",40.55217318,-122.23750355,372,0,372,5,1.3,7,1.9,7,1.9,2,0.5,48,12.9,0,0,293,78.8,8,2.2,2,0.5,5,1.3,3,0.8,1,0.3,0,0,103,27.7,55,14.8,-13607416.6508194,4946510.03110744
783,2023-24,0624930,4570052,45700520000000,Shasta,Millville Elementary,Elementary,KG,08,General Assistance,8570 Brookdale Rd.,Millville,96062,02,01,01,01,"42 - Rural, Distant",40.55182018,-122.16945054,214,0,214,3,1.4,4,1.9,3,1.4,0,0,19,8.9,2,0.9,167,78,12,5.6,4,1.9,3,1.4,1,0.5,4,1.9,0,0,94,43.9,25,11.7,-13599841.0244233,4946458.31431697
784,2023-24,0627510,4570078,45700780000000,Shasta,North Cow Creek Elementary,Elementary,KG,08,General Assistance,10619 Swede Creek Rd.,Palo Cedro,96073,02,01,01,01,"41 - Rural, Fringe",40.59350518,-122.22980655,256,0,256,0,0,12,4.7,2,0.8,0,0,19,7.4,0,0,195,76.2,27,10.5,1,0.4,4,1.6,0,0,3,1.2,0,0,55,21.5,21,8.2,-13606559.8252981,4952567.40423722
785,2023-24,0627870,4570086,45700860000000,Shasta,Oak Run Elementary,Elementary,KG,08,Differentiated Assistance,27635 Oak Run to Fern Rd.,Oak Run,96069,02,01,01,01,"42 - Rural, Distant",40.6848492,-122.02379553,41,0,41,0,0,0,0,1,2.4,0,0,3,7.3,0,0,34,82.9,3,7.3,0,0,2,4.9,0,0,9,22,0,0,38,92.7,3,7.3,-13583626.7835806,4965967.53932297
786,2023-24,0629280,4570094,45700940000000,Shasta,Pacheco Union Elementary,Elementary,KG,08,General Assistance,7424 Pacheco School Rd.,Redding,96002,02,01,01,01,"41 - Rural, Fringe",40.50539217,-122.33064355,720,0,720,7,1,22,3.1,10,1.4,4,0.6,111,15.4,0,0,487,67.6,66,9.2,13,1.8,16,2.2,7,1,14,1.9,0,0,365,50.7,70,9.7,-13617784.9489554,4939658.59272325
787,2023-24,0632040,4570110,45701100000000,Shasta,Redding Elementary,Elementary,KG,12,Differentiated Assistance,5885 East Bonnyview Rd.,Redding,96001,02,01,01,01,"13 - City, Small",40.53090716,-122.37264057,3239,349,2890,87,2.7,127,3.9,62,1.9,12,0.4,667,20.6,8,0.2,1955,60.4,260,8,61,1.9,75,2.3,25,0.8,97,3,0,0,2278,70.3,468,14.4,-13622460.0348829,4943394.86703272
788,2023-24,0636570,4570128,45701280000000,Shasta,Shasta Union Elementary,Elementary,KG,08,General Assistance,10446 Red Bluff Rd.,Shasta,96087,02,01,01,01,"41 - Rural, Fringe",40.59088916,-122.48821559,103,0,103,0,0,3,2.9,2,1.9,0,0,9,8.7,0,0,78,75.7,10,9.7,1,1,2,1.9,0,0,2,1.9,0,0,56,54.4,8,7.8,-13635325.7877135,4952183.90478059
789,2023-24,0636600,4570136,45701360000000,Shasta,Shasta Union High,High,06,12,Differentiated Assistance,"2200 Eureka Way, Ste. B",Redding,96001,02,01,01,01,"13 - City, Small",40.58738517,-122.40457558,5501,1286,4215,150,2.7,217,3.9,302,5.5,21,0.4,916,16.7,21,0.4,3523,64,280,5.1,71,1.3,105,1.9,39,0.7,63,1.1,0,0,2717,49.4,606,11,-13626015.0241572,4951670.25505216
790,2023-24,0642420,4570169,45701690000000,Shasta,Whitmore Union Elementary,Elementary,KG,08,General Assistance,30611 WHITMORE Rd.,WHITMORE,96096,02,01,01,01,"42 - Rural, Distant",40.62873021,-121.91064951,63,0,63,0,0,0,0,0,0,0,0,6,9.5,0,0,48,76.2,9,14.3,0,0,0,0,1,1.6,0,0,0,0,22,34.9,5,7.9,-13571031.425562,4957732.73163259
791,2023-24,0627040,4573700,45737000000000,Shasta,Mountain Union Elementary,Elementary,KG,08,Differentiated Assistance,30365 Highway 299 East,Montgomery Creek,96065,02,01,01,01,"42 - Rural, Distant",40.84351022,-121.92076654,86,0,86,0,0,15,17.4,0,0,0,0,13,15.1,0,0,47,54.7,10,11.6,1,1.2,0,0,2,2.3,0,0,0,0,71,82.6,20,23.3,-13572157.6486438,4989286.787281
792,2023-24,0614950,4575267,45752670000000,Shasta,Gateway Unified,Unified,KG,12,Differentiated Assistance,4411 Mountain Lakes Blvd.,Redding,96003,02,01,01,01,"22 - Suburban, Midsize",40.63066817,-122.38791158,2298,179,2119,34,1.5,115,5,74,3.2,6,0.3,384,16.7,3,0.1,1487,64.7,178,7.7,17,0.7,51,2.2,38,1.7,62,2.7,0,0,1822,79.3,427,18.6,-13624159.9966706,4958016.989233
793,2023-24,0636780,4670177,46701770000000,Sierra,Sierra-Plumas Joint Unified,Unified,KG,12,Differentiated Assistance,109 Beckwith Rd.,Loyalton,96118,03,03,01,01,"42 - Rural, Distant",39.68007727,-120.24907212,403,0,403,2,0.5,5,1.2,0,0,0,0,65,16.1,3,0.7,294,73,23,5.7,11,2.7,15,3.7,2,0.5,27,6.7,0,0,178,44.2,55,13.6,-13386065.4762132,4819560.31109663
794,2023-24,0691038,4710470,47104700000000,Siskiyou,Siskiyou County Office of Education,County Office of Education (COE),KG,12,General Assistance,609 South Gold St.,Yreka,96097,02,01,01,01,"32 - Town, Distant",41.72789823,-122.64331579,595,525,70,5,0.8,26,4.4,5,0.8,0,0,99,16.6,0,0,399,67.1,53,8.9,8,1.3,4,0.7,3,0.5,19,3.2,0,0,450,75.6,123,20.7,-13652591.4625826,5120306.66346577
795,2023-24,0604980,4770185,47701850000000,Siskiyou,Big Springs Union Elementary,Elementary,KG,08,General Assistance,7405 Highway A-12,Montague,96064,02,01,01,01,"43 - Rural, Remote",41.62462424,-122.40570374,120,0,120,0,0,1,0.8,21,17.5,0,0,17,14.2,0,0,62,51.7,18,15,1,0.8,15,12.5,1,0.8,3,2.5,0,0,80,66.7,14,11.7,-13626140.6100243,5104914.7768207
796,2023-24,0605490,4770193,47701930000000,Siskiyou,Bogus Elementary,Elementary,KG,08,General Assistance,13735 Ager-Beswick Rd.,Montague,96064,02,01,01,01,"42 - Rural, Distant",41.92805527,-122.36193378,15,0,15,0,0,3,20,0,0,0,0,4,26.7,0,0,8,53.3,0,0,0,0,0,0,0,0,0,0,0,0,12,80,1,6.7,-13621268.1604896,5150208.55665232
797,2023-24,0606690,4770201,47702010000000,Siskiyou,Butteville Union Elementary,Elementary,KG,08,General Assistance,24512 Edgewood Rd.,Weed,96094,02,01,01,01,"42 - Rural, Distant",41.45733223,-122.43149371,149,0,149,1,0.7,0,0,0,0,2,1.3,21,14.1,0,0,118,79.2,7,4.7,0,0,1,0.7,0,0,0,0,0,0,61,40.9,12,8.1,-13629011.5371806,5080033.90030612
798,2023-24,0610980,4770227,47702270000000,Siskiyou,Delphic Elementary,Elementary,KG,08,General Assistance,1420 Delphic Rd.,Montague,96064,02,01,01,01,"42 - Rural, Distant",41.70478523,-122.56368577,62,0,62,0,0,4,6.5,0,0,0,0,7,11.3,0,0,43,69.4,8,12.9,0,0,0,0,1,1.6,1,1.6,0,0,40,64.5,3,4.8,-13643727.0897603,5116859.77173987
799,2023-24,0611670,4770243,47702430000000,Siskiyou,Dunsmuir Elementary,Elementary,KG,08,General Assistance,4760 Siskiyou Ave.,Dunsmuir,96025,02,01,01,01,"42 - Rural, Distant",41.22706722,-122.27375665,76,0,76,0,0,0,0,1,1.3,0,0,17,22.4,0,0,0,0,0,0,58,76.3,1,1.3,5,6.6,0,0,0,0,67,88.2,6,7.9,-13611452.3279441,5045891.93964496
800,2023-24,0611700,4770250,47702500000000,Siskiyou,Dunsmuir Joint Union High,High,09,12,General Assistance,5805 High School Way,Dunsmuir,96025,02,01,01,01,"42 - Rural, Distant",41.21016722,-122.27648865,65,0,65,3,4.6,3,4.6,2,3.1,0,0,9,13.8,0,0,35,53.8,8,12.3,5,7.7,1,1.5,1,1.5,5,7.7,0,0,49,75.4,15,23.1,-13611756.4525912,5043390.87944181
801,2023-24,0614970,4770318,47703180000000,Siskiyou,Gazelle Union Elementary,Elementary,KG,08,General Assistance,25305 Gazelle-Callahan Rd.,Gazelle,96034,02,01,01,01,"43 - Rural, Remote",41.52036422,-122.52376874,35,0,35,0,0,0,0,0,0,0,0,3,8.6,0,0,17,48.6,3,8.6,12,34.3,0,0,0,0,4,11.4,0,0,24,68.6,5,14.3,-13639283.5458138,5089400.91956472
802,2023-24,0616110,4770326,47703260000000,Siskiyou,Grenada Elementary,Elementary,KG,08,General Assistance,516 Shasta Blvd.,Grenada,96038,02,01,01,01,"42 - Rural, Distant",41.64539023,-122.52533376,207,0,207,0,0,9,4.3,2,1,0,0,31,15,0,0,145,70,20,9.7,0,0,1,0.5,1,0.5,0,0,0,0,110,53.1,13,6.3,-13639457.7629891,5108007.74368265
803,2023-24,0616530,4770334,47703340000000,Siskiyou,Happy Camp Union Elementary,Elementary,KG,08,General Assistance,114 Park Way,Happy Camp,96039,02,01,01,01,"43 - Rural, Remote",41.79474817,-123.37339091,115,0,115,0,0,36,31.3,0,0,0,0,16,13.9,0,0,41,35.7,21,18.3,1,0.9,0,0,0,0,4,3.5,0,0,79,68.7,12,10.4,-13733863.053153,5130283.12855109
804,2023-24,0617620,4770359,47703590000000,Siskiyou,Hornbrook Elementary,Elementary,KG,08,Differentiated Assistance,15430 Oregon Rd.,Hornbrook,96044,02,01,01,01,"42 - Rural, Distant",41.91130125,-122.5614148,38,0,38,1,2.6,7,18.4,3,7.9,0,0,3,7.9,0,0,24,63.2,0,0,0,0,0,0,0,0,10,26.3,0,0,34,89.5,7,18.4,-13643474.2868874,5147702.04728444
805,2023-24,0619230,4770367,47703670000000,Siskiyou,Junction Elementary,Elementary,KG,08,Differentiated Assistance,98821 Highway 96,Somes Bar,95568,02,01,01,01,"43 - Rural, Remote",41.39213513,-123.49621386,23,0,23,0,0,14,60.9,0,0,0,0,0,0,0,0,4,17.4,5,21.7,0,0,0,0,0,0,0,0,0,0,15,65.2,2,8.7,-13747535.6418674,5070354.70355064
806,2023-24,0619920,4770375,47703750000000,Siskiyou,Klamath River Union Elementary,Elementary,KG,08,General Assistance,30438 Walker Rd.,Horse Creek,96050,02,01,01,01,"43 - Rural, Remote",41.8222652,-122.96889585,5,0,5,0,0,0,0,0,0,0,0,0,0,0,0,5,100,0,0,0,0,0,0,0,0,0,0,0,0,4,80,1,20,-13688834.8695342,5134392.70353392
807,2023-24,0621960,4770383,47703830000000,Siskiyou,Little Shasta Elementary,Elementary,KG,08,General Assistance,8409 Lower Little Shasta Rd.,Montague,96064,02,01,01,01,"43 - Rural, Remote",41.71217025,-122.38813475,19,0,19,0,0,0,0,0,0,0,0,6,31.6,0,0,13,68.4,0,0,0,0,0,0,0,0,0,0,0,0,12,63.2,0,0,-13624184.8390719,5117960.98078989
808,2023-24,0624210,4770409,47704090000000,Siskiyou,McCloud Union Elementary,Elementary,KG,08,General Assistance,332 Hamilton Way,McCloud,96057,02,01,01,01,"42 - Rural, Distant",41.25435624,-122.13102664,50,0,50,0,0,0,0,0,0,0,0,10,20,0,0,30,60,9,18,1,2,0,0,0,0,6,12,0,0,40,80,4,8,-13595563.6951756,5049931.85270566
809,2023-24,0625380,4770417,47704170000000,Siskiyou,Montague Elementary,Elementary,KG,08,General Assistance,430 East Prather St.,Montague,96064,02,01,01,01,"42 - Rural, Distant",41.72779924,-122.52177177,154,0,154,4,2.6,8,5.2,3,1.9,0,0,21,13.6,0,0,114,74,3,1.9,1,0.6,1,0.6,0,0,6,3.9,0,0,93,60.4,13,8.4,-13639061.2444518,5120291.89833211
810,2023-24,0626040,4770425,47704250000000,Siskiyou,Mt. Shasta Union Elementary,Elementary,KG,08,General Assistance,595 East Alma St.,Mount Shasta,96067,02,01,01,01,"33 - Town, Remote",41.31827623,-122.30945267,506,0,506,10,2,4,0.8,6,1.2,3,0.6,63,12.5,4,0.8,401,79.2,15,3,0,0,15,3,2,0.4,5,1,0,0,256,50.6,52,10.3,-13615425.9907318,5059401.29082797
811,2023-24,0636240,4770458,47704580000000,Siskiyou,Seiad Elementary,Elementary,KG,08,General Assistance,44539 Highway 96,Seiad Valley,96086,02,01,01,01,"43 - Rural, Remote",41.84210818,-123.19312889,14,0,14,0,0,6,42.9,0,0,1,7.1,1,7.1,0,0,5,35.7,1,7.1,0,0,0,0,0,0,0,0,0,0,9,64.3,1,7.1,-13713796.37705,5137357.28036202
812,2023-24,0636940,4770466,47704660000000,Siskiyou,Siskiyou Union High,High,09,12,General Assistance,624 Everitt Memorial Hwy.,Mount Shasta,96067,02,01,01,01,"33 - Town, Remote",41.32050623,-122.30571467,515,0,515,14,2.7,27,5.2,9,1.7,1,0.2,78,15.1,0,0,289,56.1,74,14.4,23,4.5,13,2.5,1,0.2,26,5,0,0,292,56.7,48,9.3,-13615009.8784912,5059731.82206781
813,2023-24,0641980,4770482,47704820000000,Siskiyou,Weed Union Elementary,Elementary,KG,08,General Assistance,575 White Ave.,Weed,96094,02,01,01,01,"42 - Rural, Distant",41.42758723,-122.3805077,288,0,288,20,6.9,8,2.8,21,7.3,0,0,58,20.1,1,0.3,135,46.9,45,15.6,0,0,29,10.1,0,0,15,5.2,0,0,247,85.8,49,17,-13623335.8002342,5075616.73614975
814,2023-24,0642600,4770490,47704900000000,Siskiyou,Willow Creek Elementary,Elementary,KG,08,General Assistance,5321 York Rd.,Montague,96064,02,01,01,01,"42 - Rural, Distant",41.84893425,-122.46761078,40,0,40,0,0,4,10,1,2.5,0,0,4,10,1,2.5,27,67.5,2,5,1,2.5,1,2.5,0,0,0,0,0,0,23,57.5,7,17.5,-13633032.0706942,5138377.31939282
815,2023-24,0643380,4770508,47705080000000,Siskiyou,Yreka Union Elementary,Elementary,KG,08,Differentiated Assistance,309 Jackson St.,Yreka,96097,02,01,01,01,"32 - Town, Distant",41.72780523,-122.63938879,869,0,869,10,1.2,73,8.4,26,3,2,0.2,195,22.4,3,0.3,430,49.5,105,12.1,25,2.9,37,4.3,30,3.5,35,4,0,0,627,72.2,98,11.3,-13652154.3108202,5120292.7918889
816,2023-24,0643410,4770516,47705160000000,Siskiyou,Yreka Union High,High,09,12,Differentiated Assistance,431 Knapp St.,Yreka,96097,02,01,01,01,"32 - Town, Distant",41.73861823,-122.63726079,692,0,692,3,0.4,50,7.2,18,2.6,2,0.3,116,16.8,1,0.1,398,57.5,87,12.6,17,2.5,14,2,4,0.6,55,7.9,0,0,387,55.9,52,7.5,-13651917.4231621,5121905.78186651
817,2023-24,0606580,4773684,47736840000000,Siskiyou,Butte Valley Unified,Unified,KG,12,General Assistance,615 West Third St.,Dorris,96023,02,01,01,01,"43 - Rural, Remote",41.96374431,-121.92414671,302,0,302,1,0.3,5,1.7,13,4.3,0,0,164,54.3,0,0,77,25.5,3,1,39,12.9,74,24.5,2,0.7,10,3.3,2,0.7,214,70.9,27,8.9,-13572533.9276837,5155550.06326151
818,2023-24,0600159,4776455,47764550000000,Siskiyou,Scott Valley Unified,Unified,KG,12,Differentiated Assistance,11918 Main St.,Fort Jones,96032,02,01,01,01,"43 - Rural, Remote",41.6069672,-122.8415908,624,0,624,6,1,58,9.3,6,1,0,0,77,12.3,2,0.3,362,58,76,12.2,37,5.9,6,1,8,1.3,13,2.1,0,0,311,49.8,50,8,-13674663.3358462,5102285.65265747
819,2023-24,0691122,4810488,48104880000000,Solano,Solano County Office of Education,County Office of Education (COE),KG,12,Differentiated Assistance,5100 Business Center Dr.,Fairfield,94534,04,08,03,11,"22 - Suburban, Midsize",38.217137,-122.14409923,1099,680,419,468,42.6,3,0.3,22,2,38,3.5,387,35.2,16,1.5,106,9.6,45,4.1,14,1.3,172,15.7,8,0.7,27,2.5,5,0.5,641,58.3,413,37.6,-13597018.929183,4610145.56351423
820,2023-24,0604620,4870524,48705240000000,Solano,Benicia Unified,Unified,KG,12,General Assistance,350 East K St.,Benicia,94510,04,08,03,11,"22 - Suburban, Midsize",38.05060099,-122.15160921,4372,0,4372,220,5,4,0.1,183,4.2,285,6.5,1151,26.3,12,0.3,1802,41.2,715,16.4,0,0,145,3.3,6,0.1,50,1.1,0,0,1070,24.5,517,11.8,-13597854.9366685,4586576.5033927
821,2023-24,0611280,4870532,48705320000000,Solano,Dixon Unified,Unified,KG,12,Differentiated Assistance,"180 South First St., Ste. 6",Dixon,95620,04,04,03,11,"31 - Town, Fringe",38.44496904,-121.8229022,3489,452,3037,80,2.3,12,0.3,42,1.2,74,2.1,2037,58.4,16,0.5,958,27.5,181,5.2,89,2.6,686,19.7,6,0.2,208,6,186,5.3,2208,63.3,497,14.2,-13561263.4404097,4642477.12907572
822,2023-24,0613360,4870540,48705400000000,Solano,Fairfield-Suisun Unified,Unified,KG,12,Differentiated Assistance,2490 Hilborn Rd.,Fairfield,94534,04,08,03,11,"22 - Suburban, Midsize",38.27612501,-122.05079422,20413,0,20413,2640,12.9,52,0.3,1315,6.4,1900,9.3,9538,46.7,214,1,2658,13,2063,10.1,33,0.2,3108,15.2,66,0.3,372,1.8,144,0.7,12182,59.7,2865,14,-13586632.2633888,4618506.78876747
823,2023-24,0639630,4870565,48705650000000,Solano,Travis Unified,Unified,KG,12,Differentiated Assistance,2751 De Ronde Dr.,Fairfield,94533,04,08,03,11,"22 - Suburban, Midsize",38.27910502,-121.96081321,5430,0,5430,695,12.8,11,0.2,265,4.9,615,11.3,1558,28.7,35,0.6,1327,24.4,821,15.1,103,1.9,157,2.9,11,0.2,25,0.5,2,0,2395,44.1,725,13.4,-13576615.6227636,4618929.36847364
824,2023-24,0640590,4870573,48705730000000,Solano,Vacaville Unified,Unified,KG,12,Differentiated Assistance,401 Nut Tree Rd.,Vacaville,95687,04,04,03,11,"22 - Suburban, Midsize",38.36482303,-121.95387422,13377,2085,11292,769,5.7,52,0.4,413,3.1,509,3.8,5437,40.6,102,0.8,4656,34.8,1337,10,102,0.8,1097,8.2,28,0.2,86,0.6,148,1.1,6352,47.5,1782,13.3,-13575843.1779379,4631092.04008114
825,2023-24,0640740,4870581,48705810000000,Solano,Vallejo City Unified,Unified,KG,12,Differentiated Assistance,665 Walnut Ave.,Vallejo,94592,04,08,03,11,"12 - City, Midsize ",38.10624898,-122.28004623,11799,2358,9441,2460,20.8,25,0.2,325,2.8,1341,11.4,6221,52.7,180,1.5,639,5.4,488,4.1,120,1,3090,26.2,61,0.5,252,2.1,2,0,9332,79.1,1568,13.3,-13612152.4808432,4594446.12253292
826,2023-24,0691040,4910496,49104960000000,Sonoma,Sonoma County Office of Education,County Office of Education (COE),KG,12,Differentiated Assistance,5340 Skylane Blvd.,Santa Rosa,95403,01,02,02,02,"21 - Suburban, Large",38.51225697,-122.79814036,327,0,327,11,3.4,5,1.5,8,2.4,2,0.6,189,57.8,1,0.3,97,29.7,13,4,1,0.3,54,16.5,17,5.2,4,1.2,0,0,199,60.9,253,77.4,-13669826.4552773,4652045.43765684
827,2023-24,0601890,4970599,49705990000000,Sonoma,Alexander Valley Union Elementary,Elementary,KG,06,General Assistance,8511 Highway 128,Healdsburg,95448,01,02,02,02,"41 - Rural, Fringe",38.65572699,-122.79347538,115,0,115,1,0.9,0,0,0,0,0,0,34,29.6,0,0,76,66.1,4,3.5,0,0,8,7,0,0,0,0,0,0,37,32.2,15,13,-13669307.1516414,4672476.70981953
828,2023-24,0602670,4970607,49706070000000,Sonoma,West Sonoma County Union High,High,KG,12,Differentiated Assistance,462 Johnson St.,Sebastopol,95472,01,02,02,02,"31 - Town, Fringe",38.40635896,-122.82308235,1568,0,1568,26,1.7,20,1.3,56,3.6,13,0.8,424,27,2,0.1,970,61.9,57,3.6,0,0,39,2.5,4,0.3,17,1.1,6,0.4,720,45.9,236,15.1,-13672602.984847,4636990.82399464
829,2023-24,0604380,4970615,49706150000000,Sonoma,Bellevue Union,Elementary,KG,06,General Assistance,3150 Education Dr.,Santa Rosa,95407,01,04,02,12,"21 - Suburban, Large",38.39961397,-122.70980733,1609,0,1609,24,1.5,13,0.8,50,3.1,6,0.4,1361,84.6,10,0.6,117,7.3,25,1.6,3,0.2,893,55.5,6,0.4,70,4.4,56,3.5,1277,79.4,287,17.8,-13659993.267693,4636032.69423212
830,2023-24,0604650,4970623,49706230000000,Sonoma,Bennett Valley Union Elementary,Elementary,KG,06,General Assistance,2250 Mesquite Dr.,Santa Rosa,95405,01,04,02,12,"12 - City, Midsize ",38.42924398,-122.67322633,938,0,938,22,2.3,1,0.1,39,4.2,9,1,231,24.6,15,1.6,526,56.1,89,9.5,6,0.6,123,13.1,0,0,1,0.1,0,0,342,36.5,128,13.6,-13655921.0891629,4640242.31947183
831,2023-24,0608700,4970649,49706490000000,Sonoma,Cinnabar Elementary,Elementary,KG,08,General Assistance,286 Skillman Ln.,Petaluma,94952,01,02,02,12,"23 - Suburban, Small",38.25889597,-122.66492131,176,160,16,2,1.1,0,0,0,0,0,0,136,77.3,1,0.6,31,17.6,6,3.4,0,0,95,54,1,0.6,1,0.6,0,0,152,86.4,25,14.2,-13654996.5783783,4616063.96466338
832,2023-24,0608970,4970656,49706560000000,Sonoma,Cloverdale Unified,Unified,KG,12,General Assistance,97 School St.,Cloverdale,95425,01,02,02,02,"32 - Town, Distant",38.81032598,-123.02180243,1303,0,1303,7,0.5,32,2.5,10,0.8,0,0,793,60.9,0,0,400,30.7,44,3.4,17,1.3,352,27,11,0.8,23,1.8,100,7.7,841,64.5,176,13.5,-13694724.4029145,4694538.69914602
833,2023-24,0611610,4970672,49706720000000,Sonoma,Dunham Elementary,Elementary,KG,06,Differentiated Assistance,4111 Roblar Rd.,Petaluma,94952,01,02,02,12,"41 - Rural, Fringe",38.32082396,-122.75797833,170,161,9,0,0,2,1.2,1,0.6,0,0,29,17.1,0,0,125,73.5,13,7.6,0,0,4,2.4,0,0,0,0,0,0,50,29.4,21,12.4,-13665355.638465,4624847.14270504
834,2023-24,0614010,4970680,49706800000000,Sonoma,Forestville Union Elementary,Elementary,KG,08,General Assistance,6321 Highway 116,Forestville,95436,01,02,02,02,"41 - Rural, Fringe",38.47331997,-122.88811837,222,163,59,1,0.5,0,0,1,0.5,0,0,64,28.8,0,0,134,60.4,9,4.1,13,5.9,30,13.5,0,0,2,0.9,0,0,87,39.2,33,14.9,-13679842.761289,4646507.52665695
835,2023-24,0614130,4970698,49706980000000,Sonoma,Fort Ross Elementary,Elementary,KG,08,General Assistance,30600 Seaview Rd.,Cazadero,95421,01,02,02,02,"42 - Rural, Distant",38.55666394,-123.26478143,15,0,15,1,6.7,0,0,0,0,0,0,3,20,0,0,8,53.3,3,20,0,0,3,20,0,0,0,0,0,0,10,66.7,2,13.3,-13721772.7019252,4658364.9837762
836,2023-24,0615150,4970706,49707060000000,Sonoma,Geyserville Unified,Unified,KG,12,General Assistance,1300 Moody Ln.,Geyserville,95441,01,02,02,02,"42 - Rural, Distant",38.72026898,-122.8905944,203,0,203,0,0,2,1,1,0.5,0,0,131,64.5,0,0,61,30,8,3.9,0,0,53,26.1,2,1,1,0.5,40,19.7,125,61.6,35,17.2,-13680118.3917737,4681681.34580746
837,2023-24,0615840,4970714,49707140000000,Sonoma,Gravenstein Union Elementary,Elementary,KG,08,General Assistance,725 Bloomfield Dr.,Sebastopol,95472,01,02,02,02,"31 - Town, Fringe",38.36989496,-122.80612934,810,767,43,3,0.4,2,0.2,30,3.7,1,0.1,190,23.5,4,0.5,480,59.3,81,10,19,2.3,44,5.4,2,0.2,22,2.7,0,0,245,30.2,83,10.2,-13670715.7847368,4631812.15663707
838,2023-24,0616320,4970722,49707220000000,Sonoma,Guerneville Elementary,Elementary,KG,12,General Assistance,14630 Armstrong Woods Rd.,Guerneville,95446,01,02,02,02,"42 - Rural, Distant",38.51139096,-122.99680339,361,342,19,15,4.2,3,0.8,2,0.6,4,1.1,124,34.3,0,0,173,47.9,36,10,4,1.1,25,6.9,3,0.8,10,2.8,0,0,253,70.1,60,16.6,-13691941.5224773,4651922.2339918
839,2023-24,0616620,4970730,49707300000000,Sonoma,Harmony Union Elementary,Elementary,KG,12,General Assistance,1935 Bohemian Hwy.,Occidental,95465,01,02,02,02,"42 - Rural, Distant",38.38942696,-122.93069436,573,511,62,9,1.6,1,0.2,9,1.6,5,0.9,162,28.3,3,0.5,322,56.2,57,9.9,5,0.9,15,2.6,0,0,6,1,0,0,224,39.1,76,13.3,-13684582.2994361,4634585.7922995
840,2023-24,0617580,4970763,49707630000000,Sonoma,Horicon Elementary,Elementary,KG,08,Differentiated Assistance,35555 Annapolis Rd.,Annapolis,95412,01,02,02,02,"43 - Rural, Remote",38.71800995,-123.36708847,74,0,74,1,1.4,2,2.7,0,0,0,0,37,50,0,0,27,36.5,7,9.5,0,0,17,23,0,0,0,0,1,1.4,56,75.7,17,23,-13733161.4690673,4681359.03368903
841,2023-24,0619410,4970789,49707890000000,Sonoma,Kenwood ,Elementary,KG,06,General Assistance,230 Randolph Ave.,Kenwood,95452,01,04,02,12,"21 - Suburban, Large",38.41557699,-122.55375531,111,0,111,0,0,1,0.9,6,5.4,0,0,21,18.9,0,0,70,63.1,11,9.9,2,1.8,8,7.2,0,0,0,0,0,0,30,27,22,19.8,-13642621.6361386,4638300.39371956
842,2023-24,0621540,4970797,49707970000000,Sonoma,Liberty Elementary,Elementary,KG,12,General Assistance,170 Liberty School Rd.,Petaluma,94952,01,02,02,12,"41 - Rural, Fringe",38.27874596,-122.70620732,1685,1631,54,106,6.3,13,0.8,51,3,34,2,476,28.2,9,0.5,766,45.5,176,10.4,54,3.2,88,5.2,4,0.2,15,0.9,0,0,819,48.6,231,13.7,-13659592.5157484,4618878.4516739
843,2023-24,0624000,4970805,49708050000000,Sonoma,Mark West Union Elementary,Elementary,KG,08,Differentiated Assistance,305 Mark West Springs Rd.,Santa Rosa,95404,01,02,02,02,"21 - Suburban, Large",38.50137698,-122.74107235,1342,915,427,8,0.6,10,0.7,31,2.3,12,0.9,440,32.8,6,0.4,749,55.8,86,6.4,0,0,130,9.7,8,0.6,0,0,11,0.8,566,42.2,131,9.8,-13663473.673413,4650497.70240392
844,2023-24,0625410,4970813,49708130000000,Sonoma,Monte Rio Union Elementary,Elementary,KG,08,Differentiated Assistance,20700 Foothill Dr.,Monte Rio,95462,01,02,02,02,"42 - Rural, Distant",38.47162096,-123.01512339,67,0,67,0,0,0,0,0,0,0,0,12,17.9,0,0,41,61.2,12,17.9,2,3,7,10.4,1,1.5,2,3,0,0,44,65.7,13,19.4,-13693980.8952645,4646265.9489506
845,2023-24,0625650,4970821,49708210000000,Sonoma,Montgomery Elementary,Elementary,KG,08,General Assistance,18620 Fort Ross Rd.,Cazadero,95421,01,02,02,02,"42 - Rural, Distant",38.53949896,-123.09203341,22,0,22,0,0,0,0,0,0,0,0,6,27.3,0,0,15,68.2,1,4.5,0,0,3,13.6,0,0,0,0,0,0,17,77.3,2,9.1,-13702542.4794468,4655921.77554718
846,2023-24,0627840,4970839,49708390000000,Sonoma,Oak Grove Union Elementary,Elementary,KG,12,General Assistance,5299 Hall Rd.,Santa Rosa,95401,01,02,02,02,"41 - Rural, Fringe",38.43813597,-122.80650135,1242,1137,105,17,1.4,20,1.6,18,1.4,2,0.2,437,35.2,0,0,652,52.5,83,6.7,13,1,74,6,7,0.6,13,1,0,0,490,39.5,202,16.3,-13670757.1966065,4641505.96860049
847,2023-24,0628320,4970847,49708470000000,Sonoma,Old Adobe Union,Elementary,KG,06,Differentiated Assistance,845 Crinella Dr.,Petaluma,94954,01,02,02,12,"13 - City, Small",38.24611097,-122.6107233,1963,1646,317,26,1.3,8,0.4,43,2.2,13,0.7,836,42.6,2,0.1,918,46.8,115,5.9,2,0.1,445,22.7,6,0.3,1,0.1,0,0,642,32.7,203,10.3,-13648963.283409,4614251.61575411
848,2023-24,0630230,4970854,49708540000000,Sonoma,Petaluma City Elementary,Elementary,KG,12,,200 Douglas St.,Petaluma,94952,01,02,02,12,"13 - City, Small",38.22941597,-122.6442023,2457,727,1730,23,0.9,17,0.7,60,2.4,16,0.7,787,32,15,0.6,1343,54.7,188,7.7,8,0.3,409,16.6,2,0.1,8,0.3,4,0.2,1068,43.5,510,20.8,-13652690.1491283,4611885.47985817
849,2023-24,0630250,4970862,49708620000000,Sonoma,Petaluma Joint Union High,High,KG,12,,200 Douglas St.,Petaluma,94952,01,02,02,12,"13 - City, Small",38.22941597,-122.6442023,4931,598,4333,59,1.2,31,0.6,117,2.4,29,0.6,1806,36.6,13,0.3,2580,52.3,281,5.7,15,0.3,346,7,17,0.3,20,0.4,7,0.1,2258,45.8,799,16.2,-13652690.1491283,4611885.47985817
850,2023-24,0630450,4970870,49708700000000,Sonoma,Piner-Olivet Union Elementary,Elementary,KG,12,Differentiated Assistance,3450 Coffey Ln.,Santa Rosa,95403,01,02,02,02,"12 - City, Midsize ",38.47360298,-122.74616535,1247,981,266,28,2.2,6,0.5,77,6.2,24,1.9,617,49.5,7,0.6,407,32.6,72,5.8,9,0.7,261,20.9,2,0.2,10,0.8,0,0,740,59.3,125,10,-13664040.6232142,4646547.76765858
851,2023-24,0632340,4970888,49708880000000,Sonoma,Kashia Elementary,Elementary,KG,08,Differentiated Assistance,31510  Skaggs Springs Rd.,Stewarts Point,95480,01,02,02,02,"42 - Rural, Distant",38.65685394,-123.34205746,9,0,9,0,0,9,100,0,0,0,0,0,0,0,0,0,0,0,0,0,0,0,0,0,0,0,0,0,0,9,100,3,33.3,-13730375.0294487,4672637.359356
852,2023-24,0632640,4970896,49708960000000,Sonoma,Rincon Valley Union Elementary,Elementary,KG,08,General Assistance,1000 Yulupa Ave.,Santa Rosa,95405,01,04,02,02,"12 - City, Midsize ",38.44410098,-122.67466433,3112,1826,1286,78,2.5,49,1.6,176,5.7,28,0.9,961,30.9,33,1.1,1443,46.4,228,7.3,116,3.7,394,12.7,16,0.5,19,0.6,9,0.3,1299,41.7,495,15.9,-13656081.1668201,4642353.74905049
853,2023-24,0633510,4970904,49709040000000,Sonoma,Roseland,Elementary,KG,12,General Assistance,1691 Burbank Ave.,Santa Rosa,95407,01,04,02,12,"12 - City, Midsize ",38.42072097,-122.73520434,2730,1250,1480,20,0.7,13,0.5,24,0.9,6,0.2,2582,94.6,0,0,50,1.8,29,1.1,6,0.2,1438,52.7,12,0.4,116,4.2,157,5.8,2368,86.7,363,13.3,-13662820.4493753,4639031.25322277
854,2023-24,0635810,4970912,49709120000000,Sonoma,Santa Rosa Elementary,Elementary,KG,08,,211 Ridgway Ave.,Santa Rosa,95401,01,04,02,02,"12 - City, Midsize ",38.44951298,-122.72387334,4857,1809,3048,85,1.8,25,0.5,128,2.6,27,0.6,3172,65.3,19,0.4,1156,23.8,245,5,0,0,1821,37.5,18,0.4,123,2.5,135,2.8,2935,60.4,816,16.8,-13661559.0885209,4643122.99278748
855,2023-24,0635830,4970920,49709200000000,Sonoma,Santa Rosa High,High,KG,12,,211 Ridgway Ave.,Santa Rosa,95401,01,04,02,02,"12 - City, Midsize ",38.44951298,-122.72387334,9941,129,9812,180,1.8,64,0.6,458,4.6,118,1.2,5537,55.7,97,1,2957,29.7,529,5.3,1,0,1455,14.6,50,0.5,160,1.6,186,1.9,4606,46.3,1750,17.6,-13661559.0885209,4643122.99278748
856,2023-24,0636180,4970938,49709380000000,Sonoma,Sebastopol Union Elementary,Elementary,KG,08,General Assistance,7611 Huntley St.,Sebastopol,95472,01,02,02,02,"31 - Town, Fringe",38.40043296,-122.83096035,731,284,447,8,1.1,13,1.8,11,1.5,6,0.8,197,26.9,0,0,420,57.5,58,7.9,18,2.5,63,8.6,5,0.7,9,1.2,2,0.3,352,48.2,83,11.4,-13673479.9599492,4636149.02757535
857,2023-24,0637200,4970953,49709530000000,Sonoma,Sonoma Valley Unified,Unified,KG,12,General Assistance,17850 Railroad Ave.,Sonoma,95476,01,04,03,04,"31 - Town, Fringe",38.31461798,-122.49469929,3572,443,3129,15,0.4,12,0.3,40,1.1,16,0.4,2294,64.2,8,0.2,1114,31.2,68,1.9,5,0.1,874,24.5,9,0.3,12,0.3,46,1.3,2056,57.6,588,16.5,-13636047.5499646,4623966.61758825
858,2023-24,0640230,4970961,49709610000000,Sonoma,Twin Hills Union Elementary,Elementary,KG,12,General Assistance,700 Watertrough Rd.,Sebastopol,95472,01,02,02,02,"41 - Rural, Fringe",38.38883396,-122.85243435,957,669,288,5,0.5,3,0.3,7,0.7,2,0.2,188,19.6,0,0,677,70.7,75,7.8,0,0,27,2.8,3,0.3,17,1.8,0,0,275,28.7,88,9.2,-13675870.434863,4634501.57307421
859,2023-24,0640260,4970979,49709790000000,Sonoma,Two Rock Union,Elementary,KG,06,General Assistance,5001 Spring Hill Rd.,Petaluma,94952,01,02,02,12,"41 - Rural, Fringe",38.25509396,-122.77909433,126,0,126,0,0,0,0,0,0,0,0,73,57.9,1,0.8,38,30.2,13,10.3,1,0.8,36,28.6,0,0,0,0,1,0.8,58,46,16,12.7,-13667706.2603725,4615524.97406864
860,2023-24,0641790,4970995,49709950000000,Sonoma,Waugh Elementary,Elementary,KG,06,Differentiated Assistance,860 Maria Dr.,Petaluma,94954,01,02,02,12,"13 - City, Small",38.26607197,-122.64517831,791,0,791,9,1.1,1,0.1,34,4.3,10,1.3,173,21.9,2,0.3,474,59.9,79,10,9,1.1,43,5.4,0,0,0,0,0,0,116,14.7,75,9.5,-13652798.7974185,4617081.34509834
861,2023-24,0642270,4971001,49710010000000,Sonoma,West Side Union Elementary,Elementary,KG,06,General Assistance,1201 Felta Rd.,Healdsburg,95448,01,02,02,02,"41 - Rural, Fringe",38.57995697,-122.88328538,137,0,137,0,0,1,0.7,0,0,0,0,31,22.6,0,0,98,71.5,7,5.1,0,0,7,5.1,0,0,0,0,1,0.7,50,36.5,10,7.3,-13679304.7555972,4661681.37089209
862,2023-24,0642750,4971019,49710190000000,Sonoma,Wilmar Union Elementary,Elementary,KG,06,General Assistance,3775 Bodega Ave.,Petaluma,94952,01,02,02,12,"41 - Rural, Fringe",38.24440896,-122.68576231,223,0,223,3,1.3,1,0.4,3,1.3,1,0.4,36,16.1,0,0,171,76.7,6,2.7,2,0.9,15,6.7,0,0,0,0,0,0,49,22,21,9.4,-13657316.5880719,4614010.370382
863,2023-24,0643200,4971035,49710350000000,Sonoma,Wright Elementary,Elementary,KG,08,Differentiated Assistance,4385 Price Ave.,Santa Rosa,95407,01,02,02,12,"12 - City, Midsize ",38.41974797,-122.77233534,1263,461,802,35,2.8,10,0.8,96,7.6,9,0.7,834,66,7,0.6,193,15.3,79,6.3,0,0,470,37.2,7,0.6,54,4.3,27,2.1,982,77.8,161,12.7,-13666953.8540419,4638893.00459254
864,2023-24,0609940,4973882,49738820000000,Sonoma,Cotati-Rohnert Park Unified,Unified,KG,12,Differentiated Assistance,7165 Burton Ave.,Rohnert Park,94928,01,04,03,12,"21 - Suburban, Large",38.33870797,-122.69984132,6595,440,6155,133,2,48,0.7,233,3.5,58,0.9,2909,44.1,48,0.7,2568,38.9,446,6.8,152,2.3,1150,17.4,30,0.5,102,1.5,4,0.1,3031,46,930,14.1,-13658883.8565548,4627385.00699431
865,2023-24,0600034,4975358,49753580000000,Sonoma,Windsor Unified,Unified,KG,12,Differentiated Assistance,"9291 Old Redwood Hwy., Bldg. 500",Windsor,95492,01,02,02,02,"21 - Suburban, Large",38.55074098,-122.81560937,4678,1212,3466,24,0.5,25,0.5,58,1.2,22,0.5,2624,56.1,13,0.3,1658,35.4,234,5,20,0.4,814,17.4,22,0.5,74,1.6,219,4.7,2609,55.8,715,15.3,-13671771.096265,4657521.86232876
866,2023-24,0600044,4975390,49753900000000,Sonoma,Healdsburg Unified,Unified,KG,12,General Assistance,1028 Prince St.,Healdsburg,95448,01,02,02,02,"21 - Suburban, Large",38.62307698,-122.86695938,1194,0,1194,5,0.4,11,0.9,11,0.9,3,0.3,770,64.5,2,0.2,373,31.2,19,1.6,0,0,201,16.8,9,0.8,9,0.8,84,7,841,70.4,185,15.5,-13677487.3538606,4667823.49891376
867,2023-24,0691041,5010504,50105040000000,Stanislaus,Stanislaus County Office of Education,County Office of Education (COE),KG,12,Differentiated Assistance,1100 H St.,Modesto,95354,06,05,04,22,"21 - Suburban, Large",37.63946804,-120.99621498,2291,1551,740,99,4.3,25,1.1,70,3.1,10,0.4,1375,60,9,0.4,579,25.3,91,4,33,1.4,285,12.4,15,0.7,46,2,0,0,1361,59.4,576,25.1,-13469237.0397675,4528619.18929509
868,2023-24,0608130,5071043,50710430000000,Stanislaus,Ceres Unified,Unified,KG,12,Differentiated Assistance,2503 Lawrence St.,Ceres,95307,06,13,04,22,"21 - Suburban, Large",37.59062503,-120.94946397,14254,906,13348,191,1.3,51,0.4,776,5.4,53,0.4,11505,80.7,70,0.5,1433,10.1,132,0.9,43,0.3,4547,31.9,43,0.3,426,3,657,4.6,11645,81.7,1554,10.9,-13464032.7408042,4521755.1862256
869,2023-24,0608250,5071050,50710500000000,Stanislaus,Chatom Union,Elementary,KG,08,Differentiated Assistance,7201 Clayton Rd.,Turlock,95380,06,13,04,22,"41 - Rural, Fringe",37.48324203,-120.93124995,548,0,548,1,0.2,2,0.4,3,0.5,0,0,343,62.6,0,0,187,34.1,12,2.2,0,0,210,38.3,0,0,38,6.9,5,0.9,368,67.2,52,9.5,-13462005.1658139,4506680.25944378
870,2023-24,0611040,5071068,50710680000000,Stanislaus,Denair Unified,Unified,KG,12,Differentiated Assistance,3460 Lester Rd.,Denair,95316,06,05,04,22,"23 - Suburban, Small",37.52696304,-120.80210494,1273,711,562,8,0.6,14,1.1,3,0.2,6,0.5,708,55.6,4,0.3,484,38,29,2.3,17,1.3,276,21.7,3,0.2,109,8.6,19,1.5,885,69.5,142,11.2,-13447628.8085503,4512815.39941248
871,2023-24,0612690,5071076,50710760000000,Stanislaus,Empire Union Elementary,Elementary,KG,08,Differentiated Assistance,116 North McClure Rd.,Modesto,95357,06,13,04,22,"12 - City, Midsize ",37.63921004,-120.92955697,2825,0,2825,123,4.4,4,0.1,118,4.2,21,0.7,1938,68.6,41,1.5,475,16.8,99,3.5,6,0.2,725,25.7,10,0.4,177,6.3,63,2.2,2334,82.6,359,12.7,-13461816.7040343,4528582.92074848
872,2023-24,0615810,5071084,50710840000000,Stanislaus,Gratton Elementary,Elementary,KG,08,General Assistance,4500 South Gratton Rd,Denair,95316,06,05,04,22,"41 - Rural, Fringe",37.57258405,-120.79142994,139,117,22,1,0.7,0,0,2,1.4,2,1.4,31,22.3,0,0,102,73.4,1,0.7,0,0,8,5.8,0,0,0,0,0,0,31,22.3,7,5,-13446440.4734337,4519220.99011508
873,2023-24,0616650,5071092,50710920000000,Stanislaus,Hart-Ransom Union Elementary,Elementary,KG,12,Differentiated Assistance,3920 Shoemake Ave.,Modesto,95358,06,13,04,09,"41 - Rural, Fringe",37.66713203,-121.065602,1185,462,723,13,1.1,3,0.3,43,3.6,24,2,549,46.3,2,0.2,446,37.6,62,5.2,43,3.6,62,5.2,6,0.5,14,1.2,0,0,598,50.5,97,8.2,-13476961.166776,4532508.86683341
874,2023-24,0617160,5071100,50711000000000,Stanislaus,Hickman Community Charter,Elementary,KG,08,General Assistance,13306 Fourth St.,Hickman,95323,06,05,04,09,"31 - Town, Fringe",37.62064505,-120.74875494,1048,1048,0,13,1.2,7,0.7,20,1.9,2,0.2,324,30.9,2,0.2,616,58.8,52,5,12,1.1,81,7.7,1,0.1,28,2.7,0,0,456,43.5,114,10.9,-13441689.9139965,4525973.42439249
875,2023-24,0619620,5071134,50711340000000,Stanislaus,Keyes Union,Elementary,KG,12,Differentiated Assistance,4801 Lucinda Ave.,Keyes,95328,06,13,04,22,"21 - Suburban, Large",37.55972203,-120.90429496,1056,354,702,9,0.9,8,0.8,58,5.5,2,0.2,735,69.6,1,0.1,228,21.6,14,1.3,1,0.1,284,26.9,2,0.2,5,0.5,25,2.4,736,69.7,135,12.8,-13459004.5494014,4517414.65373031
876,2023-24,0620010,5071142,50711420000000,Stanislaus,Knights Ferry Elementary,Elementary,KG,08,General Assistance,12726 Dent St.,Knights Ferry,95361,06,05,04,09,"42 - Rural, Distant",37.82074307,-120.67296695,119,0,119,0,0,0,0,0,0,0,0,17,14.3,0,0,84,70.6,5,4.2,13,10.9,5,4.2,0,0,0,0,0,0,26,21.8,9,7.6,-13433253.2335477,4554133.67893719
877,2023-24,0625130,5071167,50711670000000,Stanislaus,Modesto City Elementary,Elementary,KG,12,Differentiated Assistance,426 Locust St.,Modesto,95351,06,13,04,22,"12 - City, Midsize ",37.63929504,-121.01248498,15270,1133,14137,350,2.3,43,0.3,557,3.6,58,0.4,11040,72.3,56,0.4,2108,13.8,649,4.3,409,2.7,5098,33.4,33,0.2,191,1.3,100,0.7,13007,85.2,1913,12.5,-13471048.2080506,4528594.8691847
878,2023-24,0625150,5071175,50711750000000,Stanislaus,Modesto City High,High,06,12,Differentiated Assistance,426 Locust St.,Modesto,95351,06,13,04,22,"12 - City, Midsize ",37.63929504,-121.01248498,16161,621,15540,421,2.6,44,0.3,821,5.1,201,1.2,10256,63.5,99,0.6,2891,17.9,676,4.2,752,4.7,2691,16.7,46,0.3,90,0.6,90,0.6,11222,69.4,2082,12.9,-13471048.2080506,4528594.8691847
879,2023-24,0629790,5071209,50712090000000,Stanislaus,Paradise Elementary,Elementary,KG,08,General Assistance,3361 California Ave.,Modesto,95358,06,13,04,22,"41 - Rural, Fringe",37.62449503,-121.05506699,182,122,60,0,0,1,0.5,13,7.1,0,0,118,64.8,0,0,25,13.7,0,0,25,13.7,52,28.6,1,0.5,2,1.1,0,0,118,64.8,10,5.5,-13475788.4152256,4526514.5241772
880,2023-24,0630030,5071217,50712170000000,Stanislaus,Patterson Joint Unified,Unified,KG,12,Differentiated Assistance,510 Keystone Blvd.,Patterson,95363,06,13,04,22,"31 - Town, Fringe",37.47416901,-121.16088699,6138,0,6138,269,4.4,23,0.4,156,2.5,105,1.7,4743,77.3,84,1.4,524,8.5,107,1.7,127,2.1,1981,32.3,24,0.4,171,2.8,194,3.2,4845,78.9,1041,17,-13487568.2436733,4505407.54048788
881,2023-24,0633210,5071233,50712330000000,Stanislaus,Roberts Ferry Union Elementary,Elementary,KG,08,General Assistance,101 Roberts Ferry Rd,Waterford,95386,06,05,04,09,"42 - Rural, Distant",37.63790806,-120.61919892,192,167,25,2,1,0,0,0,0,0,0,74,38.5,0,0,100,52.1,3,1.6,13,6.8,32,16.7,0,0,0,0,0,0,95,49.5,23,12,-13427267.8038492,4528399.89344611
882,2023-24,0633900,5071266,50712660000000,Stanislaus,Salida Union Elementary,Elementary,KG,08,General Assistance,4801 Sisk Rd.,Salida,95368,06,05,04,09,"21 - Suburban, Large",37.70763504,-121.078014,2990,880,2110,63,2.1,10,0.3,147,4.9,53,1.8,1943,65,24,0.8,597,20,129,4.3,24,0.8,715,23.9,1,0,16,0.5,35,1.2,1971,65.9,316,10.6,-13478342.8649172,4538206.38036925
883,2023-24,0636660,5071274,50712740000000,Stanislaus,Shiloh Elementary,Elementary,KG,08,General Assistance,6633 Paradise Rd.,Modesto,95358,06,13,04,22,"41 - Rural, Fringe",37.60934302,-121.115681,178,154,24,0,0,2,1.1,1,0.6,0,0,95,53.4,0,0,70,39.3,6,3.4,4,2.2,56,31.5,0,0,0,0,0,0,112,62.9,20,11.2,-13482535.9356425,4524385.12948812
884,2023-24,0637950,5071282,50712820000000,Stanislaus,Stanislaus Union Elementary,Elementary,KG,08,Differentiated Assistance,2410 Janna Ave.,Modesto,95350,06,05,04,22,"12 - City, Midsize ",37.67741404,-121.02872499,3297,0,3297,94,2.9,13,0.4,349,10.6,33,1,1830,55.5,47,1.4,526,16,158,4.8,247,7.5,716,21.7,10,0.3,175,5.3,2,0.1,2462,74.7,351,10.6,-13472856.037438,4533954.93049527
885,2023-24,0638670,5071290,50712900000000,Stanislaus,Sylvan Union Elementary,Elementary,KG,08,Differentiated Assistance,605 Sylvan Ave.,Modesto,95350,06,05,04,22,"12 - City, Midsize ",37.68945304,-120.98566199,8013,0,8013,226,2.8,33,0.4,639,8,198,2.5,4048,50.5,94,1.2,2094,26.1,473,5.9,208,2.6,1241,15.5,15,0.2,99,1.2,0,0,4793,59.8,1104,13.8,-13468062.2855804,4535648.35395387
886,2023-24,0640800,5071324,50713240000000,Stanislaus,Valley Home Joint Elementary,Elementary,KG,08,Differentiated Assistance,13231 Pioneer Ave.,Valley Home,95361,06,09,04,09,"42 - Rural, Distant",37.83002406,-120.91563499,186,0,186,0,0,0,0,1,0.5,0,0,69,37.1,0,0,102,54.8,4,2.2,10,5.4,25,13.4,0,0,0,0,0,0,84,45.2,16,8.6,-13460266.9161245,4555441.66240597
887,2023-24,0627200,5073601,50736010000000,Stanislaus,Newman-Crows Landing Unified,Unified,KG,12,Differentiated Assistance,1223 Main St.,Newman,95360,06,13,04,22,"32 - Town, Distant",37.316564,-121.02345295,3161,0,3161,63,2,4,0.1,21,0.7,28,0.9,2567,81.2,4,0.1,380,12,94,3,0,0,1019,32.2,8,0.3,15,0.5,89,2.8,1910,60.4,478,15.1,-13472269.1564865,4483324.06448401
888,2023-24,0600060,5075549,50755490000000,Stanislaus,Hughson Unified,Unified,KG,12,General Assistance,7448 Fox Rd.,Hughson,95326,06,05,04,09,"21 - Suburban, Large",37.60153804,-120.85910496,2190,0,2190,9,0.4,7,0.3,24,1.1,2,0.1,1168,53.3,6,0.3,964,44,8,0.4,2,0.1,360,16.4,7,0.3,14,0.6,43,2,1303,59.5,244,11.1,-13453974.0214051,4523288.42172737
889,2023-24,0600061,5075556,50755560000000,Stanislaus,Riverbank Unified,Unified,KG,12,Differentiated Assistance,6715 Seventh St.,Riverbank,95367,06,05,04,09,"21 - Suburban, Large",37.73683705,-120.92923498,2983,566,2417,18,0.6,14,0.5,29,1,4,0.1,2449,82.1,5,0.2,379,12.7,40,1.3,45,1.5,1014,34,15,0.5,144,4.8,46,1.5,2510,84.1,261,8.7,-13461780.8602196,4542316.12773344
890,2023-24,0600062,5075564,50755640000000,Stanislaus,Oakdale Joint Unified,Unified,KG,12,Differentiated Assistance,168 South Third Ave.,Oakdale,95361,06,05,04,09,"31 - Town, Fringe",37.76528506,-120.84751097,5173,68,5105,46,0.9,24,0.5,50,1,27,0.5,2203,42.6,7,0.1,2609,50.4,191,3.7,16,0.3,587,11.3,18,0.3,23,0.4,39,0.8,2229,43.1,745,14.4,-13452683.3851398,4546321.31933011
891,2023-24,0600063,5075572,50755720000000,Stanislaus,Waterford Unified,Unified,KG,12,General Assistance,"219 North Reinway Ave., Bldg. 2",Waterford,95386,06,05,04,09,"31 - Town, Fringe",37.64011905,-120.77446095,2505,768,1737,37,1.5,5,0.2,86,3.4,9,0.4,1480,59.1,8,0.3,761,30.4,103,4.1,16,0.6,460,18.4,4,0.2,30,1.2,155,6.2,1943,77.6,349,13.9,-13444551.4934875,4528710.70809284
892,2023-24,0600158,5075739,50757390000000,Stanislaus,Turlock Unified,Unified,KG,12,Differentiated Assistance,1574 East Canal,Turlock,95380,06,05,04,22,"23 - Suburban, Small",37.49966704,-120.83284494,13667,291,13376,248,1.8,82,0.6,884,6.5,19,0.1,8354,61.1,55,0.4,3571,26.1,237,1.7,217,1.6,3605,26.4,68,0.5,115,0.8,64,0.5,9024,66,1877,13.7,-13451050.7699891,4508984.67316196
893,2023-24,0691042,5110512,51105120000000,Sutter,Sutter County Office of Education,County Office of Education (COE),KG,12,General Assistance,970 Klamath Ln.,Yuba City,95993,03,01,01,03,"13 - City, Small",39.13916211,-121.65232227,472,132,340,14,3,8,1.7,51,10.8,1,0.2,206,43.6,1,0.2,162,34.3,17,3.6,12,2.5,73,15.5,1,0.2,6,1.3,7,1.5,325,68.9,348,73.7,-13542274.5684969,4741624.99999081
894,2023-24,0606090,5171357,51713570000000,Sutter,Brittan Elementary,Elementary,KG,08,General Assistance,2340 Pepper St.,Sutter,95982,03,01,01,03,"41 - Rural, Fringe",39.16194811,-121.74709128,495,0,495,0,0,0,0,6,1.2,0,0,116,23.4,0,0,331,66.9,42,8.5,0,0,13,2.6,2,0.4,1,0.2,0,0,206,41.6,65,13.1,-13552824.2073292,4744895.86936818
895,2023-24,0606100,5171365,51713650000000,Sutter,Browns Elementary,Elementary,KG,08,General Assistance,1248 Pacific Ave.,Rio Oso,95674,03,01,01,03,"41 - Rural, Fringe",38.94692811,-121.52387222,132,0,132,1,0.8,0,0,7,5.3,0,0,37,28,4,3,71,53.8,12,9.1,0,0,15,11.4,0,0,0,0,0,0,52,39.4,14,10.6,-13527975.5749972,4714072.32796909
896,2023-24,0611780,5171373,51713730000000,Sutter,East Nicolaus Joint Union High,High,09,12,General Assistance,2454 Nicolaus Ave.,Nicolaus,95659,03,01,01,03,"42 - Rural, Distant",38.91176211,-121.52681322,299,0,299,5,1.7,2,0.7,4,1.3,0,0,90,30.1,3,1,177,59.2,9,3,9,3,14,4.7,0,0,3,1,0,0,97,32.4,25,8.4,-13528302.96502,4709040.1209695
897,2023-24,0614340,5171381,51713810000000,Sutter,Franklin Elementary,Elementary,KG,08,General Assistance,332 North Township Rd.,Yuba City,95993,03,01,01,03,"41 - Rural, Fringe",39.12797911,-121.68985127,505,0,505,1,0.2,4,0.8,63,12.5,0,0,112,22.2,1,0.2,276,54.7,44,8.7,4,0.8,40,7.9,4,0.8,3,0.6,6,1.2,160,31.7,51,10.1,-13546452.2781048,4740020.09642449
898,2023-24,0622050,5171399,51713990000000,Sutter,Live Oak Unified,Unified,KG,12,Differentiated Assistance,2201 Pennington Rd.,Live Oak,95953,03,01,01,03,"31 - Town, Fringe",39.27640212,-121.65457428,2026,0,2026,31,1.5,14,0.7,208,10.3,10,0.5,1221,60.3,3,0.1,516,25.5,23,1.1,0,0,323,15.9,13,0.6,8,0.4,55,2.7,1565,77.2,289,14.3,-13542525.2620282,4761341.49516118
899,2023-24,0623800,5171407,51714070000000,Sutter,Marcum-Illinois Union Elementary,Elementary,KG,12,General Assistance,2452 El Centro Blvd.,East Nicolaus,95659,03,01,01,03,"42 - Rural, Distant",38.9114551,-121.54284322,2667,2485,182,45,1.7,4,0.1,56,2.1,31,1.2,478,17.9,9,0.3,1493,56,239,9,312,11.7,204,7.6,2,0.1,27,1,0,0,1043,39.1,274,10.3,-13530087.4168102,4708996.20042187
900,2023-24,0624690,5171415,51714150000000,Sutter,Meridian Elementary,Elementary,KG,12,General Assistance,15898 Central St.,Meridian,95957,03,01,01,03,"42 - Rural, Distant",39.14192009,-121.9099753,1530,1467,63,250,16.3,10,0.7,99,6.5,30,2,461,30.1,31,2,471,30.8,178,11.6,0,0,106,6.9,2,0.1,49,3.2,2,0.1,1083,70.8,228,14.9,-13570956.3735376,4742020.84428758
901,2023-24,0627750,5171423,51714230000000,Sutter,Nuestro Elementary,Elementary,KG,12,General Assistance,3934 Broadway Rd.,Live Oak,95953,03,01,01,03,"41 - Rural, Fringe",39.18739112,-121.67916928,813,642,171,17,2.1,9,1.1,57,7,15,1.8,175,21.5,3,0.4,498,61.3,38,4.7,1,0.1,40,4.9,3,0.4,12,1.5,0,0,374,46,75,9.2,-13545263.1639529,4748549.39830015
902,2023-24,0630900,5171431,51714310000000,Sutter,Pleasant Grove Joint Union,Elementary,KG,08,General Assistance,3075 Howsley Rd.,Pleasant Grove,95668,03,01,01,03,"42 - Rural, Distant",38.8233891,-121.5040992,157,0,157,3,1.9,3,1.9,3,1.9,0,0,37,23.6,2,1.3,100,63.7,9,5.7,0,0,14,8.9,0,0,5,3.2,0,0,65,41.4,14,8.9,-13525774.4525158,4696405.0573085
903,2023-24,0638610,5171449,51714490000000,Sutter,Sutter Union High,High,09,12,General Assistance,2665 Acacia St.,Sutter,95982,03,01,01,03,"41 - Rural, Fringe",39.16572011,-121.75503628,795,0,795,2,0.3,6,0.8,23,2.9,1,0.1,237,29.8,0,0,467,58.7,59,7.4,0,0,26,3.3,1,0.1,20,2.5,1,0.1,246,30.9,70,8.8,-13553708.6407565,4745437.43216796
904,2023-24,0642900,5171456,51714560000000,Sutter,Winship-Robbins,Elementary,KG,12,General Assistance,17451 Pepper St.,Robbins,95676,03,01,01,03,"42 - Rural, Distant",38.87145709,-121.70175024,2662,2562,100,49,1.8,1,0,53,2,21,0.8,459,17.2,13,0.5,1791,67.3,168,6.3,107,4,218,8.2,1,0,60,2.3,5,0.2,1055,39.6,204,7.7,-13547776.8652291,4703275.59330343
905,2023-24,0643470,5171464,51714640000000,Sutter,Yuba City Unified,Unified,KG,12,Differentiated Assistance,"425 Plumas Blvd, Suite 200",Yuba City,95991,03,01,01,03,"13 - City, Small",39.13107612,-121.61353826,12211,750,11461,185,1.5,85,0.7,2492,20.4,47,0.4,5816,47.6,36,0.3,2703,22.1,589,4.8,258,2.1,2636,21.6,49,0.4,164,1.3,496,4.1,8584,70.3,1417,11.6,-13537957.1525902,4740464.53086383
906,2023-24,0691043,5210520,52105200000000,Tehama,Tehama County Department of Education,County Office of Education (COE),KG,12,General Assistance,1135 Lincoln St.,Red Bluff,96080,02,01,01,03,"32 - Town, Distant",40.17831615,-122.2455055,250,184,66,2,0.8,7,2.8,0,0,0,0,65,26,0,0,137,54.8,21,8.4,18,7.2,13,5.2,6,2.4,21,8.4,2,0.8,184,73.6,94,37.6,-13608307.4235808,4891888.63143344
907,2023-24,0602760,5271472,52714720000000,Tehama,Antelope Elementary,Elementary,KG,08,General Assistance,22630 Antelope Blvd.,Red Bluff,96080,02,01,01,03,"32 - Town, Distant",40.18635315,-122.19415849,798,94,704,11,1.4,22,2.8,3,0.4,4,0.5,227,28.4,2,0.3,508,63.7,17,2.1,4,0.5,43,5.4,8,1,13,1.6,0,0,388,48.6,102,12.8,-13602591.5010063,4893059.68015597
908,2023-24,0609780,5271498,52714980000000,Tehama,Corning Union Elementary,Elementary,KG,08,General Assistance,1005 Hoag St.,Corning,96021,02,01,01,03,"32 - Town, Distant",39.92559013,-122.18597045,1954,0,1954,4,0.2,18,0.9,16,0.8,1,0.1,1436,73.5,1,0.1,445,22.8,33,1.7,0,0,830,42.5,10,0.5,125,6.4,18,0.9,1768,90.5,266,13.6,-13601680.0127785,4855135.12495061
909,2023-24,0609810,5271506,52715060000000,Tehama,Corning Union High,High,09,12,Differentiated Assistance,643 Blackburn Ave.,Corning,96021,02,01,01,03,"32 - Town, Distant",39.93460214,-122.17269245,1057,0,1057,7,0.7,17,1.6,16,1.5,2,0.2,713,67.5,3,0.3,267,25.3,15,1.4,17,1.6,277,26.2,12,1.1,31,2.9,34,3.2,872,82.5,153,14.5,-13600201.9126078,4856443.38603191
910,2023-24,0613170,5271522,52715220000000,Tehama,Evergreen Union,Elementary,KG,12,General Assistance,19500 Learning Way,Cottonwood,96022,02,01,01,03,"41 - Rural, Fringe",40.35801915,-122.33149654,1197,152,1045,2,0.2,24,2,15,1.3,3,0.3,223,18.6,1,0.1,874,73,55,4.6,0,0,52,4.3,16,1.3,71,5.9,2,0.2,677,56.6,131,10.9,-13617879.9022597,4918105.85936758
911,2023-24,0613860,5271530,52715300000000,Tehama,Flournoy Union Elementary,Elementary,KG,08,General Assistance,15850 Paskenta Rd.,Flournoy,96029,02,01,01,03,"43 - Rural, Remote",39.92144911,-122.44764649,39,0,39,0,0,0,0,0,0,0,0,9,23.1,0,0,28,71.8,2,5.1,0,0,0,0,0,0,0,0,0,0,24,61.5,5,12.8,-13630809.6561535,4854534.03559252
912,2023-24,0615090,5271548,52715480000000,Tehama,Gerber Union Elementary,Elementary,KG,08,General Assistance,23014 Chard Ave.,Gerber,96035,02,01,01,03,"42 - Rural, Distant",40.06958015,-122.18043447,410,0,410,5,1.2,9,2.2,2,0.5,0,0,310,75.6,1,0.2,75,18.3,6,1.5,2,0.5,140,34.1,1,0.2,22,5.4,0,0,353,86.1,67,16.3,-13601063.7501709,4876058.63425336
913,2023-24,0619860,5271555,52715550000000,Tehama,Kirkwood Elementary,Elementary,KG,08,General Assistance,2049 Kirkwood Rd.,Corning,96021,02,01,01,03,"42 - Rural, Distant",39.85677513,-122.16304444,103,0,103,0,0,0,0,0,0,0,0,21,20.4,0,0,82,79.6,0,0,0,0,6,5.8,0,0,8,7.8,0,0,45,43.7,11,10.7,-13599127.9006754,4845151.00764259
914,2023-24,0621090,5271563,52715630000000,Tehama,Lassen View Union Elementary,Elementary,KG,08,General Assistance,10818 Highway 99-E,Los Molinos,96055,02,01,01,03,"42 - Rural, Distant",40.10707915,-122.10772247,367,0,367,6,1.6,1,0.3,0,0,0,0,95,25.9,0,0,263,71.7,2,0.5,0,0,13,3.5,0,0,18,4.9,2,0.5,191,52,39,10.6,-13592969.4867333,4881514.95285232
915,2023-24,0622860,5271571,52715710000000,Tehama,Los Molinos Unified,Unified,KG,12,General Assistance,7851 Highway 99-E,Los Molinos,96055,02,01,01,03,"42 - Rural, Distant",40.02436715,-122.10037245,519,0,519,3,0.6,10,1.9,7,1.3,0,0,275,53,0,0,206,39.7,15,2.9,3,0.6,113,21.8,5,1,7,1.3,0,0,380,73.2,74,14.3,-13592151.287109,4869483.87914404
916,2023-24,0631980,5271621,52716210000000,Tehama,Red Bluff Union Elementary,Elementary,KG,08,Differentiated Assistance,"1755 Airport Blvd., Administration Bldg.",Red Bluff,96080,02,01,01,03,"32 - Town, Distant",40.15646815,-122.25017449,1893,0,1893,22,1.2,50,2.6,20,1.1,4,0.2,816,43.1,11,0.6,873,46.1,86,4.5,11,0.6,262,13.8,19,1,86,4.5,19,1,1531,80.9,268,14.2,-13608827.1740001,4888705.92365761
917,2023-24,0632010,5271639,52716390000000,Tehama,Red Bluff Joint Union High,High,09,12,Differentiated Assistance,1525 Douglass St.,Red Bluff,96080,02,01,01,03,"41 - Rural, Fringe",40.17806015,-122.2523615,1709,0,1709,15,0.9,44,2.6,27,1.6,5,0.3,637,37.3,5,0.3,910,53.2,62,3.6,4,0.2,116,6.8,18,1.1,81,4.7,12,0.7,1380,80.7,258,15.1,-13609070.6301384,4891851.33296071
918,2023-24,0632250,5271647,52716470000000,Tehama,Reeds Creek Elementary,Elementary,KG,08,General Assistance,18335 Johnson Rd.,Red Bluff,96080,02,01,01,03,"42 - Rural, Distant",40.15614414,-122.35529451,190,0,190,1,0.5,4,2.1,1,0.5,0,0,22,11.6,0,0,151,79.5,5,2.6,6,3.2,4,2.1,4,2.1,2,1.1,0,0,96,50.5,25,13.2,-13620529.0806197,4888658.73132042
919,2023-24,0632400,5271654,52716540000000,Tehama,Richfield Elementary,Elementary,KG,08,General Assistance,23875 River Rd.,Corning,96021,02,01,01,03,"42 - Rural, Distant",39.97446114,-122.14475545,263,0,263,0,0,1,0.4,4,1.5,1,0.4,133,50.6,0,0,118,44.9,6,2.3,0,0,67,25.5,0,0,1,0.4,1,0.4,140,53.2,32,12.2,-13597091.9799522,4862231.73581607
920,2023-24,0691044,5310538,53105380000000,Trinity,Trinity County Office of Education,County Office of Education (COE),KG,12,General Assistance,201 Memorial Dr.,Weaverville,96093,02,02,02,02,"43 - Rural, Remote",40.73682013,-122.94757768,108,108,0,4,3.7,4,3.7,2,1.9,0,0,26,24.1,0,0,68,63,4,3.7,0,0,1,0.9,17,15.7,13,12,0,0,96,88.9,26,24.1,-13686461.741874,4973599.8526497
921,2023-24,0606510,5371662,53716620000000,Trinity,Burnt Ranch Elementary,Elementary,KG,08,General Assistance,251 Burnt Ranch School Rd.,Burnt Ranch,95527,02,02,02,02,"43 - Rural, Remote",40.80895409,-123.47973277,85,0,85,0,0,10,11.8,2,2.4,0,0,14,16.5,0,0,45,52.9,12,14.1,2,2.4,0,0,0,0,4,4.7,0,0,66,77.6,12,14.1,-13745700.9754117,4984203.14422846
922,2023-24,0609240,5371670,53716700000000,Trinity,Coffee Creek Elementary,Elementary,KG,08,General Assistance,261 Coffee Creek Rd. Box 4740,Coffee Creek,96091,02,02,02,02,"43 - Rural, Remote",41.08568418,-122.7118737,8,0,8,0,0,0,0,0,0,0,0,0,0,0,0,6,75,2,25,0,0,0,0,0,0,0,0,0,0,4,50,0,0,-13660223.29451,5024988.28707039
923,2023-24,0611430,5371696,53716960000000,Trinity,Douglas City Elementary,Elementary,KG,08,General Assistance,100 School Rd.,Douglas City,96024,02,02,02,02,"43 - Rural, Remote",40.65280513,-122.94391367,165,0,165,4,2.4,11,6.7,17,10.3,0,0,14,8.5,0,0,108,65.5,11,6.7,0,0,10,6.1,1,0.6,7,4.2,0,0,84,50.9,25,15.2,-13686053.8658006,4961264.59618754
924,2023-24,0619170,5371738,53717380000000,Trinity,Junction City Elementary,Elementary,KG,08,General Assistance,430 Red Hill Rd.,Junction City,96048,02,02,02,02,"43 - Rural, Remote",40.73329312,-123.0594567,72,0,72,0,0,2,2.8,0,0,0,0,11,15.3,0,0,49,68.1,10,13.9,0,0,0,0,0,0,11,15.3,0,0,55,76.4,7,9.7,-13698916.0568705,4973081.6966576
925,2023-24,0621480,5371746,53717460000000,Trinity,Lewiston Elementary,Elementary,KG,08,General Assistance,685 Lewiston Rd.,Lewiston,96052,02,02,02,02,"42 - Rural, Distant",40.69994714,-122.81326066,66,0,66,0,0,4,6.1,1,1.5,0,0,4,6.1,0,0,49,74.2,8,12.1,0,0,0,0,0,0,16,24.2,0,0,42,63.6,7,10.6,-13671509.6389879,4968184.16846248
926,2023-24,0639750,5371761,53717610000000,Trinity,Trinity Center Elementary,Elementary,KG,08,General Assistance,1 Trinity Vista Dr.,Trinity Center,96091,02,02,02,02,"43 - Rural, Remote",40.98320717,-122.70679368,14,0,14,0,0,0,0,2,14.3,0,0,0,0,0,0,12,85.7,0,0,0,0,0,0,0,0,2,14.3,0,0,12,85.7,1,7.1,-13659657.7895518,5009865.04039827
927,2023-24,0637630,5373833,53738330000000,Trinity,Southern Trinity Joint Unified,Unified,KG,12,General Assistance,680 Van Duzen Rd.,Mad River,95526,02,02,02,02,"43 - Rural, Remote",40.45537506,-123.52877573,77,0,77,0,0,4,5.2,0,0,3,3.9,5,6.5,0,0,54,70.1,11,14.3,0,0,0,0,0,0,9,11.7,0,0,44,57.1,6,7.8,-13751160.4121946,4932338.48735728
928,2023-24,0600018,5375028,53750280000000,Trinity,Mountain Valley Unified,Unified,KG,12,General Assistance,231 Oak Ave.,Hayfork,96041,02,02,02,02,"43 - Rural, Remote",40.5510971,-123.17115969,340,0,340,0,0,8,2.4,81,23.8,2,0.6,25,7.4,0,0,194,57.1,30,8.8,0,0,34,10,0,0,74,21.8,0,0,292,85.9,53,15.6,-13711350.7767862,4946352.37731372
929,2023-24,0601331,5376513,53765130000000,Trinity,Trinity Alps Unified,Unified,KG,12,Differentiated Assistance,321 Victory Ln.,Weaverville,96093,02,02,02,02,"43 - Rural, Remote",40.73965813,-122.94780468,657,0,657,7,1.1,26,4,6,0.9,0,0,58,8.8,1,0.2,501,76.3,47,7.2,11,1.7,6,0.9,14,2.1,53,8.1,0,0,465,70.8,107,16.3,-13686487.0114875,4974016.8053212
930,2023-24,0691045,5410546,54105460000000,Tulare,Tulare County Office of Education,County Office of Education (COE),KG,12,General Assistance,6200 South Mooney Blvd.,Visalia,93277,07,20,12,32,"12 - City, Midsize ",36.27431302,-119.31165157,3523,2354,1169,34,1,14,0.4,39,1.1,21,0.6,2161,61.3,6,0.2,1073,30.5,106,3,69,2,274,7.8,24,0.7,31,0.9,10,0.3,2053,58.3,1370,38.9,-13281712.2980535,4338432.36553
931,2023-24,0601980,5471795,54717950000000,Tulare,Allensworth Elementary,Elementary,KG,08,Differentiated Assistance,3320 Young Rd.,Allensworth,93219,07,22,16,33,"42 - Rural, Distant",35.85470098,-119.39112254,101,0,101,2,2,0,0,0,0,0,0,99,98,0,0,0,0,0,0,0,0,48,47.5,1,1,0,0,11,10.9,94,93.1,6,5.9,-13290558.966023,4280646.8247758
932,2023-24,0602010,5471803,54718030000000,Tulare,Alpaugh Unified,Unified,KG,12,General Assistance,5313 Road 39,Alpaugh,93201,07,22,16,33,"42 - Rural, Distant",35.88645797,-119.48660456,1236,867,369,24,1.9,1,0.1,16,1.3,2,0.2,772,62.5,4,0.3,301,24.4,116,9.4,0,0,207,16.7,6,0.5,33,2.7,28,2.3,897,72.6,183,14.8,-13301187.9757389,4285009.39017027
933,2023-24,0602220,5471811,54718110000000,Tulare,Alta Vista Elementary,Elementary,KG,12,General Assistance,2293 East Crabtree Ave.,Porterville,93257,07,22,16,33,"23 - Suburban, Small",36.05835303,-118.96612149,1687,1167,520,26,1.5,4,0.2,21,1.2,1,0.1,864,51.2,14,0.8,614,36.4,75,4.4,68,4,284,16.8,11,0.7,71,4.2,57,3.4,1029,61,165,9.8,-13243248.0656005,4308653.631804
934,2023-24,0606420,5471829,54718290000000,Tulare,Buena Vista Elementary,Elementary,KG,08,General Assistance,21660 Road 60,Tulare,93274,07,22,16,33,"41 - Rural, Fringe",36.18256101,-119.43879358,180,0,180,0,0,0,0,0,0,0,0,130,72.2,0,0,47,26.1,3,1.7,0,0,28,15.6,2,1.1,0,0,0,0,138,76.7,19,10.6,-13295865.6821224,4325770.64871166
935,2023-24,0606570,5471837,54718370000000,Tulare,Burton Elementary,Elementary,KG,12,General Assistance,264 North Westwood St.,Porterville,93257,07,22,16,33,"23 - Suburban, Small",36.07169302,-119.07058751,4844,2426,2418,20,0.4,44,0.9,86,1.8,82,1.7,3796,78.4,7,0.1,539,11.1,74,1.5,196,4,753,15.5,27,0.6,163,3.4,160,3.3,3896,80.4,371,7.7,-13254877.1697133,4310490.71029872
936,2023-24,0609510,5471852,54718520000000,Tulare,Columbine Elementary,Elementary,KG,08,General Assistance,2240 Road 160,Delano,93215,07,22,16,33,"42 - Rural, Distant",35.83116799,-119.21397551,175,0,175,0,0,0,0,10,5.7,6,3.4,154,88,0,0,4,2.3,1,0.6,0,0,11,6.3,0,0,0,0,7,4,104,59.4,9,5.1,-13270839.0487659,4277415.14568236
937,2023-24,0610350,5471860,54718600000000,Tulare,Cutler-Orosi Joint Unified,Unified,KG,12,General Assistance,12623 Avenue 416,Orosi,93647,07,21,16,33,"32 - Town, Distant",36.54435305,-119.29091759,3825,0,3825,5,0.1,3,0.1,14,0.4,100,2.6,3670,95.9,5,0.1,24,0.6,2,0.1,2,0.1,1575,41.2,23,0.6,179,4.7,135,3.5,3648,95.4,362,9.5,-13279404.2024455,4375784.35856505
938,2023-24,0611550,5471894,54718940000000,Tulare,Ducor Union Elementary,Elementary,KG,08,General Assistance,23761 Avenue 56,Ducor,93218,07,22,16,33,"42 - Rural, Distant",35.891109,-119.04126748,160,0,160,0,0,1,0.6,1,0.6,0,0,148,92.5,0,0,8,5,0,0,2,1.2,71,44.4,0,0,0,0,18,11.2,113,70.6,9,5.6,-13251613.279746,4285648.46467898
939,2023-24,0611760,5471902,54719020000000,Tulare,Earlimart Elementary,Elementary,KG,08,General Assistance,785 East Center Ave.,Earlimart,93219,07,22,16,33,"32 - Town, Distant",35.88573499,-119.26899452,1391,0,1391,1,0.1,0,0,1,0.1,23,1.7,1344,96.6,2,0.1,8,0.6,0,0,12,0.9,797,57.3,5,0.4,19,1.4,61,4.4,1303,93.7,84,6,-13276963.7375268,4284910.05167732
940,2023-24,0617520,5471944,54719440000000,Tulare,Hope Elementary,Elementary,KG,08,General Assistance,613 West Teapot Dome Ave.,Porterville,93257,07,22,16,33,"41 - Rural, Fringe",36.02192102,-119.03189249,219,0,219,0,0,2,0.9,2,0.9,1,0.5,142,64.8,0,0,68,31.1,4,1.8,0,0,37,16.9,1,0.5,0,0,5,2.3,144,65.8,12,5.5,-13250569.6606814,4303638.08955866
941,2023-24,0617640,5471951,54719510000000,Tulare,Hot Springs Elementary,Elementary,KG,08,General Assistance,40505 Hot Springs Dr.,California Hot Springs,93207,07,20,12,32,"42 - Rural, Distant",35.87121702,-118.70282643,13,0,13,0,0,0,0,0,0,0,0,6,46.2,0,0,7,53.8,0,0,0,0,0,0,1,7.7,0,0,0,0,13,100,0,0,-13213938.1934495,4282915.47137315
942,2023-24,0619740,5471969,54719690000000,Tulare,Kings River Union Elementary,Elementary,KG,08,General Assistance,3961 Avenue 400,Kingsburg,93631,07,21,16,33,"42 - Rural, Distant",36.51675104,-119.48583262,401,0,401,0,0,2,0.5,0,0,0,0,382,95.3,0,0,15,3.7,2,0.5,0,0,188,46.9,5,1.2,27,6.7,13,3.2,364,90.8,37,9.2,-13301102.04417,4371960.4741867
943,2023-24,0621570,5471985,54719850000000,Tulare,Liberty Elementary,Elementary,KG,08,General Assistance,1771 East Pacific Ave.,Tulare,93274,07,20,12,33,"23 - Suburban, Small",36.24693902,-119.32112757,819,0,819,14,1.7,14,1.7,12,1.5,4,0.5,428,52.3,1,0.1,325,39.7,11,1.3,10,1.2,49,6,0,0,3,0.4,0,0,367,44.8,46,5.6,-13282767.1614194,4334653.2161301
944,2023-24,0621870,5471993,54719930000000,Tulare,Lindsay Unified,Unified,KG,12,Differentiated Assistance,371 East Hermosa St.,Lindsay,93247,07,22,16,33,"31 - Town, Fringe",36.20669503,-119.08845252,3987,43,3944,9,0.2,8,0.2,24,0.6,1,0,3783,94.9,3,0.1,129,3.2,3,0.1,27,0.7,1298,32.6,20,0.5,356,8.9,698,17.5,3532,88.6,386,9.7,-13256865.8941904,4329099.68865037
945,2023-24,0625350,5472009,54720090000000,Tulare,Monson-Sultana Joint Union Elementary,Elementary,KG,08,General Assistance,10643 Ave. 416,Sultana,93666,07,21,16,33,"41 - Rural, Fringe",36.54440405,-119.3351736,433,0,433,0,0,0,0,0,0,0,0,422,97.5,0,0,10,2.3,1,0.2,0,0,165,38.1,2,0.5,16,3.7,24,5.5,378,87.3,36,8.3,-13284330.7585037,4375791.42471174
946,2023-24,0627900,5472017,54720170000000,Tulare,Oak Valley Union Elementary,Elementary,KG,08,General Assistance,24500 Road 68,Tulare,93274,07,22,12,32,"41 - Rural, Fringe",36.23388401,-119.42038558,574,0,574,4,0.7,4,0.7,0,0,1,0.2,457,79.6,0,0,100,17.4,3,0.5,5,0.9,125,21.8,5,0.9,10,1.7,23,4,425,74,42,7.3,-13293816.5131223,4332851.35813345
947,2023-24,0629160,5472025,54720250000000,Tulare,Outside Creek Elementary,Elementary,KG,08,General Assistance,26452 Road 164,Visalia,93292,07,21,12,32,"41 - Rural, Fringe",36.26953403,-119.20679355,141,0,141,0,0,0,0,0,0,0,0,116,82.3,0,0,24,17,0,0,1,0.7,43,30.5,1,0.7,0,0,0,0,94,66.7,11,7.8,-13270039.5568778,4337772.500569
948,2023-24,0629670,5472033,54720330000000,Tulare,Palo Verde Union Elementary,Elementary,KG,08,General Assistance,9637 Avenue 196,Tulare,93274,07,22,16,33,"41 - Rural, Fringe",36.14516201,-119.35700056,502,0,502,4,0.8,0,0,3,0.6,0,0,459,91.4,0,0,32,6.4,1,0.2,3,0.6,206,41,6,1.2,16,3.2,17,3.4,447,89,30,6,-13286760.5250791,4320613.86795824
949,2023-24,0630630,5472041,54720410000000,Tulare,Pixley Union Elementary,Elementary,KG,08,General Assistance,300 North School St.,Pixley,93256,07,22,16,33,"42 - Rural, Distant",35.973253,-119.28056153,861,0,861,6,0.7,1,0.1,7,0.8,0,0,821,95.4,0,0,26,3,0,0,0,0,381,44.3,1,0.1,124,14.4,118,13.7,836,97.1,58,6.7,-13278251.37131,4296941.6494183
950,2023-24,0631050,5472058,54720580000000,Tulare,Pleasant View Elementary,Elementary,KG,08,Differentiated Assistance,14004 Road 184,Porterville,93257,07,22,16,33,"41 - Rural, Fringe",36.04389501,-119.16066152,454,0,454,1,0.2,0,0,0,0,26,5.7,395,87,0,0,31,6.8,1,0.2,0,0,237,52.2,4,0.9,23,5.1,8,1.8,407,89.6,25,5.5,-13264904.1628302,4306662.93983394
951,2023-24,0632430,5472082,54720820000000,Tulare,Richgrove Elementary,Elementary,KG,08,General Assistance,20812 Grove Dr.,Richgrove,93261,07,22,16,33,"42 - Rural, Distant",35.80035899,-119.10623849,498,0,498,0,0,1,0.2,5,1,3,0.6,489,98.2,0,0,0,0,0,0,0,0,280,56.2,0,0,2,0.4,17,3.4,478,96,36,7.2,-13258845.8185879,4273185.73420042
952,2023-24,0633270,5472090,54720900000000,Tulare,Rockford Elementary,Elementary,KG,08,General Assistance,14983 Road 208,Porterville,93257,07,22,16,33,"41 - Rural, Fringe",36.06161402,-119.10797051,282,0,282,0,0,3,1.1,1,0.4,9,3.2,145,51.4,0,0,117,41.5,6,2.1,1,0.4,43,15.2,1,0.4,14,5,3,1.1,157,55.7,15,5.3,-13259038.6268346,4309102.68090479
953,2023-24,0635940,5472108,54721080000000,Tulare,Saucelito Elementary,Elementary,KG,08,General Assistance,17615 Avenue 104,Terra Bella,93270,07,22,16,33,"42 - Rural, Distant",35.978506,-119.17847251,71,0,71,0,0,0,0,0,0,0,0,60,84.5,0,0,11,15.5,0,0,0,0,16,22.5,1,1.4,0,0,2,2.8,63,88.7,4,5.6,-13266886.8738716,4297664.23411967
954,2023-24,0636360,5472116,54721160000000,Tulare,Sequoia Union Elementary,Elementary,KG,08,General Assistance,23958 Avenue 324,Lemon Cove,93244,07,21,12,32,"42 - Rural, Distant",36.37575805,-119.03710353,384,348,36,0,0,0,0,6,1.6,0,0,142,37,0,0,220,57.3,13,3.4,3,0.8,37,9.6,1,0.3,1,0.3,2,0.5,166,43.2,28,7.3,-13251149.7506922,4352449.04564986
955,2023-24,0637770,5472132,54721320000000,Tulare,Springville Union Elementary,Elementary,KG,08,General Assistance,35424 Ward Ave.,Springville,93265,07,20,12,32,"42 - Rural, Distant",36.13017904,-118.82277247,329,0,329,2,0.6,7,2.1,1,0.3,0,0,93,28.3,0,0,206,62.6,16,4.9,4,1.2,8,2.4,1,0.3,0,0,0,0,157,47.7,18,5.5,-13227290.526125,4318548.62343318
956,2023-24,0638040,5472140,54721400000000,Tulare,Stone Corral Elementary,Elementary,KG,12,Differentiated Assistance,15590 Avenue 383,Visalia,93292,07,21,16,33,"42 - Rural, Distant",36.48447505,-119.22393157,869,757,112,18,2.1,7,0.8,42,4.8,3,0.3,663,76.3,1,0.1,107,12.3,19,2.2,9,1,181,20.8,29,3.3,17,2,5,0.6,740,85.2,119,13.7,-13271947.3530268,4367490.80409321
957,2023-24,0638130,5472157,54721570000000,Tulare,Strathmore Union Elementary,Elementary,KG,08,Differentiated Assistance,19811 Orange Belt Dr.,Strathmore,93267,07,22,16,33,"41 - Rural, Fringe",36.14923003,-119.06291051,697,0,697,1,0.1,2,0.3,4,0.6,0,0,645,92.5,0,0,44,6.3,1,0.1,0,0,288,41.3,1,0.1,2,0.3,95,13.6,653,93.7,49,7,-13254022.5707138,4321174.66988022
958,2023-24,0638340,5472173,54721730000000,Tulare,Sundale Union Elementary,Elementary,KG,08,General Assistance,13990 Avenue 240,Tulare,93274,07,20,12,32,"41 - Rural, Fringe",36.22655702,-119.26095955,844,0,844,0,0,2,0.2,7,0.8,1,0.1,393,46.6,1,0.1,405,48,34,4,1,0.1,83,9.8,7,0.8,39,4.6,14,1.7,328,38.9,54,6.4,-13276069.2889941,4331840.21568801
959,2023-24,0638430,5472181,54721810000000,Tulare,Sunnyside Union Elementary,Elementary,KG,08,General Assistance,21644 Avenue 196,Strathmore,93267,07,22,16,33,"41 - Rural, Fringe",36.14602802,-119.08872252,302,0,302,0,0,0,0,1,0.3,1,0.3,284,94,0,0,15,5,1,0.3,0,0,116,38.4,4,1.3,4,1.3,42,13.9,281,93,19,6.3,-13256895.9498575,4320733.25132291
960,2023-24,0639060,5472199,54721990000000,Tulare,Terra Bella Union Elementary,Elementary,KG,08,General Assistance,9121 Road 240,Terra Bella,93270,07,22,16,33,"42 - Rural, Distant",35.95522301,-119.03687849,754,0,754,2,0.3,0,0,6,0.8,2,0.3,727,96.4,0,0,16,2.1,0,0,1,0.1,518,68.7,5,0.7,0,0,43,5.7,709,94,94,12.5,-13251124.6989725,4294461.87499997
961,2023-24,0639210,5472207,54722070000000,Tulare,Three Rivers Union Elementary,Elementary,KG,08,General Assistance,41932 Sierra Dr.,Three Rivers,93271,07,20,12,32,"42 - Rural, Distant",36.44248407,-118.90291751,90,0,90,0,0,0,0,1,1.1,1,1.1,20,22.2,0,0,57,63.3,9,10,2,2.2,4,4.4,0,0,0,0,0,0,42,46.7,9,10,-13236212.2316038,4361678.56011386
962,2023-24,0639300,5472215,54722150000000,Tulare,Tipton Elementary,Elementary,KG,08,General Assistance,370 North Evans Rd.,Tipton,93272,07,22,16,33,"42 - Rural, Distant",36.061884,-119.30978054,501,0,501,4,0.8,1,0.2,8,1.6,0,0,469,93.6,0,0,19,3.8,0,0,0,0,302,60.3,2,0.4,28,5.6,24,4.8,466,93,27,5.4,-13281504.0167584,4309139.85978803
963,2023-24,0639600,5472223,54722230000000,Tulare,Traver Joint Elementary,Elementary,KG,08,General Assistance,36736 Canal Dr.,Traver,93673,07,21,16,33,"42 - Rural, Distant",36.45771303,-119.48179961,245,0,245,0,0,0,0,6,2.4,0,0,238,97.1,0,0,1,0.4,0,0,0,0,141,57.6,0,0,0,0,12,4.9,219,89.4,18,7.3,-13300653.0919949,4363786.13591469
964,2023-24,0639870,5472231,54722310000000,Tulare,Tulare City,Elementary,KG,08,Differentiated Assistance,600 North Cherry St.,Tulare,93274,07,20,12,33,"23 - Suburban, Small",36.21711902,-119.33733656,9253,0,9253,239,2.6,28,0.3,138,1.5,26,0.3,7518,81.2,8,0.1,1138,12.3,145,1.6,13,0.1,2448,26.5,94,1,453,4.9,110,1.2,7241,78.3,952,10.3,-13284571.5388939,4330537.88740716
965,2023-24,0639930,5472249,54722490000000,Tulare,Tulare Joint Union High,High,09,12,Differentiated Assistance,426 North Blackstone,Tulare,93274,07,20,12,33,"23 - Suburban, Small",36.21387602,-119.33062356,5673,360,5313,127,2.2,18,0.3,80,1.4,18,0.3,4529,79.8,5,0.1,796,14,55,1,45,0.8,667,11.8,50,0.9,87,1.5,58,1,4661,82.2,552,9.7,-13283824.2512225,4330090.42956417
966,2023-24,0641160,5472256,54722560000000,Tulare,Visalia Unified,Unified,KG,12,Differentiated Assistance,5000 West Cypress Ave.,Visalia,93277,07,20,12,32,"12 - City, Midsize ",36.32430603,-119.34613858,28893,1382,27511,373,1.3,101,0.3,1124,3.9,213,0.7,20906,72.4,51,0.2,4567,15.8,765,2.6,793,2.7,4168,14.4,233,0.8,778,2.7,89,0.3,19003,65.8,3634,12.6,-13285551.3745328,4345337.62841797
967,2023-24,0641820,5472264,54722640000000,Tulare,Waukena Joint Union Elementary,Elementary,KG,08,Differentiated Assistance,19113 Road 28,Tulare,93274,07,22,16,33,"42 - Rural, Distant",36.135671,-119.51020459,223,0,223,0,0,0,0,0,0,0,0,207,92.8,0,0,16,7.2,0,0,0,0,100,44.8,1,0.4,4,1.8,6,2.7,192,86.1,20,9,-13303815.1190284,4319305.58611319
968,2023-24,0643170,5472298,54722980000000,Tulare,Woodville Union Elementary,Elementary,KG,08,General Assistance,16541 Road 168,Porterville,93257,07,22,16,33,"42 - Rural, Distant",36.08884601,-119.19791153,390,0,390,0,0,0,0,0,0,0,0,386,99,0,0,4,1,0,0,0,0,215,55.1,2,0.5,0,0,50,12.8,380,97.4,21,5.4,-13269050.815009,4312853.34286293
969,2023-24,0600035,5475325,54753250000000,Tulare,Farmersville Unified,Unified,KG,12,Differentiated Assistance,571 East Citrus,Farmersville,93223,07,21,16,33,"41 - Rural, Fringe",36.30745103,-119.20241855,2405,0,2405,0,0,8,0.3,12,0.5,1,0,2305,95.8,3,0.1,73,3,3,0.1,0,0,891,37,15,0.6,27,1.1,111,4.6,2076,86.3,197,8.2,-13269552.5345169,4343009.04494705
970,2023-24,0600064,5475523,54755230000000,Tulare,Porterville Unified,Unified,KG,12,Differentiated Assistance,600 West Grand Ave.,Porterville,93257,07,22,16,33,"23 - Suburban, Small",36.07745802,-119.0313605,13963,1278,12685,46,0.3,296,2.1,146,1,119,0.9,11754,84.2,39,0.3,1313,9.4,133,1,117,0.8,3667,26.3,86,0.6,136,1,1309,9.4,10226,73.2,1162,8.3,-13250510.4392501,4311284.71738839
971,2023-24,0600065,5475531,54755310000000,Tulare,Dinuba Unified,Unified,KG,12,General Assistance,1327 East El Monte Way,Dinuba,93618,07,21,16,33,"32 - Town, Distant",36.54590805,-119.3809226,6313,0,6313,22,0.3,44,0.7,63,1,35,0.6,5841,92.5,8,0.1,290,4.6,1,0,9,0.1,1901,30.1,30,0.5,49,0.8,250,4,5254,83.2,484,7.7,-13289423.5147812,4375999.82250201
972,2023-24,0601418,5476794,54767940000000,Tulare,Woodlake Unified,Unified,KG,12,General Assistance,300 West Whitney Ave.,Woodlake,93286,07,21,16,33,"31 - Town, Fringe",36.41959905,-119.10136255,2085,0,2085,1,0,12,0.6,12,0.6,2,0.1,1891,90.7,0,0,165,7.9,2,0.1,0,0,539,25.9,20,1,15,0.7,60,2.9,1908,91.5,135,6.5,-13258303.0314561,4358512.22097047
973,2023-24,0601423,5476836,54768360000000,Tulare,Exeter Unified,Unified,KG,12,Differentiated Assistance,215 North Crespi Ave.,Exeter,93221,07,21,12,32,"31 - Town, Fringe",36.29965904,-119.13217954,2610,0,2610,14,0.5,14,0.5,15,0.6,8,0.3,1782,68.3,1,0,756,29,11,0.4,9,0.3,426,16.3,11,0.4,40,1.5,72,2.8,1756,67.3,285,10.9,-13261733.5633765,4341932.72016011
974,2023-24,0691046,5510553,55105530000000,Tuolumne,Tuolumne County Superintendent of Schools,County Office of Education (COE),KG,12,General Assistance,175 Fairview Ln.,Sonora,95370,06,05,04,08,"33 - Town, Remote",37.97904511,-120.39128993,60,0,60,0,0,2,3.3,1,1.7,0,0,8,13.3,0,0,44,73.3,5,8.3,0,0,0,0,2,3.3,4,6.7,0,0,47,78.3,48,80,-13401897.090519,4576466.01248926
975,2023-24,0604500,5572306,55723060000000,Tuolumne,Belleview Elementary,Elementary,KG,08,General Assistance,22736 Kuien Mill Rd.,Sonora,95370,06,05,04,08,"41 - Rural, Fringe",38.03502512,-120.27208391,167,0,167,0,0,1,0.6,0,0,0,0,35,21,0,0,112,67.1,19,11.4,0,0,2,1.2,1,0.6,5,3,0,0,81,48.5,28,16.8,-13388627.1378757,4584374.87047799
976,2023-24,0609480,5572348,55723480000000,Tuolumne,Columbia Union,Elementary,KG,08,Differentiated Assistance,22540 Parrotts Ferry Rd.,Columbia,95310,06,05,04,08,"41 - Rural, Fringe",38.03138611,-120.40705493,453,0,453,5,1.1,14,3.1,1,0.2,3,0.7,91,20.1,2,0.4,314,69.3,9,2,14,3.1,12,2.6,2,0.4,4,0.9,0,0,252,55.6,59,13,-13403652.0432191,4583860.5672695
977,2023-24,0610320,5572355,55723550000000,Tuolumne,Curtis Creek Elementary,Elementary,KG,08,Differentiated Assistance,18755 Standard Rd.,Sonora,95370,06,05,04,08,"41 - Rural, Fringe",37.96342111,-120.30811691,422,0,422,3,0.7,5,1.2,3,0.7,6,1.4,76,18,2,0.5,306,72.5,16,3.8,5,1.2,13,3.1,2,0.5,16,3.8,0,0,236,55.9,54,12.8,-13392638.3127732,4574259.73101752
978,2023-24,0618690,5572363,55723630000000,Tuolumne,Jamestown Elementary,Elementary,KG,08,General Assistance,18299 Fifth Ave.,Jamestown,95327,06,05,04,08,"33 - Town, Remote",37.95495611,-120.41763093,410,0,410,4,1,12,2.9,0,0,0,0,110,26.8,0,0,257,62.7,18,4.4,9,2.2,35,8.5,3,0.7,14,3.4,1,0.2,273,66.6,75,18.3,-13404829.3572668,4573064.5740744
979,2023-24,0637230,5572371,55723710000000,Tuolumne,Sonora Elementary,Elementary,KG,08,General Assistance,830 Greenley Rd.,Sonora,95370,06,05,04,08,"33 - Town, Remote",37.98026611,-120.37030492,693,0,693,7,1,17,2.5,11,1.6,5,0.7,122,17.6,1,0.1,499,72,29,4.2,2,0.3,26,3.8,4,0.6,45,6.5,0,0,327,47.2,130,18.8,-13399561.0505701,4576638.4512766
980,2023-24,0637260,5572389,55723890000000,Tuolumne,Sonora Union High,High,09,12,Differentiated Assistance,100 School St.,Sonora,95370,06,05,04,08,"33 - Town, Remote",37.98991811,-120.38567793,1092,0,1092,8,0.7,18,1.6,9,0.8,13,1.2,237,21.7,3,0.3,715,65.5,65,6,24,2.2,27,2.5,6,0.5,18,1.6,0,0,463,42.4,191,17.5,-13401272.3655524,4578001.67808237
981,2023-24,0637320,5572397,55723970000000,Tuolumne,Soulsbyville Elementary,Elementary,KG,08,General Assistance,20300 Soulsbyville Rd.,Soulsbyville,95372,06,05,04,08,"33 - Town, Remote",37.98989512,-120.26551691,473,0,473,0,0,3,0.6,2,0.4,1,0.2,75,15.9,1,0.2,364,77,24,5.1,3,0.6,3,0.6,3,0.6,23,4.9,0,0,212,44.8,63,13.3,-13387896.1019979,4577998.43052107
982,2023-24,0638250,5572405,55724050000000,Tuolumne,Summerville Elementary,Elementary,KG,08,General Assistance,18451 Carter St.,Tuolumne,95379,06,05,04,08,"41 - Rural, Fringe",37.95676012,-120.2358319,458,0,458,0,0,42,9.2,0,0,0,0,76,16.6,0,0,285,62.2,33,7.2,22,4.8,3,0.7,2,0.4,21,4.6,0,0,245,53.5,82,17.9,-13384591.5819761,4573319.26733494
983,2023-24,0638280,5572413,55724130000000,Tuolumne,Summerville Union High,High,KG,12,General Assistance,17555 Tuolumne Rd.,Tuolumne,95379,06,05,04,08,"41 - Rural, Fringe",37.96151912,-120.2554279,1091,590,501,6,0.5,13,1.2,5,0.5,2,0.2,210,19.2,1,0.1,756,69.3,93,8.5,5,0.5,7,0.6,2,0.2,11,1,0,0,500,45.8,107,9.8,-13386772.9991425,4573991.18013763
984,2023-24,0640200,5572421,55724210000000,Tuolumne,Twain Harte,Elementary,KG,08,General Assistance,18815 Manzanita Dr.,Twain Harte,95383,06,05,04,08,"33 - Town, Remote",38.03892013,-120.22740691,236,0,236,1,0.4,2,0.8,1,0.4,0,0,55,23.3,2,0.8,161,68.2,14,5.9,0,0,0,0,8,3.4,4,1.7,0,0,132,55.9,28,11.9,-13383653.7162338,4584925.38138519
985,2023-24,0691137,5575184,55751840000000,Tuolumne,Big Oak Flat-Groveland Unified,Unified,KG,12,General Assistance,19177 Hwy 120,Groveland,95321,06,05,04,08,"42 - Rural, Distant",37.83525411,-120.22064688,248,0,248,4,1.6,11,4.4,2,0.8,2,0.8,57,23,0,0,170,68.5,0,0,2,0.8,14,5.6,0,0,11,4.4,0,0,110,44.4,43,17.3,-13382901.1935853,4556178.81389026
986,2023-24,0691047,5610561,56105610000000,Ventura,Ventura County Office of Education,County Office of Education (COE),KG,12,General Assistance,5189 Verdugo Way,Camarillo,93012,08,26,21,42,"13 - City, Small",34.21448483,-118.99941333,3492,2891,601,33,0.9,5,0.1,67,1.9,46,1.3,1953,55.9,4,0.1,1162,33.3,180,5.2,42,1.2,387,11.1,34,1,110,3.2,18,0.5,1875,53.7,1023,29.3,-13246954.0961614,4057638.58736155
987,2023-24,0606030,5672447,56724470000000,Ventura,Briggs Elementary,Elementary,KG,08,Differentiated Assistance,12465 Foothill Rd.,Santa Paula,93036,08,26,21,38,"41 - Rural, Fringe",34.32845583,-119.14156636,479,0,479,0,0,3,0.6,2,0.4,1,0.2,458,95.6,1,0.2,12,2.5,2,0.4,0,0,172,35.9,0,0,21,4.4,0,0,306,63.9,41,8.6,-13262778.4993443,4072991.35083136
988,2023-24,0613800,5672454,56724540000000,Ventura,Fillmore Unified,Unified,KG,12,General Assistance,627 Sespe Ave.,Fillmore,93015,08,26,21,38,"31 - Town, Fringe",34.40078385,-118.91733133,3694,0,3694,8,0.2,7,0.2,11,0.3,24,0.6,3431,92.9,0,0,183,5,30,0.8,0,0,854,23.1,8,0.2,127,3.4,72,1.9,2854,77.3,566,15.3,-13237816.7699242,4082745.30371387
989,2023-24,0617850,5672462,56724620000000,Ventura,Hueneme Elementary,Elementary,KG,08,General Assistance,205 North Ventura Rd.,Port Hueneme,93041,08,26,21,38,"12 - City, Midsize ",34.14945181,-119.19584335,7022,0,7022,60,0.9,7,0.1,29,0.4,177,2.5,6043,86.1,11,0.2,561,8,134,1.9,0,0,3024,43.1,11,0.2,758,10.8,65,0.9,5963,84.9,1016,14.5,-13268820.5867563,4048887.45025478
990,2023-24,0624720,5672470,56724700000000,Ventura,Mesa Union Elementary,Elementary,KG,12,General Assistance,3901 North Mesa School Rd.,Somis,93066,08,26,21,38,"41 - Rural, Fringe",34.26241383,-119.09459035,1080,502,578,11,1,1,0.1,25,2.3,16,1.5,623,57.7,0,0,315,29.2,74,6.9,15,1.4,91,8.4,4,0.4,1,0.1,0,0,410,38,88,8.1,-13257549.1535028,4064092.45400617
991,2023-24,0626460,5672504,56725040000000,Ventura,Mupu Elementary,Elementary,KG,08,General Assistance,4410 North Ojai Rd.,Santa Paula,93060,08,26,21,38,"31 - Town, Fringe",34.38630384,-119.07174535,185,0,185,0,0,0,0,0,0,0,0,143,77.3,0,0,40,21.6,2,1.1,0,0,27,14.6,0,0,4,2.2,0,0,117,63.2,21,11.4,-13255006.060497,4080791.89610254
992,2023-24,0628170,5672512,56725120000000,Ventura,Ocean View,Elementary,KG,08,Differentiated Assistance,4200 Olds Rd.,Oxnard,93033,08,26,21,38,"12 - City, Midsize ",34.16140982,-119.14839035,2107,0,2107,27,1.3,2,0.1,3,0.1,43,2,1881,89.3,6,0.3,103,4.9,42,2,0,0,1174,55.7,3,0.1,49,2.3,37,1.8,1637,77.7,240,11.4,-13263538.1420993,4050496.06735055
993,2023-24,0628270,5672520,56725200000000,Ventura,Ojai Unified,Unified,KG,12,General Assistance,414 East Ojai Ave.,Ojai,93023,08,24,21,38,"21 - Suburban, Large",34.44835484,-119.24260439,2129,44,2085,17,0.8,6,0.3,24,1.1,8,0.4,831,39,2,0.1,1149,54,92,4.3,0,0,181,8.5,2,0.1,50,2.3,2,0.1,859,40.3,326,15.3,-13274026.0010773,4089165.18909211
994,2023-24,0629220,5672538,56725380000000,Ventura,Oxnard,Elementary,KG,08,General Assistance,1051 South A St.,Oxnard,93030,08,26,21,38,"12 - City, Midsize ",34.19091882,-119.17926735,13399,0,13399,106,0.8,6,0,99,0.7,144,1.1,12538,93.6,23,0.2,374,2.8,109,0.8,0,0,6706,50,31,0.2,2004,15,367,2.7,11963,89.3,2390,17.8,-13266975.3549127,4054466.65870204
995,2023-24,0629270,5672546,56725460000000,Ventura,Oxnard Union High,High,KG,12,Differentiated Assistance,1800 Solar Dr.,Oxnard,93030,08,26,21,38,"12 - City, Midsize ",34.21751982,-119.14376735,17338,837,16501,199,1.1,18,0.1,345,2,531,3.1,13986,80.7,37,0.2,1709,9.9,512,3,1,0,2608,15,59,0.3,1262,7.3,320,1.8,11830,68.2,2643,15.2,-13263023.5126462,4058047.15457518
996,2023-24,0630990,5672553,56725530000000,Ventura,Pleasant Valley,Elementary,KG,12,General Assistance,600 Temple Ave.,Camarillo,93010,08,26,21,38,"13 - City, Small",34.22311783,-119.02949333,6943,1140,5803,245,3.5,16,0.2,415,6,208,3,3199,46.1,21,0.3,2367,34.1,461,6.6,11,0.2,641,9.2,13,0.2,214,3.1,6,0.1,2734,39.4,1045,15.1,-13250302.5871393,4058800.79041277
997,2023-24,0632760,5672561,56725610000000,Ventura,Rio Elementary,Elementary,KG,08,General Assistance,1800 Solar Dr.,Oxnard,93030,08,26,21,38,"12 - City, Midsize ",34.21751982,-119.14376735,5217,0,5217,88,1.7,9,0.2,91,1.7,169,3.2,4440,85.1,6,0.1,305,5.8,108,2.1,1,0,1886,36.2,13,0.2,631,12.1,88,1.7,3369,64.6,712,13.6,-13263023.5126462,4058047.15457518
998,2023-24,0635490,5672579,56725790000000,Ventura,Santa Clara Elementary,Elementary,KG,06,General Assistance,20030 East Telegraph Rd.,Santa Paula,93060,08,26,21,38,"41 - Rural, Fringe",34.37627985,-118.99991634,53,0,53,0,0,0,0,0,0,0,0,31,58.5,0,0,17,32.1,5,9.4,0,0,1,1.9,0,0,0,0,0,0,10,18.9,1,1.9,-13247010.0912604,4079439.81920895
999,2023-24,0636840,5672603,56726030000000,Ventura,Simi Valley Unified,Unified,KG,12,Differentiated Assistance,101 West Cochran St,Simi Valley,93065,08,26,27,42,"22 - Suburban, Midsize",34.28428885,-118.7999313,15677,0,15677,230,1.5,14,0.1,1163,7.4,367,2.3,6921,44.1,28,0.2,6244,39.8,710,4.5,0,0,1868,11.9,53,0.3,285,1.8,0,0,7085,45.2,2107,13.4,-13224747.858494,4067039.25114488
1000,2023-24,0637140,5672611,56726110000000,Ventura,Somis Union,Elementary,KG,08,General Assistance,5268 North St.,Somis,93066,08,26,27,38,"41 - Rural, Fringe",34.25831483,-118.99748333,219,0,219,0,0,0,0,0,0,1,0.5,162,74,0,0,52,23.7,4,1.8,0,0,62,28.3,0,0,24,11,1,0.5,170,77.6,33,15.1,-13246739.249924,4063540.36118959
1001,2023-24,0640980,5672652,56726520000000,Ventura,Ventura Unified,Unified,KG,12,Differentiated Assistance,"255 West Stanley Ave., Ste. 100",Ventura,93001,08,24,21,38,"12 - City, Midsize ",34.30172982,-119.29869538,14672,0,14672,164,1.1,48,0.3,402,2.7,100,0.7,8159,55.6,27,0.2,5147,35.1,625,4.3,0,0,2140,14.6,35,0.2,553,3.8,37,0.3,8247,56.2,2105,14.3,-13280270.0223892,4069389.28456868
1002,2023-24,0609640,5673759,56737590000000,Ventura,Conejo Valley Unified,Unified,KG,12,Differentiated Assistance,1400 East Janss Rd.,Thousand Oaks,91362,08,26,27,42,"12 - City, Midsize ",34.19910084,-118.8531773,15999,0,15999,191,1.2,41,0.3,1380,8.6,180,1.1,5221,32.6,30,0.2,7862,49.1,1090,6.8,4,0,1773,11.1,33,0.2,433,2.7,0,0,3919,24.5,2115,13.2,-13230675.1762542,4055567.83837867
1003,2023-24,0627850,5673874,56738740000000,Ventura,Oak Park Unified,Unified,KG,12,General Assistance,5801 Conifer St.,Oak Park,91377,08,26,27,42,"22 - Suburban, Midsize",34.17155784,-118.76467328,4338,0,4338,60,1.4,5,0.1,1061,24.5,84,1.9,490,11.3,12,0.3,2260,52.1,366,8.4,0,0,200,4.6,1,0,2,0,0,0,529,12.2,323,7.4,-13220822.954205,4051861.38075329
1004,2023-24,0625690,5673940,56739400000000,Ventura,Moorpark Unified,Unified,KG,12,Differentiated Assistance,5297 Maureen Ln.,Moorpark,93021,08,26,27,42,"22 - Suburban, Midsize",34.28215484,-118.89678331,5809,60,5749,52,0.9,6,0.1,300,5.2,68,1.2,2961,51,10,0.2,2122,36.5,289,5,1,0,613,10.6,6,0.1,65,1.1,2,0,2047,35.2,956,16.5,-13235529.3755451,4066751.74398843
1005,2023-24,0601421,5676828,56768280000000,Ventura,Santa Paula Unified,Unified,KG,12,Differentiated Assistance,201 South Steckel Dr.,Santa Paula,93060,08,26,21,38,"31 - Town, Fringe",34.34572484,-119.07879635,4808,0,4808,13,0.3,6,0.1,10,0.2,13,0.3,4563,94.9,4,0.1,178,3.7,21,0.4,0,0,1495,31.1,4,0.1,346,7.2,59,1.2,3879,80.7,869,18.1,-13255790.9739786,4075319.43534207
1006,2023-24,0691049,5710579,57105790000000,Yolo,Yolo County Office of Education,County Office of Education (COE),KG,12,General Assistance,"1280 Santa Anita Ct., Ste. 100",Woodland,95776,03,04,03,04,"23 - Suburban, Small",38.69551907,-121.75803523,634,406,228,22,3.5,4,0.6,20,3.2,6,0.9,150,23.7,1,0.2,413,65.1,15,2.4,3,0.5,354,55.8,4,0.6,24,3.8,0,0,435,68.6,204,32.2,-13554042.481261,4678150.66298589
1007,2023-24,0610620,5772678,57726780000000,Yolo,Davis Joint Unified,Unified,KG,12,Differentiated Assistance,526 B St.,Davis,95616,03,04,03,04,"23 - Suburban, Small",38.54728806,-121.74529621,8361,582,7779,275,3.3,41,0.5,1354,16.2,67,0.8,1979,23.7,26,0.3,3731,44.6,727,8.7,161,1.9,720,8.6,27,0.3,71,0.8,56,0.7,1774,21.2,1226,14.7,-13552624.3801565,4657030.3787042
1008,2023-24,0612930,5772686,57726860000000,Yolo,Esparto Unified,Unified,KG,12,Differentiated Assistance,26675 Plainfield St.,Esparto,95627,03,04,03,04,"42 - Rural, Distant",38.69092205,-122.01565826,997,0,997,18,1.8,14,1.4,5,0.5,8,0.8,758,76,0,0,169,17,25,2.5,0,0,346,34.7,6,0.6,29,2.9,139,13.9,794,79.6,132,13.2,-13582720.9466999,4677495.01276916
1009,2023-24,0641580,5772694,57726940000000,Yolo,Washington Unified,Unified,KG,12,Differentiated Assistance,930 Westacre Rd.,West Sacramento,95691,03,07,03,04,"13 - City, Small",38.57772008,-121.53144118,8290,958,7332,328,4,42,0.5,1314,15.9,136,1.6,3677,44.4,101,1.2,2044,24.7,575,6.9,73,0.9,1416,17.1,42,0.5,160,1.9,0,0,5424,65.4,1035,12.5,-13528818.1472086,4661362.84205151
1010,2023-24,0642930,5772702,57727020000000,Yolo,Winters Joint Unified,Unified,KG,12,Differentiated Assistance,909 West Grant Ave.,Winters,95694,03,04,03,04,"31 - Town, Fringe",38.52026404,-121.98540124,2285,706,1579,38,1.7,8,0.4,28,1.2,12,0.5,1193,52.2,7,0.3,875,38.3,103,4.5,21,0.9,424,18.6,3,0.1,84,3.7,127,5.6,1290,56.5,319,14,-13579352.7499695,4653184.63287046
1011,2023-24,0643080,5772710,57727100000000,Yolo,Woodland Joint Unified,Unified,KG,12,Differentiated Assistance,435 Sixth St.,Woodland,95695,03,04,03,04,"23 - Suburban, Small",38.67620507,-121.76630422,9483,224,9259,146,1.5,35,0.4,596,6.3,53,0.6,6539,69,54,0.6,1588,16.7,320,3.4,152,1.6,2043,21.5,38,0.4,101,1.1,262,2.8,7207,76,1632,17.2,-13554962.9820324,4675396.28535109
1012,2023-24,0691048,5810587,58105870000000,Yuba,Yuba County Office of Education,County Office of Education (COE),KG,12,General Assistance,935 14th St.,Marysville,95901,03,01,01,03,"22 - Suburban, Midsize",39.14993512,-121.59892326,676,407,269,19,2.8,19,2.8,23,3.4,3,0.4,269,39.8,1,0.1,288,42.6,49,7.2,5,0.7,49,7.2,13,1.9,36,5.3,0,0,504,74.6,317,46.9,-13536330.2182053,4743171.30433127
1013,2023-24,0607260,5872728,58727280000000,Yuba,Camptonville Elementary,Elementary,KG,12,General Assistance,16585 School St.,Camptonville,95922,03,03,01,03,"43 - Rural, Remote",39.45301519,-121.04837721,586,536,50,9,1.5,13,2.2,3,0.5,1,0.2,141,24.1,3,0.5,353,60.2,45,7.7,18,3.1,18,3.1,3,0.5,5,0.9,0,0,334,57,91,15.5,-13475043.7125293,4786771.41910486
1014,2023-24,0624090,5872736,58727360000000,Yuba,Marysville Joint Unified,Unified,KG,12,Differentiated Assistance,1919 B St.,Marysville,95901,03,01,01,03,"22 - Suburban, Midsize",39.15676112,-121.58715326,10539,573,9966,340,3.2,148,1.4,934,8.9,61,0.6,5087,48.3,47,0.4,3128,29.7,644,6.1,150,1.4,1865,17.7,76,0.7,451,4.3,49,0.5,7121,67.6,1492,14.2,-13535019.987734,4744151.19779937
1015,2023-24,0631180,5872744,58727440000000,Yuba,Plumas Lake Elementary,Elementary,KG,08,General Assistance,2743 Plumas School Rd.,Plumas Lake,95961,03,01,01,03,"31 - Town, Fringe",39.02742412,-121.51590423,1604,0,1604,75,4.7,7,0.4,153,9.5,26,1.6,525,32.7,15,0.9,592,36.9,197,12.3,14,0.9,115,7.2,6,0.4,11,0.7,2,0.1,665,41.5,179,11.2,-13527088.5821432,4725600.60351295
1016,2023-24,0642330,5872751,58727510000000,Yuba,Wheatland,Elementary,KG,08,General Assistance,111 Main St.,Wheatland,95692,03,01,01,03,"42 - Rural, Distant",39.01344112,-121.41995921,1333,86,1247,33,2.5,5,0.4,14,1.1,16,1.2,413,31,8,0.6,673,50.5,149,11.2,22,1.7,77,5.8,3,0.2,63,4.7,2,0.2,778,58.4,188,14.1,-13516408.0317413,4723597.08085069
1017,2023-24,0642350,5872769,58727690000000,Yuba,Wheatland Union High,High,07,12,General Assistance,1010 Wheatland Rd.,Wheatland,95692,03,01,01,03,"42 - Rural, Distant",39.00667312,-121.43075821,1091,0,1091,39,3.6,10,0.9,53,4.9,20,1.8,368,33.7,9,0.8,450,41.2,121,11.1,21,1.9,38,3.5,8,0.7,28,2.6,2,0.2,840,77,172,15.8,-13517610.1710309,4722627.48492698
