source_file,directory_file_year,source_academic_year,county_code,county_name,district_code_5,county_district_code_7,district_cds_code,cds_code,district_name,district_type,grade_low,grade_high,assistance_status,street,city,zip,region,locale,latitude,longitude,enroll_total,enroll_charter,enroll_non_charter,english_learners,foster,homeless,socioeconomically_disadvantaged,students_with_disabilities
DistrictSites2324_-4467924829629724752.csv,2023-24,2023-24,01,Alameda,10017,0110017,01100170000000,01100170000000,Alameda County Office of Education,County Office of Education (COE),KG,12,Differentiated Assistance,313 West Winton Ave.,Hayward,94544,04,"21 - Suburban, Large",37.658481959999996,-122.09834714999998,3914,3812,102,1069,26,33,2387,440
DistrictSites2324_-4467924829629724752.csv,2023-24,2023-24,01,Alameda,31609,0131609,01316090000000,01316090000000,California School for the Blind (State Special Schl),State Special Schools,KG,12,NA,500 Walnut Ave.,Fremont,94536,04,"12 - City, Midsize",37.56180196,-121.96550312000001,49,0,49,9,1,0,21,40
DistrictSites2324_-4467924829629724752.csv,2023-24,2023-24,01,Alameda,31617,0131617,01316170000000,01316170000000,California School for the Deaf-Fremont (State Special Schl),State Special Schools,KG,12,NA,39350 Gallaudet Dr.,Fremont,94538,04,"12 - City, Midsize",37.55976896,-121.96336612,300,0,300,3,2,1,300,298
DistrictSites2324_-4467924829629724752.csv,2023-24,2023-24,01,Alameda,61119,0161119,01611190000000,01611190000000,Alameda Unified,Unified,KG,12,General Assistance,2060 Challenger Dr.,Alameda,94501,04,"21 - Suburban, Large",37.78215496000001,-122.27010419,10557,1496,9061,906,27,91,4035,1286
DistrictSites2324_-4467924829629724752.csv,2023-24,2023-24,01,Alameda,61127,0161127,01611270000000,01611270000000,Albany City Unified,Unified,KG,12,General Assistance,1216 Solano Ave.,Albany,94706,04,"21 - Suburban, Large",37.890276,-122.295755,3574,0,3574,456,1,24,1122,320
DistrictSites2324_-4467924829629724752.csv,2023-24,2023-24,01,Alameda,61143,0161143,01611430000000,01611430000000,Berkeley Unified,Unified,KG,12,General Assistance,2020 Bonar St.,Berkeley,94702,04,"12 - City, Midsize",37.86944396,-122.28779121,9077,0,9077,594,32,150,2508,1092
DistrictSites2324_-4467924829629724752.csv,2023-24,2023-24,01,Alameda,61150,0161150,01611500000000,01611500000000,Castro Valley Unified,Unified,KG,12,General Assistance,4400 Alma Ave.,Castro Valley,94546,04,"21 - Suburban, Large",37.708006960000006,-122.07180916,9489,0,9489,1266,5,135,3686,1048
DistrictSites2324_-4467924829629724752.csv,2023-24,2023-24,01,Alameda,61168,0161168,01611680000000,01611680000000,Emery Unified,Unified,KG,12,General Assistance,4727 San Pablo Ave.,Emeryville,94608,04,"21 - Suburban, Large",37.83658996,-122.28196920000002,600,0,600,98,1,13,327,75
DistrictSites2324_-4467924829629724752.csv,2023-24,2023-24,01,Alameda,61176,0161176,01611760000000,01611760000000,Fremont Unified,Unified,KG,12,Differentiated Assistance,4210 Technology Dr.,Fremont,94538,04,"12 - City, Midsize",37.507657959999996,-121.95448110999999,33063,402,32661,5508,21,226,8297,3323
DistrictSites2324_-4467924829629724752.csv,2023-24,2023-24,01,Alameda,61192,0161192,01611920000000,01611920000000,Hayward Unified,Unified,KG,12,Differentiated Assistance,24411 Amador St.,Hayward,94544,04,"21 - Suburban, Large",37.65670396,-122.09371114999999,20193,2562,17631,5864,44,564,15843,2698
DistrictSites2324_-4467924829629724752.csv,2023-24,2023-24,01,Alameda,61200,0161200,01612000000000,01612000000000,Livermore Valley Joint Unified,Unified,KG,12,Differentiated Assistance,685 East Jack London Blvd.,Livermore,94551,04,"13 - City, Small",37.68848998,-121.79180611,13050,0,13050,1245,23,162,3298,1978
DistrictSites2324_-4467924829629724752.csv,2023-24,2023-24,01,Alameda,61218,0161218,01612180000000,01612180000000,Mountain House Elementary,Elementary,KG,08,General Assistance,3950 Mountain House Rd.,Byron,94514,04,"41 - Rural, Fringe",37.78729001,-121.57777208999998,12,0,12,6,0,0,8,1
DistrictSites2324_-4467924829629724752.csv,2023-24,2023-24,01,Alameda,61234,0161234,01612340000000,01612340000000,Newark Unified,Unified,KG,12,Differentiated Assistance,5715 Musick Ave.,Newark,94560,04,"21 - Suburban, Large",37.54261495,-122.03169813,4828,0,4828,1029,19,172,2297,683
DistrictSites2324_-4467924829629724752.csv,2023-24,2023-24,01,Alameda,61242,0161242,01612420000000,01612420000000,New Haven Unified,Unified,KG,12,Differentiated Assistance,34200 Alvarado-Niles Rd.,Union City,94587,04,"21 - Suburban, Large",37.58873596000001,-122.02487113999999,10052,0,10052,1769,18,156,5705,1160
DistrictSites2324_-4467924829629724752.csv,2023-24,2023-24,01,Alameda,61259,0161259,01612590000000,01612590000000,Oakland Unified,Unified,KG,12,Differentiated Assistance,1011 Union St,Oakland,94607,04,"11 - City, Large",37.80842913,-122.28911133,45086,11170,33916,14915,211,2449,36284,7010
DistrictSites2324_-4467924829629724752.csv,2023-24,2023-24,01,Alameda,61275,0161275,01612750000000,01612750000000,Piedmont City Unified,Unified,KG,12,General Assistance,760 Magnolia Ave.,Piedmont,94611,04,"21 - Suburban, Large",37.82287096,-122.23376219,2308,0,2308,27,0,9,81,297
DistrictSites2324_-4467924829629724752.csv,2023-24,2023-24,01,Alameda,61291,0161291,01612910000000,01612910000000,San Leandro Unified,Unified,KG,12,Differentiated Assistance,"835 East 14th St., Ste. 200",San Leandro,94577,04,"21 - Suburban, Large",37.72865096000001,-122.15934416999998,8741,0,8741,2130,26,93,6402,1321
DistrictSites2324_-4467924829629724752.csv,2023-24,2023-24,01,Alameda,61309,0161309,01613090000000,01613090000000,San Lorenzo Unified,Unified,KG,12,Differentiated Assistance,15510 Usher St.,San Lorenzo,94580,04,"21 - Suburban, Large",37.68920896,-122.12845415999999,9235,1112,8123,2882,19,243,7193,1122
DistrictSites2324_-4467924829629724752.csv,2023-24,2023-24,01,Alameda,75093,0175093,01750930000000,01750930000000,Dublin Unified,Unified,KG,12,General Assistance,7471 Larkdale Ave.,Dublin,94568,04,"22 - Suburban, Midsize",37.71698497,-121.93081414000001,12827,0,12827,801,11,3,1101,989
DistrictSites2324_-4467924829629724752.csv,2023-24,2023-24,01,Alameda,75101,0175101,01751010000000,01751010000000,Pleasanton Unified,Unified,KG,12,General Assistance,5758 W Las Positas Blvd.,Pleasanton,94588,04,"13 - City, Small",37.684708,-121.89308,13696,0,13696,1410,3,40,1261,1175
DistrictSites2324_-4467924829629724752.csv,2023-24,2023-24,01,Alameda,75119,0175119,01751190000000,01751190000000,Sunol Glen Unified,Unified,KG,08,General Assistance,11601 Main St.,Sunol,94586,04,"41 - Rural, Fringe",37.59389397,-121.88504810999997,268,0,268,14,1,1,28,15
DistrictSites2324_-4467924829629724752.csv,2023-24,2023-24,01,Alameda,77180,0177180,01771800000000,01771800000000,SBE - Latitude 37.8 High,State Board of Education,09,12,NA,1045 Derby Ave.,Oakland,94601,04,"11 - City, Large",37.777109,-122.22960950000001,350,350,0,91,2,2,231,82
DistrictSites2324_-4467924829629724752.csv,2023-24,2020-21,02,Alpine,10025,0210025,02100250000000,02100250000000,Alpine County Office of Education,County Office of Education (COE),01,12,General Assistance,43 Hawkside Dr.,Markleeville,96120,03,"42 - Rural, Distant",38.766560000000005,-119.80913,2,0,2,0,0,0,2,0
DistrictSites2324_-4467924829629724752.csv,2023-24,2023-24,02,Alpine,61333,0261333,02613330000000,02613330000000,Alpine County Unified,Unified,KG,12,General Assistance,43 Hawkside Dr.,Markleeville,96120,03,"42 - Rural, Distant",38.76636522000001,-119.80884892999998,66,0,66,1,1,4,41,13
DistrictSites2324_-4467924829629724752.csv,2023-24,2023-24,03,Amador,10033,0310033,03100330000000,03100330000000,Amador County Office of Education,County Office of Education (COE),KG,12,General Assistance,217 Rex Ave.,Jackson,95642,06,"32 - Town, Distant",38.35298311,-120.77830502999998,21,0,21,0,1,2,7,17
DistrictSites2324_-4467924829629724752.csv,2023-24,2023-24,03,Amador,73981,0373981,03739810000000,03739810000000,Amador County Unified,Unified,KG,12,Differentiated Assistance,217 Rex Ave.,Jackson,95642,06,"32 - Town, Distant",38.35298311,-120.77830502999998,4075,0,4075,126,27,180,1737,746
DistrictSites2324_-4467924829629724752.csv,2023-24,2023-24,04,Butte,10041,0410041,04100410000000,04100410000000,Butte County Office of Education,County Office of Education (COE),KG,12,General Assistance,1859 Bird St.,Oroville,95965,02,"41 - Rural, Fringe",39.512375150000004,-121.55662430000001,1286,1154,132,23,9,69,776,282
DistrictSites2324_-4467924829629724752.csv,2023-24,2023-24,04,Butte,61382,0461382,04613820000000,04613820000000,Bangor Union Elementary,Elementary,KG,08,General Assistance,7549 Oro-Bangor Hwy.,Bangor,95914,02,"42 - Rural, Distant",39.390894149999994,-121.40794826000001,82,0,82,10,0,2,44,20
DistrictSites2324_-4467924829629724752.csv,2023-24,2023-24,04,Butte,61408,0461408,04614080000000,04614080000000,Biggs Unified,Unified,KG,12,General Assistance,300 B St.,Biggs,95917,02,"42 - Rural, Distant",39.415317130000005,-121.70249630999999,548,0,548,47,3,50,348,79
DistrictSites2324_-4467924829629724752.csv,2023-24,2023-24,04,Butte,61424,0461424,04614240000000,04614240000000,Chico Unified,Unified,KG,12,Differentiated Assistance,1163 East Seventh St.,Chico,95928,04,"12 - City, Midsize",39.733838000000006,-121.82574499999998,14407,2090,12317,885,98,564,7500,2133
DistrictSites2324_-4467924829629724752.csv,2023-24,2023-24,04,Butte,61432,0461432,04614320000000,04614320000000,Durham Unified,Unified,KG,12,Differentiated Assistance,9420 Putney Dr.,Durham,95938,02,"41 - Rural, Fringe",39.64754914,-121.80199936000001,1026,0,1026,75,5,23,422,115
DistrictSites2324_-4467924829629724752.csv,2023-24,2023-24,04,Butte,61457,0461457,04614570000000,04614570000000,Golden Feather Union Elementary,Elementary,KG,08,General Assistance,2771 Pentz Rd.,Oroville,95965,02,"42 - Rural, Distant",39.651585159999996,-121.56270432,72,0,72,5,4,2,61,15
DistrictSites2324_-4467924829629724752.csv,2023-24,2023-24,04,Butte,61499,0461499,04614990000000,04614990000000,Manzanita Elementary,Elementary,KG,08,General Assistance,627 East Evans-Reimer Rd.,Gridley,95948,02,"41 - Rural, Fringe",39.33476813,-121.65856828999999,327,0,327,60,1,1,132,43
DistrictSites2324_-4467924829629724752.csv,2023-24,2023-24,04,Butte,61507,0461507,04615070000000,04615070000000,Oroville City Elementary,Elementary,KG,12,Differentiated Assistance,2795 Yard St.,Oroville,95966,02,"32 - Town, Distant",39.51296615,-121.5455833,2599,544,2055,159,49,115,1998,434
DistrictSites2324_-4467924829629724752.csv,2023-24,2023-24,04,Butte,61515,0461515,04615150000000,04615150000000,Oroville Union High,High,09,12,Differentiated Assistance,2211 Washington Ave.,Oroville,95966,02,"32 - Town, Distant",39.509355150000005,-121.54681430000001,2264,0,2264,118,20,101,1866,376
DistrictSites2324_-4467924829629724752.csv,2023-24,2023-24,04,Butte,61523,0461523,04615230000000,04615230000000,Palermo Union Elementary,Elementary,KG,08,Differentiated Assistance,7390 Bulldog Way,Palermo,95968,02,"32 - Town, Distant",39.43557915,-121.54635429000001,1283,0,1283,154,10,94,1030,154
DistrictSites2324_-4467924829629724752.csv,2023-24,2023-24,04,Butte,61531,0461531,04615310000000,04615310000000,Paradise Unified,Unified,KG,12,Differentiated Assistance,6696 Clark Rd.,Paradise,95969,02,"42 - Rural, Distant",39.77870217000001,-121.58930434,2266,609,1657,33,17,84,1423,414
DistrictSites2324_-4467924829629724752.csv,2023-24,2023-24,04,Butte,61549,0461549,04615490000000,04615490000000,Thermalito Union Elementary,Elementary,KG,08,General Assistance,400 Grand Ave.,Oroville,95965,02,"41 - Rural, Fringe",39.51955215,-121.5745143,1520,0,1520,191,10,33,1296,154
DistrictSites2324_-4467924829629724752.csv,2023-24,2023-24,04,Butte,73379,0473379,04733790000000,04733790000000,Pioneer Union Elementary,Elementary,KG,08,General Assistance,286 Rockerfeller Rd.,Berry Creek,95916,02,"42 - Rural, Distant",39.62536218000001,-121.37459029,32,0,32,1,0,9,31,5
DistrictSites2324_-4467924829629724752.csv,2023-24,2023-24,04,Butte,75507,0475507,04755070000000,04755070000000,Gridley Unified,Unified,KG,12,Differentiated Assistance,429 Magnolia St.,Gridley,95948,02,"32 - Town, Distant",39.362828130000004,-121.69235729999998,1995,0,1995,286,8,23,1513,319
DistrictSites2324_-4467924829629724752.csv,2023-24,2023-24,05,Calaveras,10058,0510058,05100580000000,05100580000000,Calaveras County Office of Education,County Office of Education (COE),KG,12,General Assistance,185 South Main St.,Angels Camp,95222,06,"42 - Rural, Distant",38.080902110000004,-120.55523696,438,398,40,4,14,14,254,123
DistrictSites2324_-4467924829629724752.csv,2023-24,2023-24,05,Calaveras,61556,0561556,05615560000000,05615560000000,Bret Harte Union High,High,09,12,General Assistance,323 South Main St.,Angels Camp,95221,06,"42 - Rural, Distant",38.079005110000004,-120.55251296,627,0,627,24,4,7,317,90
DistrictSites2324_-4467924829629724752.csv,2023-24,2023-24,05,Calaveras,61564,0561564,05615640000000,05615640000000,Calaveras Unified,Unified,KG,12,Differentiated Assistance,3304 B Highway 12,San Andreas,95249,06,"42 - Rural, Distant",38.2075371,-120.76833200999998,2846,0,2846,109,28,143,1329,524
DistrictSites2324_-4467924829629724752.csv,2023-24,2023-24,05,Calaveras,61572,0561572,05615720000000,05615720000000,Mark Twain Union Elementary,Elementary,KG,08,Differentiated Assistance,981 Tuolumne Ave.,Angels Camp,95222,06,"42 - Rural, Distant",38.07295511000001,-120.55024796000001,767,0,767,47,9,19,465,136
DistrictSites2324_-4467924829629724752.csv,2023-24,2023-24,05,Calaveras,61580,0561580,05615800000000,05615800000000,Vallecito Union,Elementary,KG,08,Differentiated Assistance,4545 B Moran Rd.,Avery,95224,06,"43 - Rural, Remote",38.20351313000001,-120.36485395000001,580,0,580,28,1,22,326,88
DistrictSites2324_-4467924829629724752.csv,2023-24,2023-24,06,Colusa,10066,0610066,06100660000000,06100660000000,Colusa County Office of Education,County Office of Education (COE),KG,12,General Assistance,"345 5th St., Ste. A",Colusa,95932,07,"32 - Town, Distant",39.212425,-122.00830599999999,42,0,42,2,3,5,41,27
DistrictSites2324_-4467924829629724752.csv,2023-24,2023-24,06,Colusa,61598,0661598,06615980000000,06615980000000,Colusa Unified,Unified,KG,12,General Assistance,745 10th St.,Colusa,95932,03,"32 - Town, Distant",39.210128090000005,-122.01632033,1464,0,1464,314,6,50,1114,216
DistrictSites2324_-4467924829629724752.csv,2023-24,2023-24,06,Colusa,61606,0661606,06616060000000,06616060000000,Maxwell Unified,Unified,KG,12,General Assistance,515 Oak St.,Maxwell,95955,03,"42 - Rural, Distant",39.275588080000006,-122.19980736999999,350,0,350,119,1,80,229,60
DistrictSites2324_-4467924829629724752.csv,2023-24,2023-24,06,Colusa,61614,0661614,06616140000000,06616140000000,Pierce Joint Unified,Unified,KG,12,Differentiated Assistance,540 A Sixth St.,Arbuckle,95912,03,"42 - Rural, Distant",39.016693069999995,-122.05786531,1494,0,1494,389,7,65,1107,194
DistrictSites2324_-4467924829629724752.csv,2023-24,2023-24,06,Colusa,61622,0661622,06616220000000,06616220000000,Williams Unified,Unified,KG,12,Differentiated Assistance,260 11th St.,Williams,95987,03,"32 - Town, Distant",39.15524508,-122.15700833999999,1370,0,1370,720,2,148,1302,195
DistrictSites2324_-4467924829629724752.csv,2023-24,2023-24,07,Contra Costa,10074,0710074,07100740000000,07100740000000,Contra Costa County Office of Education,County Office of Education (COE),KG,12,General Assistance,77 Santa Barbara Rd.,Pleasant Hill,94523,04,"21 - Suburban, Large",37.934916980000004,-122.06975718,6145,5939,206,1006,20,48,3364,869
DistrictSites2324_-4467924829629724752.csv,2023-24,2023-24,07,Contra Costa,61630,0761630,07616300000000,07616300000000,Acalanes Union High,High,09,12,General Assistance,1212 Pleasant Hill Rd.,Lafayette,94549,04,"21 - Suburban, Large",37.905791980000004,-122.09918318000001,5415,0,5415,139,4,15,472,675
DistrictSites2324_-4467924829629724752.csv,2023-24,2023-24,07,Contra Costa,61648,0761648,07616480000000,07616480000000,Antioch Unified,Unified,KG,12,Differentiated Assistance,510 G St.,Antioch,94509,04,"21 - Suburban, Large",38.01441501,-121.81427715,16045,1011,15034,3251,162,298,11928,2644
DistrictSites2324_-4467924829629724752.csv,2023-24,2023-24,07,Contra Costa,61655,0761655,07616550000000,07616550000000,Brentwood Union,Elementary,KG,08,General Assistance,255 Guthrie Ln.,Brentwood,94513,04,"21 - Suburban, Large",37.922383010000004,-121.68335411999999,9751,0,9751,896,18,82,2182,1442
DistrictSites2324_-4467924829629724752.csv,2023-24,2023-24,07,Contra Costa,61663,0761663,07616630000000,07616630000000,Byron Union Elementary,Elementary,KG,12,General Assistance,14301 Byron Hwy.,Byron,94514,04,"31 - Town, Fringe",37.87766000999999,-121.64052711,2188,948,1240,108,9,19,742,299
DistrictSites2324_-4467924829629724752.csv,2023-24,2023-24,07,Contra Costa,61671,0761671,07616710000000,07616710000000,Canyon Elementary,Elementary,KG,08,General Assistance,187 Pinehurst Rd.,Canyon,94516,04,"41 - Rural, Fringe",37.82771297000001,-122.16343117999999,69,0,69,0,0,0,13,3
DistrictSites2324_-4467924829629724752.csv,2023-24,2023-24,07,Contra Costa,61697,0761697,07616970000000,07616970000000,John Swett Unified,Unified,KG,12,Differentiated Assistance,400 Parker Ave.,Rodeo,94572,04,"21 - Suburban, Large",38.03273698000001,-122.26733022,1220,0,1220,233,1,76,962,211
DistrictSites2324_-4467924829629724752.csv,2023-24,2023-24,07,Contra Costa,61705,0761705,07617050000000,07617050000000,Knightsen Elementary,Elementary,KG,08,General Assistance,1923 Delta Rd.,Knightsen,94548,04,"41 - Rural, Fringe",37.96853002000001,-121.66009512,596,0,596,72,2,14,173,61
DistrictSites2324_-4467924829629724752.csv,2023-24,2023-24,07,Contra Costa,61713,0761713,07617130000000,07617130000000,Lafayette Elementary,Elementary,KG,08,General Assistance,3477 School St.,Lafayette,94549,04,"21 - Suburban, Large",37.887349979999996,-122.11508318,3212,0,3212,117,3,13,147,417
DistrictSites2324_-4467924829629724752.csv,2023-24,2023-24,07,Contra Costa,61721,0761721,07617210000000,07617210000000,Liberty Union High,High,09,12,Differentiated Assistance,20 Oak St.,Brentwood,94513,04,"21 - Suburban, Large",37.93462801,-121.69041711999999,8241,0,8241,595,19,157,2088,1272
DistrictSites2324_-4467924829629724752.csv,2023-24,2023-24,07,Contra Costa,61739,0761739,07617390000000,07617390000000,Martinez Unified,Unified,KG,12,General Assistance,921 Susana St.,Martinez,94553,04,"21 - Suburban, Large",38.01483499,-122.1324992,3771,0,3771,272,5,45,1210,608
DistrictSites2324_-4467924829629724752.csv,2023-24,2023-24,07,Contra Costa,61747,0761747,07617470000000,07617470000000,Moraga Elementary,Elementary,KG,08,General Assistance,1540 School St.,Moraga,94556,04,"21 - Suburban, Large",37.83468496999999,-122.13153018,1775,0,1775,65,1,0,101,207
DistrictSites2324_-4467924829629724752.csv,2023-24,2023-24,07,Contra Costa,61754,0761754,07617540000000,07617540000000,Mt. Diablo Unified,Unified,KG,12,Differentiated Assistance,1936 Carlotta Dr.,Concord,94519,04,"21 - Suburban, Large",37.98685399,-122.00590418,30010,946,29064,6629,55,454,12576,4022
DistrictSites2324_-4467924829629724752.csv,2023-24,2023-24,07,Contra Costa,61762,0761762,07617620000000,07617620000000,Oakley Union Elementary,Elementary,KG,08,Differentiated Assistance,91 Mercedes Ln.,Oakley,94561,04,"21 - Suburban, Large",37.981754009999996,-121.71671212999999,5098,0,5098,657,18,15,2218,812
DistrictSites2324_-4467924829629724752.csv,2023-24,2023-24,07,Contra Costa,61770,0761770,07617700000000,07617700000000,Orinda Union,Elementary,KG,08,General Assistance,8 Altarinda Rd.,Orinda,94563,04,"21 - Suburban, Large",37.88234897,-122.18440319,2554,0,2554,55,0,3,63,246
DistrictSites2324_-4467924829629724752.csv,2023-24,2023-24,07,Contra Costa,61788,0761788,07617880000000,07617880000000,Pittsburg Unified,Unified,KG,12,Differentiated Assistance,2000 Railroad Ave.,Pittsburg,94565,04,"21 - Suburban, Large",38.019847999999996,-121.88866816,10709,0,10709,2627,50,450,8679,1331
DistrictSites2324_-4467924829629724752.csv,2023-24,2023-24,07,Contra Costa,61796,0761796,07617960000000,07617960000000,West Contra Costa Unified,Unified,KG,12,Differentiated Assistance,1108 Bissell Ave.,Richmond,94801,04,"21 - Suburban, Large",37.93392596,-122.35870322,29528,3953,25575,9527,83,567,19573,4262
DistrictSites2324_-4467924829629724752.csv,2023-24,2023-24,07,Contra Costa,61804,0761804,07618040000000,07618040000000,San Ramon Valley Unified,Unified,KG,12,General Assistance,699 Old Orchard Dr.,Danville,94526,04,"13 - City, Small",37.81244898,-121.97768515,29235,0,29235,1379,11,55,2161,3151
DistrictSites2324_-4467924829629724752.csv,2023-24,2023-24,07,Contra Costa,61812,0761812,07618120000000,07618120000000,Walnut Creek Elementary,Elementary,KG,08,General Assistance,960 Ygnacio Valley Rd.,Walnut Creek,94596,04,"13 - City, Small",37.908411980000004,-122.05592718,3547,0,3547,501,1,16,572,329
DistrictSites2324_-4467924829629724752.csv,2023-24,2023-24,07,Contra Costa,77354,0777354,07773540000000,07773540000000,SBE - John Henry High,State Board of Education,09,12,NA,1402 Marina Way South,Richmond,94804,04,"21 - Suburban, Large",37.913024959999994,-122.35500322,285,285,0,110,0,0,236,34
DistrictSites2324_-4467924829629724752.csv,2023-24,2023-24,08,Del Norte,10082,0810082,08100820000000,08100820000000,Del Norte County Office of Education,County Office of Education (COE),KG,12,General Assistance,301 West Washington Blvd.,Crescent City,95531,01,"33 - Town, Remote",41.772031090000006,-124.20622902000002,368,337,31,13,6,31,258,77
DistrictSites2324_-4467924829629724752.csv,2023-24,2023-24,08,Del Norte,61820,0861820,08618200000000,08618200000000,Del Norte County Unified,Unified,KG,12,Differentiated Assistance,301 West Washington Blvd.,Crescent City,95531,01,"33 - Town, Remote",41.772031090000006,-124.20622902000002,3722,295,3427,206,70,221,2538,606
DistrictSites2324_-4467924829629724752.csv,2023-24,2023-24,09,El Dorado,10090,0910090,09100900000000,09100900000000,El Dorado County Office of Education,County Office of Education (COE),KG,12,General Assistance,6767 Green Valley Rd.,Placerville,95667,03,"41 - Rural, Fringe",38.72166114,-120.86706709,2299,2099,200,67,23,17,588,433
DistrictSites2324_-4467924829629724752.csv,2023-24,2023-24,09,El Dorado,61838,0961838,09618380000000,09618380000000,Buckeye Union Elementary,Elementary,KG,12,General Assistance,5049 Robert J Mathews Pkwy.,El Dorado Hills,95762,03,"21 - Suburban, Large",38.62324112,-121.05785710999999,10189,6780,3409,481,18,102,3294,1207
DistrictSites2324_-4467924829629724752.csv,2023-24,2023-24,09,El Dorado,61846,0961846,09618460000000,09618460000000,Camino Union Elementary,Elementary,KG,08,Differentiated Assistance,3060 Snows Rd.,Camino,95709,03,"41 - Rural, Fringe",38.732875160000006,-120.67658205999999,430,23,407,60,2,13,221,65
DistrictSites2324_-4467924829629724752.csv,2023-24,2023-24,09,El Dorado,61853,0961853,09618530000000,09618530000000,El Dorado Union High,High,08,12,Differentiated Assistance,4675 Missouri Flat Rd.,Placerville,95667,03,"21 - Suburban, Large",38.69469814000001,-120.82316508000001,6541,100,6441,156,19,116,1518,927
DistrictSites2324_-4467924829629724752.csv,2023-24,2023-24,09,El Dorado,61879,0961879,09618790000000,09618790000000,Gold Oak Union Elementary,Elementary,KG,08,General Assistance,3171 Pleasant Valley Rd.,Placerville,95667,03,"41 - Rural, Fringe",38.69409215,-120.71720306000003,435,0,435,11,2,15,172,58
DistrictSites2324_-4467924829629724752.csv,2023-24,2023-24,09,El Dorado,61887,0961887,09618870000000,09618870000000,Gold Trail Union Elementary,Elementary,KG,08,General Assistance,1575 Old Ranch Rd.,Placerville,95667,03,"42 - Rural, Distant",38.76999614000001,-120.92767911,498,0,498,18,0,23,147,70
DistrictSites2324_-4467924829629724752.csv,2023-24,2023-24,09,El Dorado,61895,0961895,09618950000000,09618950000000,Indian Diggings Elementary,Elementary,KG,08,General Assistance,6020 Omo Ranch Rd.,Somerset,95684,03,"42 - Rural, Distant",38.58116215,-120.57754202999999,8,0,8,0,0,0,1,0
DistrictSites2324_-4467924829629724752.csv,2023-24,2023-24,09,El Dorado,61903,0961903,09619030000000,09619030000000,Lake Tahoe Unified,Unified,KG,12,Differentiated Assistance,1021 Al Tahoe Blvd.,South Lake Tahoe,96150,03,"32 - Town, Distant",38.934728230000005,-119.97705297,3604,0,3604,640,6,70,1858,478
DistrictSites2324_-4467924829629724752.csv,2023-24,2023-24,09,El Dorado,61911,0961911,09619110000000,09619110000000,Latrobe,Elementary,KG,08,General Assistance,7900 South Shingle Rd.,Shingle Springs,95682,03,"41 - Rural, Fringe",38.55561112,-120.98999809,168,0,168,7,0,2,49,15
DistrictSites2324_-4467924829629724752.csv,2023-24,2023-24,09,El Dorado,61929,0961929,09619290000000,09619290000000,Mother Lode Union Elementary,Elementary,KG,08,Differentiated Assistance,3783 Forni Rd.,Placerville,95667,03,"31 - Town, Fringe",38.70869514000001,-120.83028308000002,863,0,863,109,12,61,464,124
DistrictSites2324_-4467924829629724752.csv,2023-24,2023-24,09,El Dorado,61945,0961945,09619450000000,09619450000000,Pioneer Union,Elementary,KG,08,Differentiated Assistance,6862 Mt. Aukum Rd.,Somerset,95684,03,"42 - Rural, Distant",38.60448614,-120.71366005000002,283,0,283,8,4,27,151,44
DistrictSites2324_-4467924829629724752.csv,2023-24,2023-24,09,El Dorado,61952,0961952,09619520000000,09619520000000,Placerville Union Elementary,Elementary,KG,08,Differentiated Assistance,1032 Thompson Way,Placerville,95667,03,"31 - Town, Fringe",38.72782015,-120.79327608000001,1204,0,1204,137,5,53,730,144
DistrictSites2324_-4467924829629724752.csv,2023-24,2023-24,09,El Dorado,61960,0961960,09619600000000,09619600000000,Pollock Pines Elementary,Elementary,KG,08,Differentiated Assistance,2701 Amber Trail,Pollock Pines,95726,03,"42 - Rural, Distant",38.746373160000005,-120.57890804999998,575,0,575,9,5,31,298,106
DistrictSites2324_-4467924829629724752.csv,2023-24,2023-24,09,El Dorado,61978,0961978,09619780000000,09619780000000,Rescue Union Elementary,Elementary,KG,08,General Assistance,2390 Bass Lake Rd.,Rescue,95672,03,"21 - Suburban, Large",38.69626813000001,-121.00812511,3512,0,3512,136,9,35,593,462
DistrictSites2324_-4467924829629724752.csv,2023-24,2023-24,09,El Dorado,61986,0961986,09619860000000,09619860000000,Silver Fork Elementary,Elementary,KG,08,General Assistance,2701 Amber Trail,Pollock Pines,95726,03,"43 - Rural, Remote",38.746373160000005,-120.57890804999998,16,0,16,0,0,0,9,6
DistrictSites2324_-4467924829629724752.csv,2023-24,2023-24,09,El Dorado,73783,0973783,09737830000000,09737830000000,Black Oak Mine Unified,Unified,KG,12,Differentiated Assistance,6540 Wentworth Springs Rd.,Georgetown,95634,03,"42 - Rural, Distant",38.912001159999996,-120.82932910999999,1270,244,1026,16,7,74,552,182
DistrictSites2324_-4467924829629724752.csv,2023-24,2023-24,10,Fresno,10108,1010108,10101080000000,10101080000000,Fresno County Office of Education,County Office of Education (COE),KG,12,Differentiated Assistance,1111 Van Ness Ave.,Fresno,93721,07,"11 - City, Large",36.73563104000001,-119.79081869000001,4130,3424,706,553,53,129,3323,1006
DistrictSites2324_-4467924829629724752.csv,2023-24,2023-24,10,Fresno,61994,1061994,10619940000000,10619940000000,Alvina Elementary,Elementary,KG,08,NA,295 West Saginaw Ave.,Caruthers,93609,07,"42 - Rural, Distant",36.55411902,-119.79612367000003,176,176,0,46,0,0,137,15
DistrictSites2324_-4467924829629724752.csv,2023-24,2023-24,10,Fresno,62026,1062026,10620260000000,10620260000000,Big Creek Elementary,Elementary,KG,08,General Assistance,55190 Point Rd.,Big Creek,93605,07,"43 - Rural, Remote",37.20391712000001,-119.24897565,26,0,26,0,0,1,9,7
DistrictSites2324_-4467924829629724752.csv,2023-24,2023-24,10,Fresno,62042,1062042,10620420000000,10620420000000,Burrel Union Elementary,Elementary,KG,08,General Assistance,16704 South Jameson Ave.,Riverdale,93656,07,"42 - Rural, Distant",36.492282,-119.9890987,101,0,101,49,0,1,89,12
DistrictSites2324_-4467924829629724752.csv,2023-24,2023-24,10,Fresno,62109,1062109,10621090000000,10621090000000,Clay Joint Elementary,Elementary,KG,08,General Assistance,12449 South Smith Ave.,Kingsburg,93631,07,"41 - Rural, Fringe",36.55464804,-119.50439863,240,0,240,5,0,0,51,16
DistrictSites2324_-4467924829629724752.csv,2023-24,2023-24,10,Fresno,62117,1062117,10621170000000,10621170000000,Clovis Unified,Unified,KG,12,Differentiated Assistance,1450 Herndon Ave.,Clovis,93611,07,"21 - Suburban, Large",36.83692704999999,-119.68941069,43291,667,42624,2076,213,39,20052,4267
DistrictSites2324_-4467924829629724752.csv,2023-24,2023-24,10,Fresno,62125,1062125,10621250000000,10621250000000,Coalinga-Huron Unified,Unified,KG,12,Differentiated Assistance,657 Sunset St.,Coalinga,93210,07,"33 - Town, Remote",36.14235994000001,-120.36425972000002,4382,0,4382,1758,18,77,3821,456
DistrictSites2324_-4467924829629724752.csv,2023-24,2023-24,10,Fresno,62158,1062158,10621580000000,10621580000000,Fowler Unified,Unified,KG,12,General Assistance,658 East Adams Ave.,Fowler,93625,07,"31 - Town, Fringe",36.63480404,-119.67365066,2523,0,2523,420,5,12,2045,269
DistrictSites2324_-4467924829629724752.csv,2023-24,2023-24,10,Fresno,62166,1062166,10621660000000,10621660000000,Fresno Unified,Unified,KG,12,Differentiated Assistance,2309 Tulare St.,Fresno,93721,07,"11 - City, Large",36.736665040000005,-119.78708369000002,71480,3234,68246,14340,684,571,62333,9679
DistrictSites2324_-4467924829629724752.csv,2023-24,2023-24,10,Fresno,62240,1062240,10622400000000,10622400000000,Kingsburg Elementary Charter,Elementary,KG,08,Differentiated Assistance,1310 Stroud Ave.,Kingsburg,93631,07,"32 - Town, Distant",36.52482103,-119.55276963,2151,2151,0,222,7,95,1552,233
DistrictSites2324_-4467924829629724752.csv,2023-24,2023-24,10,Fresno,62257,1062257,10622570000000,10622570000000,Kingsburg Joint Union High,High,09,12,General Assistance,1900 18th Ave.,Kingsburg,93631,07,"32 - Town, Distant",36.51896803,-119.54628963000002,1227,0,1227,99,5,22,821,90
DistrictSites2324_-4467924829629724752.csv,2023-24,2023-24,10,Fresno,62265,1062265,10622650000000,10622650000000,Kings Canyon Joint Unified,Unified,KG,12,Differentiated Assistance,1801 Tenth St.,Reedley,93654,07,"32 - Town, Distant",36.59694705,-119.45367962000002,9658,401,9257,2575,29,94,8528,845
DistrictSites2324_-4467924829629724752.csv,2023-24,2023-24,10,Fresno,62281,1062281,10622810000000,10622810000000,Laton Joint Unified,Unified,KG,12,Differentiated Assistance,6259 DeWoody,Laton,93242,07,"41 - Rural, Fringe",36.43440302,-119.68538763999999,597,0,597,169,1,10,468,85
DistrictSites2324_-4467924829629724752.csv,2023-24,2023-24,10,Fresno,62323,1062323,10623230000000,10623230000000,Monroe Elementary,Elementary,KG,08,General Assistance,11842 South Chestnut Ave.,Fresno,93725,07,"42 - Rural, Distant",36.56425602,-119.73652667000002,152,0,152,79,0,3,121,25
DistrictSites2324_-4467924829629724752.csv,2023-24,2023-24,10,Fresno,62331,1062331,10623310000000,10623310000000,Orange Center,Elementary,KG,12,General Assistance,3530 South Cherry Ave.,Fresno,93706,07,"41 - Rural, Fringe",36.68280903,-119.78087868,1680,1432,248,232,7,29,1314,215
DistrictSites2324_-4467924829629724752.csv,2023-24,2023-24,10,Fresno,62356,1062356,10623560000000,10623560000000,Pacific Union Elementary,Elementary,KG,08,General Assistance,2065 East Bowles Ave.,Fresno,93725,07,"41 - Rural, Fringe",36.601395030000006,-119.75338866999999,345,0,345,187,2,0,309,39
DistrictSites2324_-4467924829629724752.csv,2023-24,2023-24,10,Fresno,62364,1062364,10623640000000,10623640000000,Parlier Unified,Unified,KG,12,Differentiated Assistance,900 South Newmark Ave.,Parlier,93648,07,"31 - Town, Fringe",36.61674604,-119.52952064000002,3226,0,3226,1362,4,179,3009,362
DistrictSites2324_-4467924829629724752.csv,2023-24,2023-24,10,Fresno,62372,1062372,10623720000000,10623720000000,Pine Ridge Elementary,Elementary,KG,08,General Assistance,45828 Auberry Rd.,Auberry,93602,07,"42 - Rural, Distant",37.0612731,-119.36901366000002,68,0,68,0,0,2,24,10
DistrictSites2324_-4467924829629724752.csv,2023-24,2023-24,10,Fresno,62380,1062380,10623800000000,10623800000000,Raisin City Elementary,Elementary,KG,12,General Assistance,6425 West Bowles Ave.,Raisin City,93652,07,"42 - Rural, Distant",36.600737020000004,-119.90660770000001,553,307,246,212,13,8,541,84
DistrictSites2324_-4467924829629724752.csv,2023-24,2023-24,10,Fresno,62414,1062414,10624140000000,10624140000000,Sanger Unified,Unified,KG,12,General Assistance,1905 Seventh St.,Sanger,93657,07,"31 - Town, Fringe",36.70559405,-119.56358165,13250,1215,12035,1747,81,19,9208,1028
DistrictSites2324_-4467924829629724752.csv,2023-24,2023-24,10,Fresno,62430,1062430,10624300000000,10624300000000,Selma Unified,Unified,KG,12,Differentiated Assistance,3036 Thompson Ave.,Selma,93662,07,"31 - Town, Fringe",36.57871203000001,-119.61922865000001,5974,0,5974,1718,45,84,5408,763
DistrictSites2324_-4467924829629724752.csv,2023-24,2023-24,10,Fresno,62513,1062513,10625130000000,10625130000000,Washington Colony Elementary,Elementary,KG,08,General Assistance,130 East Lincoln Ave.,Fresno,93706,07,"41 - Rural, Fringe",36.649210030000006,-119.78852668000002,434,0,434,137,1,2,369,33
DistrictSites2324_-4467924829629724752.csv,2023-24,2023-24,10,Fresno,62539,1062539,10625390000000,10625390000000,West Park Elementary,Elementary,KG,12,General Assistance,2695 South Valentine Ave.,Fresno,93706,07,"41 - Rural, Fringe",36.69415903000001,-119.8541917,469,172,297,140,2,18,411,74
DistrictSites2324_-4467924829629724752.csv,2023-24,2023-24,10,Fresno,62547,1062547,10625470000000,10625470000000,Westside Elementary,Elementary,KG,12,General Assistance,19191 Excelsior Ave.,Five Points,93624,07,"42 - Rural, Distant",36.40034798,-120.14274470999999,4071,3949,122,306,21,66,2447,502
DistrictSites2324_-4467924829629724752.csv,2023-24,2023-24,10,Fresno,73809,1073809,10738090000000,10738090000000,Firebaugh-Las Deltas Unified,Unified,KG,12,General Assistance,1976 Morris Kyle Dr.,Firebaugh,93622,07,"32 - Town, Distant",36.846467999999994,-120.44648381,2193,0,2193,788,9,15,2051,252
DistrictSites2324_-4467924829629724752.csv,2023-24,2023-24,10,Fresno,73965,1073965,10739650000000,10739650000000,Central Unified,Unified,KG,12,Differentiated Assistance,5652 West Gettysburg Ave.,Fresno,93722,07,"11 - City, Large",36.80138604,-119.89237770999998,15956,0,15956,2210,194,108,12930,1742
DistrictSites2324_-4467924829629724752.csv,2023-24,2023-24,10,Fresno,73999,1073999,10739990000000,10739990000000,Kerman Unified,Unified,KG,12,Differentiated Assistance,15218 West Whitesbridge Ave.,Kerman,93630,07,"31 - Town, Fringe",36.73577402000001,-120.06321174000001,5304,0,5304,1504,25,224,4632,554
DistrictSites2324_-4467924829629724752.csv,2023-24,2023-24,10,Fresno,75127,1075127,10751270000000,10751270000000,Mendota Unified,Unified,KG,12,Differentiated Assistance,115 McCabe Ave.,Mendota,93640,07,"32 - Town, Distant",36.760787,-120.38815979,3949,0,3949,2273,4,247,3879,251
DistrictSites2324_-4467924829629724752.csv,2023-24,2023-24,10,Fresno,75234,1075234,10752340000000,10752340000000,Golden Plains Unified,Unified,KG,12,General Assistance,22000 Nevada St.,San Joaquin,93660,07,"42 - Rural, Distant",36.609763,-120.18797174,1388,0,1388,720,9,29,1367,153
DistrictSites2324_-4467924829629724752.csv,2023-24,2023-24,10,Fresno,75275,1075275,10752750000000,10752750000000,Sierra Unified,Unified,KG,12,Differentiated Assistance,29143 Auberry Rd.,Prather,93651,07,"42 - Rural, Distant",37.03675908,-119.52387868,1292,0,1292,16,7,27,613,192
DistrictSites2324_-4467924829629724752.csv,2023-24,2023-24,10,Fresno,75408,1075408,10754080000000,10754080000000,Riverdale Joint Unified,Unified,KG,12,Differentiated Assistance,3160 West Mt. Whitney Ave.,Riverdale,93656,07,"42 - Rural, Distant",36.431414,-119.85693467,1456,0,1456,478,0,72,1307,140
DistrictSites2324_-4467924829629724752.csv,2023-24,2023-24,10,Fresno,75598,1075598,10755980000000,10755980000000,Caruthers Unified,Unified,KG,12,Differentiated Assistance,2200 West Tahoe,Caruthers,93609,07,"42 - Rural, Distant",36.54380602,-119.83160668000002,1531,0,1531,403,15,17,1358,126
DistrictSites2324_-4467924829629724752.csv,2023-24,2023-24,10,Fresno,76778,1076778,10767780000000,10767780000000,Washington Unified,Unified,KG,12,Differentiated Assistance,7950 South Elm Ave.,Fresno,93706,07,"41 - Rural, Fringe",36.62028302,-119.79015168000002,2752,302,2450,790,36,81,2430,344
DistrictSites2324_-4467924829629724752.csv,2023-24,2023-24,11,Glenn,10116,1110116,11101160000000,11101160000000,Glenn County Office of Education,County Office of Education (COE),KG,12,General Assistance,311 South Villa Ave.,Willows,95988,02,"32 - Town, Distant",39.5172981,-122.20962240000001,479,409,70,70,1,3,305,138
DistrictSites2324_-4467924829629724752.csv,2023-24,2023-24,11,Glenn,62554,1162554,11625540000000,11625540000000,Capay Joint Union Elementary,Elementary,KG,08,General Assistance,7504 Cutting Ave.,Orland,95963,02,"42 - Rural, Distant",39.79772613000001,-122.08484642,194,0,194,23,0,0,89,22
DistrictSites2324_-4467924829629724752.csv,2023-24,2023-24,11,Glenn,62596,1162596,11625960000000,11625960000000,Lake Elementary,Elementary,KG,12,General Assistance,4672 County Road N,Orland,95963,02,"41 - Rural, Fringe",39.76935912000001,-122.15922643,1030,836,194,17,3,9,591,100
DistrictSites2324_-4467924829629724752.csv,2023-24,2023-24,11,Glenn,62638,1162638,11626380000000,11626380000000,Plaza Elementary,Elementary,KG,08,General Assistance,7322 County Road 24,Orland,95963,02,"42 - Rural, Distant",39.71064312,-122.10547140999998,194,0,194,17,0,3,92,14
DistrictSites2324_-4467924829629724752.csv,2023-24,2023-24,11,Glenn,62646,1162646,11626460000000,11626460000000,Princeton Joint Unified,Unified,KG,12,General Assistance,473 State St.,Princeton,95970,03,"42 - Rural, Distant",39.40103811,-122.01111335000002,117,0,117,28,0,11,90,16
DistrictSites2324_-4467924829629724752.csv,2023-24,2023-24,11,Glenn,62653,1162653,11626530000000,11626530000000,Stony Creek Joint Unified,Unified,KG,12,General Assistance,3430 County Road 309,Elk Creek,95939,02,"43 - Rural, Remote",39.606866079999996,-122.53839446,71,0,71,0,0,0,40,8
DistrictSites2324_-4467924829629724752.csv,2023-24,2023-24,11,Glenn,62661,1162661,11626610000000,11626610000000,Willows Unified,Unified,KG,12,General Assistance,823 West Laurel St.,Willows,95988,02,"32 - Town, Distant",39.518264099999996,-122.2038914,1357,0,1357,263,9,15,1103,165
DistrictSites2324_-4467924829629724752.csv,2023-24,2023-24,11,Glenn,75481,1175481,11754810000000,11754810000000,Orland Joint Unified,Unified,KG,12,Differentiated Assistance,903 South St.,Orland,95963,02,"32 - Town, Distant",39.74010812000001,-122.20123943000002,2242,0,2242,542,9,57,1895,315
DistrictSites2324_-4467924829629724752.csv,2023-24,2023-24,11,Glenn,76562,1176562,11765620000000,11765620000000,Hamilton Unified,Unified,KG,12,General Assistance,620 Canal St.,Hamilton City,95951,02,"42 - Rural, Distant",39.74551313000001,-122.01945140000001,715,0,715,221,1,39,636,105
DistrictSites2324_-4467924829629724752.csv,2023-24,2023-24,12,Humboldt,10124,1210124,12101240000000,12101240000000,Humboldt County Office of Education,County Office of Education (COE),KG,12,Differentiated Assistance,901 Myrtle Ave.,Eureka,95501,01,"33 - Town, Remote",40.80099803,-124.14989286999999,831,534,297,9,16,56,545,242
DistrictSites2324_-4467924829629724752.csv,2023-24,2023-24,12,Humboldt,62679,1262679,12626790000000,12626790000000,Arcata Elementary,Elementary,KG,12,Differentiated Assistance,1435 Buttermilk Ln.,Arcata,95521,01,"33 - Town, Remote",40.85645304,-124.06687986,1137,644,493,23,14,29,652,212
DistrictSites2324_-4467924829629724752.csv,2023-24,2023-24,12,Humboldt,62687,1262687,12626870000000,12626870000000,Northern Humboldt Union High,High,KG,12,General Assistance,2755 McKinleyville Ave.,McKinleyville,95519,01,"33 - Town, Remote",40.95524204,-124.11016388000002,1929,279,1650,52,14,87,851,334
DistrictSites2324_-4467924829629724752.csv,2023-24,2023-24,12,Humboldt,62695,1262695,12626950000000,12626950000000,Big Lagoon Union Elementary,Elementary,KG,08,General Assistance,269 Big Lagoon Park Rd.,Trinidad,95570,01,"43 - Rural, Remote",41.157413059999996,-124.13112692000001,20,0,20,0,0,0,6,2
DistrictSites2324_-4467924829629724752.csv,2023-24,2023-24,12,Humboldt,62703,1262703,12627030000000,12627030000000,Blue Lake Union Elementary,Elementary,KG,08,General Assistance,631 Greenwood Ave.,Blue Lake,95525,01,"42 - Rural, Distant",40.88547505,-123.99149186000001,160,0,160,0,0,14,100,40
DistrictSites2324_-4467924829629724752.csv,2023-24,2023-24,12,Humboldt,62729,1262729,12627290000000,12627290000000,Bridgeville Elementary,Elementary,KG,08,Differentiated Assistance,38717 Kneeland Rd.,Bridgeville,95526,01,"43 - Rural, Remote",40.471047039999995,-123.79644277,37,0,37,0,0,2,25,5
DistrictSites2324_-4467924829629724752.csv,2023-24,2023-24,12,Humboldt,62737,1262737,12627370000000,12627370000000,Cuddeback Union Elementary,Elementary,KG,08,General Assistance,300 Wilder Rd.,Carlotta,95528,01,"42 - Rural, Distant",40.53781302,-124.04255481,159,0,159,0,0,0,101,25
DistrictSites2324_-4467924829629724752.csv,2023-24,2023-24,12,Humboldt,62745,1262745,12627450000000,12627450000000,Cutten Elementary,Elementary,KG,06,General Assistance,4182 Walnut Dr.,Eureka,95503,01,"33 - Town, Remote",40.76636603000001,-124.14343386,561,0,561,20,3,22,266,82
DistrictSites2324_-4467924829629724752.csv,2023-24,2023-24,12,Humboldt,62794,1262794,12627940000000,12627940000000,Fieldbrook Elementary,Elementary,KG,08,General Assistance,4070 Fieldbrook Rd.,McKinleyville,95519,01,"41 - Rural, Fringe",40.95658604999999,-124.03442887,111,0,111,0,0,0,39,9
DistrictSites2324_-4467924829629724752.csv,2023-24,2023-24,12,Humboldt,62810,1262810,12628100000000,12628100000000,Fortuna Union High,High,09,12,Differentiated Assistance,735 13th St.,Fortuna,95540,01,"33 - Town, Remote",40.59839902000001,-124.15322284,1083,0,1083,66,7,54,637,177
DistrictSites2324_-4467924829629724752.csv,2023-24,2023-24,12,Humboldt,62828,1262828,12628280000000,12628280000000,Freshwater Elementary,Elementary,KG,08,General Assistance,75 Greenwood Heights Dr.,Eureka,95503,01,"41 - Rural, Fringe",40.78595404000001,-124.08238185999998,313,48,265,3,0,4,142,32
DistrictSites2324_-4467924829629724752.csv,2023-24,2023-24,12,Humboldt,62836,1262836,12628360000000,12628360000000,Garfield Elementary,Elementary,KG,06,General Assistance,2200 Freshwater Rd.,Eureka,95503,01,"42 - Rural, Distant",40.76119204000001,-124.06179784999999,67,0,67,0,2,0,21,9
DistrictSites2324_-4467924829629724752.csv,2023-24,2023-24,12,Humboldt,62851,1262851,12628510000000,12628510000000,Green Point Elementary,Elementary,KG,08,General Assistance,180 Valkensar Ln.,Blue Lake,95525,01,"43 - Rural, Remote",41.020745070000004,-123.86715586000001,6,0,6,0,0,0,4,1
DistrictSites2324_-4467924829629724752.csv,2023-24,2023-24,12,Humboldt,62885,1262885,12628850000000,12628850000000,Hydesville Elementary,Elementary,KG,08,General Assistance,3050 Johnson Rd.,Hydesville,95547,01,"41 - Rural, Fringe",40.549156020000005,-124.09315282,224,0,224,5,3,0,114,38
DistrictSites2324_-4467924829629724752.csv,2023-24,2023-24,12,Humboldt,62893,1262893,12628930000000,12628930000000,Jacoby Creek Elementary,Elementary,KG,08,General Assistance,1617 Old Arcata Rd.,Bayside,95524,01,"41 - Rural, Fringe",40.84685504,-124.06787486,462,0,462,2,1,5,159,83
DistrictSites2324_-4467924829629724752.csv,2023-24,2023-24,12,Humboldt,62901,1262901,12629010000000,12629010000000,Klamath-Trinity Joint Unified,Unified,KG,12,Differentiated Assistance,11800 Highway 96,Hoopa,95546,01,"43 - Rural, Remote",41.053496089999996,-123.68031683999999,939,0,939,3,145,184,739,168
DistrictSites2324_-4467924829629724752.csv,2023-24,2023-24,12,Humboldt,62919,1262919,12629190000000,12629190000000,Kneeland Elementary,Elementary,KG,08,General Assistance,9313 Kneeland Rd.,Kneeland,95549,01,"42 - Rural, Distant",40.72647705,-123.94429683000001,28,0,28,0,0,0,17,3
DistrictSites2324_-4467924829629724752.csv,2023-24,2023-24,12,Humboldt,62927,1262927,12629270000000,12629270000000,Loleta Union Elementary,Elementary,KG,08,Differentiated Assistance,700 Loleta Dr.,Loleta,95551,01,"42 - Rural, Distant",40.64380702,-124.21820885,75,0,75,18,0,18,69,25
DistrictSites2324_-4467924829629724752.csv,2023-24,2023-24,12,Humboldt,62935,1262935,12629350000000,12629350000000,Maple Creek Elementary,Elementary,KG,08,General Assistance,15933 Maple Creek Rd.,Korbel,95550,01,"42 - Rural, Distant",40.76044505,-123.87012382,3,0,3,0,0,0,2,2
DistrictSites2324_-4467924829629724752.csv,2023-24,2023-24,12,Humboldt,62950,1262950,12629500000000,12629500000000,McKinleyville Union Elementary,Elementary,KG,08,Differentiated Assistance,2275 Central Ave.,McKinleyville,95519,01,"33 - Town, Remote",40.947455049999995,-124.09809788,924,0,924,40,6,23,542,169
DistrictSites2324_-4467924829629724752.csv,2023-24,2023-24,12,Humboldt,62968,1262968,12629680000000,12629680000000,Orick Elementary,Elementary,KG,08,General Assistance,120918 Highway 101,Orick,95555,01,"43 - Rural, Remote",41.28705207,-124.05881493,10,0,10,0,3,4,10,2
DistrictSites2324_-4467924829629724752.csv,2023-24,2023-24,12,Humboldt,62976,1262976,12629760000000,12629760000000,Pacific Union Elementary,Elementary,KG,08,Differentiated Assistance,3001 Janes Rd.,Arcata,95521,01,"33 - Town, Remote",40.89497904,-124.09270987,572,42,530,44,3,15,347,95
DistrictSites2324_-4467924829629724752.csv,2023-24,2023-24,12,Humboldt,62984,1262984,12629840000000,12629840000000,Peninsula Union,Elementary,KG,08,Differentiated Assistance,909 Vance Ave.,Samoa,95564,01,"33 - Town, Remote",40.82204303,-124.18252286999999,65,0,65,2,2,12,52,14
DistrictSites2324_-4467924829629724752.csv,2023-24,2023-24,12,Humboldt,63008,1263008,12630080000000,12630080000000,Rio Dell Elementary,Elementary,KG,08,General Assistance,95 Center St.,Rio Dell,95562,01,"42 - Rural, Distant",40.501446019999996,-124.10358681999999,307,0,307,25,3,24,239,45
DistrictSites2324_-4467924829629724752.csv,2023-24,2023-24,12,Humboldt,63024,1263024,12630240000000,12630240000000,Scotia Union Elementary,Elementary,KG,08,Differentiated Assistance,417 Church St.,Scotia,95565,01,"42 - Rural, Distant",40.481729019999996,-124.10079580999998,192,0,192,6,2,12,147,26
DistrictSites2324_-4467924829629724752.csv,2023-24,2023-24,12,Humboldt,63032,1263032,12630320000000,12630320000000,South Bay Union Elementary,Elementary,KG,12,Differentiated Assistance,6077 Loma Ave.,Eureka,95503,01,"33 - Town, Remote",40.73484302,-124.20817786999999,845,501,344,47,8,100,635,150
DistrictSites2324_-4467924829629724752.csv,2023-24,2023-24,12,Humboldt,63040,1263040,12630400000000,12630400000000,Southern Humboldt Joint Unified,Unified,KG,12,General Assistance,110 School Rd.,Miranda,95553,01,"43 - Rural, Remote",40.235604020000004,-123.82222974000001,645,0,645,45,6,54,463,78
DistrictSites2324_-4467924829629724752.csv,2023-24,2023-24,12,Humboldt,63057,1263057,12630570000000,12630570000000,Trinidad Union Elementary,Elementary,KG,08,Differentiated Assistance,300 Trinity St.,Trinidad,95570,01,"42 - Rural, Distant",41.060367049999996,-124.14355490000001,168,0,168,0,0,5,105,31
DistrictSites2324_-4467924829629724752.csv,2023-24,2023-24,12,Humboldt,75374,1275374,12753740000000,12753740000000,Ferndale Unified,Unified,KG,12,Differentiated Assistance,164 Shaw Ave.,Ferndale,95536,01,"42 - Rural, Distant",40.57775773,-124.2674922,482,0,482,15,1,3,241,78
DistrictSites2324_-4467924829629724752.csv,2023-24,2023-24,12,Humboldt,75382,1275382,12753820000000,12753820000000,Mattole Unified,Unified,KG,12,General Assistance,29289 Chambers Rd.,Petrolia,95558,01,"43 - Rural, Remote",40.32183699,-124.28570581999999,36,0,36,0,0,4,14,6
DistrictSites2324_-4467924829629724752.csv,2023-24,2023-24,12,Humboldt,75515,1275515,12755150000000,12755150000000,Eureka City Schools,Unified,KG,12,Differentiated Assistance,2100 J St.,Eureka,95501,01,"33 - Town, Remote",40.78841003000001,-124.15927586999999,3686,148,3538,617,58,281,2572,605
DistrictSites2324_-4467924829629724752.csv,2023-24,2023-24,12,Humboldt,76802,1276802,12768020000000,12768020000000,Fortuna Elementary,Elementary,KG,08,Differentiated Assistance,500 9th St.,Fortuna,95540,01,"33 - Town, Remote",40.596577020000005,-124.15794384,1278,230,1048,167,14,71,974,262
DistrictSites2324_-4467924829629724752.csv,2023-24,2023-24,13,Imperial,10132,1310132,13101320000000,13101320000000,Imperial County Office of Education,County Office of Education (COE),KG,12,Differentiated Assistance,1398 Sperber Rd.,El Centro,92243,09,"41 - Rural, Fringe",32.75209785,-115.56377062,958,241,717,429,4,21,807,564
DistrictSites2324_-4467924829629724752.csv,2023-24,2023-24,13,Imperial,63073,1363073,13630730000000,13630730000000,Brawley Elementary,Elementary,KG,08,Differentiated Assistance,261 D St.,Brawley,92227,09,"31 - Town, Fringe",32.98133088,-115.53808663,3901,0,3901,1533,19,35,3318,530
DistrictSites2324_-4467924829629724752.csv,2023-24,2023-24,13,Imperial,63081,1363081,13630810000000,13630810000000,Brawley Union High,High,09,12,Differentiated Assistance,480 North Imperial Ave.,Brawley,92227,09,"31 - Town, Fringe",32.98273288000001,-115.53418863,2022,0,2022,465,9,7,1526,278
DistrictSites2324_-4467924829629724752.csv,2023-24,2023-24,13,Imperial,63099,1363099,13630990000000,13630990000000,Calexico Unified,Unified,KG,12,Differentiated Assistance,901 Andrade Ave.,Calexico,92231,09,"31 - Town, Fringe",32.676463840000004,-115.4828516,8146,0,8146,4874,23,508,7185,875
DistrictSites2324_-4467924829629724752.csv,2023-24,2023-24,13,Imperial,63107,1363107,13631070000000,13631070000000,Calipatria Unified,Unified,KG,12,Differentiated Assistance,501 West Main St.,Calipatria,92233,09,"42 - Rural, Distant",33.12513489000001,-115.52262464000002,1086,0,1086,310,4,26,966,127
DistrictSites2324_-4467924829629724752.csv,2023-24,2023-24,13,Imperial,63115,1363115,13631150000000,13631150000000,Central Union High,High,09,12,Differentiated Assistance,351 Ross Ave.,El Centro,92243,09,"13 - City, Small",32.781026849999996,-115.55093462,4023,0,4023,1007,14,114,3059,488
DistrictSites2324_-4467924829629724752.csv,2023-24,2023-24,13,Imperial,63123,1363123,13631230000000,13631230000000,El Centro Elementary,Elementary,KG,08,General Assistance,1256 Broadway,El Centro,92243,09,"13 - City, Small",32.79410585000001,-115.56707863,5433,385,5048,2400,19,31,4487,755
DistrictSites2324_-4467924829629724752.csv,2023-24,2023-24,13,Imperial,63131,1363131,13631310000000,13631310000000,Heber Elementary,Elementary,KG,08,Differentiated Assistance,1052 Heber Ave.,Heber,92249,09,"41 - Rural, Fringe",32.72540984000001,-115.52923761,1186,0,1186,645,4,1,838,138
DistrictSites2324_-4467924829629724752.csv,2023-24,2023-24,13,Imperial,63149,1363149,13631490000000,13631490000000,Holtville Unified,Unified,KG,12,General Assistance,621 East Sixth St.,Holtville,92250,09,"31 - Town, Fringe",32.81320185999999,-115.37273358999998,1582,0,1582,700,7,102,1274,150
DistrictSites2324_-4467924829629724752.csv,2023-24,2023-24,13,Imperial,63164,1363164,13631640000000,13631640000000,Imperial Unified,Unified,KG,12,Differentiated Assistance,219 North E St.,Imperial,92251,09,"23 - Suburban, Small",32.84923086,-115.57511063,4672,0,4672,1121,17,390,2157,638
DistrictSites2324_-4467924829629724752.csv,2023-24,2023-24,13,Imperial,63172,1363172,13631720000000,13631720000000,Magnolia Union Elementary,Elementary,KG,08,General Assistance,4502 Casey Rd.,Brawley,92227,09,"42 - Rural, Distant",32.982441879999996,-115.42298860999999,114,0,114,11,0,0,20,15
DistrictSites2324_-4467924829629724752.csv,2023-24,2023-24,13,Imperial,63180,1363180,13631800000000,13631800000000,McCabe Union Elementary,Elementary,KG,08,General Assistance,701 West McCabe Rd.,El Centro,92243,09,"41 - Rural, Fringe",32.75151984000001,-115.59538363,1164,0,1164,158,2,2,503,130
DistrictSites2324_-4467924829629724752.csv,2023-24,2023-24,13,Imperial,63198,1363198,13631980000000,13631980000000,Meadows Union,Elementary,KG,08,Differentiated Assistance,2059 Bowker Rd.,El Centro,92243,09,"41 - Rural, Fringe",32.80050486,-115.47484661,370,0,370,220,0,0,240,62
DistrictSites2324_-4467924829629724752.csv,2023-24,2023-24,13,Imperial,63206,1363206,13632060000000,13632060000000,Mulberry Elementary,Elementary,KG,08,General Assistance,1391 East Rutherford Rd.,Brawley,92227,09,"42 - Rural, Distant",33.04404289,-115.41731662000002,69,0,69,8,0,0,36,10
DistrictSites2324_-4467924829629724752.csv,2023-24,2023-24,13,Imperial,63214,1363214,13632140000000,13632140000000,San Pasqual Valley Unified,Unified,KG,12,Differentiated Assistance,676 Base Line Rd.,Winterhaven,92283,09,"41 - Rural, Fringe",32.74958489,-114.59829245,589,0,589,129,1,45,521,108
DistrictSites2324_-4467924829629724752.csv,2023-24,2023-24,13,Imperial,63222,1363222,13632220000000,13632220000000,Seeley Union Elementary,Elementary,KG,08,General Assistance,1812 West Rio Vista St.,Seeley,92273,09,"42 - Rural, Distant",32.79537485000001,-115.69181165,337,0,337,170,0,17,318,59
DistrictSites2324_-4467924829629724752.csv,2023-24,2023-24,13,Imperial,63230,1363230,13632300000000,13632300000000,Westmorland Union Elementary,Elementary,KG,08,General Assistance,200 South C St.,Westmorland,92281,09,"42 - Rural, Distant",33.03592588000001,-115.61799665000001,323,0,323,157,4,41,308,30
DistrictSites2324_-4467924829629724752.csv,2023-24,2023-24,14,Inyo,10140,1410140,14101400000000,14101400000000,Inyo County Office of Education,County Office of Education (COE),KG,12,General Assistance,166 Grandview Dr.,Bishop,93514,10,"33 - Town, Remote",37.36030719,-118.43426153000001,1376,1368,8,222,26,152,1261,144
DistrictSites2324_-4467924829629724752.csv,2023-24,2023-24,14,Inyo,63248,1463248,14632480000000,14632480000000,Big Pine Unified,Unified,KG,12,General Assistance,500 South Main St.,Big Pine,93513,10,"43 - Rural, Remote",37.16148318,-118.28861249,151,0,151,10,0,0,95,21
DistrictSites2324_-4467924829629724752.csv,2023-24,2023-24,14,Inyo,63271,1463271,14632710000000,14632710000000,Death Valley Unified,Unified,KG,12,General Assistance,Old State Highway 127,Shoshone,92384,10,"43 - Rural, Remote",35.979072190000004,-116.27267001999999,17,0,17,4,0,0,8,0
DistrictSites2324_-4467924829629724752.csv,2023-24,2023-24,14,Inyo,63289,1463289,14632890000000,14632890000000,Lone Pine Unified,Unified,KG,12,Differentiated Assistance,301 South Hay St.,Lone Pine,93545,10,"43 - Rural, Remote",36.60279714000001,-118.06057539,299,0,299,52,5,1,198,37
DistrictSites2324_-4467924829629724752.csv,2023-24,2023-24,14,Inyo,63297,1463297,14632970000000,14632970000000,Owens Valley Unified,Unified,KG,12,General Assistance,202 South Clay St.,Independence,93526,10,"43 - Rural, Remote",36.80293715,-118.19640244,101,0,101,1,0,0,35,22
DistrictSites2324_-4467924829629724752.csv,2023-24,2023-24,14,Inyo,63305,1463305,14633050000000,14633050000000,Round Valley Joint Elementary,Elementary,KG,05,General Assistance,300 North Round Valley Rd.,Bishop,93514,10,"42 - Rural, Distant",37.41876219,-118.58594957,69,0,69,1,0,0,25,14
DistrictSites2324_-4467924829629724752.csv,2023-24,2023-24,14,Inyo,76687,1476687,14766870000000,14766870000000,Bishop Unified,Unified,KG,12,Differentiated Assistance,656 West Pine St.,Bishop,93514,10,"33 - Town, Remote",37.36372719,-118.40134753,1933,0,1933,199,15,71,1245,288
DistrictSites2324_-4467924829629724752.csv,2023-24,2023-24,15,Kern,10157,1510157,15101570000000,15101570000000,Kern County Office of Education,County Office of Education (COE),KG,12,Differentiated Assistance,"1300 17th St., City Centre",Bakersfield,93301,08,"11 - City, Large",35.37460494999999,-119.01676343000001,5484,4468,1016,1303,64,57,3873,946
DistrictSites2324_-4467924829629724752.csv,2023-24,2023-24,15,Kern,63313,1563313,15633130000000,15633130000000,Arvin Union,Elementary,KG,08,General Assistance,737 Bear Mountain Blvd.,Arvin,93203,08,"31 - Town, Fringe",35.20888195,-118.83200238999999,2915,0,2915,1814,16,65,2751,278
DistrictSites2324_-4467924829629724752.csv,2023-24,2023-24,15,Kern,63321,1563321,15633210000000,15633210000000,Bakersfield City,Elementary,KG,08,Differentiated Assistance,1300 Baker St.,Bakersfield,93305,08,"11 - City, Large",35.38260794999999,-118.99117143000001,28761,0,28761,7864,246,841,26509,3195
DistrictSites2324_-4467924829629724752.csv,2023-24,2023-24,15,Kern,63339,1563339,15633390000000,15633390000000,Beardsley Elementary,Elementary,KG,08,Differentiated Assistance,1001 Roberts Ln.,Bakersfield,93308,08,"21 - Suburban, Large",35.40828595,-119.04023344000002,1946,0,1946,249,31,27,1886,287
DistrictSites2324_-4467924829629724752.csv,2023-24,2023-24,15,Kern,63354,1563354,15633540000000,15633540000000,Blake Elementary,Elementary,KG,08,General Assistance,19165 Main St.,Woody,93287,08,"42 - Rural, Distant",35.70371200000001,-118.83720943000002,19,0,19,2,0,0,7,0
DistrictSites2324_-4467924829629724752.csv,2023-24,2023-24,15,Kern,63362,1563362,15633620000000,15633620000000,Panama-Buena Vista Union,Elementary,KG,08,Differentiated Assistance,4200 Ashe Rd.,Bakersfield,93313,08,"11 - City, Large",35.31689694,-119.07389444,19369,0,19369,2818,150,97,14838,2511
DistrictSites2324_-4467924829629724752.csv,2023-24,2023-24,15,Kern,63370,1563370,15633700000000,15633700000000,Buttonwillow Union Elementary,Elementary,KG,08,General Assistance,42600 Highway 58,Buttonwillow,93206,08,"42 - Rural, Distant",35.40048493,-119.47453351,287,0,287,161,2,0,247,32
DistrictSites2324_-4467924829629724752.csv,2023-24,2023-24,15,Kern,63388,1563388,15633880000000,15633880000000,Caliente Union Elementary,Elementary,KG,08,General Assistance,12400 Caliente Creek Rd.,Caliente,93518,08,"43 - Rural, Remote",35.345706990000004,-118.37839031999998,52,0,52,0,0,0,41,4
DistrictSites2324_-4467924829629724752.csv,2023-24,2023-24,15,Kern,63404,1563404,15634040000000,15634040000000,Delano Union Elementary,Elementary,KG,08,General Assistance,1405 12th Ave.,Delano,93215,08,"32 - Town, Distant",35.77314298000001,-119.23946450000001,6235,1839,4396,2133,31,69,5562,567
DistrictSites2324_-4467924829629724752.csv,2023-24,2023-24,15,Kern,63412,1563412,15634120000000,15634120000000,Delano Joint Union High,High,09,12,General Assistance,1720 Norwalk St.,Delano,93215,08,"32 - Town, Distant",35.778669980000004,-119.24050351000001,4054,0,4054,961,8,21,3693,355
DistrictSites2324_-4467924829629724752.csv,2023-24,2023-24,15,Kern,63420,1563420,15634200000000,15634200000000,Di Giorgio Elementary,Elementary,KG,08,General Assistance,19405 Buena Vista Blvd.,Arvin,93203,08,"41 - Rural, Fringe",35.23758695,-118.78697538,223,0,223,72,2,0,223,10
DistrictSites2324_-4467924829629724752.csv,2023-24,2023-24,15,Kern,63438,1563438,15634380000000,15634380000000,Edison Elementary,Elementary,KG,08,Differentiated Assistance,11518 School St.,Bakersfield,93307,08,"41 - Rural, Fringe",35.34747495999999,-118.87607739999999,1113,0,1113,289,11,178,1082,129
DistrictSites2324_-4467924829629724752.csv,2023-24,2023-24,15,Kern,63446,1563446,15634460000000,15634460000000,Elk Hills Elementary,Elementary,KG,08,General Assistance,501 Kern St.,Tupman,93276,08,"42 - Rural, Distant",35.298213920000016,-119.35485448000001,167,0,167,10,3,0,97,23
DistrictSites2324_-4467924829629724752.csv,2023-24,2023-24,15,Kern,63461,1563461,15634610000000,15634610000000,Fairfax Elementary,Elementary,KG,08,Differentiated Assistance,1500 South Fairfax Rd.,Bakersfield,93307,08,"21 - Suburban, Large",35.34128094999999,-118.93264641,2687,0,2687,903,11,133,2610,255
DistrictSites2324_-4467924829629724752.csv,2023-24,2023-24,15,Kern,63479,1563479,15634790000000,15634790000000,Fruitvale Elementary,Elementary,KG,08,General Assistance,7311 Rosedale Hwy.,Bakersfield,93308,08,"11 - City, Large",35.38301595,-119.08373344,3078,0,3078,216,19,67,2120,392
DistrictSites2324_-4467924829629724752.csv,2023-24,2023-24,15,Kern,63487,1563487,15634870000000,15634870000000,General Shafter Elementary,Elementary,KG,08,General Assistance,1825 Shafter Rd.,Bakersfield,93313,08,"41 - Rural, Fringe",35.22228193000001,-119.02274641999999,184,0,184,48,1,0,168,9
DistrictSites2324_-4467924829629724752.csv,2023-24,2023-24,15,Kern,63503,1563503,15635030000000,15635030000000,Greenfield Union,Elementary,KG,08,General Assistance,1624 Fairview Rd.,Bakersfield,93307,08,"11 - City, Large",35.30346294,-119.02050642,9021,0,9021,2135,65,326,8679,782
DistrictSites2324_-4467924829629724752.csv,2023-24,2023-24,15,Kern,63529,1563529,15635290000000,15635290000000,Kern High,High,09,12,Differentiated Assistance,5801 Sundale Ave.,Bakersfield,93309,08,"11 - City, Large",35.342434940000004,-119.06517644,43116,574,42542,4382,336,486,33830,5328
DistrictSites2324_-4467924829629724752.csv,2023-24,2023-24,15,Kern,63545,1563545,15635450000000,15635450000000,Kernville Union Elementary,Elementary,KG,08,Differentiated Assistance,3240 Erskine Creek Rd.,Lake Isabella,93240,08,"32 - Town, Distant",35.609325010000006,-118.46643436000001,779,0,779,14,20,7,647,150
DistrictSites2324_-4467924829629724752.csv,2023-24,2023-24,15,Kern,63552,1563552,15635520000000,15635520000000,Lakeside Union,Elementary,KG,08,Differentiated Assistance,14535 Old River Rd.,Bakersfield,93311,08,"41 - Rural, Fringe",35.222205930000015,-119.11044643,1599,0,1599,262,9,29,1068,182
DistrictSites2324_-4467924829629724752.csv,2023-24,2023-24,15,Kern,63560,1563560,15635600000000,15635600000000,Lamont Elementary,Elementary,KG,08,General Assistance,7915 Burgundy Ave.,Lamont,93241,08,"31 - Town, Fringe",35.26307095000001,-118.9163874,2613,0,2613,1355,7,75,2249,232
DistrictSites2324_-4467924829629724752.csv,2023-24,2023-24,15,Kern,63578,1563578,15635780000000,15635780000000,Richland Union Elementary,Elementary,KG,08,Differentiated Assistance,300 North Valley,Shafter,93263,08,"31 - Town, Fringe",35.50365395,-119.27880649,3333,810,2523,1037,24,141,2880,401
DistrictSites2324_-4467924829629724752.csv,2023-24,2023-24,15,Kern,63586,1563586,15635860000000,15635860000000,Linns Valley-Poso Flat Union,Elementary,KG,08,General Assistance,158 White River Rd.,Glennville,93226,08,"42 - Rural, Distant",35.72997901000001,-118.70425041000001,19,0,19,0,0,0,13,2
DistrictSites2324_-4467924829629724752.csv,2023-24,2023-24,15,Kern,63594,1563594,15635940000000,15635940000000,Lost Hills Union Elementary,Elementary,KG,08,General Assistance,20951 Pavilion Way,Lost Hills,93249,08,"43 - Rural, Remote",35.61537593000001,-119.70273855999999,271,0,271,133,0,0,207,24
DistrictSites2324_-4467924829629724752.csv,2023-24,2023-24,15,Kern,63610,1563610,15636100000000,15636100000000,Maple Elementary,Elementary,KG,08,General Assistance,29161 Fresno Ave.,Shafter,93263,08,"41 - Rural, Fringe",35.51392195,-119.3359965,285,0,285,29,0,0,171,28
DistrictSites2324_-4467924829629724752.csv,2023-24,2023-24,15,Kern,63628,1563628,15636280000000,15636280000000,Maricopa Unified,Unified,KG,12,Differentiated Assistance,955 Stanislaus St.,Maricopa,93252,08,"42 - Rural, Distant",35.054164889999996,-119.40382646000002,14535,14229,306,415,16,92,7075,1469
DistrictSites2324_-4467924829629724752.csv,2023-24,2023-24,15,Kern,63651,1563651,15636510000000,15636510000000,McKittrick Elementary,Elementary,KG,08,General Assistance,23250 Second St.,McKittrick,93251,08,"42 - Rural, Distant",35.30982991,-119.62091452,69,0,69,2,0,0,28,4
DistrictSites2324_-4467924829629724752.csv,2023-24,2023-24,15,Kern,63669,1563669,15636690000000,15636690000000,Midway Elementary,Elementary,KG,08,General Assistance,259 F St.,Fellows,93224,08,"42 - Rural, Distant",35.17223290000001,-119.54404550000001,67,0,67,3,0,3,44,7
DistrictSites2324_-4467924829629724752.csv,2023-24,2023-24,15,Kern,63677,1563677,15636770000000,15636770000000,Mojave Unified,Unified,KG,12,Differentiated Assistance,3200 Pat Ave.,Mojave,93501,08,"43 - Rural, Remote",35.060746970000004,-118.19267626,2842,0,2842,449,67,89,2555,496
DistrictSites2324_-4467924829629724752.csv,2023-24,2023-24,15,Kern,63685,1563685,15636850000000,15636850000000,Muroc Joint Unified,Unified,KG,12,Differentiated Assistance,17100 Foothill Ave.,North Edwards,93523,08,"42 - Rural, Distant",35.015050990000006,-117.82637619999998,1802,0,1802,19,6,27,543,266
DistrictSites2324_-4467924829629724752.csv,2023-24,2023-24,15,Kern,63693,1563693,15636930000000,15636930000000,Norris Elementary,Elementary,KG,08,General Assistance,6940 Calloway Dr.,Bakersfield,93312,08,"11 - City, Large",35.422214950000004,-119.10880544999999,3991,0,3991,189,25,13,1356,396
DistrictSites2324_-4467924829629724752.csv,2023-24,2023-24,15,Kern,63719,1563719,15637190000000,15637190000000,Pond Union Elementary,Elementary,KG,08,General Assistance,29585 Pond Rd.,Wasco,93280,08,"42 - Rural, Distant",35.71738897,-119.31268050999999,169,0,169,29,0,3,153,24
DistrictSites2324_-4467924829629724752.csv,2023-24,2023-24,15,Kern,63750,1563750,15637500000000,15637500000000,Rosedale Union Elementary,Elementary,KG,08,Differentiated Assistance,2553 Old Farm Rd.,Bakersfield,93312,08,"11 - City, Large",35.38326194,-119.13732645,6213,0,6213,315,25,1,2636,738
DistrictSites2324_-4467924829629724752.csv,2023-24,2023-24,15,Kern,63768,1563768,15637680000000,15637680000000,Semitropic Elementary,Elementary,KG,08,General Assistance,25300 Highway 46,Wasco,93280,08,"42 - Rural, Distant",35.60203194000001,-119.50862353000001,142,0,142,79,0,0,97,12
DistrictSites2324_-4467924829629724752.csv,2023-24,2023-24,15,Kern,63776,1563776,15637760000000,15637760000000,Southern Kern Unified,Unified,KG,12,Differentiated Assistance,2601 Rosamond Blvd.,Rosamond,93560,08,"31 - Town, Fringe",34.864643949999994,-118.17901124999999,3683,0,3683,563,49,439,3048,644
DistrictSites2324_-4467924829629724752.csv,2023-24,2023-24,15,Kern,63784,1563784,15637840000000,15637840000000,South Fork Union,Elementary,KG,08,Differentiated Assistance,5225 Kelso Valley Rd.,Weldon,93283,08,"43 - Rural, Remote",35.64684203,-118.27473932999999,340,0,340,9,4,8,262,53
DistrictSites2324_-4467924829629724752.csv,2023-24,2023-24,15,Kern,63792,1563792,15637920000000,15637920000000,Standard Elementary,Elementary,KG,08,Differentiated Assistance,1200 North Chester Ave.,Bakersfield,93308,08,"21 - Suburban, Large",35.416251949999996,-119.02067144,3030,0,3030,245,28,118,2778,396
DistrictSites2324_-4467924829629724752.csv,2023-24,2023-24,15,Kern,63800,1563800,15638000000000,15638000000000,Taft City,Elementary,KG,08,General Assistance,820 Sixth St.,Taft,93268,08,"32 - Town, Distant",35.14873290000001,-119.45653848,2383,0,2383,1096,16,10,2161,277
DistrictSites2324_-4467924829629724752.csv,2023-24,2023-24,15,Kern,63818,1563818,15638180000000,15638180000000,Taft Union High,High,09,12,Differentiated Assistance,701 Wildcat Way,Taft,93268,08,"32 - Town, Distant",35.1463419,-119.46053448000002,1138,0,1138,207,7,20,938,149
DistrictSites2324_-4467924829629724752.csv,2023-24,2023-24,15,Kern,63826,1563826,15638260000000,15638260000000,Tehachapi Unified,Unified,KG,12,Differentiated Assistance,300 South Robinson St.,Tehachapi,93561,08,"41 - Rural, Fringe",35.12933496000001,-118.44622331000002,4219,0,4219,241,37,139,1827,611
DistrictSites2324_-4467924829629724752.csv,2023-24,2023-24,15,Kern,63834,1563834,15638340000000,15638340000000,Vineland Elementary,Elementary,KG,08,Differentiated Assistance,14713 Weedpatch Hwy.,Bakersfield,93307,08,"41 - Rural, Fringe",35.221464940000004,-118.91418440000002,657,0,657,386,1,66,657,74
DistrictSites2324_-4467924829629724752.csv,2023-24,2023-24,15,Kern,63842,1563842,15638420000000,15638420000000,Wasco Union Elementary,Elementary,KG,08,General Assistance,1102 Fifth St.,Wasco,93280,08,"32 - Town, Distant",35.59722395,-119.33844849999998,3473,0,3473,1089,16,13,3223,367
DistrictSites2324_-4467924829629724752.csv,2023-24,2023-24,15,Kern,63859,1563859,15638590000000,15638590000000,Wasco Union High,High,09,12,Differentiated Assistance,2100 Seventh St.,Wasco,93280,08,"32 - Town, Distant",35.59459495,-119.34963051,1807,0,1807,378,5,9,1599,168
DistrictSites2324_-4467924829629724752.csv,2023-24,2023-24,15,Kern,73544,1573544,15735440000000,15735440000000,Rio Bravo-Greeley Union Elementary,Elementary,KG,08,General Assistance,6521 Enos Ln.,Bakersfield,93314,08,"41 - Rural, Fringe",35.41934294000001,-119.25228747,1037,0,1037,83,4,0,523,104
DistrictSites2324_-4467924829629724752.csv,2023-24,2023-24,15,Kern,73742,1573742,15737420000000,15737420000000,Sierra Sands Unified,Unified,KG,12,Differentiated Assistance,113 West Felspar Ave.,Ridgecrest,93555,08,"33 - Town, Remote",35.63327906,-117.67157922999999,5122,0,5122,280,41,208,2830,823
DistrictSites2324_-4467924829629724752.csv,2023-24,2023-24,15,Kern,73908,1573908,15739080000000,15739080000000,McFarland Unified,Unified,KG,12,Differentiated Assistance,601 Second St.,McFarland,93250,08,"32 - Town, Distant",35.68048697,-119.22970049,3274,0,3274,1123,14,426,2990,356
DistrictSites2324_-4467924829629724752.csv,2023-24,2023-24,15,Kern,75168,1575168,15751680000000,15751680000000,El Tejon Unified,Unified,KG,12,General Assistance,4337 Lebec Rd.,Lebec,93243,08,"43 - Rural, Remote",34.87326291,-118.88753536,712,0,712,73,7,148,590,111
DistrictSites2324_-4467924829629724752.csv,2023-24,2023-24,16,Kings,10165,1610165,16101650000000,16101650000000,Kings County Office of Education,County Office of Education (COE),KG,12,General Assistance,1144 West Lacey Blvd.,Hanford,93230,07,"13 - City, Small",36.32845201000001,-119.66360463000001,363,0,363,8,8,4,290,348
DistrictSites2324_-4467924829629724752.csv,2023-24,2023-24,16,Kings,63875,1663875,16638750000000,16638750000000,Armona Union Elementary,Elementary,KG,12,Differentiated Assistance,11115 C St.,Armona,93202,07,"23 - Suburban, Small",36.311871999999994,-119.70662263000001,1667,700,967,294,14,28,1368,188
DistrictSites2324_-4467924829629724752.csv,2023-24,2023-24,16,Kings,63883,1663883,16638830000000,16638830000000,Central Union Elementary,Elementary,KG,08,General Assistance,15783 18th Ave.,Lemoore,93245,07,"32 - Town, Distant",36.24346799,-119.78024964000002,1596,0,1596,148,22,2,781,183
DistrictSites2324_-4467924829629724752.csv,2023-24,2023-24,16,Kings,63891,1663891,16638910000000,16638910000000,Corcoran Joint Unified,Unified,KG,12,Differentiated Assistance,1520 Patterson Ave.,Corcoran,93212,07,"32 - Town, Distant",36.101965990000004,-119.56688858999999,3201,0,3201,627,5,122,2953,280
DistrictSites2324_-4467924829629724752.csv,2023-24,2023-24,16,Kings,63917,1663917,16639170000000,16639170000000,Hanford Elementary,Elementary,KG,08,Differentiated Assistance,714 North White St.,Hanford,93230,07,"13 - City, Small",36.33264201,-119.63989463,5568,0,5568,1051,56,82,4478,627
DistrictSites2324_-4467924829629724752.csv,2023-24,2023-24,16,Kings,63925,1663925,16639250000000,16639250000000,Hanford Joint Union High,High,09,12,Differentiated Assistance,823 West Lacey Blvd.,Hanford,93230,07,"13 - City, Small",36.327535010000005,-119.65719363000001,4180,152,4028,472,32,170,3264,357
DistrictSites2324_-4467924829629724752.csv,2023-24,2023-24,16,Kings,63933,1663933,16639330000000,16639330000000,Island Union Elementary,Elementary,KG,08,NA,7799 21st Ave.,Lemoore,93245,07,"42 - Rural, Distant",36.361379,-119.83352366000003,367,367,0,19,0,23,165,21
DistrictSites2324_-4467924829629724752.csv,2023-24,2023-24,16,Kings,63941,1663941,16639410000000,16639410000000,Kings River-Hardwick Union Elementary,Elementary,KG,08,NA,10300 Excelsior Ave.,Hanford,93230,07,"41 - Rural, Fringe",36.40157401,-119.64174363000001,850,850,0,31,3,0,284,55
DistrictSites2324_-4467924829629724752.csv,2023-24,2023-24,16,Kings,63958,1663958,16639580000000,16639580000000,Kit Carson Union Elementary,Elementary,KG,12,General Assistance,9895 Seventh Ave.,Hanford,93230,07,"41 - Rural, Fringe",36.33011201000001,-119.58235662,1523,1139,384,265,23,22,1299,210
DistrictSites2324_-4467924829629724752.csv,2023-24,2023-24,16,Kings,63966,1663966,16639660000000,16639660000000,Lakeside Union Elementary,Elementary,KG,08,General Assistance,9100 Jersey Ave.,Hanford,93230,07,"41 - Rural, Fringe",36.241025,-119.62021861,248,0,248,100,3,3,240,32
DistrictSites2324_-4467924829629724752.csv,2023-24,2023-24,16,Kings,63974,1663974,16639740000000,16639740000000,Lemoore Union Elementary,Elementary,KG,08,Differentiated Assistance,1200 West Cinnamon Dr.,Lemoore,93245,07,"31 - Town, Fringe",36.306018990000005,-119.79998665000001,3216,145,3071,450,29,54,2540,315
DistrictSites2324_-4467924829629724752.csv,2023-24,2023-24,16,Kings,63982,1663982,16639820000000,16639820000000,Lemoore Union High,High,09,12,Differentiated Assistance,5 Powell Ave.,Lemoore,93245,07,"31 - Town, Fringe",36.29852999000001,-119.78023964000002,2309,392,1917,194,15,29,1346,250
DistrictSites2324_-4467924829629724752.csv,2023-24,2023-24,16,Kings,63990,1663990,16639900000000,16639900000000,Pioneer Union Elementary,Elementary,KG,08,Differentiated Assistance,1888 North Mustang Dr.,Hanford,93230,07,"41 - Rural, Fringe",36.34575301,-119.68755364000002,1636,1636,0,129,18,4,727,131
DistrictSites2324_-4467924829629724752.csv,2023-24,2023-24,16,Kings,73932,1673932,16739320000000,16739320000000,Reef-Sunset Unified,Unified,KG,12,Differentiated Assistance,205 North Park Ave.,Avenal,93204,07,"41 - Rural, Fringe",36.008660940000006,-120.12517266999998,2687,0,2687,1450,9,88,2606,250
DistrictSites2324_-4467924829629724752.csv,2023-24,2023-24,17,Lake,10173,1710173,17101730000000,17101730000000,Lake County Office of Education,County Office of Education (COE),KG,12,General Assistance,1152 South Main St.,Lakeport,95453,01,"41 - Rural, Fringe",39.03456001,-122.91521444000003,31,0,31,0,1,4,26,22
DistrictSites2324_-4467924829629724752.csv,2023-24,2023-24,17,Lake,64014,1764014,17640140000000,17640140000000,Kelseyville Unified,Unified,KG,12,Differentiated Assistance,4410 Konocti Rd.,Kelseyville,95451,01,"41 - Rural, Fringe",38.975953010000005,-122.83184342000001,1915,38,1877,299,12,81,1347,261
DistrictSites2324_-4467924829629724752.csv,2023-24,2023-24,17,Lake,64022,1764022,17640220000000,17640220000000,Konocti Unified,Unified,KG,12,Differentiated Assistance,9430 B Lake St.,Lower Lake,95457,01,"32 - Town, Distant",38.91450502,-122.60787137999999,3874,0,3874,1072,14,231,3222,552
DistrictSites2324_-4467924829629724752.csv,2023-24,2023-24,17,Lake,64030,1764030,17640300000000,17640300000000,Lakeport Unified,Unified,KG,12,Differentiated Assistance,2508 Howard Ave.,Lakeport,95453,01,"32 - Town, Distant",39.062394010000006,-122.91817945000001,1359,0,1359,142,10,71,884,169
DistrictSites2324_-4467924829629724752.csv,2023-24,2023-24,17,Lake,64048,1764048,17640480000000,17640480000000,Lucerne Elementary,Elementary,KG,08,General Assistance,3351 Country Club Dr.,Lucerne,95458,01,"32 - Town, Distant",39.08392502,-122.78967243,292,0,292,32,3,28,228,43
DistrictSites2324_-4467924829629724752.csv,2023-24,2023-24,17,Lake,64055,1764055,17640550000000,17640550000000,Middletown Unified,Unified,KG,12,Differentiated Assistance,20932 Big Canyon Rd.,Middletown,95461,01,"42 - Rural, Distant",38.75514701,-122.61411636000001,1730,254,1476,134,7,71,970,218
DistrictSites2324_-4467924829629724752.csv,2023-24,2023-24,17,Lake,76976,1776976,17769760000000,17769760000000,Upper Lake Unified,Unified,KG,12,Differentiated Assistance,675 Clover Valley Rd.,Upper Lake,95485,01,"42 - Rural, Distant",39.165060020000006,-122.90229346000002,954,0,954,59,5,47,805,89
DistrictSites2324_-4467924829629724752.csv,2023-24,2023-24,18,Lassen,10181,1810181,18101810000000,18101810000000,Lassen County Office of Education,County Office of Education (COE),KG,12,General Assistance,"472-013 Johnstonville Rd., North",Susanville,96130,02,"42 - Rural, Distant",40.375748300000005,-120.58095026000001,7,0,7,0,1,0,3,7
DistrictSites2324_-4467924829629724752.csv,2023-24,2023-24,18,Lassen,64089,1864089,18640890000000,18640890000000,Big Valley Joint Unified,Unified,KG,12,Differentiated Assistance,400 Bridge St.,Bieber,96009,02,"43 - Rural, Remote",41.12171831000001,-121.13957646,117,0,117,8,3,0,65,15
DistrictSites2324_-4467924829629724752.csv,2023-24,2023-24,18,Lassen,64105,1864105,18641050000000,18641050000000,Janesville Union Elementary,Elementary,KG,08,General Assistance,464-555 Main St.,Janesville,96114,02,"42 - Rural, Distant",40.3030053,-120.53290324000001,313,0,313,0,4,2,165,39
DistrictSites2324_-4467924829629724752.csv,2023-24,2023-24,18,Lassen,64113,1864113,18641130000000,18641130000000,Johnstonville Elementary,Elementary,KG,08,General Assistance,704-795 Bangham Ln.,Susanville,96130,02,"42 - Rural, Distant",40.384161299999995,-120.58895527,198,0,198,3,4,12,109,24
DistrictSites2324_-4467924829629724752.csv,2023-24,2023-24,18,Lassen,64139,1864139,18641390000000,18641390000000,Lassen Union High,High,09,12,General Assistance,1000 Main St.,Susanville,96130,02,"33 - Town, Remote",40.4174173,-120.65782028000001,845,0,845,35,21,31,341,80
DistrictSites2324_-4467924829629724752.csv,2023-24,2023-24,18,Lassen,64162,1864162,18641620000000,18641620000000,Ravendale-Termo Elementary,Elementary,KG,08,General Assistance,709-855 Termo-Grasshopper Rd.,Termo,96132,02,"43 - Rural, Remote",40.83881134000001,-120.51317732,6,0,6,1,0,0,6,1
DistrictSites2324_-4467924829629724752.csv,2023-24,2023-24,18,Lassen,64170,1864170,18641700000000,18641700000000,Richmond Elementary,Elementary,KG,08,General Assistance,"700-585 Richmond Rd., East",Susanville,96130,02,"41 - Rural, Fringe",40.371761289999995,-120.63939427,185,0,185,0,0,0,42,18
DistrictSites2324_-4467924829629724752.csv,2023-24,2023-24,18,Lassen,64188,1864188,18641880000000,18641880000000,Shaffer Union Elementary,Elementary,KG,08,Differentiated Assistance,722-055 Highway 395 North,Litchfield,96117,02,"43 - Rural, Remote",40.38227732,-120.38227022999999,243,0,243,6,3,1,137,28
DistrictSites2324_-4467924829629724752.csv,2023-24,2023-24,18,Lassen,64196,1864196,18641960000000,18641960000000,Susanville Elementary,Elementary,KG,12,Differentiated Assistance,109 South Gilman St.,Susanville,96130,02,"33 - Town, Remote",40.413877299999996,-120.64546128,1139,150,989,48,10,36,759,140
DistrictSites2324_-4467924829629724752.csv,2023-24,2023-24,18,Lassen,64204,1864204,18642040000000,18642040000000,Westwood Unified,Unified,KG,12,Differentiated Assistance,Fourth and Greenwood Sts.,Westwood,96137,02,"43 - Rural, Remote",40.30395126,-121.00924032,192,0,192,3,0,19,154,24
DistrictSites2324_-4467924829629724752.csv,2023-24,2023-24,18,Lassen,75036,1875036,18750360000000,18750360000000,Fort Sage Unified,Unified,KG,12,General Assistance,100 DS Hall St.,Herlong,96113,02,"43 - Rural, Remote",40.14142832,-120.13517415999999,502,412,90,6,2,15,333,78
DistrictSites2324_-4467924829629724752.csv,2023-24,2023-24,19,Los Angeles,10199,1910199,19101990000000,19101990000000,Los Angeles County Office of Education,County Office of Education (COE),KG,12,Differentiated Assistance,9300 Imperial Hwy.,Downey,90242,11,"21 - Suburban, Large",33.916406849999994,-118.12929815999999,8680,7083,1597,1541,151,166,6722,1463
DistrictSites2324_-4467924829629724752.csv,2023-24,2023-24,19,Los Angeles,64212,1964212,19642120000000,19642120000000,ABC Unified,Unified,KG,12,General Assistance,16700 Norwalk Blvd.,Cerritos,90703,11,"21 - Suburban, Large",33.87971985,-118.07147513999999,18081,0,18081,1969,88,127,11006,2164
DistrictSites2324_-4467924829629724752.csv,2023-24,2023-24,19,Los Angeles,64246,1964246,19642460000000,19642460000000,Antelope Valley Union High,High,06,12,Differentiated Assistance,176 Holston Dr.,Lancaster,93535,11,"21 - Suburban, Large",34.66443293000001,-118.12863521999999,22602,1533,21069,2357,467,444,15704,3930
DistrictSites2324_-4467924829629724752.csv,2023-24,2023-24,19,Los Angeles,64261,1964261,19642610000000,19642610000000,Arcadia Unified,Unified,KG,12,Differentiated Assistance,150 South 3rd Ave.,Arcadia,91006,11,"13 - City, Small",34.13838588000001,-118.02329416,8988,0,8988,1187,12,12,3054,673
DistrictSites2324_-4467924829629724752.csv,2023-24,2023-24,19,Los Angeles,64279,1964279,19642790000000,19642790000000,Azusa Unified,Unified,KG,12,Differentiated Assistance,546 South Citrus Ave.,Azusa,91702,11,"21 - Suburban, Large",34.112225880000004,-117.88989512999999,6370,0,6370,1484,37,616,5644,989
DistrictSites2324_-4467924829629724752.csv,2023-24,2023-24,19,Los Angeles,64287,1964287,19642870000000,19642870000000,Baldwin Park Unified,Unified,KG,12,Differentiated Assistance,3699 North Holly Ave.,Baldwin Park,91706,11,"21 - Suburban, Large",34.08193687,-117.96099414000001,10196,267,9929,1981,64,492,9330,1933
DistrictSites2324_-4467924829629724752.csv,2023-24,2023-24,19,Los Angeles,64295,1964295,19642950000000,19642950000000,Bassett Unified,Unified,KG,12,Differentiated Assistance,904 Willow Ave.,La Puente,91746,11,"21 - Suburban, Large",34.05259687,-117.97188614,2876,0,2876,670,11,404,2601,461
DistrictSites2324_-4467924829629724752.csv,2023-24,2023-24,19,Los Angeles,64303,1964303,19643030000000,19643030000000,Bellflower Unified,Unified,KG,12,Differentiated Assistance,16703 South Clark Ave.,Bellflower,90706,11,"21 - Suburban, Large",33.882545840000006,-118.13435215999999,9813,0,9813,1672,79,226,7818,1625
DistrictSites2324_-4467924829629724752.csv,2023-24,2023-24,19,Los Angeles,64311,1964311,19643110000000,19643110000000,Beverly Hills Unified,Unified,KG,12,Differentiated Assistance,255 South Lasky Dr.,Beverly Hills,90212,11,"21 - Suburban, Large",34.06264085,-118.41029722000002,3074,0,3074,283,3,5,919,433
DistrictSites2324_-4467924829629724752.csv,2023-24,2023-24,19,Los Angeles,64329,1964329,19643290000000,19643290000000,Bonita Unified,Unified,KG,12,General Assistance,115 West Allen Ave.,San Dimas,91773,11,"21 - Suburban, Large",34.11791489,-117.80784412,9957,0,9957,520,47,64,3464,1237
DistrictSites2324_-4467924829629724752.csv,2023-24,2023-24,19,Los Angeles,64337,1964337,19643370000000,19643370000000,Burbank Unified,Unified,KG,12,General Assistance,1900 West Olive Ave.,Burbank,91506,11,"12 - City, Midsize",34.16531486000001,-118.32465321000001,14240,0,14240,1716,24,42,4617,1830
DistrictSites2324_-4467924829629724752.csv,2023-24,2023-24,19,Los Angeles,64345,1964345,19643450000000,19643450000000,Castaic Union,Elementary,KG,08,General Assistance,28131 Livingston Ave.,Valencia,91355,11,"21 - Suburban, Large",34.441127879999996,-118.62675428,1938,0,1938,169,7,7,986,247
DistrictSites2324_-4467924829629724752.csv,2023-24,2023-24,19,Los Angeles,64352,1964352,19643520000000,19643520000000,Centinela Valley Union High,High,09,12,Differentiated Assistance,14901 South Inglewood Ave.,Lawndale,90260,11,"21 - Suburban, Large",33.895767830000004,-118.36219718999999,6537,937,5600,1052,31,147,5277,785
DistrictSites2324_-4467924829629724752.csv,2023-24,2023-24,19,Los Angeles,64378,1964378,19643780000000,19643780000000,Charter Oak Unified,Unified,KG,12,General Assistance,20240 East Cienega Ave.,Covina,91724,11,"21 - Suburban, Large",34.10270388000001,-117.85838212999997,4248,0,4248,344,41,341,3078,681
DistrictSites2324_-4467924829629724752.csv,2023-24,2023-24,19,Los Angeles,64394,1964394,19643940000000,19643940000000,Claremont Unified,Unified,KG,12,Differentiated Assistance,170 West San Jose Ave.,Claremont,91711,11,"21 - Suburban, Large",34.082768890000004,-117.7163571,6261,0,6261,341,26,179,2180,914
DistrictSites2324_-4467924829629724752.csv,2023-24,2023-24,19,Los Angeles,64436,1964436,19644360000000,19644360000000,Covina-Valley Unified,Unified,KG,12,General Assistance,519 East Badillo St.,Covina,91723,11,"21 - Suburban, Large",34.08657688,-117.88090712999998,11143,0,11143,1163,90,436,8328,1612
DistrictSites2324_-4467924829629724752.csv,2023-24,2023-24,19,Los Angeles,64444,1964444,19644440000000,19644440000000,Culver City Unified,Unified,KG,12,General Assistance,4034 Irving Pl.,Culver City,90232,11,"21 - Suburban, Large",34.02247584000001,-118.39387520999999,6717,0,6717,690,6,49,2478,721
DistrictSites2324_-4467924829629724752.csv,2023-24,2023-24,19,Los Angeles,64451,1964451,19644510000000,19644510000000,Downey Unified,Unified,KG,12,Differentiated Assistance,11627 Brookshire Ave.,Downey,90241,11,"21 - Suburban, Large",33.93501185,-118.13282016,22421,0,22421,3237,90,928,15581,3316
DistrictSites2324_-4467924829629724752.csv,2023-24,2023-24,19,Los Angeles,64469,1964469,19644690000000,19644690000000,Duarte Unified,Unified,KG,12,Differentiated Assistance,1620 Huntington Dr.,Duarte,91010,11,"21 - Suburban, Large",34.13942688,-117.97001614999999,7465,4485,2980,1137,88,245,4895,1285
DistrictSites2324_-4467924829629724752.csv,2023-24,2023-24,19,Los Angeles,64477,1964477,19644770000000,19644770000000,Eastside Union Elementary,Elementary,KG,08,Differentiated Assistance,44938 North 30th St. East,Lancaster,93535,11,"21 - Suburban, Large",34.70107694000001,-118.07593920999999,3114,0,3114,667,122,224,2825,426
DistrictSites2324_-4467924829629724752.csv,2023-24,2023-24,19,Los Angeles,64485,1964485,19644850000000,19644850000000,East Whittier City Elementary,Elementary,KG,08,Differentiated Assistance,14535 Whittier Blvd.,Whittier,90605,11,"21 - Suburban, Large",33.953417859999995,-118.01475114,7769,0,7769,680,37,242,4798,1001
DistrictSites2324_-4467924829629724752.csv,2023-24,2023-24,19,Los Angeles,64501,1964501,19645010000000,19645010000000,El Monte City,Elementary,KG,08,General Assistance,3540 North Lexington Ave.,El Monte,91731,11,"21 - Suburban, Large",34.07346387,-118.03920616,7045,0,7045,2312,33,553,5945,879
DistrictSites2324_-4467924829629724752.csv,2023-24,2023-24,19,Los Angeles,64519,1964519,19645190000000,19645190000000,El Monte Union High,High,09,12,Differentiated Assistance,3537 Johnson Ave.,El Monte,91731,11,"21 - Suburban, Large",34.071854869999996,-118.03114115,7677,0,7677,1626,40,746,7007,1190
DistrictSites2324_-4467924829629724752.csv,2023-24,2023-24,19,Los Angeles,64527,1964527,19645270000000,19645270000000,El Rancho Unified,Unified,KG,12,Differentiated Assistance,9333 Loch Lomond Dr.,Pico Rivera,90660,11,"21 - Suburban, Large",33.99478886,-118.08090716,7110,0,7110,1201,67,84,5984,952
DistrictSites2324_-4467924829629724752.csv,2023-24,2023-24,19,Los Angeles,64535,1964535,19645350000000,19645350000000,El Segundo Unified,Unified,KG,12,General Assistance,641 Sheldon St.,El Segundo,90245,11,"21 - Suburban, Large",33.92480483,-118.41156521000002,3563,0,3563,78,3,6,377,326
DistrictSites2324_-4467924829629724752.csv,2023-24,2023-24,19,Los Angeles,64550,1964550,19645500000000,19645500000000,Garvey Elementary,Elementary,KG,08,General Assistance,2730 North Del Mar Ave.,Rosemead,91770,11,"21 - Suburban, Large",34.06129986,-118.09928316000001,4266,0,4266,1641,12,38,2912,402
DistrictSites2324_-4467924829629724752.csv,2023-24,2023-24,19,Los Angeles,64568,1964568,19645680000000,19645680000000,Glendale Unified,Unified,KG,12,General Assistance,223 North Jackson St.,Glendale,91206,11,"12 - City, Midsize",34.148962870000005,-118.25059920000001,25049,0,25049,5499,38,1204,12327,2510
DistrictSites2324_-4467924829629724752.csv,2023-24,2023-24,19,Los Angeles,64576,1964576,19645760000000,19645760000000,Glendora Unified,Unified,KG,12,Differentiated Assistance,500 North Loraine Ave.,Glendora,91741,11,"21 - Suburban, Large",34.14444089,-117.84566313,6363,0,6363,388,21,33,2064,989
DistrictSites2324_-4467924829629724752.csv,2023-24,2023-24,19,Los Angeles,64584,1964584,19645840000000,19645840000000,Gorman Joint,Elementary,KG,12,General Assistance,49847 Gorman School Rd.,Gorman,93243,11,"42 - Rural, Distant",34.792736900000016,-118.85416635,1208,1118,90,42,7,39,510,200
DistrictSites2324_-4467924829629724752.csv,2023-24,2023-24,19,Los Angeles,64592,1964592,19645920000000,19645920000000,Hawthorne,Elementary,KG,12,Differentiated Assistance,14120 South Hawthorne Blvd.,Hawthorne,90250,11,"21 - Suburban, Large",33.90374683,-118.35206518999999,7025,548,6477,1773,36,49,5778,625
DistrictSites2324_-4467924829629724752.csv,2023-24,2023-24,19,Los Angeles,64600,1964600,19646000000000,19646000000000,Hermosa Beach City Elementary,Elementary,KG,08,General Assistance,1645 Valley Dr.,Hermosa Beach,90254,11,"21 - Suburban, Large",33.86618998,-118.39770152,1325,0,1325,38,0,1,112,126
DistrictSites2324_-4467924829629724752.csv,2023-24,2023-24,19,Los Angeles,64626,1964626,19646260000000,19646260000000,Hughes-Elizabeth Lakes Union Elementary,Elementary,KG,08,General Assistance,16633 Elizabeth Lake Rd.,Lake Hughes,93532,11,"42 - Rural, Distant",34.67201991000001,-118.42462927000003,48,0,48,0,0,3,19,22
DistrictSites2324_-4467924829629724752.csv,2023-24,2023-24,19,Los Angeles,64634,1964634,19646340000000,19646340000000,Inglewood Unified,Unified,KG,12,Differentiated Assistance,401 South Inglewood Ave.,Inglewood,90301,11,"21 - Suburban, Large",33.95862184,-118.3620902,8724,2615,6109,1858,90,169,7666,1282
DistrictSites2324_-4467924829629724752.csv,2023-24,2023-24,19,Los Angeles,64642,1964642,19646420000000,19646420000000,Keppel Union Elementary,Elementary,KG,12,Differentiated Assistance,34004 128th St. East,Pearblossom,93553,11,"41 - Rural, Fringe",34.50354593000001,-117.90050617,2909,378,2531,828,34,58,2326,426
DistrictSites2324_-4467924829629724752.csv,2023-24,2023-24,19,Los Angeles,64659,1964659,19646590000000,19646590000000,La Canada Unified,Unified,KG,12,General Assistance,4490 Cornishon Ave.,La Canada,91011,11,"21 - Suburban, Large",34.20553088000001,-118.20334818999999,3937,0,3937,124,2,4,213,317
DistrictSites2324_-4467924829629724752.csv,2023-24,2023-24,19,Los Angeles,64667,1964667,19646670000000,19646670000000,Lancaster Elementary,Elementary,KG,08,Differentiated Assistance,44711 North Cedar Ave.,Lancaster,93534,11,"21 - Suburban, Large",34.694806930000006,-118.13955722,14837,1005,13832,2022,450,805,12996,2252
DistrictSites2324_-4467924829629724752.csv,2023-24,2023-24,19,Los Angeles,64683,1964683,19646830000000,19646830000000,Las Virgenes Unified,Unified,KG,12,General Assistance,4111 Las Virgenes Rd.,Calabasas,91302,11,"21 - Suburban, Large",34.13491884000001,-118.70337027,9660,0,9660,445,11,23,2355,1126
DistrictSites2324_-4467924829629724752.csv,2023-24,2023-24,19,Los Angeles,64691,1964691,19646910000000,19646910000000,Lawndale Elementary,Elementary,KG,12,Differentiated Assistance,4161 West 147th St.,Lawndale,90260,11,"21 - Suburban, Large",33.898538830000014,-118.34808319,4910,490,4420,1280,23,58,3975,701
DistrictSites2324_-4467924829629724752.csv,2023-24,2023-24,19,Los Angeles,64709,1964709,19647090000000,19647090000000,Lennox,Elementary,KG,12,General Assistance,10319 South Firmona Ave.,Lennox,90304,11,"21 - Suburban, Large",33.94280984,-118.3573662,5699,1661,4038,2066,20,559,5202,776
DistrictSites2324_-4467924829629724752.csv,2023-24,2023-24,19,Los Angeles,64717,1964717,19647170000000,19647170000000,Little Lake City Elementary,Elementary,KG,08,General Assistance,10515 South Pioneer Blvd.,Santa Fe Springs,90670,11,"21 - Suburban, Large",33.938578850000006,-118.08234914999998,3656,0,3656,354,25,373,2934,580
DistrictSites2324_-4467924829629724752.csv,2023-24,2023-24,19,Los Angeles,64725,1964725,19647250000000,19647250000000,Long Beach Unified,Unified,KG,12,Differentiated Assistance,1515 Hughes Way,Long Beach,90810,11,"11 - City, Large",33.828924830000005,-118.21377316,64267,301,63966,10745,455,4248,39347,9041
DistrictSites2324_-4467924829629724752.csv,2023-24,2023-24,19,Los Angeles,64733,1964733,19647330000000,19647330000000,Los Angeles Unified,Unified,KG,12,Differentiated Assistance,333 South Beaudry Ave.,Los Angeles,90017,11,"11 - City, Large",34.05617386,-118.25736019,529902,148786,381116,106318,3227,11310,430741,78491
DistrictSites2324_-4467924829629724752.csv,2023-24,2023-24,19,Los Angeles,64758,1964758,19647580000000,19647580000000,Los Nietos,Elementary,KG,08,Differentiated Assistance,8324 South Westman Ave.,Whittier,90606,11,"21 - Suburban, Large",33.966618860000004,-118.06654814999999,1251,0,1251,314,20,113,950,238
DistrictSites2324_-4467924829629724752.csv,2023-24,2023-24,19,Los Angeles,64774,1964774,19647740000000,19647740000000,Lynwood Unified,Unified,KG,12,Differentiated Assistance,11321 Bullis Rd.,Lynwood,90262,11,"21 - Suburban, Large",33.926229840000005,-118.20047616999999,11386,0,11386,3005,103,365,11043,1777
DistrictSites2324_-4467924829629724752.csv,2023-24,2023-24,19,Los Angeles,64790,1964790,19647900000000,19647900000000,Monrovia Unified,Unified,KG,12,Differentiated Assistance,325 East Huntington Dr.,Monrovia,91016,11,"21 - Suburban, Large",34.140942880000004,-117.99545715,4935,0,4935,540,25,119,3115,647
DistrictSites2324_-4467924829629724752.csv,2023-24,2023-24,19,Los Angeles,64808,1964808,19648080000000,19648080000000,Montebello Unified,Unified,KG,12,Differentiated Assistance,123 South Montebello Blvd.,Montebello,90640,11,"21 - Suburban, Large",34.00911586000001,-118.10870815999998,19967,0,19967,5472,121,885,16061,3215
DistrictSites2324_-4467924829629724752.csv,2023-24,2023-24,19,Los Angeles,64816,1964816,19648160000000,19648160000000,Mountain View Elementary,Elementary,KG,08,Differentiated Assistance,3320 Gilman Rd.,El Monte,91732,11,"21 - Suburban, Large",34.06246687,-118.00932515,4642,0,4642,2192,24,576,3621,571
DistrictSites2324_-4467924829629724752.csv,2023-24,2023-24,19,Los Angeles,64832,1964832,19648320000000,19648320000000,Newhall,Elementary,KG,06,General Assistance,"25375 Orchard Village Rd., Ste. 200",Valencia,91355,11,"21 - Suburban, Large",34.389361869999995,-118.54759527000002,5928,0,5928,1211,16,145,2770,742
DistrictSites2324_-4467924829629724752.csv,2023-24,2023-24,19,Los Angeles,64840,1964840,19648400000000,19648400000000,Norwalk-La Mirada Unified,Unified,KG,12,General Assistance,12820 Pioneer Blvd.,Norwalk,90650,11,"21 - Suburban, Large",33.91372085,-118.08147315,15052,0,15052,2326,111,4165,10793,2157
DistrictSites2324_-4467924829629724752.csv,2023-24,2023-24,19,Los Angeles,64857,1964857,19648570000000,19648570000000,Palmdale Elementary,Elementary,KG,12,Differentiated Assistance,39139 10th St. East,Palmdale,93550,11,"21 - Suburban, Large",34.593491920000005,-118.11253620999999,21205,4021,17184,4162,444,331,18366,3346
DistrictSites2324_-4467924829629724752.csv,2023-24,2023-24,19,Los Angeles,64865,1964865,19648650000000,19648650000000,Palos Verdes Peninsula Unified,Unified,KG,12,General Assistance,375 Via Almar,Palos Verdes Estates,90274,11,"21 - Suburban, Large",33.80105482,-118.39554618999999,10393,0,10393,572,11,34,974,1239
DistrictSites2324_-4467924829629724752.csv,2023-24,2023-24,19,Los Angeles,64873,1964873,19648730000000,19648730000000,Paramount Unified,Unified,KG,12,General Assistance,15110 California Ave.,Paramount,90723,11,"21 - Suburban, Large",33.89608784,-118.15847115999998,12042,0,12042,2509,80,266,11379,1685
DistrictSites2324_-4467924829629724752.csv,2023-24,2023-24,19,Los Angeles,64881,1964881,19648810000000,19648810000000,Pasadena Unified,Unified,KG,12,Differentiated Assistance,351 South Hudson Ave.,Pasadena,91101,11,"12 - City, Midsize",34.13987987,-118.13467918,15219,1241,13978,1966,156,345,10213,2353
DistrictSites2324_-4467924829629724752.csv,2023-24,2023-24,19,Los Angeles,64907,1964907,19649070000000,19649070000000,Pomona Unified,Unified,KG,12,Differentiated Assistance,800 South Garey Ave.,Pomona,91766,11,"21 - Suburban, Large",34.05188087999999,-117.7492711,21633,2117,19516,5405,182,3068,18949,3056
DistrictSites2324_-4467924829629724752.csv,2023-24,2023-24,19,Los Angeles,64931,1964931,19649310000000,19649310000000,Rosemead Elementary,Elementary,KG,08,General Assistance,3907 Rosemead Blvd.,Rosemead,91770,11,"21 - Suburban, Large",34.07882187,-118.07373515999998,2299,0,2299,843,8,23,1710,222
DistrictSites2324_-4467924829629724752.csv,2023-24,2023-24,19,Los Angeles,64964,1964964,19649640000000,19649640000000,San Marino Unified,Unified,KG,12,General Assistance,1665 West Dr.,San Marino,91108,11,"21 - Suburban, Large",34.11822087,-118.11220716999999,2933,0,2933,277,2,2,327,221
DistrictSites2324_-4467924829629724752.csv,2023-24,2023-24,19,Los Angeles,64980,1964980,19649800000000,19649800000000,Santa Monica-Malibu Unified,Unified,KG,12,General Assistance,1717 4th St.,Santa Monica,90401,11,"13 - City, Small",34.011185,-118.488942,8641,0,8641,600,17,64,2429,1277
DistrictSites2324_-4467924829629724752.csv,2023-24,2023-24,19,Los Angeles,64998,1964998,19649980000000,19649980000000,Saugus Union,Elementary,KG,06,General Assistance,24930 Avenue Stanford,Santa Clarita,91355,11,"21 - Suburban, Large",34.43914688,-118.57181427,9192,0,9192,738,32,88,3197,1412
DistrictSites2324_-4467924829629724752.csv,2023-24,2023-24,19,Los Angeles,65029,1965029,19650290000000,19650290000000,South Pasadena Unified,Unified,KG,12,General Assistance,1100 El Centro St.,South Pasadena,91030,11,"21 - Suburban, Large",34.11500387,-118.15481118,4687,0,4687,240,4,11,771,471
DistrictSites2324_-4467924829629724752.csv,2023-24,2023-24,19,Los Angeles,65037,1965037,19650370000000,19650370000000,South Whittier Elementary,Elementary,KG,08,Differentiated Assistance,11200 Telechron Ave.,Whittier,90605,11,"21 - Suburban, Large",33.92940285,-118.03917614,2272,0,2272,697,16,229,2074,364
DistrictSites2324_-4467924829629724752.csv,2023-24,2023-24,19,Los Angeles,65045,1965045,19650450000000,19650450000000,Sulphur Springs Union,Elementary,KG,06,General Assistance,27000 Weyerhaeuser Way,Canyon Country,91351,11,"21 - Suburban, Large",34.40790388,-118.46710325000002,5211,0,5211,897,26,55,2679,834
DistrictSites2324_-4467924829629724752.csv,2023-24,2023-24,19,Los Angeles,65052,1965052,19650520000000,19650520000000,Temple City Unified,Unified,KG,12,General Assistance,9700 Las Tunas Dr.,Temple City,91780,11,"21 - Suburban, Large",34.10689887,-118.05755616,5253,0,5253,1166,14,36,2305,522
DistrictSites2324_-4467924829629724752.csv,2023-24,2023-24,19,Los Angeles,65060,1965060,19650600000000,19650600000000,Torrance Unified,Unified,KG,12,General Assistance,2335 Plaza Del Amo,Torrance,90501,11,"12 - City, Midsize",33.82839583000001,-118.32118118,22109,0,22109,2749,87,190,7278,2674
DistrictSites2324_-4467924829629724752.csv,2023-24,2023-24,19,Los Angeles,65078,1965078,19650780000000,19650780000000,Valle Lindo Elementary,Elementary,KG,08,Differentiated Assistance,1431 North Central Ave.,South El Monte,91733,11,"21 - Suburban, Large",34.04448186999999,-118.04724315000001,875,0,875,160,15,15,690,97
DistrictSites2324_-4467924829629724752.csv,2023-24,2023-24,19,Los Angeles,65094,1965094,19650940000000,19650940000000,West Covina Unified,Unified,KG,12,Differentiated Assistance,1717 West Merced Ave.,West Covina,91790,11,"21 - Suburban, Large",34.06443987,-117.94958114,14750,6956,7794,1362,79,800,10468,1950
DistrictSites2324_-4467924829629724752.csv,2023-24,2023-24,19,Los Angeles,65102,1965102,19651020000000,19651020000000,Westside Union Elementary,Elementary,KG,08,Differentiated Assistance,41914 50th St. West,Quartz Hill,93536,11,"21 - Suburban, Large",34.644016920000006,-118.21779323000001,9138,0,9138,713,156,656,5135,1261
DistrictSites2324_-4467924829629724752.csv,2023-24,2023-24,19,Los Angeles,65110,1965110,19651100000000,19651100000000,Whittier City,Elementary,KG,08,Differentiated Assistance,7211 South Whittier Ave.,Whittier,90602,11,"21 - Suburban, Large",33.97691986,-118.04375915,5366,0,5366,723,51,188,4152,878
DistrictSites2324_-4467924829629724752.csv,2023-24,2023-24,19,Los Angeles,65128,1965128,19651280000000,19651280000000,Whittier Union High,High,09,12,Differentiated Assistance,9401 South Painter Ave.,Whittier,90605,11,"21 - Suburban, Large",33.95249386,-118.04525515,10223,0,10223,998,52,570,7960,1487
DistrictSites2324_-4467924829629724752.csv,2023-24,2023-24,19,Los Angeles,65136,1965136,19651360000000,19651360000000,William S. Hart Union High,High,KG,12,Differentiated Assistance,21380 Centre Pointe Pkwy.,Santa Clarita,91350,11,"21 - Suburban, Large",34.41046487999999,-118.51092526000002,22135,1450,20685,1240,49,925,6286,3409
DistrictSites2324_-4467924829629724752.csv,2023-24,2023-24,19,Los Angeles,65151,1965151,19651510000000,19651510000000,Wilsona Elementary,Elementary,KG,08,Differentiated Assistance,18050 East Avenue O,Palmdale,93591,11,"42 - Rural, Distant",34.61601394000001,-117.80732616,1257,0,1257,433,20,194,1208,174
DistrictSites2324_-4467924829629724752.csv,2023-24,2023-24,19,Los Angeles,73437,1973437,19734370000000,19734370000000,Compton Unified,Unified,KG,12,General Assistance,501 South Santa Fe Ave.,Compton,90221,11,"21 - Suburban, Large",33.891571840000005,-118.21675717,19743,3005,16738,4694,295,347,18639,2552
DistrictSites2324_-4467924829629724752.csv,2023-24,2023-24,19,Los Angeles,73445,1973445,19734450000000,19734450000000,Hacienda la Puente Unified,Unified,KG,12,Differentiated Assistance,15959 East Gale Ave.,City Of Industry,91745,11,"21 - Suburban, Large",34.01001487,-117.95864514,15767,0,15767,3026,96,905,11971,2133
DistrictSites2324_-4467924829629724752.csv,2023-24,2023-24,19,Los Angeles,73452,1973452,19734520000000,19734520000000,Rowland Unified,Unified,KG,12,Differentiated Assistance,1830 South Nogales St.,Rowland Heights,91748,11,"21 - Suburban, Large",33.98531887000001,-117.88859611999999,13052,1429,11623,3043,38,1984,10405,1746
DistrictSites2324_-4467924829629724752.csv,2023-24,2023-24,19,Los Angeles,73460,1973460,19734600000000,19734600000000,Walnut Valley Unified,Unified,KG,12,Differentiated Assistance,880 South Lemon Ave.,Walnut,91789,11,"21 - Suburban, Large",34.000722870000004,-117.85457111999999,13815,0,13815,1946,27,32,3875,1054
DistrictSites2324_-4467924829629724752.csv,2023-24,2023-24,19,Los Angeles,75291,1975291,19752910000000,19752910000000,San Gabriel Unified,Unified,KG,12,Differentiated Assistance,408 Junipero Serra Dr.,San Gabriel,91776,11,"21 - Suburban, Large",34.09755887000001,-118.10463816999999,4840,226,4614,1044,15,77,3348,542
DistrictSites2324_-4467924829629724752.csv,2023-24,2023-24,19,Los Angeles,75309,1975309,19753090000000,19753090000000,Acton-Agua Dulce Unified,Unified,KG,12,Differentiated Assistance,32248 North Crown Valley Rd.,Acton,93510,11,"41 - Rural, Fringe",34.47271290000001,-118.19678020999999,12875,11854,1021,1135,124,391,8806,2250
DistrictSites2324_-4467924829629724752.csv,2023-24,2023-24,19,Los Angeles,75333,1975333,19753330000000,19753330000000,Manhattan Beach Unified,Unified,KG,12,General Assistance,325 South Peck Ave.,Manhattan Beach,90266,11,"21 - Suburban, Large",33.87665783,-118.38858119999999,5925,0,5925,113,9,5,336,911
DistrictSites2324_-4467924829629724752.csv,2023-24,2023-24,19,Los Angeles,75341,1975341,19753410000000,19753410000000,Redondo Beach Unified,Unified,KG,12,General Assistance,1401 Inglewood Ave.,Redondo Beach,90278,11,"21 - Suburban, Large",33.86756983,-118.36176619,9485,0,9485,445,9,19,1558,1160
DistrictSites2324_-4467924829629724752.csv,2023-24,2023-24,19,Los Angeles,75663,1975663,19756630000000,19756630000000,SBE - New West Charter,State Board of Education,06,12,NA,1905 Armacost Ave.,Los Angeles,90025,11,"11 - City, Large",34.03561484000001,-118.45538322,998,998,0,28,0,0,210,144
DistrictSites2324_-4467924829629724752.csv,2023-24,2023-24,19,Los Angeles,75713,1975713,19757130000000,19757130000000,Alhambra Unified,Unified,KG,12,Differentiated Assistance,1515 West Mission Rd.,Alhambra,91803,11,"21 - Suburban, Large",34.08286086,-118.14044016999999,14602,0,14602,3813,48,4,8868,1510
DistrictSites2324_-4467924829629724752.csv,2023-24,2023-24,19,Los Angeles,76869,1976869,19768690000000,19768690000000,Wiseburn Unified,Unified,KG,12,General Assistance,201 North Douglas St.,El Segundo,90245,11,"21 - Suburban, Large",33.91797083,-118.38426420000002,5012,2467,2545,280,7,22,1959,614
DistrictSites2324_-4467924829629724752.csv,2023-24,2023-24,19,Los Angeles,76968,1976968,19769680000000,19769680000000,SBE - Academia Avance Charter,State Board of Education,06,12,NA,115 North Avenue 53,Highland Park,90042,11,"11 - City, Large",34.10778286,-118.19826219,241,241,0,48,4,4,178,37
DistrictSites2324_-4467924829629724752.csv,2023-24,2023-24,19,Los Angeles,77289,1977289,19772890000000,19772890000000,SBE - Los Angeles College Prep Academy,State Board of Education,09,12,NA,625 Coleman Ave.,Los Angeles,90042,11,"11 - City, Large",34.10260986,-118.18327318,41,41,0,3,1,0,30,8
DistrictSites2324_-4467924829629724752.csv,2023-24,2023-24,20,Madera,10207,2010207,20102070000000,20102070000000,Madera County Superintendent of Schools,County Office of Education (COE),KG,12,General Assistance,1105 South Madera Ave.,Madera,93637,07,"23 - Suburban, Small",36.94280604,-120.05535576,687,305,382,203,5,10,585,388
DistrictSites2324_-4467924829629724752.csv,2023-24,2023-24,20,Madera,65177,2065177,20651770000000,20651770000000,Alview-Dairyland Union Elementary,Elementary,KG,08,General Assistance,12861 Avenue 18 1/2,Chowchilla,93610,07,"42 - Rural, Distant",37.01891803000001,-120.31099280999999,386,0,386,136,0,0,261,23
DistrictSites2324_-4467924829629724752.csv,2023-24,2023-24,20,Madera,65185,2065185,20651850000000,20651850000000,Bass Lake Joint Union Elementary,Elementary,KG,08,Differentiated Assistance,40096 Indian Springs Rd.,Oakhurst,93644,07,"43 - Rural, Remote",37.3314281,-119.64078872999998,831,17,814,75,1,25,581,135
DistrictSites2324_-4467924829629724752.csv,2023-24,2023-24,20,Madera,65193,2065193,20651930000000,20651930000000,Chowchilla Elementary,Elementary,KG,08,General Assistance,355 North Fifth St.,Chowchilla,93610,07,"32 - Town, Distant",37.12220504000001,-120.26581280999999,2171,0,2171,601,15,16,1929,253
DistrictSites2324_-4467924829629724752.csv,2023-24,2023-24,20,Madera,65201,2065201,20652010000000,20652010000000,Chowchilla Union High,High,09,12,Differentiated Assistance,805 Humboldt Ave.,Chowchilla,93610,07,"32 - Town, Distant",37.11474504,-120.26227481,1135,0,1135,205,4,13,958,84
DistrictSites2324_-4467924829629724752.csv,2023-24,2023-24,20,Madera,65243,2065243,20652430000000,20652430000000,Madera Unified,Unified,KG,12,Differentiated Assistance,1902 Howard Rd.,Madera,93637,07,"23 - Suburban, Small",36.952108040000006,-120.08146376000002,21181,1039,20142,5974,111,658,19218,1733
DistrictSites2324_-4467924829629724752.csv,2023-24,2023-24,20,Madera,65276,2065276,20652760000000,20652760000000,Raymond-Knowles Union Elementary,Elementary,KG,08,Differentiated Assistance,31828 Road 600,Raymond,93653,07,"42 - Rural, Distant",37.21140706999999,-119.90876076,82,0,82,2,4,4,43,16
DistrictSites2324_-4467924829629724752.csv,2023-24,2023-24,20,Madera,75580,2075580,20755800000000,20755800000000,Golden Valley Unified,Unified,KG,12,Differentiated Assistance,37479 Avenue 12,Madera,93636,07,"41 - Rural, Fringe",36.92332705,-119.86740772,2774,0,2774,231,32,14,1152,326
DistrictSites2324_-4467924829629724752.csv,2023-24,2023-24,20,Madera,75606,2075606,20756060000000,20756060000000,Chawanakee Unified,Unified,KG,12,General Assistance,26065 Outback Industrial Way,O'Neals,93645,07,"42 - Rural, Distant",37.12898708,-119.73355772000001,1361,351,1010,18,14,23,717,134
DistrictSites2324_-4467924829629724752.csv,2023-24,2023-24,20,Madera,76414,2076414,20764140000000,20764140000000,Yosemite Unified,Unified,KG,12,Differentiated Assistance,50200 Road 427,Oakhurst,93644,07,"42 - Rural, Distant",37.3291941,-119.63254172999999,1710,296,1414,65,20,61,1044,229
DistrictSites2324_-4467924829629724752.csv,2023-24,2023-24,21,Marin,10215,2110215,21102150000000,21102150000000,Marin County Office of Education,County Office of Education (COE),KG,12,General Assistance,1111 Las Gallinas Ave.,San Rafael,94903,04,"13 - City, Small",38.01378695,-122.55028926000001,500,201,299,97,8,5,194,269
DistrictSites2324_-4467924829629724752.csv,2023-24,2023-24,21,Marin,65300,2165300,21653000000000,21653000000000,Bolinas-Stinson Union,Elementary,KG,08,General Assistance,125 Olema-Bolinas Rd.,Bolinas,94924,04,"42 - Rural, Distant",37.91740794,-122.69291927,106,0,106,14,0,0,41,18
DistrictSites2324_-4467924829629724752.csv,2023-24,2023-24,21,Marin,65318,2165318,21653180000000,21653180000000,Miller Creek Elementary,Elementary,KG,08,Differentiated Assistance,380 Nova Albion Way,San Rafael,94903,04,"21 - Suburban, Large",37.997784949999996,-122.54957426000001,1813,0,1813,263,3,6,388,247
DistrictSites2324_-4467924829629724752.csv,2023-24,2023-24,21,Marin,65334,2165334,21653340000000,21653340000000,Kentfield Elementary,Elementary,KG,08,Differentiated Assistance,750 College Ave.,Kentfield,94904,04,"21 - Suburban, Large",37.95235095,-122.54913326000002,1055,0,1055,92,1,10,146,125
DistrictSites2324_-4467924829629724752.csv,2023-24,2023-24,21,Marin,65342,2165342,21653420000000,21653420000000,Laguna Joint Elementary,Elementary,KG,06,General Assistance,2657 Chileno Valley Rd.,Petaluma,94952,04,"41 - Rural, Fringe",38.199642960000006,-122.71579331,9,0,9,6,0,0,5,3
DistrictSites2324_-4467924829629724752.csv,2023-24,2023-24,21,Marin,65359,2165359,21653590000000,21653590000000,Lagunitas Elementary,Elementary,KG,08,General Assistance,One Lagunitas School Rd.,San Geronimo,94963,04,"41 - Rural, Fringe",38.01714095,-122.67531227999999,162,0,162,10,0,5,34,24
DistrictSites2324_-4467924829629724752.csv,2023-24,2023-24,21,Marin,65367,2165367,21653670000000,21653670000000,Larkspur-Corte Madera,Elementary,KG,08,Differentiated Assistance,230 Doherty Dr.,Larkspur,94939,04,"21 - Suburban, Large",37.93893595000001,-122.53084925,1178,0,1178,54,0,1,115,140
DistrictSites2324_-4467924829629724752.csv,2023-24,2023-24,21,Marin,65391,2165391,21653910000000,21653910000000,Mill Valley Elementary,Elementary,KG,08,Differentiated Assistance,411 Sycamore Ave.,Mill Valley,94941,04,"21 - Suburban, Large",37.89732495,-122.52764225,2282,0,2282,94,1,2,146,282
DistrictSites2324_-4467924829629724752.csv,2023-24,2023-24,21,Marin,65409,2165409,21654090000000,21654090000000,Nicasio,Elementary,KG,08,General Assistance,5555 Nicasio Valley Rd.,Nicasio,94946,04,"41 - Rural, Fringe",38.06842695,-122.70377728999999,36,0,36,10,0,0,21,10
DistrictSites2324_-4467924829629724752.csv,2023-24,2023-24,21,Marin,65417,2165417,21654170000000,21654170000000,Novato Unified,Unified,KG,12,Differentiated Assistance,1015 Seventh St.,Novato,94945,04,"21 - Suburban, Large",38.109714960000005,-122.57861428000001,7475,266,7209,1295,7,148,2722,877
DistrictSites2324_-4467924829629724752.csv,2023-24,2023-24,21,Marin,65425,2165425,21654250000000,21654250000000,Reed Union Elementary,Elementary,KG,08,General Assistance,277-A Karen Way,Tiburon,94920,04,"21 - Suburban, Large",37.90351795,-122.49638324000001,1048,0,1048,35,0,0,48,104
DistrictSites2324_-4467924829629724752.csv,2023-24,2023-24,21,Marin,65433,2165433,21654330000000,21654330000000,Ross Elementary,Elementary,KG,08,General Assistance,9 Lagunitas Rd.,Ross,94957,04,"21 - Suburban, Large",37.96140895,-122.55782326000002,354,0,354,0,0,0,3,32
DistrictSites2324_-4467924829629724752.csv,2023-24,2023-24,21,Marin,65458,2165458,21654580000000,21654580000000,San Rafael City Elementary,Elementary,KG,08,Differentiated Assistance,310 Nova Albion Way,San Rafael,94903,04,"13 - City, Small",38.00070095,-122.55500926,4356,0,4356,2301,8,777,3247,523
DistrictSites2324_-4467924829629724752.csv,2023-24,2023-24,21,Marin,65466,2165466,21654660000000,21654660000000,San Rafael City High,High,09,12,Differentiated Assistance,310 Nova Albion Way,San Rafael,94903,04,"13 - City, Small",38.00070095,-122.55500926,2653,0,2653,665,15,227,1709,296
DistrictSites2324_-4467924829629724752.csv,2023-24,2023-24,21,Marin,65474,2165474,21654740000000,21654740000000,Sausalito Marin City,Elementary,KG,08,Differentiated Assistance,200 Phillips Dr.,Marin City,94965,04,"21 - Suburban, Large",37.872624949999995,-122.51380424000001,283,0,283,38,3,10,152,57
DistrictSites2324_-4467924829629724752.csv,2023-24,2023-24,21,Marin,65482,2165482,21654820000000,21654820000000,Tamalpais Union High,High,09,12,Differentiated Assistance,395 Doherty Dr.,Larkspur,94939,04,"21 - Suburban, Large",37.93724494999999,-122.52350725,4730,0,4730,99,1,8,542,722
DistrictSites2324_-4467924829629724752.csv,2023-24,2023-24,21,Marin,73361,2173361,21733610000000,21733610000000,Shoreline Unified,Unified,KG,12,Differentiated Assistance,10 John St.,Tomales,94971,04,"42 - Rural, Distant",38.24542495,-122.90366334000002,476,0,476,153,0,3,300,92
DistrictSites2324_-4467924829629724752.csv,2023-24,2023-24,21,Marin,75002,2175002,21750020000000,21750020000000,Ross Valley Elementary,Elementary,KG,08,Differentiated Assistance,100 Shaw Dr.,San Anselmo,94960,04,"21 - Suburban, Large",37.98231495,-122.56226126000001,1739,0,1739,94,0,0,214,213
DistrictSites2324_-4467924829629724752.csv,2023-24,2023-24,22,Mariposa,10223,2210223,22102230000000,22102230000000,Mariposa County Office of Education,County Office of Education (COE),KG,12,General Assistance,5082 Old Highway North,Mariposa,95338,07,"43 - Rural, Remote",37.4902761,-119.96467980000001,54,0,54,2,5,4,43,50
DistrictSites2324_-4467924829629724752.csv,2023-24,2023-24,22,Mariposa,65532,2265532,22655320000000,22655320000000,Mariposa County Unified,Unified,KG,12,Differentiated Assistance,5082 Old Highway North,Mariposa,95338,07,"43 - Rural, Remote",37.4902761,-119.96467980000001,1802,133,1669,94,31,106,1236,226
DistrictSites2324_-4467924829629724752.csv,2023-24,2023-24,23,Mendocino,10231,2310231,23102310000000,23102310000000,Mendocino County Office of Education,County Office of Education (COE),KG,12,General Assistance,2240 Old River Rd.,Ukiah,95482,01,"33 - Town, Remote",39.129431000000004,-123.16484249,43,0,43,11,5,5,41,25
DistrictSites2324_-4467924829629724752.csv,2023-24,2023-24,23,Mendocino,65540,2365540,23655400000000,23655400000000,Anderson Valley Unified,Unified,KG,12,Differentiated Assistance,12300 Anderson Valley Way,Boonville,95415,01,"43 - Rural, Remote",39.011983969999996,-123.37425951,392,0,392,143,2,26,324,56
DistrictSites2324_-4467924829629724752.csv,2023-24,2023-24,23,Mendocino,65557,2365557,23655570000000,23655570000000,Arena Union Elementary,Elementary,KG,12,General Assistance,45 Lake St.,Point Arena,95468,01,"43 - Rural, Remote",38.91284694,-123.69357853999999,287,66,221,57,1,16,160,37
DistrictSites2324_-4467924829629724752.csv,2023-24,2023-24,23,Mendocino,65565,2365565,23655650000000,23655650000000,Fort Bragg Unified,Unified,KG,12,Differentiated Assistance,312 South Lincoln St.,Fort Bragg,95437,01,"33 - Town, Remote",39.438490970000004,-123.79526362000003,1758,80,1678,335,20,102,1385,232
DistrictSites2324_-4467924829629724752.csv,2023-24,2023-24,23,Mendocino,65573,2365573,23655730000000,23655730000000,Manchester Union Elementary,Elementary,KG,08,General Assistance,19550 South Highway 1,Manchester,95459,01,"43 - Rural, Remote",38.96805994000001,-123.68782655,27,0,27,9,0,0,16,3
DistrictSites2324_-4467924829629724752.csv,2023-24,2023-24,23,Mendocino,65581,2365581,23655810000000,23655810000000,Mendocino Unified,Unified,KG,12,General Assistance,44141 Little Lake Rd.,Mendocino,95460,01,"42 - Rural, Distant",39.31059696,-123.78416460000003,436,0,436,18,1,32,298,59
DistrictSites2324_-4467924829629724752.csv,2023-24,2023-24,23,Mendocino,65599,2365599,23655990000000,23655990000000,Point Arena Joint Union High,High,09,12,General Assistance,45 Lake St.,Point Arena,95468,01,"43 - Rural, Remote",38.91284694,-123.69357853999999,143,0,143,13,3,25,83,27
DistrictSites2324_-4467924829629724752.csv,2023-24,2023-24,23,Mendocino,65607,2365607,23656070000000,23656070000000,Round Valley Unified,Unified,KG,12,Differentiated Assistance,76280 High School St.,Covelo,95428,01,"43 - Rural, Remote",39.79240504000001,-123.25623459,506,56,450,121,12,1,403,72
DistrictSites2324_-4467924829629724752.csv,2023-24,2023-24,23,Mendocino,65615,2365615,23656150000000,23656150000000,Ukiah Unified,Unified,KG,12,Differentiated Assistance,511 South Orchard Ave.,Ukiah,95482,01,"33 - Town, Remote",39.147328990000005,-123.1985245,6539,725,5814,1475,95,232,5104,905
DistrictSites2324_-4467924829629724752.csv,2023-24,2023-24,23,Mendocino,65623,2365623,23656230000000,23656230000000,Willits Unified,Unified,KG,12,Differentiated Assistance,1277 Blosser Ln.,Willits,95490,01,"33 - Town, Remote",39.400533,-123.35790256,1892,346,1546,212,25,37,1238,311
DistrictSites2324_-4467924829629724752.csv,2023-24,2023-24,23,Mendocino,73866,2373866,23738660000000,23738660000000,Potter Valley Community Unified,Unified,KG,12,Differentiated Assistance,10401 Main St.,Potter Valley,95469,01,"42 - Rural, Distant",39.32139601,-123.10498550999999,277,0,277,37,4,16,158,37
DistrictSites2324_-4467924829629724752.csv,2023-24,2023-24,23,Mendocino,73916,2373916,23739160000000,23739160000000,Laytonville Unified,Unified,KG,12,Differentiated Assistance,150 Ramsey Rd.,Laytonville,95454,01,"43 - Rural, Remote",39.68580801,-123.48336661,315,0,315,19,5,19,222,39
DistrictSites2324_-4467924829629724752.csv,2023-24,2023-24,23,Mendocino,75218,2375218,23752180000000,23752180000000,Leggett Valley Unified,Unified,KG,12,General Assistance,1 School Way,Leggett,95585,01,"43 - Rural, Remote",39.865156000000006,-123.71672767000001,121,0,121,9,0,12,92,21
DistrictSites2324_-4467924829629724752.csv,2023-24,2023-24,24,Merced,10249,2410249,24102490000000,24102490000000,Merced County Office of Education,County Office of Education (COE),KG,12,Differentiated Assistance,632 West 13th St.,Merced,95341,07,"13 - City, Small",37.29776504000001,-120.48853686,1810,417,1393,394,28,27,1428,1078
DistrictSites2324_-4467924829629724752.csv,2023-24,2023-24,24,Merced,65631,2465631,24656310000000,24656310000000,Atwater Elementary,Elementary,KG,08,General Assistance,1401 Broadway Ave.,Atwater,95301,07,"22 - Suburban, Midsize",37.34831604000001,-120.61109589,4959,0,4959,1351,37,68,3949,770
DistrictSites2324_-4467924829629724752.csv,2023-24,2023-24,24,Merced,65649,2465649,24656490000000,24656490000000,Ballico-Cressey Elementary,Elementary,KG,08,General Assistance,11818 Gregg St.,Ballico,95303,07,"42 - Rural, Distant",37.454639039999996,-120.70019392000002,362,307,55,123,2,1,191,41
DistrictSites2324_-4467924829629724752.csv,2023-24,2023-24,24,Merced,65680,2465680,24656800000000,24656800000000,El Nido Elementary,Elementary,KG,08,General Assistance,161 East El Nido Rd.,El Nido,95317,07,"42 - Rural, Distant",37.13441703,-120.48877984999999,152,0,152,87,0,0,143,14
DistrictSites2324_-4467924829629724752.csv,2023-24,2023-24,24,Merced,65698,2465698,24656980000000,24656980000000,Hilmar Unified,Unified,KG,12,General Assistance,7807 North Lander Ave.,Hilmar,95324,07,"41 - Rural, Fringe",37.40196802,-120.85111193,2297,0,2297,509,3,70,1497,214
DistrictSites2324_-4467924829629724752.csv,2023-24,2023-24,24,Merced,65722,2465722,24657220000000,24657220000000,Le Grand Union Elementary,Elementary,KG,08,General Assistance,13071 East Le Grand Rd.,Le Grand,95333,07,"42 - Rural, Distant",37.22787105,-120.25191182,330,0,330,139,0,0,257,27
DistrictSites2324_-4467924829629724752.csv,2023-24,2023-24,24,Merced,65730,2465730,24657300000000,24657300000000,Le Grand Union High,High,09,12,General Assistance,12961 East Le Grand Rd.,Le Grand,95333,07,"42 - Rural, Distant",37.22762305,-120.25390881999999,495,0,495,122,1,7,444,38
DistrictSites2324_-4467924829629724752.csv,2023-24,2023-24,24,Merced,65748,2465748,24657480000000,24657480000000,Livingston Union,Elementary,KG,08,General Assistance,922 B St.,Livingston,95334,07,"31 - Town, Fringe",37.385356030000004,-120.72839590999999,2545,0,2545,1008,6,138,2013,229
DistrictSites2324_-4467924829629724752.csv,2023-24,2023-24,24,Merced,65755,2465755,24657550000000,24657550000000,Los Banos Unified,Unified,KG,12,Differentiated Assistance,1717 South 11th St.,Los Banos,93635,07,"32 - Town, Distant",37.05265199,-120.84000089,11057,0,11057,2637,64,101,8455,1342
DistrictSites2324_-4467924829629724752.csv,2023-24,2023-24,24,Merced,65763,2465763,24657630000000,24657630000000,McSwain Union Elementary,Elementary,KG,08,General Assistance,926 Scott Rd.,Merced,95341,07,"41 - Rural, Fringe",37.30092504,-120.56708888,939,0,939,83,5,4,348,110
DistrictSites2324_-4467924829629724752.csv,2023-24,2023-24,24,Merced,65771,2465771,24657710000000,24657710000000,Merced City Elementary,Elementary,KG,08,Differentiated Assistance,444 West 23rd St.,Merced,95340,07,"13 - City, Small",37.307060039999996,-120.47949986,11013,0,11013,1929,113,146,9198,992
DistrictSites2324_-4467924829629724752.csv,2023-24,2023-24,24,Merced,65789,2465789,24657890000000,24657890000000,Merced Union High,High,09,12,Differentiated Assistance,3430 A St.,Atwater,95301,07,"13 - City, Small",37.36724804,-120.57007087999999,11120,0,11120,1295,74,486,8893,1217
DistrictSites2324_-4467924829629724752.csv,2023-24,2023-24,24,Merced,65813,2465813,24658130000000,24658130000000,Plainsburg Union Elementary,Elementary,KG,08,General Assistance,3708 South Plainsburg Rd.,Merced,95341,07,"42 - Rural, Distant",37.23327005,-120.32392682999999,107,0,107,14,0,0,57,6
DistrictSites2324_-4467924829629724752.csv,2023-24,2023-24,24,Merced,65821,2465821,24658210000000,24658210000000,Planada Elementary,Elementary,KG,08,Differentiated Assistance,9722 East Haskell Ave.,Planada,95365,07,"42 - Rural, Distant",37.293191050000004,-120.31188383,870,0,870,432,6,44,793,58
DistrictSites2324_-4467924829629724752.csv,2023-24,2023-24,24,Merced,65839,2465839,24658390000000,24658390000000,Snelling-Merced Falls Union Elementary,Elementary,KG,08,General Assistance,16099 North Highway 59,Snelling,95369,07,"42 - Rural, Distant",37.52236906,-120.43427788000001,56,0,56,15,0,0,49,8
DistrictSites2324_-4467924829629724752.csv,2023-24,2023-24,24,Merced,65862,2465862,24658620000000,24658620000000,Weaver Union,Elementary,KG,08,General Assistance,1240 D St.,Merced,95341,07,"41 - Rural, Fringe",37.29174504000001,-120.47389086,3032,0,3032,731,24,85,2480,409
DistrictSites2324_-4467924829629724752.csv,2023-24,2023-24,24,Merced,65870,2465870,24658700000000,24658700000000,Winton,Elementary,KG,08,General Assistance,7000 North Center St.,Winton,95388,07,"22 - Suburban, Midsize",37.389964039999995,-120.61507288999998,1868,0,1868,962,6,117,1744,154
DistrictSites2324_-4467924829629724752.csv,2023-24,2023-24,24,Merced,73619,2473619,24736190000000,24736190000000,Gustine Unified,Unified,KG,12,General Assistance,1500 Meredith Ave.,Gustine,95322,07,"41 - Rural, Fringe",37.24917000000001,-121.01106394000003,1679,0,1679,604,5,37,1401,181
DistrictSites2324_-4467924829629724752.csv,2023-24,2023-24,24,Merced,73726,2473726,24737260000000,24737260000000,Merced River Union Elementary,Elementary,KG,08,General Assistance,4402 West Oakdale Rd.,Winton,95388,07,"41 - Rural, Fringe",37.43887305,-120.56514389,281,0,281,75,5,0,220,31
DistrictSites2324_-4467924829629724752.csv,2023-24,2023-24,24,Merced,75317,2475317,24753170000000,24753170000000,Dos Palos Oro Loma Joint Unified,Unified,KG,12,Differentiated Assistance,2041 Almond St.,Dos Palos,93620,07,"32 - Town, Distant",36.984739999999995,-120.62878284999996,2270,0,2270,617,12,48,2025,264
DistrictSites2324_-4467924829629724752.csv,2023-24,2023-24,24,Merced,75366,2475366,24753660000000,24753660000000,Delhi Unified,Unified,KG,12,General Assistance,9716 Hinton Ave.,Delhi,95315,07,"31 - Town, Fringe",37.429960030000004,-120.77873492999998,2321,0,2321,880,10,156,1953,227
DistrictSites2324_-4467924829629724752.csv,2023-24,2023-24,25,Modoc,65896,2565896,25658960000000,25658960000000,Surprise Valley Joint Unified,Unified,KG,12,General Assistance,470 Lincoln St.,Cedarville,96104,02,"43 - Rural, Remote",41.527302430000006,-120.17890436999998,88,0,88,1,0,0,40,9
DistrictSites2324_-4467924829629724752.csv,2023-24,2023-24,25,Modoc,73585,2573585,25735850000000,25735850000000,Modoc Joint Unified,Unified,KG,12,Differentiated Assistance,906 West Fourth St.,Alturas,96101,02,"43 - Rural, Remote",41.48784239,-120.55557042,810,0,810,26,20,20,530,100
DistrictSites2324_-4467924829629724752.csv,2023-24,2023-24,25,Modoc,73593,2573593,25735930000000,25735930000000,Tulelake Basin Joint Unified,Unified,KG,12,General Assistance,400 G St.,Tulelake,96134,02,"43 - Rural, Remote",41.950803349999994,-121.47554664,429,0,429,115,0,1,356,50
DistrictSites2324_-4467924829629724752.csv,2023-24,2023-24,26,Mono,10264,2610264,26102640000000,26102640000000,Mono County Office of Education,County Office of Education (COE),KG,12,General Assistance,451 Sierra Park Rd,Mammoth Lakes,93546,10,"11 - City, Large",37.63903218000001,-118.96364565000002,223,210,13,108,0,6,163,10
DistrictSites2324_-4467924829629724752.csv,2023-24,2023-24,26,Mono,73668,2673668,26736680000000,26736680000000,Eastern Sierra Unified,Unified,KG,12,General Assistance,231 Kingsley St.,Bridgeport,93517,10,"43 - Rural, Remote",38.254125220000006,-119.22898676999999,368,0,368,49,1,5,172,60
DistrictSites2324_-4467924829629724752.csv,2023-24,2023-24,26,Mono,73692,2673692,26736920000000,26736920000000,Mammoth Unified,Unified,KG,12,General Assistance,461 Sierra Park Rd.,Mammoth Lakes,93546,10,"33 - Town, Remote",37.63853218000001,-118.96276665,1112,0,1112,301,4,9,601,116
DistrictSites2324_-4467924829629724752.csv,2023-24,2023-24,27,Monterey,10272,2710272,27102720000000,27102720000000,Monterey County Office of Education,County Office of Education (COE),KG,12,Differentiated Assistance,901 Blanco Cir.,Salinas,93912,05,"12 - City, Midsize",36.6534149,-121.63977296999998,1853,1434,419,397,5,174,988,495
DistrictSites2324_-4467924829629724752.csv,2023-24,2023-24,27,Monterey,65961,2765961,27659610000000,27659610000000,Alisal Union,Elementary,KG,06,General Assistance,155 Bardin Rd.,Salinas,93905,05,"12 - City, Midsize",36.678097910000005,-121.60504397,7339,0,7339,4514,4,1207,6830,828
DistrictSites2324_-4467924829629724752.csv,2023-24,2023-24,27,Monterey,65979,2765979,27659790000000,27659790000000,Bradley Union Elementary,Elementary,KG,08,General Assistance,65600 Dixie St.,Bradley,93426,05,"42 - Rural, Distant",35.86282489,-120.80527676999999,39,0,39,4,0,0,9,5
DistrictSites2324_-4467924829629724752.csv,2023-24,2023-24,27,Monterey,65987,2765987,27659870000000,27659870000000,Carmel Unified,Unified,KG,12,General Assistance,4380 Carmel Valley Rd.,Carmel,93923,05,"22 - Suburban, Midsize",36.54220488,-121.89711300000002,2159,0,2159,63,4,18,372,285
DistrictSites2324_-4467924829629724752.csv,2023-24,2023-24,27,Monterey,65995,2765995,27659950000000,27659950000000,Chualar Union,Elementary,KG,08,General Assistance,24285 Lincoln St.,Chualar,93925,05,"42 - Rural, Distant",36.572088910000005,-121.51607295,262,0,262,194,0,48,225,39
DistrictSites2324_-4467924829629724752.csv,2023-24,2023-24,27,Monterey,66027,2766027,27660270000000,27660270000000,Graves Elementary,Elementary,KG,08,General Assistance,15 McFadden Rd.,Salinas,93908,05,"41 - Rural, Fringe",36.69643490000001,-121.70106099000002,36,0,36,5,0,4,22,3
DistrictSites2324_-4467924829629724752.csv,2023-24,2023-24,27,Monterey,66035,2766035,27660350000000,27660350000000,Greenfield Union Elementary,Elementary,KG,08,Differentiated Assistance,493 El Camino Real,Greenfield,93927,05,"32 - Town, Distant",36.3260069,-121.24827388000001,3332,0,3332,2176,3,716,2751,388
DistrictSites2324_-4467924829629724752.csv,2023-24,2023-24,27,Monterey,66050,2766050,27660500000000,27660500000000,King City Union,Elementary,KG,08,Differentiated Assistance,104 South Vanderhurst Ave.,King City,93930,05,"33 - Town, Remote",36.2118579,-121.12775984999999,2552,0,2552,1422,4,316,2284,393
DistrictSites2324_-4467924829629724752.csv,2023-24,2023-24,27,Monterey,66068,2766068,27660680000000,27660680000000,South Monterey County Joint Union High,High,09,12,Differentiated Assistance,800 Broadway St.,King City,93930,05,"33 - Town, Remote",36.20823590000001,-121.13483384999999,2731,0,2731,497,6,249,2393,401
DistrictSites2324_-4467924829629724752.csv,2023-24,2023-24,27,Monterey,66076,2766076,27660760000000,27660760000000,Lagunita Elementary,Elementary,KG,08,General Assistance,975 San Juan Grade Rd.,Salinas,93907,05,"41 - Rural, Fringe",36.77292192000001,-121.60498998000001,61,0,61,2,0,0,10,6
DistrictSites2324_-4467924829629724752.csv,2023-24,2023-24,27,Monterey,66084,2766084,27660840000000,27660840000000,Mission Union Elementary,Elementary,KG,08,General Assistance,36825 Foothill Rd.,Soledad,93960,05,"42 - Rural, Distant",36.390205900000005,-121.36475990000001,127,0,127,19,0,0,36,11
DistrictSites2324_-4467924829629724752.csv,2023-24,2023-24,27,Monterey,66092,2766092,27660920000000,27660920000000,Monterey Peninsula Unified,Unified,KG,12,Differentiated Assistance,700 Pacific St.,Monterey,93940,05,"22 - Suburban, Midsize",36.595409880000005,-121.89849200999998,9836,584,9252,2465,15,1831,6385,1541
DistrictSites2324_-4467924829629724752.csv,2023-24,2023-24,27,Monterey,66134,2766134,27661340000000,27661340000000,Pacific Grove Unified,Unified,KG,12,General Assistance,435 Hillcrest Ave.,Pacific Grove,93950,05,"22 - Suburban, Midsize",36.61324888,-121.91751301000002,1727,0,1727,73,1,3,319,249
DistrictSites2324_-4467924829629724752.csv,2023-24,2023-24,27,Monterey,66142,2766142,27661420000000,27661420000000,Salinas City Elementary,Elementary,KG,06,General Assistance,840 South Main St.,Salinas,93901,05,"12 - City, Midsize",36.664504900000004,-121.65761398000002,8206,0,8206,4191,9,3347,6287,872
DistrictSites2324_-4467924829629724752.csv,2023-24,2023-24,27,Monterey,66159,2766159,27661590000000,27661590000000,Salinas Union High,High,07,12,Differentiated Assistance,431 West Alisal St.,Salinas,93901,05,"12 - City, Midsize",36.67211490000001,-121.66525398000002,16225,0,16225,3143,16,642,15114,1897
DistrictSites2324_-4467924829629724752.csv,2023-24,2023-24,27,Monterey,66167,2766167,27661670000000,27661670000000,San Antonio Union Elementary,Elementary,KG,08,General Assistance,67550 Lockwood/Jolon Rd.,Lockwood,93932,05,"43 - Rural, Remote",35.94356288,-121.08271681999999,144,0,144,38,0,2,66,28
DistrictSites2324_-4467924829629724752.csv,2023-24,2023-24,27,Monterey,66175,2766175,27661750000000,27661750000000,San Ardo Union Elementary,Elementary,KG,08,Differentiated Assistance,62428 Center St.,San Ardo,93450,05,"43 - Rural, Remote",36.01913289000001,-120.9047858,86,0,86,52,0,4,72,18
DistrictSites2324_-4467924829629724752.csv,2023-24,2023-24,27,Monterey,66183,2766183,27661830000000,27661830000000,San Lucas Union Elementary,Elementary,KG,08,General Assistance,53675 San Benito St.,San Lucas,93954,05,"42 - Rural, Distant",36.12961990000001,-121.01688082,78,0,78,36,0,30,78,13
DistrictSites2324_-4467924829629724752.csv,2023-24,2023-24,27,Monterey,66191,2766191,27661910000000,27661910000000,Santa Rita Union Elementary,Elementary,KG,08,General Assistance,57 Russell Rd.,Salinas,93906,05,"22 - Suburban, Midsize",36.73291491000001,-121.64976298,3186,0,3186,1459,6,772,2431,372
DistrictSites2324_-4467924829629724752.csv,2023-24,2023-24,27,Monterey,66225,2766225,27662250000000,27662250000000,Spreckels Union Elementary,Elementary,KG,08,General Assistance,130 Railroad Ave.,Spreckels,93962,05,"22 - Suburban, Midsize",36.62611290000002,-121.64250897,888,0,888,72,0,5,164,89
DistrictSites2324_-4467924829629724752.csv,2023-24,2023-24,27,Monterey,66233,2766233,27662330000000,27662330000000,Washington Union Elementary,Elementary,KG,08,General Assistance,43 San Benancio Rd.,Salinas,93908,05,"41 - Rural, Fringe",36.578144890000004,-121.71721898000003,746,0,746,20,0,9,87,81
DistrictSites2324_-4467924829629724752.csv,2023-24,2023-24,27,Monterey,73825,2773825,27738250000000,27738250000000,North Monterey County Unified,Unified,KG,12,Differentiated Assistance,13994 Castroville Blvd.,Castroville,95012,05,"31 - Town, Fringe",36.78114412,-121.7335905,4435,0,4435,2162,8,1296,3882,592
DistrictSites2324_-4467924829629724752.csv,2023-24,2023-24,27,Monterey,75150,2775150,27751500000000,27751500000000,Big Sur Unified,Unified,KG,12,General Assistance,69325 Highway 1,Big Sur,93920,05,"43 - Rural, Remote",35.919833849999996,-121.46609687,107,89,18,4,0,1,40,11
DistrictSites2324_-4467924829629724752.csv,2023-24,2023-24,27,Monterey,75440,2775440,27754400000000,27754400000000,Soledad Unified,Unified,KG,12,Differentiated Assistance,1261 Metz Rd.,Soledad,93960,05,"32 - Town, Distant",36.4275849,-121.3185309,4700,0,4700,1562,13,385,3955,712
DistrictSites2324_-4467924829629724752.csv,2023-24,2023-24,27,Monterey,75473,2775473,27754730000000,27754730000000,Gonzales Unified,Unified,KG,12,Differentiated Assistance,600 Elko St.,Gonzales,93926,05,"32 - Town, Distant",36.5115229,-121.44311893000001,2017,0,2017,891,4,331,1382,273
DistrictSites2324_-4467924829629724752.csv,2023-24,2023-24,28,Napa,10280,2810280,28102800000000,28102800000000,Napa County Office of Education,County Office of Education (COE),KG,12,General Assistance,2121 Imola Ave.,Napa,94559,04,"23 - Suburban, Small",38.278760000000005,-122.25658125,145,71,74,44,2,25,84,27
DistrictSites2324_-4467924829629724752.csv,2023-24,2023-24,28,Napa,66241,2866241,28662410000000,28662410000000,Calistoga Joint Unified,Unified,KG,12,General Assistance,1520 Lake St.,Calistoga,94515,04,"31 - Town, Fringe",38.58323,-122.58153034,790,0,790,269,0,2,674,123
DistrictSites2324_-4467924829629724752.csv,2023-24,2023-24,28,Napa,66258,2866258,28662580000000,28662580000000,Howell Mountain Elementary,Elementary,KG,08,General Assistance,525 White Cottage Rd. North,Angwin,94508,04,"42 - Rural, Distant",38.58314001,-122.44970832,93,0,93,36,0,22,64,8
DistrictSites2324_-4467924829629724752.csv,2023-24,2023-24,28,Napa,66266,2866266,28662660000000,28662660000000,Napa Valley Unified,Unified,KG,12,Differentiated Assistance,2425 Jefferson St.,Napa,94558,04,"13 - City, Small",38.308779,-122.29703426000002,16393,277,16116,3914,48,365,10566,2227
DistrictSites2324_-4467924829629724752.csv,2023-24,2023-24,28,Napa,66282,2866282,28662820000000,28662820000000,Pope Valley Union Elementary,Elementary,KG,08,General Assistance,6200 Pope Valley Rd.,Pope Valley,94567,04,"42 - Rural, Distant",38.62315101000001,-122.43898232,48,0,48,19,0,0,46,7
DistrictSites2324_-4467924829629724752.csv,2023-24,2023-24,28,Napa,66290,2866290,28662900000000,28662900000000,Saint Helena Unified,Unified,KG,12,General Assistance,465 Main St.,St. Helena,94574,04,"31 - Town, Fringe",38.49732,-122.46192131000001,1103,0,1103,157,0,5,404,131
DistrictSites2324_-4467924829629724752.csv,2023-24,2023-24,29,Nevada,10298,2910298,29102980000000,29102980000000,Nevada County Office of Education,County Office of Education (COE),KG,12,General Assistance,380 Crown Point Cir.,Grass Valley,95945,03,"32 - Town, Distant",39.219120170000004,-121.02848617999999,3144,3073,71,152,11,93,1961,431
DistrictSites2324_-4467924829629724752.csv,2023-24,2023-24,29,Nevada,66316,2966316,29663160000000,29663160000000,Chicago Park Elementary,Elementary,KG,08,General Assistance,15725 Mt. Olive Rd.,Grass Valley,95945,03,"41 - Rural, Fringe",39.144372170000004,-120.97749516,156,35,121,0,0,0,78,21
DistrictSites2324_-4467924829629724752.csv,2023-24,2023-24,29,Nevada,66324,2966324,29663240000000,29663240000000,Clear Creek Elementary,Elementary,KG,08,General Assistance,17700 McCourtney Rd.,Grass Valley,95949,03,"42 - Rural, Distant",39.14279415,-121.14475718999999,163,0,163,0,2,7,70,16
DistrictSites2324_-4467924829629724752.csv,2023-24,2023-24,29,Nevada,66332,2966332,29663320000000,29663320000000,Grass Valley Elementary,Elementary,KG,08,General Assistance,10840 Gilmore Way,Grass Valley,95945,03,"32 - Town, Distant",39.22241217000001,-121.07404818999998,1551,521,1030,54,10,17,996,208
DistrictSites2324_-4467924829629724752.csv,2023-24,2023-24,29,Nevada,66340,2966340,29663400000000,29663400000000,Nevada City Elementary,Elementary,KG,08,Differentiated Assistance,800 Hoover Ln.,Nevada City,95959,03,"32 - Town, Distant",39.25521117,-121.03033318,705,0,705,1,0,8,245,81
DistrictSites2324_-4467924829629724752.csv,2023-24,2023-24,29,Nevada,66357,2966357,29663570000000,29663570000000,Nevada Joint Union High,High,09,12,Differentiated Assistance,11645 Ridge Rd.,Grass Valley,95945,03,"32 - Town, Distant",39.241787169999995,-121.05357319,2741,197,2544,29,4,81,1055,419
DistrictSites2324_-4467924829629724752.csv,2023-24,2023-24,29,Nevada,66373,2966373,29663730000000,29663730000000,Pleasant Ridge Union Elementary,Elementary,KG,08,Differentiated Assistance,22580 Kingston Ln.,Grass Valley,95949,03,"41 - Rural, Fringe",39.05127914999999,-121.06682016,1428,239,1189,16,1,3,461,221
DistrictSites2324_-4467924829629724752.csv,2023-24,2023-24,29,Nevada,66407,2966407,29664070000000,29664070000000,Union Hill Elementary,Elementary,KG,08,General Assistance,10879 Bartlett Dr.,Grass Valley,95945,03,"32 - Town, Distant",39.206098170000004,-121.03637217999999,689,543,146,16,1,14,312,100
DistrictSites2324_-4467924829629724752.csv,2023-24,2023-24,29,Nevada,66415,2966415,29664150000000,29664150000000,Twin Ridges Elementary,Elementary,KG,08,Differentiated Assistance,16661 Old Mill Rd.,Nevada City,95959,03,"42 - Rural, Distant",39.37377018,-120.99544719,110,0,110,2,0,11,94,26
DistrictSites2324_-4467924829629724752.csv,2023-24,2023-24,29,Nevada,76877,2976877,29768770000000,29768770000000,Penn Valley Union Elementary,Elementary,KG,12,General Assistance,17328 Penn Valley Dr. Ste A,Penn Valley,95946,03,"42 - Rural, Distant",39.198485160000004,-121.17554419999999,558,37,521,8,1,13,337,69
DistrictSites2324_-4467924829629724752.csv,2023-24,2023-24,30,Orange,10306,3010306,30103060000000,30103060000000,Orange County Department of Education,County Office of Education (COE),KG,12,Differentiated Assistance,200 Kalmus Dr.,Costa Mesa,92628,09,"12 - City, Midsize",33.67315983000001,-117.88071009999999,13251,10856,2395,2054,141,638,6836,1785
DistrictSites2324_-4467924829629724752.csv,2023-24,2023-24,30,Orange,64766,3064766,30647660000000,30647660000000,Lowell Joint,Elementary,KG,08,General Assistance,11019 Valley Home Ave.,Whittier,90603,11,"21 - Suburban, Large",33.932913860000006,-117.97687812999997,3029,0,3029,197,8,16,1770,452
DistrictSites2324_-4467924829629724752.csv,2023-24,2023-24,30,Orange,66423,3066423,30664230000000,30664230000000,Anaheim Elementary,Elementary,KG,06,General Assistance,1001 South East St.,Anaheim,92805,09,"11 - City, Large",33.822841849999996,-117.89872110999998,14775,514,14261,6751,129,1392,11993,2236
DistrictSites2324_-4467924829629724752.csv,2023-24,2023-24,30,Orange,66431,3066431,30664310000000,30664310000000,Anaheim Union High,High,07,12,Differentiated Assistance,501 Crescent Way,Anaheim,92803,09,"11 - City, Large",33.83722184999999,-117.94895012,27195,0,27195,5952,131,788,21530,3929
DistrictSites2324_-4467924829629724752.csv,2023-24,2023-24,30,Orange,66449,3066449,30664490000000,30664490000000,Brea-Olinda Unified,Unified,KG,12,Differentiated Assistance,1 Civic Center Cir. Level 2,Brea,92821,09,"21 - Suburban, Large",33.91709785999999,-117.88891611999999,5895,0,5895,550,23,9,1313,747
DistrictSites2324_-4467924829629724752.csv,2023-24,2023-24,30,Orange,66456,3066456,30664560000000,30664560000000,Buena Park Elementary,Elementary,KG,08,Differentiated Assistance,6885 Orangethorpe Ave.,Buena Park,90620,09,"21 - Suburban, Large",33.85925784999999,-118.01445713,3784,0,3784,1170,34,275,2953,571
DistrictSites2324_-4467924829629724752.csv,2023-24,2023-24,30,Orange,66464,3066464,30664640000000,30664640000000,Capistrano Unified,Unified,KG,12,General Assistance,33122 Valle Rd.,San Juan Capistrano,92675,09,"21 - Suburban, Large",33.480058820000004,-117.66991204,48326,7490,40836,4041,75,2855,17143,7037
DistrictSites2324_-4467924829629724752.csv,2023-24,2023-24,30,Orange,66472,3066472,30664720000000,30664720000000,Centralia Elementary,Elementary,KG,06,General Assistance,6625 La Palma Ave.,Buena Park,90620,09,"21 - Suburban, Large",33.84693584000001,-118.01834012999998,4052,0,4052,1064,21,405,2713,492
DistrictSites2324_-4467924829629724752.csv,2023-24,2023-24,30,Orange,66480,3066480,30664800000000,30664800000000,Cypress Elementary,Elementary,KG,06,General Assistance,5816 Corporate Ave. Ste. 100,Cypress,90630,09,"13 - City, Small",33.807119840000006,-118.03167413,3319,0,3319,465,12,151,1484,500
DistrictSites2324_-4467924829629724752.csv,2023-24,2023-24,30,Orange,66498,3066498,30664980000000,30664980000000,Fountain Valley Elementary,Elementary,KG,08,Differentiated Assistance,10055 Slater Ave.,Fountain Valley,92708,09,"13 - City, Small",33.70956383000001,-117.95349411,6036,0,6036,657,17,11,1537,672
DistrictSites2324_-4467924829629724752.csv,2023-24,2023-24,30,Orange,66506,3066506,30665060000000,30665060000000,Fullerton Elementary,Elementary,KG,08,Differentiated Assistance,1401 West Valencia Dr.,Fullerton,92833,09,"21 - Suburban, Large",33.86689885,-117.95113912000001,11439,0,11439,2161,65,111,5997,1486
DistrictSites2324_-4467924829629724752.csv,2023-24,2023-24,30,Orange,66514,3066514,30665140000000,30665140000000,Fullerton Joint Union High,High,09,12,Differentiated Assistance,1051 West Bastanchury Rd.,Fullerton,92833,09,"21 - Suburban, Large",33.88868684999999,-117.94431312000002,12826,0,12826,1326,47,262,7426,1388
DistrictSites2324_-4467924829629724752.csv,2023-24,2023-24,30,Orange,66522,3066522,30665220000000,30665220000000,Garden Grove Unified,Unified,KG,12,General Assistance,10331 Stanford Ave.,Garden Grove,92840,09,"21 - Suburban, Large",33.77827684000001,-117.95221712,37763,0,37763,11657,144,685,30679,5310
DistrictSites2324_-4467924829629724752.csv,2023-24,2023-24,30,Orange,66530,3066530,30665300000000,30665300000000,Huntington Beach City Elementary,Elementary,KG,08,General Assistance,8750 Dorsett Dr.,Huntington Beach,92646,09,"21 - Suburban, Large",33.65531383000001,-117.97490610999999,4974,346,4628,253,17,44,1557,633
DistrictSites2324_-4467924829629724752.csv,2023-24,2023-24,30,Orange,66548,3066548,30665480000000,30665480000000,Huntington Beach Union High,High,09,12,General Assistance,5832 Bolsa Ave.,Huntington Beach,92649,09,"21 - Suburban, Large",33.744019830000006,-118.02720913,14104,0,14104,1377,52,485,7506,1608
DistrictSites2324_-4467924829629724752.csv,2023-24,2023-24,30,Orange,66555,3066555,30665550000000,30665550000000,Laguna Beach Unified,Unified,KG,12,General Assistance,550 Blumont St.,Laguna Beach,92651,09,"21 - Suburban, Large",33.54260982,-117.77790207,2386,0,2386,49,2,6,451,254
DistrictSites2324_-4467924829629724752.csv,2023-24,2023-24,30,Orange,66563,3066563,30665630000000,30665630000000,La Habra City Elementary,Elementary,KG,08,General Assistance,500 North Walnut St.,La Habra,90631,09,"21 - Suburban, Large",33.93596586,-117.95013012999999,4298,0,4298,884,30,64,3476,706
DistrictSites2324_-4467924829629724752.csv,2023-24,2023-24,30,Orange,66589,3066589,30665890000000,30665890000000,Magnolia Elementary,Elementary,KG,06,Differentiated Assistance,2705 West Orange Ave.,Anaheim,92804,09,"11 - City, Large",33.82540585,-117.98018412,4920,0,4920,2013,27,1299,3961,676
DistrictSites2324_-4467924829629724752.csv,2023-24,2023-24,30,Orange,66597,3066597,30665970000000,30665970000000,Newport-Mesa Unified,Unified,KG,12,Differentiated Assistance,"2985 Bear St., Bldg. A",Costa Mesa,92626,09,"12 - City, Midsize",33.679127830000006,-117.8949791,17768,0,17768,2938,70,1033,9293,2462
DistrictSites2324_-4467924829629724752.csv,2023-24,2023-24,30,Orange,66613,3066613,30666130000000,30666130000000,Ocean View,Elementary,KG,08,Differentiated Assistance,17200 Pinehurst Ln.,Huntington Beach,92647,09,"21 - Suburban, Large",33.71203083000001,-118.02095811999999,6868,0,6868,1270,40,582,3976,966
DistrictSites2324_-4467924829629724752.csv,2023-24,2023-24,30,Orange,66621,3066621,30666210000000,30666210000000,Orange Unified,Unified,KG,12,Differentiated Assistance,1401 North Handy St.,Orange,92867,09,"12 - City, Midsize",33.81129484999999,-117.8266591,25364,2219,23145,4155,132,319,14978,3254
DistrictSites2324_-4467924829629724752.csv,2023-24,2023-24,30,Orange,66647,3066647,30666470000000,30666470000000,Placentia-Yorba Linda Unified,Unified,KG,12,General Assistance,1301 East Orangethorpe Ave.,Placentia,92870,09,"21 - Suburban, Large",33.87039486,-117.8380631,22705,0,22705,3066,89,2567,9979,2877
DistrictSites2324_-4467924829629724752.csv,2023-24,2023-24,30,Orange,66670,3066670,30666700000000,30666700000000,Santa Ana Unified,Unified,KG,12,Differentiated Assistance,1601 East Chestnut Ave.,Santa Ana,92701,09,"11 - City, Large",33.74316684000001,-117.8474311,40328,2665,37663,16345,258,6175,33427,6335
DistrictSites2324_-4467924829629724752.csv,2023-24,2023-24,30,Orange,66696,3066696,30666960000000,30666960000000,Savanna Elementary,Elementary,KG,06,General Assistance,1330 South Knott Ave.,Anaheim,92804,09,"11 - City, Large",33.81385684,-118.01019213,1735,0,1735,574,14,181,1437,225
DistrictSites2324_-4467924829629724752.csv,2023-24,2023-24,30,Orange,66746,3066746,30667460000000,30667460000000,Westminster,Elementary,KG,08,General Assistance,14121 Cedarwood St.,Westminster,92683,09,"21 - Suburban, Large",33.757374840000004,-117.99450612000001,7950,0,7950,2746,29,546,5863,1008
DistrictSites2324_-4467924829629724752.csv,2023-24,2023-24,30,Orange,73635,3073635,30736350000000,30736350000000,Saddleback Valley Unified,Unified,KG,12,Differentiated Assistance,25631 Peter A. Hartman Way,Mission Viejo,92691,09,"21 - Suburban, Large",33.62153484000001,-117.68391306000001,23199,0,23199,3624,68,2321,10452,3127
DistrictSites2324_-4467924829629724752.csv,2023-24,2023-24,30,Orange,73643,3073643,30736430000000,30736430000000,Tustin Unified,Unified,KG,12,Differentiated Assistance,300 South C St.,Tustin,92780,09,"13 - City, Small",33.743165850000004,-117.82532808999999,21600,0,21600,3501,100,352,10993,2911
DistrictSites2324_-4467924829629724752.csv,2023-24,2023-24,30,Orange,73650,3073650,30736500000000,30736500000000,Irvine Unified,Unified,KG,12,Differentiated Assistance,5050 Barranca Pkwy.,Irvine,92604,09,"11 - City, Large",33.67565484000001,-117.79235308000001,37952,221,37731,5274,54,107,7899,3608
DistrictSites2324_-4467924829629724752.csv,2023-24,2023-24,30,Orange,73924,3073924,30739240000000,30739240000000,Los Alamitos Unified,Unified,KG,12,General Assistance,10293 Bloomfield St.,Los Alamitos,90720,09,"21 - Suburban, Large",33.816044839999996,-118.06371514,8931,0,8931,218,15,29,1514,1161
DistrictSites2324_-4467924829629724752.csv,2023-24,2023-24,30,Orange,76893,3076893,30768930000000,30768930000000,SBE - Magnolia Science Academy Santa Ana,State Board of Education,KG,12,NA,2840 West 1st St.,Santa Ana,92703,09,"11 - City, Large",33.74430684000001,-117.90822411,504,504,0,137,4,17,409,77
DistrictSites2324_-4467924829629724752.csv,2023-24,2023-24,31,Placer,10314,3110314,31103140000000,31103140000000,Placer County Office of Education,County Office of Education (COE),KG,12,General Assistance,360 Nevada St.,Auburn,95603,03,"31 - Town, Fringe",38.906537140000005,-121.08125315000001,410,295,115,20,3,13,230,162
DistrictSites2324_-4467924829629724752.csv,2023-24,2023-24,31,Placer,66761,3166761,31667610000000,31667610000000,Ackerman Charter,Elementary,KG,08,NA,13777 Bowman Rd.,Auburn,95603,03,"31 - Town, Fringe",38.93534614000001,-121.05553914999999,603,603,0,25,1,6,215,63
DistrictSites2324_-4467924829629724752.csv,2023-24,2023-24,31,Placer,66779,3166779,31667790000000,31667790000000,Alta-Dutch Flat Union Elementary,Elementary,KG,08,General Assistance,34050 Alta-Bonny Nook Rd.,Alta,95701,03,"42 - Rural, Distant",39.20757119,-120.80795014,91,0,91,1,0,0,17,13
DistrictSites2324_-4467924829629724752.csv,2023-24,2023-24,31,Placer,66787,3166787,31667870000000,31667870000000,Auburn Union Elementary,Elementary,KG,08,Differentiated Assistance,255 Epperle Ln.,Auburn,95603,03,"31 - Town, Fringe",38.90664714,-121.07277114999997,1452,0,1452,220,9,81,945,225
DistrictSites2324_-4467924829629724752.csv,2023-24,2023-24,31,Placer,66795,3166795,31667950000000,31667950000000,Colfax Elementary,Elementary,KG,08,General Assistance,24825 Ben Taylor Rd.,Colfax,95713,03,"42 - Rural, Distant",39.10463316,-120.96264615,334,0,334,3,0,22,153,39
DistrictSites2324_-4467924829629724752.csv,2023-24,2023-24,31,Placer,66803,3166803,31668030000000,31668030000000,Dry Creek Joint Elementary,Elementary,KG,08,General Assistance,8849 Cook Riolo Rd.,Roseville,95747,03,"21 - Suburban, Large",38.73863811000001,-121.33654317,6725,0,6725,1152,11,126,3154,761
DistrictSites2324_-4467924829629724752.csv,2023-24,2023-24,31,Placer,66829,3166829,31668290000000,31668290000000,Eureka Union,Elementary,KG,08,General Assistance,5455 Eureka Rd.,Granite Bay,95746,03,"21 - Suburban, Large",38.73663312000001,-121.19936214999998,3315,0,3315,256,2,11,505,362
DistrictSites2324_-4467924829629724752.csv,2023-24,2023-24,31,Placer,66837,3166837,31668370000000,31668370000000,Foresthill Union Elementary,Elementary,KG,08,Differentiated Assistance,24750 Main St.,Foresthill,95631,03,"42 - Rural, Distant",39.02072417,-120.81165012000001,471,0,471,3,2,22,196,63
DistrictSites2324_-4467924829629724752.csv,2023-24,2023-24,31,Placer,66845,3166845,31668450000000,31668450000000,Loomis Union Elementary,Elementary,KG,08,General Assistance,3290 Humphrey Rd.,Loomis,95650,03,"41 - Rural, Fringe",38.83071212000001,-121.20201416,2905,503,2402,83,4,9,425,296
DistrictSites2324_-4467924829629724752.csv,2023-24,2023-24,31,Placer,66852,3166852,31668520000000,31668520000000,Newcastle Elementary,Elementary,KG,08,General Assistance,645 Kentucky Greens Way,Newcastle,95658,03,"21 - Suburban, Large",38.87190613,-121.13865614999999,2131,1964,167,132,3,4,368,189
DistrictSites2324_-4467924829629724752.csv,2023-24,2023-24,31,Placer,66886,3166886,31668860000000,31668860000000,Placer Hills Union Elementary,Elementary,KG,08,General Assistance,16801 Placer Hills Rd.,Meadow Vista,95722,03,"42 - Rural, Distant",38.99522115,-121.02424415,762,0,762,15,1,26,229,107
DistrictSites2324_-4467924829629724752.csv,2023-24,2023-24,31,Placer,66894,3166894,31668940000000,31668940000000,Placer Union High,High,09,12,Differentiated Assistance,13000 New Airport Rd.,Auburn,95603,03,"21 - Suburban, Large",38.940202140000004,-121.07962214999999,3975,115,3860,142,14,87,1005,488
DistrictSites2324_-4467924829629724752.csv,2023-24,2023-24,31,Placer,66910,3166910,31669100000000,31669100000000,Roseville City Elementary,Elementary,KG,08,General Assistance,1050 Main St.,Roseville,95678,03,"12 - City, Midsize",38.75255211000001,-121.30650216,12004,0,12004,1365,29,240,7585,1654
DistrictSites2324_-4467924829629724752.csv,2023-24,2023-24,31,Placer,66928,3166928,31669280000000,31669280000000,Roseville Joint Union High,High,KG,12,Differentiated Assistance,1750 Cirby Way,Roseville,95661,03,"12 - City, Midsize",38.72918511000001,-121.25839414999999,12626,1835,10791,822,23,162,5254,1044
DistrictSites2324_-4467924829629724752.csv,2023-24,2023-24,31,Placer,66944,3166944,31669440000000,31669440000000,Tahoe-Truckee Unified,Unified,KG,12,Differentiated Assistance,11603 Donner Pass Rd.,Truckee,96161,03,"32 - Town, Distant",39.324743240000004,-120.20912606000002,4135,215,3920,543,3,46,1417,595
DistrictSites2324_-4467924829629724752.csv,2023-24,2023-24,31,Placer,66951,3166951,31669510000000,31669510000000,Western Placer Unified,Unified,KG,12,Differentiated Assistance,"600 Sixth St., Ste. 400",Lincoln,95648,03,"21 - Suburban, Large",38.89346512,-121.29193418000001,10905,2992,7913,864,31,271,3709,1576
DistrictSites2324_-4467924829629724752.csv,2023-24,2023-24,31,Placer,75085,3175085,31750850000000,31750850000000,Rocklin Unified,Unified,KG,12,General Assistance,2615 Sierra Meadows Dr.,Rocklin,95677,03,"21 - Suburban, Large",38.79266612000001,-121.22170815999999,13206,1600,11606,754,19,125,2738,1864
DistrictSites2324_-4467924829629724752.csv,2023-24,2023-24,32,Plumas,10322,3210322,32103220000000,32103220000000,Plumas County Office of Education,County Office of Education (COE),KG,12,General Assistance,50 Church St.,Quincy,95971,02,"43 - Rural, Remote",39.936256240000006,-120.94383226000001,13,0,13,0,0,1,11,4
DistrictSites2324_-4467924829629724752.csv,2023-24,2023-24,32,Plumas,66969,3266969,32669690000000,32669690000000,Plumas Unified,Unified,KG,12,Differentiated Assistance,50 Church St.,Quincy,95971,02,"43 - Rural, Remote",39.936256240000006,-120.94383226000001,2031,344,1687,90,6,115,1217,320
DistrictSites2324_-4467924829629724752.csv,2023-24,2023-24,33,Riverside,10330,3310330,33103300000000,33103300000000,Riverside County Office of Education,County Office of Education (COE),KG,12,Differentiated Assistance,3939 13th St.,Riverside,92502,10,"11 - City, Large",33.978931900000006,-117.38042503,13534,12666,868,1544,81,356,8283,2481
DistrictSites2324_-4467924829629724752.csv,2023-24,2023-24,33,Riverside,31625,3331625,33316250000000,33316250000000,California School for the Deaf-Riverside (State Special Schl),State Special Schools,KG,12,NA,3044 Horace St.,Riverside,92506,10,"11 - City, Large",33.94456289,-117.38137802999998,324,0,324,15,3,0,113,317
DistrictSites2324_-4467924829629724752.csv,2023-24,2023-24,33,Riverside,66977,3366977,33669770000000,33669770000000,Alvord Unified,Unified,KG,12,Differentiated Assistance,9 KPC Pkwy.,Corona,92879,10,"11 - City, Large",33.88675088,-117.51448805,16663,0,16663,3990,102,1157,14323,2340
DistrictSites2324_-4467924829629724752.csv,2023-24,2023-24,33,Riverside,66985,3366985,33669850000000,33669850000000,Banning Unified,Unified,KG,12,Differentiated Assistance,161 West Williams St.,Banning,92220,10,"21 - Suburban, Large",33.92763592000001,-116.87848193999999,4316,0,4316,777,57,364,3818,692
DistrictSites2324_-4467924829629724752.csv,2023-24,2023-24,33,Riverside,66993,3366993,33669930000000,33669930000000,Beaumont Unified,Unified,KG,12,Differentiated Assistance,350 West Brookside Ave.,Beaumont,92223,10,"21 - Suburban, Large",33.96228592000001,-116.98460097000002,18137,6016,12121,1001,107,353,10967,2447
DistrictSites2324_-4467924829629724752.csv,2023-24,2023-24,33,Riverside,67033,3367033,33670330000000,33670330000000,Corona-Norco Unified,Unified,KG,12,Differentiated Assistance,2820 Clark Ave.,Norco,92860,10,"12 - City, Midsize",33.92268988,-117.56164606000002,50256,0,50256,7092,235,434,35783,6740
DistrictSites2324_-4467924829629724752.csv,2023-24,2023-24,33,Riverside,67041,3367041,33670410000000,33670410000000,Desert Center Unified,Unified,KG,08,General Assistance,1434 Kaiser Rd.,Desert Center,92239,10,"43 - Rural, Remote",33.85004099,-115.47382269,25,0,25,4,0,3,19,4
DistrictSites2324_-4467924829629724752.csv,2023-24,2023-24,33,Riverside,67058,3367058,33670580000000,33670580000000,Desert Sands Unified,Unified,KG,12,Differentiated Assistance,47-950 Dune Palms Rd.,La Quinta,92253,10,"21 - Suburban, Large",33.70236593000001,-116.27627082,25898,2145,23753,5114,162,356,19796,3184
DistrictSites2324_-4467924829629724752.csv,2023-24,2023-24,33,Riverside,67082,3367082,33670820000000,33670820000000,Hemet Unified,Unified,KG,12,Differentiated Assistance,1791 West Acacia Ave.,Hemet,92545,10,"22 - Suburban, Midsize",33.74321889000001,-116.99051495000002,22736,741,21995,3048,309,657,19551,3643
DistrictSites2324_-4467924829629724752.csv,2023-24,2023-24,33,Riverside,67090,3367090,33670900000000,33670900000000,Jurupa Unified,Unified,KG,12,Differentiated Assistance,4850 Pedley Rd.,Jurupa Valley,92509,10,"21 - Suburban, Large",34.00024589,-117.47474804999999,18015,0,18015,5411,110,106,14212,2266
DistrictSites2324_-4467924829629724752.csv,2023-24,2023-24,33,Riverside,67116,3367116,33671160000000,33671160000000,Menifee Union,Elementary,KG,12,Differentiated Assistance,29775 Haun Rd.,Menifee,92586,10,"21 - Suburban, Large",33.68795687,-117.17589197999999,13831,1636,12195,965,94,260,8397,1980
DistrictSites2324_-4467924829629724752.csv,2023-24,2023-24,33,Riverside,67124,3367124,33671240000000,33671240000000,Moreno Valley Unified,Unified,KG,12,General Assistance,25634 Alessandro Blvd.,Moreno Valley,92553,10,"21 - Suburban, Large",33.918300900000006,-117.21536300000001,31344,0,31344,5968,303,738,27269,4757
DistrictSites2324_-4467924829629724752.csv,2023-24,2023-24,33,Riverside,67157,3367157,33671570000000,33671570000000,Nuview Union,Elementary,KG,12,Differentiated Assistance,29780 Lakeview Ave.,Nuevo,92567,10,"41 - Rural, Fringe",33.821556890000004,-117.13111898000001,2142,675,1467,508,12,125,1873,241
DistrictSites2324_-4467924829629724752.csv,2023-24,2023-24,33,Riverside,67173,3367173,33671730000000,33671730000000,Palm Springs Unified,Unified,KG,12,Differentiated Assistance,150 District Center Dr.,Palm Springs,92264,10,"21 - Suburban, Large",33.824500930000006,-116.49383087,20416,850,19566,5757,203,2084,19373,2560
DistrictSites2324_-4467924829629724752.csv,2023-24,2023-24,33,Riverside,67181,3367181,33671810000000,33671810000000,Palo Verde Unified,Unified,KG,12,Differentiated Assistance,825 North Lovekin Blvd.,Blythe,92225,10,"33 - Town, Remote",33.623408010000006,-114.60664951,3787,1081,2706,301,59,131,2846,460
DistrictSites2324_-4467924829629724752.csv,2023-24,2023-24,33,Riverside,67199,3367199,33671990000000,33671990000000,Perris Elementary,Elementary,KG,08,Differentiated Assistance,143 East First St.,Perris,92570,10,"21 - Suburban, Large",33.78533788000001,-117.22697299,5538,938,4600,2453,54,99,4755,565
DistrictSites2324_-4467924829629724752.csv,2023-24,2023-24,33,Riverside,67207,3367207,33672070000000,33672070000000,Perris Union High,High,05,12,Differentiated Assistance,155 East Fourth St.,Perris,92570,10,"21 - Suburban, Large",33.78197488,-117.22732399000002,11973,1044,10929,1721,78,512,8952,1852
DistrictSites2324_-4467924829629724752.csv,2023-24,2023-24,33,Riverside,67215,3367215,33672150000000,33672150000000,Riverside Unified,Unified,KG,12,Differentiated Assistance,3380 14th St.,Riverside,92501,10,"11 - City, Large",33.974113900000006,-117.37453402999999,39505,650,38855,6796,193,1698,19283,5262
DistrictSites2324_-4467924829629724752.csv,2023-24,2023-24,33,Riverside,67231,3367231,33672310000000,33672310000000,Romoland Elementary,Elementary,KG,08,Differentiated Assistance,25900 Leon Rd,Homeland,92548,10,"21 - Suburban, Large",33.74476988,-117.11863697,4617,0,4617,755,42,184,3544,649
DistrictSites2324_-4467924829629724752.csv,2023-24,2023-24,33,Riverside,67249,3367249,33672490000000,33672490000000,San Jacinto Unified,Unified,KG,12,Differentiated Assistance,2045 South San Jacinto Ave.,San Jacinto,92583,10,"22 - Suburban, Midsize",33.76525889000001,-116.95833194,11970,1569,10401,1958,109,168,8977,1773
DistrictSites2324_-4467924829629724752.csv,2023-24,2023-24,33,Riverside,73676,3373676,33736760000000,33736760000000,Coachella Valley Unified,Unified,KG,12,Differentiated Assistance,87-225 Church St.,Thermal,92274,10,"21 - Suburban, Large",33.637890920000004,-116.14420779000001,16276,230,16046,6899,85,215,15160,2095
DistrictSites2324_-4467924829629724752.csv,2023-24,2023-24,33,Riverside,75176,3375176,33751760000000,33751760000000,Lake Elsinore Unified,Unified,KG,12,Differentiated Assistance,545 Chaney St.,Lake Elsinore,92530,10,"21 - Suburban, Large",33.68290686,-117.336276,21257,488,20769,2519,159,1760,15148,3177
DistrictSites2324_-4467924829629724752.csv,2023-24,2023-24,33,Riverside,75192,3375192,33751920000000,33751920000000,Temecula Valley Unified,Unified,KG,12,Differentiated Assistance,31350 Rancho Vista Rd.,Temecula,92592,10,"12 - City, Midsize",33.50526686,-117.11348195,28094,1603,26491,1527,80,183,10399,4376
DistrictSites2324_-4467924829629724752.csv,2023-24,2023-24,33,Riverside,75200,3375200,33752000000000,33752000000000,Murrieta Valley Unified,Unified,KG,12,General Assistance,41870 McAlby Ct.,Murrieta,92562,10,"21 - Suburban, Large",33.529995850000006,-117.18549096999999,22317,0,22317,1179,105,230,11776,4161
DistrictSites2324_-4467924829629724752.csv,2023-24,2023-24,33,Riverside,75242,3375242,33752420000000,33752420000000,Val Verde Unified,Unified,KG,12,Differentiated Assistance,975 West Morgan St.,Perris,92571,10,"21 - Suburban, Large",33.83697689,-117.24682000000001,19361,0,19361,4125,192,699,16927,2506
DistrictSites2324_-4467924829629724752.csv,2023-24,2023-24,34,Sacramento,10348,3410348,34103480000000,34103480000000,Sacramento County Office of Education,County Office of Education (COE),KG,12,Differentiated Assistance,10474 Mather Blvd.,Mather,95655,03,"11 - City, Large",38.56622509,-121.29843414,2832,1900,932,248,51,201,2022,503
DistrictSites2324_-4467924829629724752.csv,2023-24,2023-24,34,Sacramento,67280,3467280,34672800000000,34672800000000,Arcohe Union Elementary,Elementary,KG,08,General Assistance,11755 Ivie Rd.,Herald,95638,03,"41 - Rural, Fringe",38.295285070000006,-121.2421001,501,0,501,50,0,2,161,68
DistrictSites2324_-4467924829629724752.csv,2023-24,2023-24,34,Sacramento,67314,3467314,34673140000000,34673140000000,Elk Grove Unified,Unified,KG,12,General Assistance,9510 Elk Grove-Florin Rd.,Elk Grove,95624,03,"21 - Suburban, Large",38.41304606999999,-121.37252412999999,63518,1201,62317,10539,192,1057,33467,8907
DistrictSites2324_-4467924829629724752.csv,2023-24,2023-24,34,Sacramento,67322,3467322,34673220000000,34673220000000,Elverta Joint Elementary,Elementary,KG,08,General Assistance,7900 Eloise Ave.,Elverta,95626,03,"21 - Suburban, Large",38.71194009,-121.46311818000001,223,0,223,41,0,20,146,16
DistrictSites2324_-4467924829629724752.csv,2023-24,2023-24,34,Sacramento,67330,3467330,34673300000000,34673300000000,Folsom-Cordova Unified,Unified,KG,12,Differentiated Assistance,1965 Birkmont Dr.,Rancho Cordova,95742,03,"13 - City, Small",38.63292011000001,-121.19989912999999,21075,247,20828,2829,40,552,7700,2728
DistrictSites2324_-4467924829629724752.csv,2023-24,2023-24,34,Sacramento,67348,3467348,34673480000000,34673480000000,Galt Joint Union Elementary,Elementary,KG,08,General Assistance,"1018 C St., Ste. 210",Galt,95632,03,"31 - Town, Fringe",38.25245707,-121.2977051,3382,0,3382,648,5,172,2116,586
DistrictSites2324_-4467924829629724752.csv,2023-24,2023-24,34,Sacramento,67355,3467355,34673550000000,34673550000000,Galt Joint Union High,High,09,12,General Assistance,150 Camellia Way,Galt,95632,03,"41 - Rural, Fringe",38.25625207,-121.2980571,1978,0,1978,180,3,80,1119,278
DistrictSites2324_-4467924829629724752.csv,2023-24,2023-24,34,Sacramento,67413,3467413,34674130000000,34674130000000,River Delta Joint Unified,Unified,KG,12,Differentiated Assistance,445 Montezuma St.,Rio Vista,94571,04,"31 - Town, Fringe",38.15748702999999,-121.69478114999998,2107,354,1753,414,5,97,1478,264
DistrictSites2324_-4467924829629724752.csv,2023-24,2023-24,34,Sacramento,67421,3467421,34674210000000,34674210000000,Robla Elementary,Elementary,KG,12,Differentiated Assistance,5248 Rose St.,Sacramento,95838,03,"11 - City, Large",38.66305109,-121.44698317000001,2585,666,1919,891,21,364,2263,380
DistrictSites2324_-4467924829629724752.csv,2023-24,2023-24,34,Sacramento,67439,3467439,34674390000000,34674390000000,Sacramento City Unified,Unified,KG,12,Differentiated Assistance,5735 47th Ave.,Sacramento,95824,03,"11 - City, Large",38.51095208,-121.43881114999999,42554,5792,36762,8393,141,981,29984,6783
DistrictSites2324_-4467924829629724752.csv,2023-24,2023-24,34,Sacramento,67447,3467447,34674470000000,34674470000000,San Juan Unified,Unified,KG,12,General Assistance,3738 Walnut Ave.,Carmichael,95608,03,"21 - Suburban, Large",38.63335310000001,-121.34483814999999,49857,11646,38211,8765,147,1495,27462,6937
DistrictSites2324_-4467924829629724752.csv,2023-24,2023-24,34,Sacramento,73973,3473973,34739730000000,34739730000000,Center Joint Unified,Unified,KG,12,Differentiated Assistance,8408 Watt Ave.,Antelope,95843,03,"21 - Suburban, Large",38.7216851,-121.39163217,4439,0,4439,674,18,394,2663,635
DistrictSites2324_-4467924829629724752.csv,2023-24,2023-24,34,Sacramento,75283,3475283,34752830000000,34752830000000,Natomas Unified,Unified,KG,12,Differentiated Assistance,1901 Arena Blvd.,Sacramento,95834,03,"11 - City, Large",38.64740008,-121.50350518,16813,5605,11208,2293,59,418,9595,2143
DistrictSites2324_-4467924829629724752.csv,2023-24,2023-24,34,Sacramento,76505,3476505,34765050000000,34765050000000,Twin Rivers Unified,Unified,KG,12,Differentiated Assistance,5115 Dudley Blvd.,McClellan,95652,03,"21 - Suburban, Large",38.66026409,-121.38874515999998,41467,19365,22102,9603,115,3532,37243,4243
DistrictSites2324_-4467924829629724752.csv,2023-24,2023-24,35,San Benito,10355,3510355,35103550000000,35103550000000,San Benito County Office of Education,County Office of Education (COE),KG,12,General Assistance,460 Fifth St.,Hollister,95023,05,"32 - Town, Distant",36.85170494,-121.40501296000001,54,0,54,18,1,6,44,8
DistrictSites2324_-4467924829629724752.csv,2023-24,2023-24,35,San Benito,67454,3567454,35674540000000,35674540000000,Bitterwater-Tully Elementary,Elementary,KG,08,General Assistance,"45980 Airline Hwy,, State Highway 25",King City,93930,05,"43 - Rural, Remote",36.37666392,-120.99709385000001,26,0,26,4,0,0,6,2
DistrictSites2324_-4467924829629724752.csv,2023-24,2023-24,35,San Benito,67462,3567462,35674620000000,35674620000000,Cienega Union Elementary,Elementary,KG,08,General Assistance,11936 Cienega Rd.,Hollister,95023,05,"42 - Rural, Distant",36.73009493000001,-121.36140694000001,19,0,19,2,0,5,9,5
DistrictSites2324_-4467924829629724752.csv,2023-24,2023-24,35,San Benito,67470,3567470,35674700000000,35674700000000,Hollister,Elementary,KG,08,Differentiated Assistance,2690 Cienega Rd.,Hollister,95023,05,"32 - Town, Distant",36.82348094,-121.40145196000002,6306,534,5772,1784,11,140,3661,900
DistrictSites2324_-4467924829629724752.csv,2023-24,2023-24,35,San Benito,67488,3567488,35674880000000,35674880000000,Jefferson Elementary,Elementary,KG,08,General Assistance,221 Old Hernandez Rd.,Paicines,95043,05,"43 - Rural, Remote",36.51061493,-121.07816186999999,4,0,4,3,0,0,4,0
DistrictSites2324_-4467924829629724752.csv,2023-24,2023-24,35,San Benito,67504,3567504,35675040000000,35675040000000,North County Joint Union Elementary,Elementary,KG,08,General Assistance,500 Spring Grove Rd.,Hollister,95023,05,"41 - Rural, Fringe",36.91462494999999,-121.35958396000001,750,0,750,99,0,3,350,78
DistrictSites2324_-4467924829629724752.csv,2023-24,2023-24,35,San Benito,67520,3567520,35675200000000,35675200000000,Panoche Elementary,Elementary,KG,08,General Assistance,31441 Panoche Rd.,Paicines,95043,05,"43 - Rural, Remote",36.60681695,-120.85954284999998,10,0,10,4,0,0,5,3
DistrictSites2324_-4467924829629724752.csv,2023-24,2023-24,35,San Benito,67538,3567538,35675380000000,35675380000000,San Benito High,High,09,12,Differentiated Assistance,1220 Monterey St.,Hollister,95023,05,"32 - Town, Distant",36.84079294000001,-121.40474796000001,3539,0,3539,473,8,102,2263,500
DistrictSites2324_-4467924829629724752.csv,2023-24,2023-24,35,San Benito,67553,3567553,35675530000000,35675530000000,Southside Elementary,Elementary,KG,08,General Assistance,4991 Southside Rd.,Hollister,95023,05,"32 - Town, Distant",36.800770930000006,-121.36510395,236,0,236,50,0,9,98,18
DistrictSites2324_-4467924829629724752.csv,2023-24,2023-24,35,San Benito,67561,3567561,35675610000000,35675610000000,Tres Pinos Union Elementary,Elementary,KG,08,General Assistance,5635 Airline Hwy.,Tres Pinos,95075,05,"41 - Rural, Fringe",36.80109694,-121.33585694,43,0,43,7,2,5,24,2
DistrictSites2324_-4467924829629724752.csv,2023-24,2023-24,35,San Benito,67579,3567579,35675790000000,35675790000000,Willow Grove Union Elementary,Elementary,KG,08,General Assistance,11655 Airline Hwy.,Paicines,95043,05,"42 - Rural, Distant",36.735548940000015,-121.27966393000001,23,0,23,6,0,2,11,2
DistrictSites2324_-4467924829629724752.csv,2023-24,2023-24,35,San Benito,75259,3575259,35752590000000,35752590000000,Aromas - San Juan Unified,Unified,KG,12,Differentiated Assistance,2300 San Juan Hwy.,San Juan Bautista,95045,05,"42 - Rural, Distant",36.88244693,-121.55583897999999,959,0,959,293,1,80,550,139
DistrictSites2324_-4467924829629724752.csv,2023-24,2023-24,36,San Bernardino,10363,3610363,36103630000000,36103630000000,San Bernardino County Office of Education,County Office of Education (COE),KG,12,Differentiated Assistance,601 North E St.,San Bernardino,92415,10,"12 - City, Midsize",34.110529920000005,-117.29378702999999,6888,4629,2259,1129,113,299,5082,2521
DistrictSites2324_-4467924829629724752.csv,2023-24,2023-24,36,San Bernardino,67587,3667587,36675870000000,36675870000000,Adelanto Elementary,Elementary,KG,12,Differentiated Assistance,11824 Air Expressway,Adelanto,92301,10,"21 - Suburban, Large",34.572377960000004,-117.40656309000002,8348,712,7636,1344,235,189,6657,1144
DistrictSites2324_-4467924829629724752.csv,2023-24,2023-24,36,San Bernardino,67595,3667595,36675950000000,36675950000000,Alta Loma Elementary,Elementary,KG,08,General Assistance,9390 Base Line Rd.,Alta Loma,91701,10,"21 - Suburban, Large",34.12201390000001,-117.60045008,5599,0,5599,338,28,125,1877,648
DistrictSites2324_-4467924829629724752.csv,2023-24,2023-24,36,San Bernardino,67611,3667611,36676110000000,36676110000000,Barstow Unified,Unified,KG,12,Differentiated Assistance,551 South Avenue H,Barstow,92311,10,"32 - Town, Distant",34.88960701999999,-117.04718105,6318,0,6318,558,75,209,4669,954
DistrictSites2324_-4467924829629724752.csv,2023-24,2023-24,36,San Bernardino,67637,3667637,36676370000000,36676370000000,Bear Valley Unified,Unified,KG,12,Differentiated Assistance,42271 Moonridge Rd.,Big Bear Lake,92315,10,"32 - Town, Distant",34.24231995000001,-116.88124697,2132,0,2132,290,8,201,1440,284
DistrictSites2324_-4467924829629724752.csv,2023-24,2023-24,36,San Bernardino,67645,3667645,36676450000000,36676450000000,Central Elementary,Elementary,KG,08,General Assistance,8316 Red Oak St.,Rancho Cucamonga,91730,10,"21 - Suburban, Large",34.10255790000001,-117.57011308000001,4327,0,4327,539,20,101,3139,691
DistrictSites2324_-4467924829629724752.csv,2023-24,2023-24,36,San Bernardino,67652,3667652,36676520000000,36676520000000,Chaffey Joint Union High,High,09,12,Differentiated Assistance,211 West Fifth St.,Ontario,91762,10,"21 - Suburban, Large",34.08092589,-117.65209208999998,22628,0,22628,1930,113,890,14927,3173
DistrictSites2324_-4467924829629724752.csv,2023-24,2023-24,36,San Bernardino,67678,3667678,36676780000000,36676780000000,Chino Valley Unified,Unified,KG,12,Differentiated Assistance,5130 Riverside Dr.,Chino,91710,10,"21 - Suburban, Large",34.01944588,-117.69163309000001,26473,960,25513,2711,122,1589,13566,3294
DistrictSites2324_-4467924829629724752.csv,2023-24,2023-24,36,San Bernardino,67686,3667686,36676860000000,36676860000000,Colton Joint Unified,Unified,KG,12,Differentiated Assistance,1212 Valencia Dr.,Colton,92324,10,"21 - Suburban, Large",34.07982091,-117.33345102999999,18912,0,18912,3421,125,1437,16247,2685
DistrictSites2324_-4467924829629724752.csv,2023-24,2023-24,36,San Bernardino,67694,3667694,36676940000000,36676940000000,Cucamonga Elementary,Elementary,KG,08,Differentiated Assistance,8776 Archibald Ave.,Rancho Cucamonga,91730,10,"21 - Suburban, Large",34.09433390000001,-117.59413608000001,2296,0,2296,255,15,108,1815,301
DistrictSites2324_-4467924829629724752.csv,2023-24,2023-24,36,San Bernardino,67702,3667702,36677020000000,36677020000000,Etiwanda Elementary,Elementary,KG,08,General Assistance,6061 East Ave.,Etiwanda,91739,10,"21 - Suburban, Large",34.14396491,-117.51407807,13599,0,13599,1334,46,1056,4397,1700
DistrictSites2324_-4467924829629724752.csv,2023-24,2023-24,36,San Bernardino,67710,3667710,36677100000000,36677100000000,Fontana Unified,Unified,KG,12,Differentiated Assistance,9680 Citrus Ave.,Fontana,92335,10,"21 - Suburban, Large",34.078023900000005,-117.45423106000001,33410,205,33205,8302,213,419,27677,4263
DistrictSites2324_-4467924829629724752.csv,2023-24,2023-24,36,San Bernardino,67736,3667736,36677360000000,36677360000000,Helendale Elementary,Elementary,KG,12,General Assistance,15350 Riverview Rd.,Helendale,92342,10,"31 - Town, Fringe",34.74065499,-117.32969109,7311,6611,700,372,27,199,3817,968
DistrictSites2324_-4467924829629724752.csv,2023-24,2023-24,36,San Bernardino,67777,3667777,36677770000000,36677770000000,Morongo Unified,Unified,KG,12,Differentiated Assistance,5715 Utah Trail,Twentynine Palms,92277,10,"41 - Rural, Fringe",34.14993299000001,-116.03605581,7359,0,7359,274,50,256,4726,1218
DistrictSites2324_-4467924829629724752.csv,2023-24,2023-24,36,San Bernardino,67785,3667785,36677850000000,36677850000000,Mountain View Elementary,Elementary,KG,08,Differentiated Assistance,2585 South Archibald Ave.,Ontario,91761,10,"12 - City, Midsize",34.027213890000006,-117.59276806999999,3156,0,3156,522,22,101,1804,332
DistrictSites2324_-4467924829629724752.csv,2023-24,2023-24,36,San Bernardino,67793,3667793,36677930000000,36677930000000,Mt. Baldy Joint Elementary,Elementary,KG,08,General Assistance,1 Mount Baldy Rd.,Mt. Baldy,91759,11,"41 - Rural, Fringe",34.23125291000001,-117.66253109999998,97,0,97,2,0,4,27,18
DistrictSites2324_-4467924829629724752.csv,2023-24,2023-24,36,San Bernardino,67801,3667801,36678010000000,36678010000000,Needles Unified,Unified,KG,12,Differentiated Assistance,1900 Erin Dr.,Needles,92363,10,"31 - Town, Fringe",34.83836516,-114.62027961,930,0,930,1,13,74,754,155
DistrictSites2324_-4467924829629724752.csv,2023-24,2023-24,36,San Bernardino,67819,3667819,36678190000000,36678190000000,Ontario-Montclair,Elementary,KG,08,General Assistance,950 West D St.,Ontario,91762,10,"12 - City, Midsize",34.067390890000006,-117.66718509,17944,0,17944,5029,98,2036,15784,2626
DistrictSites2324_-4467924829629724752.csv,2023-24,2023-24,36,San Bernardino,67827,3667827,36678270000000,36678270000000,Oro Grande,Elementary,KG,12,General Assistance,19900 National Trails Hwy,Oro Grande,92368,10,"41 - Rural, Fringe",34.595727970000006,-117.33650108,5724,5631,93,696,57,207,4794,765
DistrictSites2324_-4467924829629724752.csv,2023-24,2023-24,36,San Bernardino,67843,3667843,36678430000000,36678430000000,Redlands Unified,Unified,KG,12,Differentiated Assistance,20 West Lugonia Ave.,Redlands,92374,10,"13 - City, Small",34.070571920000006,-117.18304400999999,19920,247,19673,1671,136,1250,12717,3117
DistrictSites2324_-4467924829629724752.csv,2023-24,2023-24,36,San Bernardino,67850,3667850,36678500000000,36678500000000,Rialto Unified,Unified,KG,12,Differentiated Assistance,182 East Walnut Ave.,Rialto,92376,10,"21 - Suburban, Large",34.12918691000001,-117.36887803999998,23461,0,23461,4884,217,1953,20249,2728
DistrictSites2324_-4467924829629724752.csv,2023-24,2023-24,36,San Bernardino,67868,3667868,36678680000000,36678680000000,Rim of the World Unified,Unified,KG,12,Differentiated Assistance,24740 San Moritz Way,Crestline,92325,10,"31 - Town, Fringe",34.243547930000005,-117.26301904000002,2853,0,2853,258,13,52,1728,394
DistrictSites2324_-4467924829629724752.csv,2023-24,2023-24,36,San Bernardino,67876,3667876,36678760000000,36678760000000,San Bernardino City Unified,Unified,KG,12,Differentiated Assistance,777 North F St.,San Bernardino,92410,10,"12 - City, Midsize",34.11307592000001,-117.29575303,49407,4695,44712,10865,383,4268,44856,6845
DistrictSites2324_-4467924829629724752.csv,2023-24,2023-24,36,San Bernardino,67892,3667892,36678920000000,36678920000000,Trona Joint Unified,Unified,KG,12,General Assistance,83600 Trona Rd.,Trona,93562,10,"43 - Rural, Remote",35.770565100000006,-117.36995519,248,0,248,3,9,29,189,51
DistrictSites2324_-4467924829629724752.csv,2023-24,2023-24,36,San Bernardino,67918,3667918,36679180000000,36679180000000,Victor Elementary,Elementary,KG,06,Differentiated Assistance,12219 2nd Ave.,Victorville,92395,10,"21 - Suburban, Large",34.473444959999995,-117.29846306000002,12402,464,11938,2005,195,311,10520,1469
DistrictSites2324_-4467924829629724752.csv,2023-24,2023-24,36,San Bernardino,67934,3667934,36679340000000,36679340000000,Victor Valley Union High,High,07,12,Differentiated Assistance,16350 Mojave Dr.,Victorville,92395,10,"21 - Suburban, Large",34.529509960000006,-117.30814407,12345,777,11568,1713,209,194,10166,1758
DistrictSites2324_-4467924829629724752.csv,2023-24,2023-24,36,San Bernardino,67959,3667959,36679590000000,36679590000000,Yucaipa-Calimesa Joint Unified,Unified,KG,12,Differentiated Assistance,12797 Third St.,Yucaipa,92399,10,"21 - Suburban, Large",34.02147892000001,-117.04724698000003,9519,1706,7813,726,66,131,5833,1446
DistrictSites2324_-4467924829629724752.csv,2023-24,2023-24,36,San Bernardino,73858,3673858,36738580000000,36738580000000,Baker Valley Unified,Unified,KG,12,Differentiated Assistance,72100 School House Ln.,Baker,92309,10,"43 - Rural, Remote",35.27550012000001,-116.07295891999999,129,0,129,66,0,3,82,16
DistrictSites2324_-4467924829629724752.csv,2023-24,2023-24,36,San Bernardino,73890,3673890,36738900000000,36738900000000,Silver Valley Unified,Unified,KG,12,General Assistance,35320 Daggett-Yermo Rd.,Yermo,92398,10,"33 - Town, Remote",34.89503503000001,-116.88740702999999,2030,0,2030,97,9,62,1169,348
DistrictSites2324_-4467924829629724752.csv,2023-24,2023-24,36,San Bernardino,73957,3673957,36739570000000,36739570000000,Snowline Joint Unified,Unified,KG,12,Differentiated Assistance,4075 Nielson Rd.,Phelan,92329,10,"42 - Rural, Distant",34.41866194,-117.5730541,7967,0,7967,1029,153,213,5529,1212
DistrictSites2324_-4467924829629724752.csv,2023-24,2023-24,36,San Bernardino,75044,3675044,36750440000000,36750440000000,Hesperia Unified,Unified,KG,12,Differentiated Assistance,15576 Main St.,Hesperia,92345,10,"21 - Suburban, Large",34.42524195,-117.32237305999999,25356,1974,23382,4473,321,1389,16286,3324
DistrictSites2324_-4467924829629724752.csv,2023-24,2023-24,36,San Bernardino,75051,3675051,36750510000000,36750510000000,Lucerne Valley Unified,Unified,KG,12,Differentiated Assistance,8560 Aliento Rd.,Lucerne Valley,92356,10,"42 - Rural, Distant",34.41026496999999,-116.90761399000003,12716,11609,1107,758,78,365,7316,1705
DistrictSites2324_-4467924829629724752.csv,2023-24,2023-24,36,San Bernardino,75069,3675069,36750690000000,36750690000000,Upland Unified,Unified,KG,12,Differentiated Assistance,390 North Euclid Ave.,Upland,91786,10,"21 - Suburban, Large",34.09823189000001,-117.65054608999999,9804,0,9804,855,48,488,6703,1461
DistrictSites2324_-4467924829629724752.csv,2023-24,2023-24,36,San Bernardino,75077,3675077,36750770000000,36750770000000,Apple Valley Unified,Unified,KG,12,Differentiated Assistance,12555 Navajo Rd.,Apple Valley,92308,10,"21 - Suburban, Large",34.47983896,-117.18960704,15252,1496,13756,1585,241,867,11064,1990
DistrictSites2324_-4467924829629724752.csv,2023-24,2023-24,37,San Diego,10371,3710371,37103710000000,37103710000000,San Diego County Office of Education,County Office of Education (COE),KG,12,Differentiated Assistance,6401 Linda Vista Rd.,San Diego,92111,09,"11 - City, Large",32.76963477,-117.17987390999998,7464,6400,1064,1556,62,532,4295,1231
DistrictSites2324_-4467924829629724752.csv,2023-24,2023-24,37,San Diego,67967,3767967,37679670000000,37679670000000,Alpine Union Elementary,Elementary,KG,08,Differentiated Assistance,2001 Tavern Rd,Alpine,91901,09,"31 - Town, Fringe",32.824469789999995,-116.77433883999998,1539,0,1539,90,5,58,696,239
DistrictSites2324_-4467924829629724752.csv,2023-24,2023-24,37,San Diego,67983,3767983,37679830000000,37679830000000,Borrego Springs Unified,Unified,KG,12,Differentiated Assistance,2281 Diegueno Rd.,Borrego Springs,92004,09,"42 - Rural, Distant",33.264568870000005,-116.38274579999998,2837,2492,345,618,15,155,2240,581
DistrictSites2324_-4467924829629724752.csv,2023-24,2023-24,37,San Diego,67991,3767991,37679910000000,37679910000000,Cajon Valley Union,Elementary,KG,12,Differentiated Assistance,750 East Main St.,El Cajon,92020,09,"21 - Suburban, Large",32.79561978000001,-116.95305687,17947,2340,15607,6186,55,395,14002,3242
DistrictSites2324_-4467924829629724752.csv,2023-24,2023-24,37,San Diego,68007,3768007,37680070000000,37680070000000,Cardiff Elementary,Elementary,KG,06,General Assistance,1888 Montgomery Ave.,Cardiff-by-the-Sea,92007,09,"13 - City, Small",33.025209790000005,-117.28398695,649,0,649,35,2,0,89,112
DistrictSites2324_-4467924829629724752.csv,2023-24,2023-24,37,San Diego,68023,3768023,37680230000000,37680230000000,Chula Vista Elementary,Elementary,KG,12,General Assistance,84 East J St.,Chula Vista,91910,09,"11 - City, Large",32.63143676,-117.05812188,28964,6679,22285,8462,76,668,15158,4093
DistrictSites2324_-4467924829629724752.csv,2023-24,2023-24,37,San Diego,68031,3768031,37680310000000,37680310000000,Coronado Unified,Unified,KG,12,General Assistance,201 Sixth St.,Coronado,92118,09,"21 - Suburban, Large",32.69638676,-117.18726590000001,2739,0,2739,115,4,1,442,376
DistrictSites2324_-4467924829629724752.csv,2023-24,2023-24,37,San Diego,68049,3768049,37680490000000,37680490000000,Dehesa Elementary,Elementary,KG,12,General Assistance,4612 Dehesa Rd.,El Cajon,92019,09,"41 - Rural, Fringe",32.781581779999996,-116.85044884999998,11667,11444,223,262,14,129,4395,1220
DistrictSites2324_-4467924829629724752.csv,2023-24,2023-24,37,San Diego,68056,3768056,37680560000000,37680560000000,Del Mar Union Elementary,Elementary,KG,06,General Assistance,11232 El Camino Real,San Diego,92130,09,"11 - City, Large",32.923410780000005,-117.23184893,3662,0,3662,530,4,6,345,399
DistrictSites2324_-4467924829629724752.csv,2023-24,2023-24,37,San Diego,68080,3768080,37680800000000,37680800000000,Encinitas Union Elementary,Elementary,KG,06,General Assistance,101 South Rancho Santa Fe Rd.,Encinitas,92024,09,"13 - City, Small",33.03702379,-117.23800694,4444,0,4444,386,0,10,822,600
DistrictSites2324_-4467924829629724752.csv,2023-24,2023-24,37,San Diego,68098,3768098,37680980000000,37680980000000,Escondido Union,Elementary,KG,08,Differentiated Assistance,2310 Aldergrove Ave.,Escondido,92029,09,"21 - Suburban, Large",33.11921881000001,-117.11516592000001,17061,2888,14173,5379,30,900,12190,2760
DistrictSites2324_-4467924829629724752.csv,2023-24,2023-24,37,San Diego,68106,3768106,37681060000000,37681060000000,Escondido Union High,High,06,12,General Assistance,302 North Midway Dr.,Escondido,92027,09,"21 - Suburban, Large",33.13631082000001,-117.05019091,8916,2372,6544,1573,16,271,6164,1314
DistrictSites2324_-4467924829629724752.csv,2023-24,2023-24,37,San Diego,68114,3768114,37681140000000,37681140000000,Fallbrook Union Elementary,Elementary,KG,08,Differentiated Assistance,321 North Iowa St.,Fallbrook,92028,09,"31 - Town, Fringe",33.383975830000004,-117.24716096000003,5124,0,5124,1371,5,108,3945,925
DistrictSites2324_-4467924829629724752.csv,2023-24,2023-24,37,San Diego,68122,3768122,37681220000000,37681220000000,Fallbrook Union High,High,09,12,Differentiated Assistance,2234 South Stage Coach Ln.,Fallbrook,92028,09,"31 - Town, Fringe",33.35162182999999,-117.23642796000001,2064,0,2064,467,1,206,1554,314
DistrictSites2324_-4467924829629724752.csv,2023-24,2023-24,37,San Diego,68130,3768130,37681300000000,37681300000000,Grossmont Union High,High,KG,12,Differentiated Assistance,1100 Murray Dr.,El Cajon,92020,09,"21 - Suburban, Large",32.78141578,-116.98691388000002,21697,5131,16566,2701,64,644,14082,3713
DistrictSites2324_-4467924829629724752.csv,2023-24,2023-24,37,San Diego,68155,3768155,37681550000000,37681550000000,Jamul-Dulzura Union Elementary,Elementary,KG,12,General Assistance,14581 Lyons Valley Rd.,Jamul,91935,09,"21 - Suburban, Large",32.72936578000001,-116.85623784999999,801,190,611,148,2,36,409,87
DistrictSites2324_-4467924829629724752.csv,2023-24,2023-24,37,San Diego,68163,3768163,37681630000000,37681630000000,Julian Union Elementary,Elementary,KG,12,Differentiated Assistance,1704 Cape Horn,Julian,92036,09,"42 - Rural, Distant",33.07879483000001,-116.59487682999999,1949,1680,269,316,8,126,1171,304
DistrictSites2324_-4467924829629724752.csv,2023-24,2023-24,37,San Diego,68171,3768171,37681710000000,37681710000000,Julian Union High,High,09,12,General Assistance,1656 Highway 78,Julian,92036,09,"42 - Rural, Distant",33.077253830000004,-116.59529683,118,0,118,15,1,1,68,29
DistrictSites2324_-4467924829629724752.csv,2023-24,2023-24,37,San Diego,68189,3768189,37681890000000,37681890000000,Lakeside Union Elementary,Elementary,KG,12,Differentiated Assistance,12335 Woodside Ave.,Lakeside,92040,09,"21 - Suburban, Large",32.85626678999999,-116.92592187,4842,301,4541,378,11,23,2024,904
DistrictSites2324_-4467924829629724752.csv,2023-24,2023-24,37,San Diego,68197,3768197,37681970000000,37681970000000,La Mesa-Spring Valley,Elementary,KG,08,Differentiated Assistance,4750 Date Ave.,La Mesa,91942,09,"21 - Suburban, Large",32.76502077000001,-117.02246887999999,11032,348,10684,1904,36,356,6687,1965
DistrictSites2324_-4467924829629724752.csv,2023-24,2023-24,37,San Diego,68205,3768205,37682050000000,37682050000000,Lemon Grove,Elementary,KG,08,Differentiated Assistance,8025 Lincoln St.,Lemon Grove,91945,09,"21 - Suburban, Large",32.73807377000001,-117.02618088,3122,0,3122,804,14,225,2332,528
DistrictSites2324_-4467924829629724752.csv,2023-24,2023-24,37,San Diego,68213,3768213,37682130000000,37682130000000,Mountain Empire Unified,Unified,KG,12,Differentiated Assistance,3305 Buckman Springs Rd.,Pine Valley,91962,09,"42 - Rural, Distant",32.73216880000001,-116.49373879,4284,2413,1871,707,8,321,2426,616
DistrictSites2324_-4467924829629724752.csv,2023-24,2023-24,37,San Diego,68221,3768221,37682210000000,37682210000000,National Elementary,Elementary,KG,08,General Assistance,1500 N Ave.,National City,91950,09,"21 - Suburban, Large",32.67341976,-117.09033989,4569,369,4200,2432,14,340,3683,690
DistrictSites2324_-4467924829629724752.csv,2023-24,2023-24,37,San Diego,68296,3768296,37682960000000,37682960000000,Poway Unified,Unified,KG,12,General Assistance,15250 Avenue of Science,San Diego,92128,09,"11 - City, Large",32.9928648,-117.08222191,34935,0,34935,2706,24,633,5599,5321
DistrictSites2324_-4467924829629724752.csv,2023-24,2023-24,37,San Diego,68304,3768304,37683040000000,37683040000000,Ramona City Unified,Unified,KG,12,Differentiated Assistance,720 Ninth St.,Ramona,92065,07,"31 - Town, Fringe",36.07169302,-119.07058750999998,5077,0,5077,677,19,133,3101,883
DistrictSites2324_-4467924829629724752.csv,2023-24,2023-24,37,San Diego,68312,3768312,37683120000000,37683120000000,Rancho Santa Fe Elementary,Elementary,KG,08,General Assistance,5927 La Granada,Rancho Santa Fe,92067,09,"21 - Suburban, Large",33.0212118,-117.20708793,543,0,543,35,1,0,28,94
DistrictSites2324_-4467924829629724752.csv,2023-24,2023-24,37,San Diego,68338,3768338,37683380000000,37683380000000,San Diego Unified,Unified,KG,12,Differentiated Assistance,4100 Normal St.,San Diego,92103,09,"11 - City, Large",32.75456877,-117.1474869,114330,18838,95492,19824,215,7091,67786,19495
DistrictSites2324_-4467924829629724752.csv,2023-24,2023-24,37,San Diego,68346,3768346,37683460000000,37683460000000,San Dieguito Union High,High,07,12,General Assistance,710 Encinitas Blvd.,Encinitas,92024,09,"11 - City, Large",33.04912079,-117.27658894999999,12364,0,12364,561,3,152,2229,1427
DistrictSites2324_-4467924829629724752.csv,2023-24,2023-24,37,San Diego,68353,3768353,37683530000000,37683530000000,San Pasqual Union Elementary,Elementary,KG,08,General Assistance,15305 Rockwood Rd.,Escondido,92027,09,"41 - Rural, Fringe",33.11056082,-117.0117709,527,0,527,55,3,47,126,62
DistrictSites2324_-4467924829629724752.csv,2023-24,2023-24,37,San Diego,68361,3768361,37683610000000,37683610000000,Santee,Elementary,KG,08,General Assistance,9625 Cuyamaca St.,Santee,92071,09,"21 - Suburban, Large",32.85310979,-116.98291088,6159,0,6159,581,6,113,2266,1234
DistrictSites2324_-4467924829629724752.csv,2023-24,2023-24,37,San Diego,68379,3768379,37683790000000,37683790000000,San Ysidro Elementary,Elementary,KG,08,Differentiated Assistance,4350 Otay Mesa Rd.,San Ysidro,92173,09,"11 - City, Large",32.562222750000004,-117.04024487000001,4205,0,4205,2077,14,966,2459,638
DistrictSites2324_-4467924829629724752.csv,2023-24,2023-24,37,San Diego,68387,3768387,37683870000000,37683870000000,Solana Beach Elementary,Elementary,KG,06,General Assistance,309 North Rios Ave.,Solana Beach,92075,09,"11 - City, Large",32.99558179,-117.27063694,2730,0,2730,296,0,17,398,281
DistrictSites2324_-4467924829629724752.csv,2023-24,2023-24,37,San Diego,68395,3768395,37683950000000,37683950000000,South Bay Union,Elementary,KG,08,General Assistance,601 Elm Ave.,Imperial Beach,91932,09,"11 - City, Large",32.580040749999995,-117.12015287999999,5595,1820,3775,2611,22,217,3359,954
DistrictSites2324_-4467924829629724752.csv,2023-24,2023-24,37,San Diego,68403,3768403,37684030000000,37684030000000,Spencer Valley Elementary,Elementary,KG,12,General Assistance,4414 Highway 78 and 79,Santa Ysabel,92070,09,"42 - Rural, Distant",33.09671083000001,-116.64529684,3885,3838,47,359,8,89,2644,559
DistrictSites2324_-4467924829629724752.csv,2023-24,2023-24,37,San Diego,68411,3768411,37684110000000,37684110000000,Sweetwater Union High,High,KG,12,Differentiated Assistance,1130 Fifth Ave.,Chula Vista,91911,09,"11 - City, Large",32.610184749999995,-117.07718388,36686,1460,35226,8244,69,391,21473,5456
DistrictSites2324_-4467924829629724752.csv,2023-24,2023-24,37,San Diego,68437,3768437,37684370000000,37684370000000,Vallecitos Elementary,Elementary,KG,08,Differentiated Assistance,5211 Fifth St.,Rainbow,92028,09,"41 - Rural, Fringe",33.41351584000001,-117.14924095,190,0,190,84,0,19,163,27
DistrictSites2324_-4467924829629724752.csv,2023-24,2023-24,37,San Diego,68452,3768452,37684520000000,37684520000000,Vista Unified,Unified,KG,12,Differentiated Assistance,1234 Arcadia Ave.,Vista,92084,09,"21 - Suburban, Large",33.22621482000001,-117.22214294999999,21524,3055,18469,3513,42,898,13860,3836
DistrictSites2324_-4467924829629724752.csv,2023-24,2023-24,37,San Diego,73551,3773551,37735510000000,37735510000000,Carlsbad Unified,Unified,KG,12,Differentiated Assistance,6225 El Camino Real,Carlsbad,92009,09,"12 - City, Midsize",33.12295480000001,-117.26775295,10832,0,10832,497,9,80,2573,1746
DistrictSites2324_-4467924829629724752.csv,2023-24,2023-24,37,San Diego,73569,3773569,37735690000000,37735690000000,Oceanside Unified,Unified,KG,12,Differentiated Assistance,2111 Mission Ave.,Oceanside,92058,09,"21 - Suburban, Large",33.206274810000004,-117.36185197,17839,2542,15297,1930,45,275,12150,2975
DistrictSites2324_-4467924829629724752.csv,2023-24,2023-24,37,San Diego,73791,3773791,37737910000000,37737910000000,San Marcos Unified,Unified,KG,12,General Assistance,"255 Pico Ave., Ste. 250",San Marcos,92069,09,"21 - Suburban, Large",33.142197810000006,-117.16520793,19456,82,19374,2320,46,796,7699,2860
DistrictSites2324_-4467924829629724752.csv,2023-24,2023-24,37,San Diego,75416,3775416,37754160000000,37754160000000,Warner Unified,Unified,KG,12,Differentiated Assistance,30951 Highway 79,Warner Springs,92086,09,"42 - Rural, Distant",33.274336850000005,-116.64311685,2528,2329,199,135,22,134,1260,342
DistrictSites2324_-4467924829629724752.csv,2023-24,2023-24,37,San Diego,75614,3775614,37756140000000,37756140000000,Valley Center-Pauma Unified,Unified,KG,12,Differentiated Assistance,28751 Cole Grade Rd.,Valley Center,92082,09,"42 - Rural, Distant",33.23539483000001,-117.02221992000001,3711,0,3711,898,10,125,2431,649
DistrictSites2324_-4467924829629724752.csv,2023-24,2023-24,37,San Diego,76471,3776471,37764710000000,37764710000000,SBC - High Tech High,Statewide Benefit Charter,KG,05,General Assistance,2861 Womble Rd.,San Diego,92106,09,"11 - City, Large",32.734923,-117.21748500000001,3819,3819,0,372,8,8,1762,627
DistrictSites2324_-4467924829629724752.csv,2023-24,2023-24,37,San Diego,76851,3776851,37768510000000,37768510000000,Bonsall Unified,Unified,KG,12,General Assistance,31505 Old River Rd.,Bonsall,92003,09,"21 - Suburban, Large",33.28678182,-117.22017595,2231,83,2148,231,4,116,912,350
DistrictSites2324_-4467924829629724752.csv,2023-24,2023-24,37,San Diego,77099,3777099,37770990000000,37770990000000,SBE - Altus Schools East County,State Board of Education,07,12,NA,111 Fletcher Pkwy.,El Cajon,92020,09,"21 - Suburban, Large",32.80700477999999,-116.96311187,260,260,0,31,2,23,184,62
DistrictSites2324_-4467924829629724752.csv,2023-24,2023-24,37,San Diego,77107,3777107,37771070000000,37771070000000,SBE - Altus Schools South Bay,State Board of Education,07,12,NA,3252 Bonita Rd.,Chula Vista,91910,09,"21 - Suburban, Large",32.64883476,-117.05343287999999,374,374,0,90,1,27,281,93
DistrictSites2324_-4467924829629724752.csv,2023-24,2023-24,37,San Diego,77156,3777156,37771560000000,37771560000000,SBE - Vista Springs Charter,State Board of Education,KG,12,NA,700 E Bobier Ave.,Vista,92084,09,"21 - Suburban, Large",33.22073182000001,-117.23441695000001,247,247,0,53,2,16,179,35
DistrictSites2324_-4467924829629724752.csv,2023-24,2023-24,37,San Diego,77164,3777164,37771640000000,37771640000000,SBE - College Preparatory Middle,State Board of Education,05,08,NA,10269 Madrid Way,Spring Valley,91977,09,"21 - Suburban, Large",32.74583477,-116.97131087,400,400,0,25,0,0,131,21
DistrictSites2324_-4467924829629724752.csv,2023-24,2023-24,37,San Diego,77172,3777172,37771720000000,37771720000000,SBE - Baypoint Preparatory Academy San Diego,State Board of Education,KG,08,NA,520 East Carmel St.,San Marcos,92078,09,"21 - Suburban, Large",33.13860281000001,-117.15006693,237,237,0,27,0,3,101,23
DistrictSites2324_-4467924829629724752.csv,2023-24,2023-24,38,San Francisco,10389,3810389,38103890000000,38103890000000,San Francisco County Office of Education,County Office of Education (COE),KG,12,Differentiated Assistance,555 Franklin St.,San Francisco,94102,04,"11 - City, Large",37.77925794000001,-122.42216622000001,468,0,468,83,9,11,156,125
DistrictSites2324_-4467924829629724752.csv,2023-24,2023-24,38,San Francisco,68478,3868478,38684780000000,38684780000000,San Francisco Unified,Unified,KG,12,Differentiated Assistance,555 Franklin St.,San Francisco,94102,04,"11 - City, Large",37.77925794000001,-122.42216622000001,55452,6716,48736,13480,281,1802,30264,7477
DistrictSites2324_-4467924829629724752.csv,2023-24,2023-24,38,San Francisco,76927,3876927,38769270000000,38769270000000,SBE - The New School of San Francisco,State Board of Education,KG,08,NA,940 Filbert St,San Francisco,94133,04,"11 - City, Large",37.800944949999995,-122.41498422000002,444,444,0,56,1,0,163,53
DistrictSites2324_-4467924829629724752.csv,2023-24,2023-24,38,San Francisco,77131,3877131,38771310000000,38771310000000,SBE - KIPP Bayview Elementary,State Board of Education,KG,04,NA,948 Hollister,San Francisco,94124,04,"11 - City, Large",37.71842594000001,-122.38948719999999,144,144,0,19,5,4,136,11
DistrictSites2324_-4467924829629724752.csv,2023-24,2023-24,39,San Joaquin,10397,3910397,39103970000000,39103970000000,San Joaquin County Office of Education,County Office of Education (COE),KG,12,Differentiated Assistance,2922 Transworld Dr.,Stockton,95206,06,"11 - City, Large",37.90595204000001,-121.22966405000001,5205,3268,1937,924,57,300,3751,1190
DistrictSites2324_-4467924829629724752.csv,2023-24,2023-24,39,San Joaquin,68502,3968502,39685020000000,39685020000000,Escalon Unified,Unified,KG,12,Differentiated Assistance,1520 East Yosemite Ave.,Escalon,95320,06,"31 - Town, Fringe",37.79905505000001,-120.99442800000001,3062,338,2724,454,3,6,1654,325
DistrictSites2324_-4467924829629724752.csv,2023-24,2023-24,39,San Joaquin,68544,3968544,39685440000000,39685440000000,Jefferson Elementary,Elementary,KG,08,Differentiated Assistance,1219 Whispering Wind Dr.,Tracy,95377,06,"22 - Suburban, Midsize",37.70099101,-121.44075306000002,2905,0,2905,466,7,48,945,269
DistrictSites2324_-4467924829629724752.csv,2023-24,2023-24,39,San Joaquin,68569,3968569,39685690000000,39685690000000,Lincoln Unified,Unified,KG,12,Differentiated Assistance,2010 West Swain Rd.,Stockton,95207,06,"11 - City, Large",37.999994040000004,-121.33447208,8773,448,8325,1090,38,498,6111,1123
DistrictSites2324_-4467924829629724752.csv,2023-24,2023-24,39,San Joaquin,68577,3968577,39685770000000,39685770000000,Linden Unified,Unified,KG,12,Differentiated Assistance,18527 East Main St.,Linden,95236,06,"42 - Rural, Distant",38.01997906,-121.08843203999999,2275,0,2275,498,13,27,1691,305
DistrictSites2324_-4467924829629724752.csv,2023-24,2023-24,39,San Joaquin,68585,3968585,39685850000000,39685850000000,Lodi Unified,Unified,KG,12,Differentiated Assistance,1305 East Vine St.,Lodi,95240,06,"13 - City, Small",38.123948060000004,-121.24855008000002,30068,3262,26806,5773,174,401,22321,4585
DistrictSites2324_-4467924829629724752.csv,2023-24,2023-24,39,San Joaquin,68593,3968593,39685930000000,39685930000000,Manteca Unified,Unified,KG,12,Differentiated Assistance,2271 W. Louise Ave.,Manteca,95337,06,"23 - Suburban, Small",37.81249603,-121.25682804,25000,0,25000,5433,127,1300,17007,3004
DistrictSites2324_-4467924829629724752.csv,2023-24,2023-24,39,San Joaquin,68619,3968619,39686190000000,39686190000000,New Hope Elementary,Elementary,KG,08,General Assistance,26675 North Sacramento Blvd.,Thornton,95686,06,"42 - Rural, Distant",38.22908906,-121.42421012000001,168,0,168,65,2,0,145,23
DistrictSites2324_-4467924829629724752.csv,2023-24,2023-24,39,San Joaquin,68627,3968627,39686270000000,39686270000000,New Jerusalem Elementary,Elementary,KG,12,General Assistance,31400 South Koster Rd.,Tracy,95304,06,"41 - Rural, Fringe",37.66794901,-121.32415804,6888,6872,16,924,17,108,4379,872
DistrictSites2324_-4467924829629724752.csv,2023-24,2023-24,39,San Joaquin,68635,3968635,39686350000000,39686350000000,Oak View Union Elementary,Elementary,KG,08,Differentiated Assistance,7474 East Collier Rd.,Acampo,95220,06,"41 - Rural, Fringe",38.218050070000004,-121.22786509000001,380,0,380,71,2,0,138,43
DistrictSites2324_-4467924829629724752.csv,2023-24,2023-24,39,San Joaquin,68650,3968650,39686500000000,39686500000000,Ripon Unified,Unified,KG,12,General Assistance,304 North Acacia Ave.,Ripon,95366,06,"31 - Town, Fringe",37.74194304,-121.12822602,5183,1835,3348,438,11,178,1831,675
DistrictSites2324_-4467924829629724752.csv,2023-24,2023-24,39,San Joaquin,68676,3968676,39686760000000,39686760000000,Stockton Unified,Unified,KG,12,Differentiated Assistance,56 South Lincoln St.,Stockton,95203,06,"11 - City, Large",37.95103304,-121.29690807,38730,6282,32448,9153,262,1041,31326,5132
DistrictSites2324_-4467924829629724752.csv,2023-24,2023-24,39,San Joaquin,75499,3975499,39754990000000,39754990000000,Tracy Joint Unified,Unified,KG,12,Differentiated Assistance,1875 West Lowell Ave.,Tracy,95376,06,"22 - Suburban, Midsize",37.747708010000004,-121.45118507000001,15100,1571,13529,3535,61,757,10639,2093
DistrictSites2324_-4467924829629724752.csv,2023-24,2023-24,39,San Joaquin,76760,3976760,39767600000000,39767600000000,Lammersville Joint Unified,Unified,KG,12,General Assistance,111 S. De Anza Blvd.,Mountain House,95391,06,"22 - Suburban, Midsize",37.77797401,-121.53504408,7764,0,7764,830,3,9,897,504
DistrictSites2324_-4467924829629724752.csv,2023-24,2023-24,39,San Joaquin,77388,3977388,39773880000000,39773880000000,Banta Unified,Unified,KG,12,Differentiated Assistance,22375 South El Rancho Rd.,Tracy,95304,06,"41 - Rural, Fringe",37.756370020000006,-121.37446905,3022,2854,168,487,4,8,1198,268
DistrictSites2324_-4467924829629724752.csv,2023-24,2023-24,40,San Luis Obispo,10405,4010405,40104050000000,40104050000000,San Luis Obispo County Office of Education,County Office of Education (COE),KG,12,General Assistance,3350 Education Dr.,San Luis Obispo,93405,08,"41 - Rural, Fringe",35.334359840000005,-120.7428567,805,696,109,108,14,60,507,168
DistrictSites2324_-4467924829629724752.csv,2023-24,2023-24,40,San Luis Obispo,68700,4068700,40687000000000,40687000000000,Atascadero Unified,Unified,KG,12,Differentiated Assistance,5601 West Mall,Atascadero,93422,08,"23 - Suburban, Small",35.49230586000001,-120.66508070999998,4338,0,4338,307,27,142,2095,636
DistrictSites2324_-4467924829629724752.csv,2023-24,2023-24,40,San Luis Obispo,68726,4068726,40687260000000,40687260000000,Cayucos Elementary,Elementary,KG,08,General Assistance,301 Cayucos Dr.,Cayucos,93430,08,"32 - Town, Distant",35.45219584000001,-120.90481474000002,180,0,180,8,0,7,50,11
DistrictSites2324_-4467924829629724752.csv,2023-24,2023-24,40,San Luis Obispo,68759,4068759,40687590000000,40687590000000,Lucia Mar Unified,Unified,KG,12,General Assistance,602 Orchard St.,Arroyo Grande,93420,08,"23 - Suburban, Small",35.11533183000001,-120.57629866,9621,0,9621,1108,42,1599,5861,1483
DistrictSites2324_-4467924829629724752.csv,2023-24,2023-24,40,San Luis Obispo,68791,4068791,40687910000000,40687910000000,Pleasant Valley Joint Union Elementary,Elementary,KG,06,General Assistance,2025 Ranchita Canyon Rd.,San Miguel,93451,08,"41 - Rural, Fringe",35.71104288,-120.61325872,50,0,50,5,0,2,17,8
DistrictSites2324_-4467924829629724752.csv,2023-24,2023-24,40,San Luis Obispo,68809,4068809,40688090000000,40688090000000,San Luis Coastal Unified,Unified,KG,12,General Assistance,1500 Lizzie St.,San Luis Obispo,93401,08,"13 - City, Small",35.28128184,-120.64986869,7741,164,7577,690,37,573,3319,1207
DistrictSites2324_-4467924829629724752.csv,2023-24,2023-24,40,San Luis Obispo,68825,4068825,40688250000000,40688250000000,San Miguel Joint Union,Elementary,KG,08,General Assistance,1601 L St.,San Miguel,93451,08,"42 - Rural, Distant",35.75754188,-120.69687273999999,641,0,641,242,4,64,449,86
DistrictSites2324_-4467924829629724752.csv,2023-24,2023-24,40,San Luis Obispo,68833,4068833,40688330000000,40688330000000,Shandon Joint Unified,Unified,KG,12,Differentiated Assistance,101 South First St.,Shandon,93461,08,"42 - Rural, Distant",35.655095890000005,-120.37771768,253,0,253,110,0,55,177,54
DistrictSites2324_-4467924829629724752.csv,2023-24,2023-24,40,San Luis Obispo,68841,4068841,40688410000000,40688410000000,Templeton Unified,Unified,KG,12,Differentiated Assistance,960 Old County Rd.,Templeton,93465,08,"23 - Suburban, Small",35.54475886,-120.71138672000001,2237,0,2237,61,17,39,571,252
DistrictSites2324_-4467924829629724752.csv,2023-24,2023-24,40,San Luis Obispo,75457,4075457,40754570000000,40754570000000,Paso Robles Joint Unified,Unified,KG,12,Differentiated Assistance,800 Niblick Rd.,Paso Robles,93446,08,"13 - City, Small",35.61492387,-120.67237771999997,6252,0,6252,1272,33,445,4114,938
DistrictSites2324_-4467924829629724752.csv,2023-24,2023-24,40,San Luis Obispo,75465,4075465,40754650000000,40754650000000,Coast Unified,Unified,KG,12,General Assistance,1350 Main St.,Cambria,93428,08,"41 - Rural, Fringe",35.56241484000001,-121.08994778,489,0,489,187,2,100,404,65
DistrictSites2324_-4467924829629724752.csv,2023-24,2023-24,41,San Mateo,10413,4110413,41104130000000,41104130000000,San Mateo County Office of Education,County Office of Education (COE),KG,12,General Assistance,101 Twin Dolphin Dr.,Redwood City,94065,04,"13 - City, Small",37.52589893000001,-122.26309716,182,105,77,75,4,1,125,70
DistrictSites2324_-4467924829629724752.csv,2023-24,2023-24,41,San Mateo,68858,4168858,41688580000000,41688580000000,Bayshore Elementary,Elementary,KG,08,Differentiated Assistance,155 Oriente St.,Daly City,94014,04,"21 - Suburban, Large",37.705353940000016,-122.41421121000002,337,0,337,111,0,2,217,32
DistrictSites2324_-4467924829629724752.csv,2023-24,2023-24,41,San Mateo,68866,4168866,41688660000000,41688660000000,Belmont-Redwood Shores Elementary,Elementary,KG,08,General Assistance,2960 Hallmark Dr.,Belmont,94002,04,"21 - Suburban, Large",37.509504930000006,-122.31885417,4019,0,4019,513,1,2,417,379
DistrictSites2324_-4467924829629724752.csv,2023-24,2023-24,41,San Mateo,68874,4168874,41688740000000,41688740000000,Brisbane Elementary,Elementary,KG,08,General Assistance,1 Solano St.,Brisbane,94005,04,"21 - Suburban, Large",37.68625094000001,-122.40832920000001,477,0,477,75,0,1,127,52
DistrictSites2324_-4467924829629724752.csv,2023-24,2023-24,41,San Mateo,68882,4168882,41688820000000,41688820000000,Burlingame Elementary,Elementary,KG,08,Differentiated Assistance,1825 Trousdale Dr.,Burlingame,94010,04,"21 - Suburban, Large",37.59181093000001,-122.38578218999997,3320,0,3320,455,0,16,543,239
DistrictSites2324_-4467924829629724752.csv,2023-24,2023-24,41,San Mateo,68890,4168890,41688900000000,41688900000000,Cabrillo Unified,Unified,KG,12,Differentiated Assistance,498 Kelly Ave.,Half Moon Bay,94019,04,"31 - Town, Fringe",37.463577920000006,-122.43585818,2663,0,2663,449,0,2,1081,394
DistrictSites2324_-4467924829629724752.csv,2023-24,2023-24,41,San Mateo,68908,4168908,41689080000000,41689080000000,Hillsborough City Elementary,Elementary,KG,08,General Assistance,300 El Cerrito Ave.,Hillsborough,94010,04,"21 - Suburban, Large",37.56284893000001,-122.33798318000001,1263,0,1263,18,0,2,36,158
DistrictSites2324_-4467924829629724752.csv,2023-24,2023-24,41,San Mateo,68916,4168916,41689160000000,41689160000000,Jefferson Elementary,Elementary,KG,12,Differentiated Assistance,101 Lincoln Ave.,Daly City,94015,04,"21 - Suburban, Large",37.67881993000001,-122.48387820999999,5985,1063,4922,1946,4,96,3172,709
DistrictSites2324_-4467924829629724752.csv,2023-24,2023-24,41,San Mateo,68924,4168924,41689240000000,41689240000000,Jefferson Union High,High,09,12,General Assistance,"699 Serramonte Blvd., Ste.100",Daly City,94015,04,"21 - Suburban, Large",37.667994930000006,-122.47782021,4155,449,3706,577,7,35,1416,488
DistrictSites2324_-4467924829629724752.csv,2023-24,2023-24,41,San Mateo,68932,4168932,41689320000000,41689320000000,Pacifica,Elementary,KG,08,General Assistance,375 Reina del Mar Ave.,Pacifica,94044,04,"21 - Suburban, Large",37.61391593000001,-122.48480921000001,2737,0,2737,223,2,39,561,354
DistrictSites2324_-4467924829629724752.csv,2023-24,2023-24,41,San Mateo,68940,4168940,41689400000000,41689400000000,La Honda-Pescadero Unified,Unified,KG,12,General Assistance,360 Butano Cut Off,Pescadero,94060,04,"42 - Rural, Distant",37.2471679,-122.36373314999999,259,0,259,78,0,0,139,44
DistrictSites2324_-4467924829629724752.csv,2023-24,2023-24,41,San Mateo,68957,4168957,41689570000000,41689570000000,Las Lomitas Elementary,Elementary,KG,08,General Assistance,1011 Altschul Ave.,Menlo Park,94025,04,"21 - Suburban, Large",37.42896693000001,-122.20249713999999,1161,0,1161,135,0,0,72,133
DistrictSites2324_-4467924829629724752.csv,2023-24,2023-24,41,San Mateo,68965,4168965,41689650000000,41689650000000,Menlo Park City Elementary,Elementary,KG,08,General Assistance,181 Encinal Ave.,Atherton,94027,04,"21 - Suburban, Large",37.46406493,-122.18628113999999,2730,0,2730,227,0,10,325,213
DistrictSites2324_-4467924829629724752.csv,2023-24,2023-24,41,San Mateo,68973,4168973,41689730000000,41689730000000,Millbrae Elementary,Elementary,KG,08,Differentiated Assistance,555 Richmond Dr.,Millbrae,94030,04,"21 - Suburban, Large",37.59858493000001,-122.40420919000002,2065,0,2065,400,2,10,504,154
DistrictSites2324_-4467924829629724752.csv,2023-24,2023-24,41,San Mateo,68981,4168981,41689810000000,41689810000000,Portola Valley Elementary,Elementary,KG,08,General Assistance,4575 Alpine Rd.,Portola Valley,94028,04,"21 - Suburban, Large",37.36810593000001,-122.21158914000002,504,0,504,18,0,0,33,43
DistrictSites2324_-4467924829629724752.csv,2023-24,2023-24,41,San Mateo,68999,4168999,41689990000000,41689990000000,Ravenswood City Elementary,Elementary,KG,08,Differentiated Assistance,2120 Euclid Ave.,East Palo Alto,94303,04,"21 - Suburban, Large",37.463741940000006,-122.14352214,2555,1139,1416,1378,7,533,2281,382
DistrictSites2324_-4467924829629724752.csv,2023-24,2023-24,41,San Mateo,69005,4169005,41690050000000,41690050000000,Redwood City Elementary,Elementary,KG,08,Differentiated Assistance,750 Bradford St.,Redwood City,94063,04,"13 - City, Small",37.48849793,-122.22744014999999,7480,1148,6332,2853,9,318,4716,1189
DistrictSites2324_-4467924829629724752.csv,2023-24,2023-24,41,San Mateo,69013,4169013,41690130000000,41690130000000,San Bruno Park Elementary,Elementary,KG,08,Differentiated Assistance,500 Acacia Ave.,San Bruno,94066,04,"21 - Suburban, Large",37.62242593000001,-122.41595520000001,1950,0,1950,501,2,49,834,221
DistrictSites2324_-4467924829629724752.csv,2023-24,2023-24,41,San Mateo,69021,4169021,41690210000000,41690210000000,San Carlos Elementary,Elementary,KG,08,Differentiated Assistance,"1200 Industrial Rd., Unit 9",San Carlos,94070,04,"21 - Suburban, Large",37.50170493,-122.24718316000002,3137,367,2770,194,1,35,295,262
DistrictSites2324_-4467924829629724752.csv,2023-24,2023-24,41,San Mateo,69039,4169039,41690390000000,41690390000000,San Mateo-Foster City,Elementary,KG,08,Differentiated Assistance,1170 Chess Dr.,Foster City,94404,04,"12 - City, Midsize",37.56615994000001,-122.27364017,9945,0,9945,2804,11,540,3601,1004
DistrictSites2324_-4467924829629724752.csv,2023-24,2023-24,41,San Mateo,69047,4169047,41690470000000,41690470000000,San Mateo Union High,High,09,12,General Assistance,650 North Delaware St.,San Mateo,94401,04,"12 - City, Midsize",37.57796693,-122.33131718,9378,537,8841,1060,11,23,2007,1145
DistrictSites2324_-4467924829629724752.csv,2023-24,2023-24,41,San Mateo,69062,4169062,41690620000000,41690620000000,Sequoia Union High,High,09,12,Differentiated Assistance,480 James Ave.,Redwood City,94062,04,"21 - Suburban, Large",37.48241293000001,-122.23653816,9741,1188,8553,1494,10,51,3714,1458
DistrictSites2324_-4467924829629724752.csv,2023-24,2023-24,41,San Mateo,69070,4169070,41690700000000,41690700000000,South San Francisco Unified,Unified,KG,12,Differentiated Assistance,398 B St.,South San Francisco,94080,04,"13 - City, Small",37.648829930000005,-122.42802920000001,7770,0,7770,1826,8,223,3326,1247
DistrictSites2324_-4467924829629724752.csv,2023-24,2023-24,41,San Mateo,69088,4169088,41690880000000,41690880000000,Woodside Elementary,Elementary,KG,08,General Assistance,3195 Woodside Rd.,Woodside,94062,04,"21 - Suburban, Large",37.42779893000001,-122.25919915,367,0,367,16,0,0,32,72
DistrictSites2324_-4467924829629724752.csv,2023-24,2023-24,42,Santa Barbara,10421,4210421,42104210000000,42104210000000,Santa Barbara County Office of Education,County Office of Education (COE),KG,12,General Assistance,4400 Cathedral Oaks Rd.,Santa Barbara,93110,08,"22 - Suburban, Midsize",34.452193810000004,-119.76985747,98,0,98,37,2,14,86,69
DistrictSites2324_-4467924829629724752.csv,2023-24,2023-24,42,Santa Barbara,69104,4269104,42691040000000,42691040000000,Ballard Elementary,Elementary,KG,06,General Assistance,2425 School St.,Solvang,93463,08,"41 - Rural, Fringe",34.63942981,-120.11427254,107,0,107,0,0,0,10,11
DistrictSites2324_-4467924829629724752.csv,2023-24,2023-24,42,Santa Barbara,69112,4269112,42691120000000,42691120000000,Blochman Union Elementary,Elementary,KG,12,General Assistance,4949 Foxen Canyon Rd.,Santa Maria,93454,08,"41 - Rural, Fringe",34.86661582000001,-120.29626759000001,1458,1266,192,40,4,27,585,179
DistrictSites2324_-4467924829629724752.csv,2023-24,2023-24,42,Santa Barbara,69120,4269120,42691200000000,42691200000000,Santa Maria-Bonita,Elementary,KG,08,Differentiated Assistance,708 South Miller St.,Santa Maria,93454,08,"12 - City, Midsize",34.94546482,-120.43023562000002,17165,0,17165,9690,65,4718,15841,1817
DistrictSites2324_-4467924829629724752.csv,2023-24,2023-24,42,Santa Barbara,69138,4269138,42691380000000,42691380000000,Buellton Union Elementary,Elementary,KG,08,General Assistance,301 Second St.,Buellton,93427,08,"32 - Town, Distant",34.6182888,-120.19903955,545,0,545,81,3,3,299,64
DistrictSites2324_-4467924829629724752.csv,2023-24,2023-24,42,Santa Barbara,69146,4269146,42691460000000,42691460000000,Carpinteria Unified,Unified,KG,12,Differentiated Assistance,1400 Linden Ave.,Carpinteria,93013,08,"22 - Suburban, Midsize",34.403126820000004,-119.51545243,1920,0,1920,330,10,127,1342,316
DistrictSites2324_-4467924829629724752.csv,2023-24,2023-24,42,Santa Barbara,69161,4269161,42691610000000,42691610000000,Cold Spring Elementary,Elementary,KG,06,General Assistance,2243 Sycamore Canyon Rd.,Santa Barbara,93108,08,"22 - Suburban, Midsize",34.44122282,-119.66106845,178,0,178,0,0,0,7,18
DistrictSites2324_-4467924829629724752.csv,2023-24,2023-24,42,Santa Barbara,69179,4269179,42691790000000,42691790000000,College Elementary,Elementary,KG,08,Differentiated Assistance,3525 Pine St.,Santa Ynez,93460,08,"32 - Town, Distant",34.61651281000001,-120.08324054,358,170,188,37,0,15,124,54
DistrictSites2324_-4467924829629724752.csv,2023-24,2023-24,42,Santa Barbara,69195,4269195,42691950000000,42691950000000,Goleta Union Elementary,Elementary,KG,06,General Assistance,401 North Fairview Ave.,Goleta,93117,08,"22 - Suburban, Midsize",34.447404809999995,-119.83138748,3408,0,3408,583,3,42,1309,397
DistrictSites2324_-4467924829629724752.csv,2023-24,2023-24,42,Santa Barbara,69203,4269203,42692030000000,42692030000000,Guadalupe Union Elementary,Elementary,KG,08,Differentiated Assistance,4465 Ninth St.,Guadalupe,93434,08,"31 - Town, Fringe",34.96891881000001,-120.56875264,1306,0,1306,703,5,75,1191,182
DistrictSites2324_-4467924829629724752.csv,2023-24,2023-24,42,Santa Barbara,69211,4269211,42692110000000,42692110000000,Hope Elementary,Elementary,KG,06,General Assistance,"3970 La Colina Rd., Ste. 14",Santa Barbara,93110,08,"13 - City, Small",34.44453781,-119.75415247000001,871,0,871,88,0,5,254,115
DistrictSites2324_-4467924829629724752.csv,2023-24,2023-24,42,Santa Barbara,69229,4269229,42692290000000,42692290000000,Lompoc Unified,Unified,KG,12,Differentiated Assistance,1301 North A St.,Lompoc,93436,08,"23 - Suburban, Small",34.659122790000005,-120.44973960000002,9413,458,8955,1412,53,386,6404,1623
DistrictSites2324_-4467924829629724752.csv,2023-24,2023-24,42,Santa Barbara,69245,4269245,42692450000000,42692450000000,Los Olivos Elementary,Elementary,KG,08,Differentiated Assistance,2540 Alamo Pintado Ave.,Los Olivos,93441,08,"41 - Rural, Fringe",34.665032810000014,-120.11084354,151,0,151,11,0,0,29,14
DistrictSites2324_-4467924829629724752.csv,2023-24,2023-24,42,Santa Barbara,69252,4269252,42692520000000,42692520000000,Montecito Union Elementary,Elementary,KG,06,General Assistance,385 San Ysidro Rd.,Santa Barbara,93108,08,"22 - Suburban, Midsize",34.43214082000001,-119.63228145,345,0,345,19,0,0,15,39
DistrictSites2324_-4467924829629724752.csv,2023-24,2023-24,42,Santa Barbara,69260,4269260,42692600000000,42692600000000,Orcutt Union Elementary,Elementary,KG,12,Differentiated Assistance,500 Dyer St.,Orcutt,93455,08,"22 - Suburban, Midsize",34.861697809999995,-120.44260661000001,4764,778,3986,516,36,166,2302,615
DistrictSites2324_-4467924829629724752.csv,2023-24,2023-24,42,Santa Barbara,69310,4269310,42693100000000,42693100000000,Santa Maria Joint Union High,High,09,12,Differentiated Assistance,2560 Skyway Dr.,Santa Maria,93455,08,"12 - City, Midsize",34.91284982,-120.45334462000001,8985,0,8985,1311,46,1801,7114,1173
DistrictSites2324_-4467924829629724752.csv,2023-24,2023-24,42,Santa Barbara,69328,4269328,42693280000000,42693280000000,Santa Ynez Valley Union High,High,09,12,General Assistance,2975 Mission Dr.,Solvang,93463,08,"32 - Town, Distant",34.60749781,-120.10048753999999,862,0,862,25,0,6,270,112
DistrictSites2324_-4467924829629724752.csv,2023-24,2023-24,42,Santa Barbara,69336,4269336,42693360000000,42693360000000,Solvang Elementary,Elementary,KG,08,Differentiated Assistance,565 Atterdag Rd.,Solvang,93463,08,"32 - Town, Distant",34.5979418,-120.14202154,621,0,621,140,0,14,260,61
DistrictSites2324_-4467924829629724752.csv,2023-24,2023-24,42,Santa Barbara,69344,4269344,42693440000000,42693440000000,Vista del Mar Union,Elementary,KG,08,General Assistance,9467 San Julian Rd.,Gaviota,93117,08,"42 - Rural, Distant",34.50819279000001,-120.22966155,61,0,61,6,0,0,25,5
DistrictSites2324_-4467924829629724752.csv,2023-24,2023-24,42,Santa Barbara,75010,4275010,42750100000000,42750100000000,Cuyama Joint Unified,Unified,KG,12,General Assistance,2300 Highway 166,Cuyama,91901,08,"43 - Rural, Remote",34.93224487,-119.60924649,314,143,171,37,0,10,217,47
DistrictSites2324_-4467924829629724752.csv,2023-24,2023-24,42,Santa Barbara,76786,4276786,42767860000000,42767860000000,Santa Barbara Unified,Unified,KG,12,Differentiated Assistance,720 Santa Barbara St.,Santa Barbara,93101,08,"13 - City, Small",34.421402810000004,-119.69624546000001,13573,1372,12201,1892,16,765,8094,1858
DistrictSites2324_-4467924829629724752.csv,2023-24,2023-24,42,Santa Barbara,77198,4277198,42771980000000,42771980000000,SBE - Olive Grove Charter - Orcutt/Santa Maria,State Board of Education,KG,12,NA,5075 Bradley Rd.,Santa Maria,93455,08,"22 - Suburban, Midsize",34.86418781,-120.41975461000001,141,141,0,10,0,4,96,24
DistrictSites2324_-4467924829629724752.csv,2023-24,2023-24,42,Santa Barbara,77206,4277206,42772060000000,42772060000000,SBE - Olive Grove Charter - Lompoc,State Board of Education,KG,12,NA,"820 North H St., Suites BCD",Lompoc,93436,08,"23 - Suburban, Small",34.65114079,-120.45676660000001,109,109,0,10,0,3,89,28
DistrictSites2324_-4467924829629724752.csv,2023-24,2023-24,42,Santa Barbara,77214,4277214,42772140000000,42772140000000,SBE - Olive Grove Charter - Buellton,State Board of Education,KG,12,NA,240 East Highway 246 Ste. 100,Buellton,93427,08,"32 - Town, Distant",34.610038800000005,-120.18714455,29,29,0,2,0,1,14,5
DistrictSites2324_-4467924829629724752.csv,2023-24,2023-24,42,Santa Barbara,77222,4277222,42772220000000,42772220000000,SBE - Olive Grove Charter - Santa Barbara,State Board of Education,KG,12,NA,1933 Cliff Dr. Ste. 12,Santa Barbara,93109,08,"13 - City, Small",34.40143481,-119.72411246000001,82,82,0,6,0,3,54,18
DistrictSites2324_-4467924829629724752.csv,2023-24,2023-24,43,Santa Clara,10439,4310439,43104390000000,43104390000000,Santa Clara County Office of Education,County Office of Education (COE),KG,12,General Assistance,1290 Ridder Park Dr.,San Jose,95131,05,"11 - City, Large",37.38364794999999,-121.90050709,10886,9854,1032,4183,30,489,6282,1976
DistrictSites2324_-4467924829629724752.csv,2023-24,2023-24,43,Santa Clara,69369,4369369,43693690000000,43693690000000,Alum Rock Union Elementary,Elementary,KG,08,Differentiated Assistance,2930 Gay Ave.,San Jose,95127,05,"11 - City, Large",37.369392950000005,-121.83357308000001,8668,1301,7367,3944,15,140,6854,1143
DistrictSites2324_-4467924829629724752.csv,2023-24,2023-24,43,Santa Clara,69377,4369377,43693770000000,43693770000000,Berryessa Union Elementary,Elementary,KG,08,General Assistance,981 Ridder Park Dr.,San Jose,95131,05,"11 - City, Large",37.38181099999999,-121.900743,6026,0,6026,1372,6,227,1731,622
DistrictSites2324_-4467924829629724752.csv,2023-24,2023-24,43,Santa Clara,69385,4369385,43693850000000,43693850000000,Cambrian,Elementary,KG,08,General Assistance,4115 Jacksol Dr.,San Jose,95124,05,"11 - City, Large",37.256991930000005,-121.94092108000002,3014,2018,996,442,4,12,521,358
DistrictSites2324_-4467924829629724752.csv,2023-24,2023-24,43,Santa Clara,69393,4369393,43693930000000,43693930000000,Campbell Union,Elementary,KG,08,General Assistance,155 North Third St.,Campbell,95008,05,"21 - Suburban, Large",37.288905940000014,-121.94758009000002,6183,5787,396,1773,6,38,2571,711
DistrictSites2324_-4467924829629724752.csv,2023-24,2023-24,43,Santa Clara,69401,4369401,43694010000000,43694010000000,Campbell Union High,High,09,12,General Assistance,3235 Union Ave.,San Jose,95124,05,"11 - City, Large",37.26526494000001,-121.93203408000001,8613,0,8613,722,12,38,3487,1118
DistrictSites2324_-4467924829629724752.csv,2023-24,2023-24,43,Santa Clara,69419,4369419,43694190000000,43694190000000,Cupertino Union,Elementary,KG,08,General Assistance,1309 South Mary Ave. Ste. 150,Sunnyvale,94087,05,"13 - City, Small",37.34947994,-122.05093110999998,13587,0,13587,2474,8,19,2373,1064
DistrictSites2324_-4467924829629724752.csv,2023-24,2023-24,43,Santa Clara,69427,4369427,43694270000000,43694270000000,East Side Union High,High,KG,12,Differentiated Assistance,830 North Capitol Ave.,San Jose,95133,05,"11 - City, Large",37.381179949999996,-121.85367108,23714,3243,20471,5323,35,1244,12515,2850
DistrictSites2324_-4467924829629724752.csv,2023-24,2023-24,43,Santa Clara,69435,4369435,43694350000000,43694350000000,Evergreen Elementary,Elementary,KG,08,Differentiated Assistance,3188 Quimby Rd.,San Jose,95148,05,"11 - City, Large",37.32447695,-121.78590206999999,8779,0,8779,1919,5,59,2145,815
DistrictSites2324_-4467924829629724752.csv,2023-24,2023-24,43,Santa Clara,69450,4369450,43694500000000,43694500000000,Franklin-McKinley Elementary,Elementary,KG,08,Differentiated Assistance,645 Wool Creek Dr.,San Jose,95112,05,"11 - City, Large",37.314430949999995,-121.85030207999999,7892,2126,5766,3616,7,267,5576,1007
DistrictSites2324_-4467924829629724752.csv,2023-24,2023-24,43,Santa Clara,69468,4369468,43694680000000,43694680000000,Fremont Union High,High,09,12,General Assistance,589 West Fremont Ave.,Sunnyvale,94087,05,"13 - City, Small",37.352779940000005,-122.03753311,9646,0,9646,902,8,34,1420,971
DistrictSites2324_-4467924829629724752.csv,2023-24,2023-24,43,Santa Clara,69484,4369484,43694840000000,43694840000000,Gilroy Unified,Unified,KG,12,Differentiated Assistance,7810 Arroyo Cir.,Gilroy,95020,05,"22 - Suburban, Midsize",37.016186940000004,-121.561743,10784,540,10244,2920,19,236,5972,1475
DistrictSites2324_-4467924829629724752.csv,2023-24,2023-24,43,Santa Clara,69492,4369492,43694920000000,43694920000000,Lakeside Joint,Elementary,KG,05,General Assistance,19621 Black Rd.,Los Gatos,95033,05,"41 - Rural, Fringe",37.19385392000001,-122.01859809,77,0,77,8,0,0,10,14
DistrictSites2324_-4467924829629724752.csv,2023-24,2023-24,43,Santa Clara,69500,4369500,43695000000000,43695000000000,Loma Prieta Joint Union Elementary,Elementary,KG,08,Differentiated Assistance,23800 Summit Rd.,Los Gatos,95033,05,"41 - Rural, Fringe",37.125359920000015,-121.94303907000001,424,0,424,16,0,0,54,63
DistrictSites2324_-4467924829629724752.csv,2023-24,2023-24,43,Santa Clara,69518,4369518,43695180000000,43695180000000,Los Altos Elementary,Elementary,KG,08,General Assistance,201 Covington Rd.,Los Altos,94024,05,"21 - Suburban, Large",37.371264929999995,-122.10708312,3361,0,3361,346,1,4,240,326
DistrictSites2324_-4467924829629724752.csv,2023-24,2023-24,43,Santa Clara,69526,4369526,43695260000000,43695260000000,Los Gatos Union Elementary,Elementary,KG,08,General Assistance,17010 Roberts Rd.,Los Gatos,95032,05,"21 - Suburban, Large",37.23456393000001,-121.96792109000002,2673,0,2673,188,0,1,186,221
DistrictSites2324_-4467924829629724752.csv,2023-24,2023-24,43,Santa Clara,69534,4369534,43695340000000,43695340000000,Los Gatos-Saratoga Union High,High,09,12,General Assistance,17421 Farley Road West,Los Gatos,95030,05,"21 - Suburban, Large",37.24046493,-121.97493409,3183,0,3183,76,4,3,312,389
DistrictSites2324_-4467924829629724752.csv,2023-24,2023-24,43,Santa Clara,69542,4369542,43695420000000,43695420000000,Luther Burbank,Elementary,KG,08,General Assistance,4 Wabash Ave.,San Jose,95128,05,"21 - Suburban, Large",37.32378894000001,-121.92664009,431,0,431,238,1,15,374,41
DistrictSites2324_-4467924829629724752.csv,2023-24,2023-24,43,Santa Clara,69575,4369575,43695750000000,43695750000000,Moreland,Elementary,KG,08,General Assistance,4711 Campbell Ave.,San Jose,95130,05,"11 - City, Large",37.28809094000001,-121.98655910000001,3863,0,3863,1177,3,28,1437,535
DistrictSites2324_-4467924829629724752.csv,2023-24,2023-24,43,Santa Clara,69583,4369583,43695830000000,43695830000000,Morgan Hill Unified,Unified,KG,12,Differentiated Assistance,15600 Concord Cir.,Morgan Hill,95037,05,"22 - Suburban, Midsize",37.111394940000004,-121.63425402000001,8617,654,7963,1447,12,636,3317,1073
DistrictSites2324_-4467924829629724752.csv,2023-24,2023-24,43,Santa Clara,69591,4369591,43695910000000,43695910000000,Mountain View Whisman,Elementary,KG,08,Differentiated Assistance,1400 Montecito Ave.,Mountain View,94043,05,"13 - City, Small",37.40303694000001,-122.08398711999999,4591,0,4591,1118,4,270,1378,538
DistrictSites2324_-4467924829629724752.csv,2023-24,2023-24,43,Santa Clara,69609,4369609,43696090000000,43696090000000,Mountain View-Los Altos Union High,High,09,12,Differentiated Assistance,1299 Bryant Ave.,Mountain View,94040,05,"13 - City, Small",37.361072930000006,-122.06483412,4406,0,4406,315,4,70,715,489
DistrictSites2324_-4467924829629724752.csv,2023-24,2023-24,43,Santa Clara,69617,4369617,43696170000000,43696170000000,Mount Pleasant Elementary,Elementary,KG,08,Differentiated Assistance,3434 Marten Ave.,San Jose,95148,05,"11 - City, Large",37.348333950000004,-121.80077606999998,1549,410,1139,687,4,133,1107,222
DistrictSites2324_-4467924829629724752.csv,2023-24,2023-24,43,Santa Clara,69625,4369625,43696250000000,43696250000000,Oak Grove Elementary,Elementary,KG,08,General Assistance,6578 Santa Teresa Blvd.,San Jose,95119,05,"11 - City, Large",37.234555940000014,-121.78737606,8714,0,8714,2189,9,259,3767,1020
DistrictSites2324_-4467924829629724752.csv,2023-24,2023-24,43,Santa Clara,69633,4369633,43696330000000,43696330000000,Orchard Elementary,Elementary,KG,08,Differentiated Assistance,921 Fox Ln.,San Jose,95131,05,"11 - City, Large",37.38855095,-121.90157609,760,0,760,308,0,28,402,80
DistrictSites2324_-4467924829629724752.csv,2023-24,2023-24,43,Santa Clara,69641,4369641,43696410000000,43696410000000,Palo Alto Unified,Unified,KG,12,General Assistance,25 Churchill Ave,Palo Alto,94306,05,"13 - City, Small",37.433594940000006,-122.15497914,10271,0,10271,1093,1,58,1205,1083
DistrictSites2324_-4467924829629724752.csv,2023-24,2023-24,43,Santa Clara,69666,4369666,43696660000000,43696660000000,San Jose Unified,Unified,KG,12,Differentiated Assistance,855 Lenzen Ave.,San Jose,95126,05,"11 - City, Large",37.33610894000001,-121.91149409000002,25976,917,25059,6143,33,271,11785,3533
DistrictSites2324_-4467924829629724752.csv,2023-24,2023-24,43,Santa Clara,69674,4369674,43696740000000,43696740000000,Santa Clara Unified,Unified,KG,12,Differentiated Assistance,1889 Lawrence Rd.,Santa Clara,95051,05,"12 - City, Midsize",37.35738594,-121.9954891,14236,0,14236,3152,17,66,4641,1988
DistrictSites2324_-4467924829629724752.csv,2023-24,2023-24,43,Santa Clara,69682,4369682,43696820000000,43696820000000,Saratoga Union Elementary,Elementary,KG,08,General Assistance,20460 Forrest Hills Dr.,Saratoga,95070,05,"21 - Suburban, Large",37.25550893000001,-122.0317201,1605,0,1605,119,0,1,48,160
DistrictSites2324_-4467924829629724752.csv,2023-24,2023-24,43,Santa Clara,69690,4369690,43696900000000,43696900000000,Sunnyvale,Elementary,KG,08,General Assistance,819 West Iowa Ave.,Sunnyvale,94088,05,"12 - City, Midsize",37.374815940000005,-122.04052711,5618,0,5618,1660,5,2,1769,716
DistrictSites2324_-4467924829629724752.csv,2023-24,2023-24,43,Santa Clara,69708,4369708,43697080000000,43697080000000,Union Elementary,Elementary,KG,08,General Assistance,5175 Union Ave.,San Jose,95124,05,"11 - City, Large",37.24386793,-121.93173508000001,5371,0,5371,833,1,29,560,585
DistrictSites2324_-4467924829629724752.csv,2023-24,2023-24,43,Santa Clara,73387,4373387,43733870000000,43733870000000,Milpitas Unified,Unified,KG,12,Differentiated Assistance,1331 East Calaveras Blvd.,Milpitas,95035,05,"13 - City, Small",37.43705095,-121.8825931,10199,0,10199,2277,6,472,4183,974
DistrictSites2324_-4467924829629724752.csv,2023-24,2023-24,43,Santa Clara,77149,4377149,43771490000000,43771490000000,SBE - KIPP Navigate College Prep,State Board of Education,09,12,NA,1750 South White Rd.,San Jose,95127,05,"11 - City, Large",37.34606295,-121.80626207,310,310,0,95,0,11,259,45
DistrictSites2324_-4467924829629724752.csv,2023-24,2023-24,44,Santa Cruz,10447,4410447,44104470000000,44104470000000,Santa Cruz County Office of Education,County Office of Education (COE),KG,12,Differentiated Assistance,400 Encinal St.,Santa Cruz,95060,05,"13 - City, Small",36.98796691,-122.03901307000001,1564,707,857,169,14,32,586,272
DistrictSites2324_-4467924829629724752.csv,2023-24,2023-24,44,Santa Cruz,69732,4469732,44697320000000,44697320000000,Bonny Doon Union Elementary,Elementary,KG,06,General Assistance,1492 Pine Flat Rd.,Santa Cruz,95060,05,"41 - Rural, Fringe",37.06081890000001,-122.14880209999998,97,0,97,5,0,4,26,16
DistrictSites2324_-4467924829629724752.csv,2023-24,2023-24,44,Santa Cruz,69757,4469757,44697570000000,44697570000000,Happy Valley Elementary,Elementary,KG,06,General Assistance,3125 Branciforte Dr.,Santa Cruz,95065,05,"41 - Rural, Fringe",37.02465191,-121.99064407000002,122,0,122,2,1,1,13,15
DistrictSites2324_-4467924829629724752.csv,2023-24,2023-24,44,Santa Cruz,69765,4469765,44697650000000,44697650000000,Live Oak Elementary,Elementary,KG,08,Differentiated Assistance,"984 Bostwick Ln., Ste. 1",Santa Cruz,95062,05,"22 - Suburban, Midsize",36.98382691,-121.98581506000001,1675,163,1512,375,0,127,993,262
DistrictSites2324_-4467924829629724752.csv,2023-24,2023-24,44,Santa Cruz,69773,4469773,44697730000000,44697730000000,Mountain Elementary,Elementary,KG,06,General Assistance,3042 Old San Jose Rd.,Soquel,95073,05,"22 - Suburban, Midsize",37.02593491000001,-121.94949906000002,163,0,163,1,4,1,34,21
DistrictSites2324_-4467924829629724752.csv,2023-24,2023-24,44,Santa Cruz,69781,4469781,44697810000000,44697810000000,Pacific Elementary,Elementary,KG,06,General Assistance,50 Ocean St.,Davenport,95017,05,"42 - Rural, Distant",37.0117759,-122.1946081,167,0,167,10,0,19,56,11
DistrictSites2324_-4467924829629724752.csv,2023-24,2023-24,44,Santa Cruz,69799,4469799,44697990000000,44697990000000,Pajaro Valley Unified,Unified,KG,12,Differentiated Assistance,294 Green Valley Rd.,Watsonville,95076,05,"13 - City, Small",36.93952092000001,-121.76869302000001,17520,2102,15418,6637,43,1558,13875,2697
DistrictSites2324_-4467924829629724752.csv,2023-24,2023-24,44,Santa Cruz,69807,4469807,44698070000000,44698070000000,San Lorenzo Valley Unified,Unified,KG,12,General Assistance,325 Marion Ave.,Ben Lomond,95005,05,"41 - Rural, Fringe",37.08467691,-122.07481209,5540,3502,2038,143,7,55,1477,617
DistrictSites2324_-4467924829629724752.csv,2023-24,2023-24,44,Santa Cruz,69815,4469815,44698150000000,44698150000000,Santa Cruz City Elementary,Elementary,KG,05,General Assistance,"133 Mission Street, Ste. 100",Santa Cruz,95060,05,"13 - City, Small",36.976914900000004,-122.02924407,1768,0,1768,325,2,16,661,291
DistrictSites2324_-4467924829629724752.csv,2023-24,2023-24,44,Santa Cruz,69823,4469823,44698230000000,44698230000000,Santa Cruz City High,High,KG,12,Differentiated Assistance,"133 Mission Street, Ste. 100",Santa Cruz,95060,05,"13 - City, Small",36.976914900000004,-122.02924407,4504,116,4388,342,12,20,1643,627
DistrictSites2324_-4467924829629724752.csv,2023-24,2023-24,44,Santa Cruz,69849,4469849,44698490000000,44698490000000,Soquel Union Elementary,Elementary,KG,08,General Assistance,620 Monterey Ave.,Capitola,95010,05,"22 - Suburban, Midsize",36.98005191,-121.94651106000002,1566,0,1566,180,5,1,553,205
DistrictSites2324_-4467924829629724752.csv,2023-24,2023-24,44,Santa Cruz,75432,4475432,44754320000000,44754320000000,Scotts Valley Unified,Unified,KG,12,General Assistance,"108 Whispering Pines Dr., Ste. 115",Scotts Valley,95066,05,"22 - Suburban, Midsize",37.04270891000001,-122.02779708,2694,587,2107,112,2,40,505,304
DistrictSites2324_-4467924829629724752.csv,2023-24,2023-24,44,Santa Cruz,77248,4477248,44772480000000,44772480000000,SBE - Watsonville Prep,State Board of Education,KG,08,NA,407 Main St. 2nd Fl.,Watsonville,95076,05,"13 - City, Small",36.918737920000005,-121.75316602000001,461,461,0,258,2,24,370,54
DistrictSites2324_-4467924829629724752.csv,2023-24,2023-24,45,Shasta,10454,4510454,45104540000000,45104540000000,Shasta County Office of Education,County Office of Education (COE),KG,12,General Assistance,1644 Magnolia Ave.,Redding,96001,02,"13 - City, Small",40.580355170000004,-122.40128358000003,839,666,173,5,13,27,491,149
DistrictSites2324_-4467924829629724752.csv,2023-24,2023-24,45,Shasta,69856,4569856,45698560000000,45698560000000,Anderson Union High,High,09,12,Differentiated Assistance,1469 Ferry St.,Anderson,96007,02,"42 - Rural, Distant",40.44347016,-122.30538553999999,1643,121,1522,55,17,25,1009,228
DistrictSites2324_-4467924829629724752.csv,2023-24,2023-24,45,Shasta,69872,4569872,45698720000000,45698720000000,Bella Vista Elementary,Elementary,KG,08,General Assistance,22661 Old Alturas Rd.,Bella Vista,96008,02,"41 - Rural, Fringe",40.63860118,-122.23273855999999,338,0,338,6,4,23,211,47
DistrictSites2324_-4467924829629724752.csv,2023-24,2023-24,45,Shasta,69880,4569880,45698800000000,45698800000000,Black Butte Union Elementary,Elementary,KG,08,Differentiated Assistance,7752 Ponderosa Way,Shingletown,96088,02,"42 - Rural, Distant",40.513730200000005,-121.93710350000002,246,0,246,2,4,0,191,37
DistrictSites2324_-4467924829629724752.csv,2023-24,2023-24,45,Shasta,69914,4569914,45699140000000,45699140000000,Cascade Union Elementary,Elementary,KG,08,General Assistance,1645 West Mill St.,Anderson,96007,02,"22 - Suburban, Midsize",40.44728015999999,-122.30697054,1453,359,1094,140,22,96,1016,235
DistrictSites2324_-4467924829629724752.csv,2023-24,2023-24,45,Shasta,69922,4569922,45699220000000,45699220000000,Castle Rock Union Elementary,Elementary,KG,08,General Assistance,29373 Main St.,Castella,96017,02,"42 - Rural, Distant",41.143033210000006,-122.31657365000001,40,0,40,0,0,5,26,3
DistrictSites2324_-4467924829629724752.csv,2023-24,2023-24,45,Shasta,69948,4569948,45699480000000,45699480000000,Columbia Elementary,Elementary,KG,12,Differentiated Assistance,10140 Old Oregon Trail,Redding,96003,02,"22 - Suburban, Midsize",40.58266817,-122.30765356000002,2192,1410,782,39,10,18,862,237
DistrictSites2324_-4467924829629724752.csv,2023-24,2023-24,45,Shasta,69955,4569955,45699550000000,45699550000000,Cottonwood Union Elementary,Elementary,KG,08,Differentiated Assistance,20512 West First St.,Cottonwood,96022,02,"41 - Rural, Fringe",40.38599516,-122.29193753,1190,280,910,25,10,7,577,177
DistrictSites2324_-4467924829629724752.csv,2023-24,2023-24,45,Shasta,69971,4569971,45699710000000,45699710000000,Enterprise Elementary,Elementary,KG,12,Differentiated Assistance,1155 Mistletoe Ln.,Redding,96002,02,"13 - City, Small",40.57805117,-122.35050057,3538,221,3317,165,43,66,2133,529
DistrictSites2324_-4467924829629724752.csv,2023-24,2023-24,45,Shasta,69989,4569989,45699890000000,45699890000000,Fall River Joint Unified,Unified,KG,12,Differentiated Assistance,20375 Tamarack Ave.,Burney,96013,02,"43 - Rural, Remote",40.87982724999999,-121.67174550999998,1160,0,1160,71,5,19,725,183
DistrictSites2324_-4467924829629724752.csv,2023-24,2023-24,45,Shasta,69997,4569997,45699970000000,45699970000000,French Gulch-Whiskeytown Elementary,Elementary,KG,08,Differentiated Assistance,11442 Cline Gulch Rd.,French Gulch,96033,02,"42 - Rural, Distant",40.70840915,-122.63513563,15,0,15,0,0,3,10,4
DistrictSites2324_-4467924829629724752.csv,2023-24,2023-24,45,Shasta,70003,4570003,45700030000000,45700030000000,Grant Elementary,Elementary,KG,08,General Assistance,8835 Swasey Dr.,Redding,96001,02,"41 - Rural, Fringe",40.54109415999999,-122.47292958000001,621,0,621,3,5,12,218,49
DistrictSites2324_-4467924829629724752.csv,2023-24,2023-24,45,Shasta,70011,4570011,45700110000000,45700110000000,Happy Valley Union Elementary,Elementary,KG,08,Differentiated Assistance,17480 Palm Ave.,Anderson,96007,02,"41 - Rural, Fringe",40.44707399999999,-122.408809,496,0,496,38,9,17,341,71
DistrictSites2324_-4467924829629724752.csv,2023-24,2023-24,45,Shasta,70029,4570029,45700290000000,45700290000000,"Igo, Ono, Platina Union Elementary",Elementary,KG,08,General Assistance,6429 Placer St.,Igo,96047,02,"41 - Rural, Fringe",40.50336315,-122.54054559000001,29,0,29,2,0,4,24,1
DistrictSites2324_-4467924829629724752.csv,2023-24,2023-24,45,Shasta,70045,4570045,45700450000000,45700450000000,Junction Elementary,Elementary,KG,08,General Assistance,9087 Deschutes Rd.,Palo Cedro,96073,02,"41 - Rural, Fringe",40.552173180000004,-122.23750355000001,372,0,372,5,3,1,103,55
DistrictSites2324_-4467924829629724752.csv,2023-24,2023-24,45,Shasta,70052,4570052,45700520000000,45700520000000,Millville Elementary,Elementary,KG,08,General Assistance,8570 Brookdale Rd.,Millville,96062,02,"42 - Rural, Distant",40.55182017999999,-122.16945054,214,0,214,3,1,4,94,25
DistrictSites2324_-4467924829629724752.csv,2023-24,2023-24,45,Shasta,70078,4570078,45700780000000,45700780000000,North Cow Creek Elementary,Elementary,KG,08,General Assistance,10619 Swede Creek Rd.,Palo Cedro,96073,02,"41 - Rural, Fringe",40.59350518000001,-122.22980654999999,256,0,256,4,0,3,55,21
DistrictSites2324_-4467924829629724752.csv,2023-24,2023-24,45,Shasta,70086,4570086,45700860000000,45700860000000,Oak Run Elementary,Elementary,KG,08,Differentiated Assistance,27635 Oak Run to Fern Rd.,Oak Run,96069,02,"42 - Rural, Distant",40.684849199999995,-122.02379552999999,41,0,41,2,0,9,38,3
DistrictSites2324_-4467924829629724752.csv,2023-24,2023-24,45,Shasta,70094,4570094,45700940000000,45700940000000,Pacheco Union Elementary,Elementary,KG,08,General Assistance,7424 Pacheco School Rd.,Redding,96002,02,"41 - Rural, Fringe",40.50539217000001,-122.33064355,720,0,720,16,7,14,365,70
DistrictSites2324_-4467924829629724752.csv,2023-24,2023-24,45,Shasta,70110,4570110,45701100000000,45701100000000,Redding Elementary,Elementary,KG,12,Differentiated Assistance,5885 East Bonnyview Rd.,Redding,96001,02,"13 - City, Small",40.53090716,-122.37264056999999,3239,349,2890,75,25,97,2278,468
DistrictSites2324_-4467924829629724752.csv,2023-24,2023-24,45,Shasta,70128,4570128,45701280000000,45701280000000,Shasta Union Elementary,Elementary,KG,08,General Assistance,10446 Red Bluff Rd.,Shasta,96087,02,"41 - Rural, Fringe",40.590889159999996,-122.48821559000001,103,0,103,2,0,2,56,8
DistrictSites2324_-4467924829629724752.csv,2023-24,2023-24,45,Shasta,70136,4570136,45701360000000,45701360000000,Shasta Union High,High,06,12,Differentiated Assistance,"2200 Eureka Way, Ste. B",Redding,96001,02,"13 - City, Small",40.58738517,-122.40457558000001,5501,1286,4215,105,39,63,2717,606
DistrictSites2324_-4467924829629724752.csv,2023-24,2023-24,45,Shasta,70169,4570169,45701690000000,45701690000000,Whitmore Union Elementary,Elementary,KG,08,General Assistance,30611 WHITMORE Rd.,WHITMORE,96096,02,"42 - Rural, Distant",40.628730210000015,-121.91064951000001,63,0,63,0,1,0,22,5
DistrictSites2324_-4467924829629724752.csv,2023-24,2023-24,45,Shasta,73700,4573700,45737000000000,45737000000000,Mountain Union Elementary,Elementary,KG,08,Differentiated Assistance,30365 Highway 299 East,Montgomery Creek,96065,02,"42 - Rural, Distant",40.843510220000006,-121.92076654,86,0,86,0,2,0,71,20
DistrictSites2324_-4467924829629724752.csv,2023-24,2023-24,45,Shasta,75267,4575267,45752670000000,45752670000000,Gateway Unified,Unified,KG,12,Differentiated Assistance,4411 Mountain Lakes Blvd.,Redding,96003,02,"22 - Suburban, Midsize",40.63066817,-122.38791158000001,2298,179,2119,51,38,62,1822,427
DistrictSites2324_-4467924829629724752.csv,2023-24,2023-24,46,Sierra,70177,4670177,46701770000000,46701770000000,Sierra-Plumas Joint Unified,Unified,KG,12,Differentiated Assistance,109 Beckwith Rd.,Loyalton,96118,03,"42 - Rural, Distant",39.68007727,-120.24907212,403,0,403,15,2,27,178,55
DistrictSites2324_-4467924829629724752.csv,2023-24,2023-24,47,Siskiyou,10470,4710470,47104700000000,47104700000000,Siskiyou County Office of Education,County Office of Education (COE),KG,12,General Assistance,609 South Gold St.,Yreka,96097,02,"32 - Town, Distant",41.72789823000001,-122.64331579,595,525,70,4,3,19,450,123
DistrictSites2324_-4467924829629724752.csv,2023-24,2023-24,47,Siskiyou,70185,4770185,47701850000000,47701850000000,Big Springs Union Elementary,Elementary,KG,08,General Assistance,7405 Highway A-12,Montague,96064,02,"43 - Rural, Remote",41.62462424,-122.40570374,120,0,120,15,1,3,80,14
DistrictSites2324_-4467924829629724752.csv,2023-24,2023-24,47,Siskiyou,70193,4770193,47701930000000,47701930000000,Bogus Elementary,Elementary,KG,08,General Assistance,13735 Ager-Beswick Rd.,Montague,96064,02,"42 - Rural, Distant",41.92805527000001,-122.36193378000002,15,0,15,0,0,0,12,1
DistrictSites2324_-4467924829629724752.csv,2023-24,2023-24,47,Siskiyou,70201,4770201,47702010000000,47702010000000,Butteville Union Elementary,Elementary,KG,08,General Assistance,24512 Edgewood Rd.,Weed,96094,02,"42 - Rural, Distant",41.457332230000006,-122.43149371000001,149,0,149,1,0,0,61,12
DistrictSites2324_-4467924829629724752.csv,2023-24,2023-24,47,Siskiyou,70227,4770227,47702270000000,47702270000000,Delphic Elementary,Elementary,KG,08,General Assistance,1420 Delphic Rd.,Montague,96064,02,"42 - Rural, Distant",41.704785230000006,-122.56368577,62,0,62,0,1,1,40,3
DistrictSites2324_-4467924829629724752.csv,2023-24,2023-24,47,Siskiyou,70243,4770243,47702430000000,47702430000000,Dunsmuir Elementary,Elementary,KG,08,General Assistance,4760 Siskiyou Ave.,Dunsmuir,96025,02,"42 - Rural, Distant",41.22706722,-122.27375665,76,0,76,1,5,0,67,6
DistrictSites2324_-4467924829629724752.csv,2023-24,2023-24,47,Siskiyou,70250,4770250,47702500000000,47702500000000,Dunsmuir Joint Union High,High,09,12,General Assistance,5805 High School Way,Dunsmuir,96025,02,"42 - Rural, Distant",41.21016722,-122.27648864999999,65,0,65,1,1,5,49,15
DistrictSites2324_-4467924829629724752.csv,2023-24,2023-24,47,Siskiyou,70318,4770318,47703180000000,47703180000000,Gazelle Union Elementary,Elementary,KG,08,General Assistance,25305 Gazelle-Callahan Rd.,Gazelle,96034,02,"43 - Rural, Remote",41.520364220000005,-122.52376874,35,0,35,0,0,4,24,5
DistrictSites2324_-4467924829629724752.csv,2023-24,2023-24,47,Siskiyou,70326,4770326,47703260000000,47703260000000,Grenada Elementary,Elementary,KG,08,General Assistance,516 Shasta Blvd.,Grenada,96038,02,"42 - Rural, Distant",41.64539023000001,-122.52533376,207,0,207,1,1,0,110,13
DistrictSites2324_-4467924829629724752.csv,2023-24,2023-24,47,Siskiyou,70334,4770334,47703340000000,47703340000000,Happy Camp Union Elementary,Elementary,KG,08,General Assistance,114 Park Way,Happy Camp,96039,02,"43 - Rural, Remote",41.794748170000005,-123.37339090999998,115,0,115,0,0,4,79,12
DistrictSites2324_-4467924829629724752.csv,2023-24,2023-24,47,Siskiyou,70359,4770359,47703590000000,47703590000000,Hornbrook Elementary,Elementary,KG,08,Differentiated Assistance,15430 Oregon Rd.,Hornbrook,96044,02,"42 - Rural, Distant",41.911301249999994,-122.56141480000001,38,0,38,0,0,10,34,7
DistrictSites2324_-4467924829629724752.csv,2023-24,2023-24,47,Siskiyou,70367,4770367,47703670000000,47703670000000,Junction Elementary,Elementary,KG,08,Differentiated Assistance,98821 Highway 96,Somes Bar,95568,02,"43 - Rural, Remote",41.392135130000014,-123.49621386000003,23,0,23,0,0,0,15,2
DistrictSites2324_-4467924829629724752.csv,2023-24,2023-24,47,Siskiyou,70375,4770375,47703750000000,47703750000000,Klamath River Union Elementary,Elementary,KG,08,General Assistance,30438 Walker Rd.,Horse Creek,96050,02,"43 - Rural, Remote",41.822265200000004,-122.96889585,5,0,5,0,0,0,4,1
DistrictSites2324_-4467924829629724752.csv,2023-24,2023-24,47,Siskiyou,70383,4770383,47703830000000,47703830000000,Little Shasta Elementary,Elementary,KG,08,General Assistance,8409 Lower Little Shasta Rd.,Montague,96064,02,"43 - Rural, Remote",41.71217025000001,-122.38813474999999,19,0,19,0,0,0,12,0
DistrictSites2324_-4467924829629724752.csv,2023-24,2023-24,47,Siskiyou,70409,4770409,47704090000000,47704090000000,McCloud Union Elementary,Elementary,KG,08,General Assistance,332 Hamilton Way,McCloud,96057,02,"42 - Rural, Distant",41.25435624000001,-122.13102664000002,50,0,50,0,0,6,40,4
DistrictSites2324_-4467924829629724752.csv,2023-24,2023-24,47,Siskiyou,70417,4770417,47704170000000,47704170000000,Montague Elementary,Elementary,KG,08,General Assistance,430 East Prather St.,Montague,96064,02,"42 - Rural, Distant",41.72779924000001,-122.52177176999999,154,0,154,1,0,6,93,13
DistrictSites2324_-4467924829629724752.csv,2023-24,2023-24,47,Siskiyou,70425,4770425,47704250000000,47704250000000,Mt. Shasta Union Elementary,Elementary,KG,08,General Assistance,595 East Alma St.,Mount Shasta,96067,02,"33 - Town, Remote",41.31827623,-122.30945267,506,0,506,15,2,5,256,52
DistrictSites2324_-4467924829629724752.csv,2023-24,2023-24,47,Siskiyou,70458,4770458,47704580000000,47704580000000,Seiad Elementary,Elementary,KG,08,General Assistance,44539 Highway 96,Seiad Valley,96086,02,"43 - Rural, Remote",41.842108180000004,-123.19312889,14,0,14,0,0,0,9,1
DistrictSites2324_-4467924829629724752.csv,2023-24,2023-24,47,Siskiyou,70466,4770466,47704660000000,47704660000000,Siskiyou Union High,High,09,12,General Assistance,624 Everitt Memorial Hwy.,Mount Shasta,96067,02,"33 - Town, Remote",41.32050623000001,-122.30571467,515,0,515,13,1,26,292,48
DistrictSites2324_-4467924829629724752.csv,2023-24,2023-24,47,Siskiyou,70482,4770482,47704820000000,47704820000000,Weed Union Elementary,Elementary,KG,08,General Assistance,575 White Ave.,Weed,96094,02,"42 - Rural, Distant",41.42758723,-122.3805077,288,0,288,29,0,15,247,49
DistrictSites2324_-4467924829629724752.csv,2023-24,2023-24,47,Siskiyou,70490,4770490,47704900000000,47704900000000,Willow Creek Elementary,Elementary,KG,08,General Assistance,5321 York Rd.,Montague,96064,02,"42 - Rural, Distant",41.84893425,-122.46761078000003,40,0,40,1,0,0,23,7
DistrictSites2324_-4467924829629724752.csv,2023-24,2023-24,47,Siskiyou,70508,4770508,47705080000000,47705080000000,Yreka Union Elementary,Elementary,KG,08,Differentiated Assistance,309 Jackson St.,Yreka,96097,02,"32 - Town, Distant",41.72780523000001,-122.63938878999998,869,0,869,37,30,35,627,98
DistrictSites2324_-4467924829629724752.csv,2023-24,2023-24,47,Siskiyou,70516,4770516,47705160000000,47705160000000,Yreka Union High,High,09,12,Differentiated Assistance,431 Knapp St.,Yreka,96097,02,"32 - Town, Distant",41.738618230000014,-122.63726079000001,692,0,692,14,4,55,387,52
DistrictSites2324_-4467924829629724752.csv,2023-24,2023-24,47,Siskiyou,73684,4773684,47736840000000,47736840000000,Butte Valley Unified,Unified,KG,12,General Assistance,615 West Third St.,Dorris,96023,02,"43 - Rural, Remote",41.96374431,-121.92414671,302,0,302,74,2,10,214,27
DistrictSites2324_-4467924829629724752.csv,2023-24,2023-24,47,Siskiyou,76455,4776455,47764550000000,47764550000000,Scott Valley Unified,Unified,KG,12,Differentiated Assistance,11918 Main St.,Fort Jones,96032,02,"43 - Rural, Remote",41.6069672,-122.8415908,624,0,624,6,8,13,311,50
DistrictSites2324_-4467924829629724752.csv,2023-24,2023-24,48,Solano,10488,4810488,48104880000000,48104880000000,Solano County Office of Education,County Office of Education (COE),KG,12,Differentiated Assistance,5100 Business Center Dr.,Fairfield,94534,04,"22 - Suburban, Midsize",38.217137,-122.14409923000001,1099,680,419,172,8,27,641,413
DistrictSites2324_-4467924829629724752.csv,2023-24,2023-24,48,Solano,70524,4870524,48705240000000,48705240000000,Benicia Unified,Unified,KG,12,General Assistance,350 East K St.,Benicia,94510,04,"22 - Suburban, Midsize",38.05060099,-122.15160921,4372,0,4372,145,6,50,1070,517
DistrictSites2324_-4467924829629724752.csv,2023-24,2023-24,48,Solano,70532,4870532,48705320000000,48705320000000,Dixon Unified,Unified,KG,12,Differentiated Assistance,"180 South First St., Ste. 6",Dixon,95620,04,"31 - Town, Fringe",38.44496904,-121.82290219999999,3489,452,3037,686,6,208,2208,497
DistrictSites2324_-4467924829629724752.csv,2023-24,2023-24,48,Solano,70540,4870540,48705400000000,48705400000000,Fairfield-Suisun Unified,Unified,KG,12,Differentiated Assistance,2490 Hilborn Rd.,Fairfield,94534,04,"22 - Suburban, Midsize",38.27612501000001,-122.05079422,20413,0,20413,3108,66,372,12182,2865
DistrictSites2324_-4467924829629724752.csv,2023-24,2023-24,48,Solano,70565,4870565,48705650000000,48705650000000,Travis Unified,Unified,KG,12,Differentiated Assistance,2751 De Ronde Dr.,Fairfield,94533,04,"22 - Suburban, Midsize",38.27910502000001,-121.96081321000001,5430,0,5430,157,11,25,2395,725
DistrictSites2324_-4467924829629724752.csv,2023-24,2023-24,48,Solano,70573,4870573,48705730000000,48705730000000,Vacaville Unified,Unified,KG,12,Differentiated Assistance,401 Nut Tree Rd.,Vacaville,95687,04,"22 - Suburban, Midsize",38.36482303,-121.95387422,13377,2085,11292,1097,28,86,6352,1782
DistrictSites2324_-4467924829629724752.csv,2023-24,2023-24,48,Solano,70581,4870581,48705810000000,48705810000000,Vallejo City Unified,Unified,KG,12,Differentiated Assistance,665 Walnut Ave.,Vallejo,94592,04,"12 - City, Midsize",38.106248980000004,-122.28004623,11799,2358,9441,3090,61,252,9332,1568
DistrictSites2324_-4467924829629724752.csv,2023-24,2023-24,49,Sonoma,10496,4910496,49104960000000,49104960000000,Sonoma County Office of Education,County Office of Education (COE),KG,12,Differentiated Assistance,5340 Skylane Blvd.,Santa Rosa,95403,01,"21 - Suburban, Large",38.51225697,-122.79814036,327,0,327,54,17,4,199,253
DistrictSites2324_-4467924829629724752.csv,2023-24,2023-24,49,Sonoma,70599,4970599,49705990000000,49705990000000,Alexander Valley Union Elementary,Elementary,KG,06,General Assistance,8511 Highway 128,Healdsburg,95448,01,"41 - Rural, Fringe",38.655726990000005,-122.79347538,115,0,115,8,0,0,37,15
DistrictSites2324_-4467924829629724752.csv,2023-24,2023-24,49,Sonoma,70607,4970607,49706070000000,49706070000000,West Sonoma County Union High,High,KG,12,Differentiated Assistance,462 Johnson St.,Sebastopol,95472,01,"31 - Town, Fringe",38.406358960000006,-122.82308234999998,1568,0,1568,39,4,17,720,236
DistrictSites2324_-4467924829629724752.csv,2023-24,2023-24,49,Sonoma,70615,4970615,49706150000000,49706150000000,Bellevue Union,Elementary,KG,06,General Assistance,3150 Education Dr.,Santa Rosa,95407,01,"21 - Suburban, Large",38.399613970000004,-122.70980732999999,1609,0,1609,893,6,70,1277,287
DistrictSites2324_-4467924829629724752.csv,2023-24,2023-24,49,Sonoma,70623,4970623,49706230000000,49706230000000,Bennett Valley Union Elementary,Elementary,KG,06,General Assistance,2250 Mesquite Dr.,Santa Rosa,95405,01,"12 - City, Midsize",38.42924398,-122.67322632999999,938,0,938,123,0,1,342,128
DistrictSites2324_-4467924829629724752.csv,2023-24,2023-24,49,Sonoma,70649,4970649,49706490000000,49706490000000,Cinnabar Elementary,Elementary,KG,08,General Assistance,286 Skillman Ln.,Petaluma,94952,01,"23 - Suburban, Small",38.258895970000005,-122.66492131,176,160,16,95,1,1,152,25
DistrictSites2324_-4467924829629724752.csv,2023-24,2023-24,49,Sonoma,70656,4970656,49706560000000,49706560000000,Cloverdale Unified,Unified,KG,12,General Assistance,97 School St.,Cloverdale,95425,01,"32 - Town, Distant",38.81032598,-123.02180243,1303,0,1303,352,11,23,841,176
DistrictSites2324_-4467924829629724752.csv,2023-24,2023-24,49,Sonoma,70672,4970672,49706720000000,49706720000000,Dunham Elementary,Elementary,KG,06,Differentiated Assistance,4111 Roblar Rd.,Petaluma,94952,01,"41 - Rural, Fringe",38.32082396,-122.75797832999999,170,161,9,4,0,0,50,21
DistrictSites2324_-4467924829629724752.csv,2023-24,2023-24,49,Sonoma,70680,4970680,49706800000000,49706800000000,Forestville Union Elementary,Elementary,KG,08,General Assistance,6321 Highway 116,Forestville,95436,01,"41 - Rural, Fringe",38.473319970000006,-122.88811836999999,222,163,59,30,0,2,87,33
DistrictSites2324_-4467924829629724752.csv,2023-24,2023-24,49,Sonoma,70698,4970698,49706980000000,49706980000000,Fort Ross Elementary,Elementary,KG,08,General Assistance,30600 Seaview Rd.,Cazadero,95421,01,"42 - Rural, Distant",38.55666394,-123.26478143,15,0,15,3,0,0,10,2
DistrictSites2324_-4467924829629724752.csv,2023-24,2023-24,49,Sonoma,70706,4970706,49707060000000,49707060000000,Geyserville Unified,Unified,KG,12,General Assistance,1300 Moody Ln.,Geyserville,95441,01,"42 - Rural, Distant",38.72026898000001,-122.89059440000001,203,0,203,53,2,1,125,35
DistrictSites2324_-4467924829629724752.csv,2023-24,2023-24,49,Sonoma,70714,4970714,49707140000000,49707140000000,Gravenstein Union Elementary,Elementary,KG,08,General Assistance,725 Bloomfield Dr.,Sebastopol,95472,01,"31 - Town, Fringe",38.369894959999996,-122.80612934000001,810,767,43,44,2,22,245,83
DistrictSites2324_-4467924829629724752.csv,2023-24,2023-24,49,Sonoma,70722,4970722,49707220000000,49707220000000,Guerneville Elementary,Elementary,KG,12,General Assistance,14630 Armstrong Woods Rd.,Guerneville,95446,01,"42 - Rural, Distant",38.51139096,-122.99680339000001,361,342,19,25,3,10,253,60
DistrictSites2324_-4467924829629724752.csv,2023-24,2023-24,49,Sonoma,70730,4970730,49707300000000,49707300000000,Harmony Union Elementary,Elementary,KG,12,General Assistance,1935 Bohemian Hwy.,Occidental,95465,01,"42 - Rural, Distant",38.389426959999994,-122.93069436000002,573,511,62,15,0,6,224,76
DistrictSites2324_-4467924829629724752.csv,2023-24,2023-24,49,Sonoma,70763,4970763,49707630000000,49707630000000,Horicon Elementary,Elementary,KG,08,Differentiated Assistance,35555 Annapolis Rd.,Annapolis,95412,01,"43 - Rural, Remote",38.71800995,-123.36708847,74,0,74,17,0,0,56,17
DistrictSites2324_-4467924829629724752.csv,2023-24,2023-24,49,Sonoma,70789,4970789,49707890000000,49707890000000,Kenwood,Elementary,KG,06,General Assistance,230 Randolph Ave.,Kenwood,95452,01,"21 - Suburban, Large",38.415576990000005,-122.55375530999999,111,0,111,8,0,0,30,22
DistrictSites2324_-4467924829629724752.csv,2023-24,2023-24,49,Sonoma,70797,4970797,49707970000000,49707970000000,Liberty Elementary,Elementary,KG,12,General Assistance,170 Liberty School Rd.,Petaluma,94952,01,"41 - Rural, Fringe",38.27874596000001,-122.70620732,1685,1631,54,88,4,15,819,231
DistrictSites2324_-4467924829629724752.csv,2023-24,2023-24,49,Sonoma,70805,4970805,49708050000000,49708050000000,Mark West Union Elementary,Elementary,KG,08,Differentiated Assistance,305 Mark West Springs Rd.,Santa Rosa,95404,01,"21 - Suburban, Large",38.50137698,-122.74107235,1342,915,427,130,8,0,566,131
DistrictSites2324_-4467924829629724752.csv,2023-24,2023-24,49,Sonoma,70813,4970813,49708130000000,49708130000000,Monte Rio Union Elementary,Elementary,KG,08,Differentiated Assistance,20700 Foothill Dr.,Monte Rio,95462,01,"42 - Rural, Distant",38.471620959999996,-123.01512339000001,67,0,67,7,1,2,44,13
DistrictSites2324_-4467924829629724752.csv,2023-24,2023-24,49,Sonoma,70821,4970821,49708210000000,49708210000000,Montgomery Elementary,Elementary,KG,08,General Assistance,18620 Fort Ross Rd.,Cazadero,95421,01,"42 - Rural, Distant",38.53949896,-123.09203341,22,0,22,3,0,0,17,2
DistrictSites2324_-4467924829629724752.csv,2023-24,2023-24,49,Sonoma,70839,4970839,49708390000000,49708390000000,Oak Grove Union Elementary,Elementary,KG,12,General Assistance,5299 Hall Rd.,Santa Rosa,95401,01,"41 - Rural, Fringe",38.43813597000001,-122.80650134999999,1242,1137,105,74,7,13,490,202
DistrictSites2324_-4467924829629724752.csv,2023-24,2023-24,49,Sonoma,70847,4970847,49708470000000,49708470000000,Old Adobe Union,Elementary,KG,06,Differentiated Assistance,845 Crinella Dr.,Petaluma,94954,01,"13 - City, Small",38.24611097000001,-122.6107233,1963,1646,317,445,6,1,642,203
DistrictSites2324_-4467924829629724752.csv,2023-24,2023-24,49,Sonoma,70854,4970854,49708540000000,49708540000000,Petaluma City Elementary,Elementary,KG,12,NA,200 Douglas St.,Petaluma,94952,01,"13 - City, Small",38.22941597000001,-122.6442023,2457,727,1730,409,2,8,1068,510
DistrictSites2324_-4467924829629724752.csv,2023-24,2023-24,49,Sonoma,70862,4970862,49708620000000,49708620000000,Petaluma Joint Union High,High,KG,12,NA,200 Douglas St.,Petaluma,94952,01,"13 - City, Small",38.22941597000001,-122.6442023,4931,598,4333,346,17,20,2258,799
DistrictSites2324_-4467924829629724752.csv,2023-24,2023-24,49,Sonoma,70870,4970870,49708700000000,49708700000000,Piner-Olivet Union Elementary,Elementary,KG,12,Differentiated Assistance,3450 Coffey Ln.,Santa Rosa,95403,01,"12 - City, Midsize",38.47360298,-122.74616535000001,1247,981,266,261,2,10,740,125
DistrictSites2324_-4467924829629724752.csv,2023-24,2023-24,49,Sonoma,70888,4970888,49708880000000,49708880000000,Kashia Elementary,Elementary,KG,08,Differentiated Assistance,31510  Skaggs Springs Rd.,Stewarts Point,95480,01,"42 - Rural, Distant",38.656853940000005,-123.34205746,9,0,9,0,0,0,9,3
DistrictSites2324_-4467924829629724752.csv,2023-24,2023-24,49,Sonoma,70896,4970896,49708960000000,49708960000000,Rincon Valley Union Elementary,Elementary,KG,08,General Assistance,1000 Yulupa Ave.,Santa Rosa,95405,01,"12 - City, Midsize",38.44410098,-122.67466433,3112,1826,1286,394,16,19,1299,495
DistrictSites2324_-4467924829629724752.csv,2023-24,2023-24,49,Sonoma,70904,4970904,49709040000000,49709040000000,Roseland,Elementary,KG,12,General Assistance,1691 Burbank Ave.,Santa Rosa,95407,01,"12 - City, Midsize",38.420720970000005,-122.73520434000001,2730,1250,1480,1438,12,116,2368,363
DistrictSites2324_-4467924829629724752.csv,2023-24,2023-24,49,Sonoma,70912,4970912,49709120000000,49709120000000,Santa Rosa Elementary,Elementary,KG,08,NA,211 Ridgway Ave.,Santa Rosa,95401,01,"12 - City, Midsize",38.44951298000001,-122.72387334,4857,1809,3048,1821,18,123,2935,816
DistrictSites2324_-4467924829629724752.csv,2023-24,2023-24,49,Sonoma,70920,4970920,49709200000000,49709200000000,Santa Rosa High,High,KG,12,NA,211 Ridgway Ave.,Santa Rosa,95401,01,"12 - City, Midsize",38.44951298000001,-122.72387334,9941,129,9812,1455,50,160,4606,1750
DistrictSites2324_-4467924829629724752.csv,2023-24,2023-24,49,Sonoma,70938,4970938,49709380000000,49709380000000,Sebastopol Union Elementary,Elementary,KG,08,General Assistance,7611 Huntley St.,Sebastopol,95472,01,"31 - Town, Fringe",38.40043296,-122.83096035,731,284,447,63,5,9,352,83
DistrictSites2324_-4467924829629724752.csv,2023-24,2023-24,49,Sonoma,70953,4970953,49709530000000,49709530000000,Sonoma Valley Unified,Unified,KG,12,General Assistance,17850 Railroad Ave.,Sonoma,95476,01,"31 - Town, Fringe",38.314617979999994,-122.49469929000003,3572,443,3129,874,9,12,2056,588
DistrictSites2324_-4467924829629724752.csv,2023-24,2023-24,49,Sonoma,70961,4970961,49709610000000,49709610000000,Twin Hills Union Elementary,Elementary,KG,12,General Assistance,700 Watertrough Rd.,Sebastopol,95472,01,"41 - Rural, Fringe",38.38883396,-122.85243434999998,957,669,288,27,3,17,275,88
DistrictSites2324_-4467924829629724752.csv,2023-24,2023-24,49,Sonoma,70979,4970979,49709790000000,49709790000000,Two Rock Union,Elementary,KG,06,General Assistance,5001 Spring Hill Rd.,Petaluma,94952,01,"41 - Rural, Fringe",38.25509396,-122.77909432999999,126,0,126,36,0,0,58,16
DistrictSites2324_-4467924829629724752.csv,2023-24,2023-24,49,Sonoma,70995,4970995,49709950000000,49709950000000,Waugh Elementary,Elementary,KG,06,Differentiated Assistance,860 Maria Dr.,Petaluma,94954,01,"13 - City, Small",38.266071970000006,-122.64517830999998,791,0,791,43,0,0,116,75
DistrictSites2324_-4467924829629724752.csv,2023-24,2023-24,49,Sonoma,71001,4971001,49710010000000,49710010000000,West Side Union Elementary,Elementary,KG,06,General Assistance,1201 Felta Rd.,Healdsburg,95448,01,"41 - Rural, Fringe",38.579956970000005,-122.88328538,137,0,137,7,0,0,50,10
DistrictSites2324_-4467924829629724752.csv,2023-24,2023-24,49,Sonoma,71019,4971019,49710190000000,49710190000000,Wilmar Union Elementary,Elementary,KG,06,General Assistance,3775 Bodega Ave.,Petaluma,94952,01,"41 - Rural, Fringe",38.24440896,-122.68576230999997,223,0,223,15,0,0,49,21
DistrictSites2324_-4467924829629724752.csv,2023-24,2023-24,49,Sonoma,71035,4971035,49710350000000,49710350000000,Wright Elementary,Elementary,KG,08,Differentiated Assistance,4385 Price Ave.,Santa Rosa,95407,01,"12 - City, Midsize",38.419747969999996,-122.77233533999998,1263,461,802,470,7,54,982,161
DistrictSites2324_-4467924829629724752.csv,2023-24,2023-24,49,Sonoma,73882,4973882,49738820000000,49738820000000,Cotati-Rohnert Park Unified,Unified,KG,12,Differentiated Assistance,7165 Burton Ave.,Rohnert Park,94928,01,"21 - Suburban, Large",38.33870797,-122.69984131999999,6595,440,6155,1150,30,102,3031,930
DistrictSites2324_-4467924829629724752.csv,2023-24,2023-24,49,Sonoma,75358,4975358,49753580000000,49753580000000,Windsor Unified,Unified,KG,12,Differentiated Assistance,"9291 Old Redwood Hwy., Bldg. 500",Windsor,95492,01,"21 - Suburban, Large",38.55074098,-122.81560937,4678,1212,3466,814,22,74,2609,715
DistrictSites2324_-4467924829629724752.csv,2023-24,2023-24,49,Sonoma,75390,4975390,49753900000000,49753900000000,Healdsburg Unified,Unified,KG,12,General Assistance,1028 Prince St.,Healdsburg,95448,01,"21 - Suburban, Large",38.62307698000001,-122.86695938000001,1194,0,1194,201,9,9,841,185
DistrictSites2324_-4467924829629724752.csv,2023-24,2023-24,50,Stanislaus,10504,5010504,50105040000000,50105040000000,Stanislaus County Office of Education,County Office of Education (COE),KG,12,Differentiated Assistance,1100 H St.,Modesto,95354,06,"21 - Suburban, Large",37.639468040000004,-120.99621498000003,2291,1551,740,285,15,46,1361,576
DistrictSites2324_-4467924829629724752.csv,2023-24,2023-24,50,Stanislaus,71043,5071043,50710430000000,50710430000000,Ceres Unified,Unified,KG,12,Differentiated Assistance,2503 Lawrence St.,Ceres,95307,06,"21 - Suburban, Large",37.590625030000005,-120.94946397000002,14254,906,13348,4547,43,426,11645,1554
DistrictSites2324_-4467924829629724752.csv,2023-24,2023-24,50,Stanislaus,71050,5071050,50710500000000,50710500000000,Chatom Union,Elementary,KG,08,Differentiated Assistance,7201 Clayton Rd.,Turlock,95380,06,"41 - Rural, Fringe",37.48324203,-120.93124995000002,548,0,548,210,0,38,368,52
DistrictSites2324_-4467924829629724752.csv,2023-24,2023-24,50,Stanislaus,71068,5071068,50710680000000,50710680000000,Denair Unified,Unified,KG,12,Differentiated Assistance,3460 Lester Rd.,Denair,95316,06,"23 - Suburban, Small",37.526963040000005,-120.80210494,1273,711,562,276,3,109,885,142
DistrictSites2324_-4467924829629724752.csv,2023-24,2023-24,50,Stanislaus,71076,5071076,50710760000000,50710760000000,Empire Union Elementary,Elementary,KG,08,Differentiated Assistance,116 North McClure Rd.,Modesto,95357,06,"12 - City, Midsize",37.63921004000001,-120.92955697000001,2825,0,2825,725,10,177,2334,359
DistrictSites2324_-4467924829629724752.csv,2023-24,2023-24,50,Stanislaus,71084,5071084,50710840000000,50710840000000,Gratton Elementary,Elementary,KG,08,General Assistance,4500 South Gratton Rd,Denair,95316,06,"41 - Rural, Fringe",37.572584049999996,-120.79142994000003,139,117,22,8,0,0,31,7
DistrictSites2324_-4467924829629724752.csv,2023-24,2023-24,50,Stanislaus,71092,5071092,50710920000000,50710920000000,Hart-Ransom Union Elementary,Elementary,KG,12,Differentiated Assistance,3920 Shoemake Ave.,Modesto,95358,06,"41 - Rural, Fringe",37.66713203000001,-121.065602,1185,462,723,62,6,14,598,97
DistrictSites2324_-4467924829629724752.csv,2023-24,2023-24,50,Stanislaus,71100,5071100,50711000000000,50711000000000,Hickman Community Charter,Elementary,KG,08,General Assistance,13306 Fourth St.,Hickman,95323,06,"31 - Town, Fringe",37.62064505,-120.74875494000001,1048,1048,0,81,1,28,456,114
DistrictSites2324_-4467924829629724752.csv,2023-24,2023-24,50,Stanislaus,71134,5071134,50711340000000,50711340000000,Keyes Union,Elementary,KG,12,Differentiated Assistance,4801 Lucinda Ave.,Keyes,95328,06,"21 - Suburban, Large",37.55972203,-120.90429496000003,1056,354,702,284,2,5,736,135
DistrictSites2324_-4467924829629724752.csv,2023-24,2023-24,50,Stanislaus,71142,5071142,50711420000000,50711420000000,Knights Ferry Elementary,Elementary,KG,08,General Assistance,12726 Dent St.,Knights Ferry,95361,06,"42 - Rural, Distant",37.82074307,-120.67296694999999,119,0,119,5,0,0,26,9
DistrictSites2324_-4467924829629724752.csv,2023-24,2023-24,50,Stanislaus,71167,5071167,50711670000000,50711670000000,Modesto City Elementary,Elementary,KG,12,Differentiated Assistance,426 Locust St.,Modesto,95351,06,"12 - City, Midsize",37.63929504000001,-121.01248498000001,15270,1133,14137,5098,33,191,13007,1913
DistrictSites2324_-4467924829629724752.csv,2023-24,2023-24,50,Stanislaus,71175,5071175,50711750000000,50711750000000,Modesto City High,High,06,12,Differentiated Assistance,426 Locust St.,Modesto,95351,06,"12 - City, Midsize",37.63929504000001,-121.01248498000001,16161,621,15540,2691,46,90,11222,2082
DistrictSites2324_-4467924829629724752.csv,2023-24,2023-24,50,Stanislaus,71209,5071209,50712090000000,50712090000000,Paradise Elementary,Elementary,KG,08,General Assistance,3361 California Ave.,Modesto,95358,06,"41 - Rural, Fringe",37.624495030000006,-121.05506699,182,122,60,52,1,2,118,10
DistrictSites2324_-4467924829629724752.csv,2023-24,2023-24,50,Stanislaus,71217,5071217,50712170000000,50712170000000,Patterson Joint Unified,Unified,KG,12,Differentiated Assistance,510 Keystone Blvd.,Patterson,95363,06,"31 - Town, Fringe",37.47416901,-121.16088699,6138,0,6138,1981,24,171,4845,1041
DistrictSites2324_-4467924829629724752.csv,2023-24,2023-24,50,Stanislaus,71233,5071233,50712330000000,50712330000000,Roberts Ferry Union Elementary,Elementary,KG,08,General Assistance,101 Roberts Ferry Rd,Waterford,95386,06,"42 - Rural, Distant",37.63790806,-120.61919892,192,167,25,32,0,0,95,23
DistrictSites2324_-4467924829629724752.csv,2023-24,2023-24,50,Stanislaus,71266,5071266,50712660000000,50712660000000,Salida Union Elementary,Elementary,KG,08,General Assistance,4801 Sisk Rd.,Salida,95368,06,"21 - Suburban, Large",37.70763504000001,-121.078014,2990,880,2110,715,1,16,1971,316
DistrictSites2324_-4467924829629724752.csv,2023-24,2023-24,50,Stanislaus,71274,5071274,50712740000000,50712740000000,Shiloh Elementary,Elementary,KG,08,General Assistance,6633 Paradise Rd.,Modesto,95358,06,"41 - Rural, Fringe",37.609343020000004,-121.115681,178,154,24,56,0,0,112,20
DistrictSites2324_-4467924829629724752.csv,2023-24,2023-24,50,Stanislaus,71282,5071282,50712820000000,50712820000000,Stanislaus Union Elementary,Elementary,KG,08,Differentiated Assistance,2410 Janna Ave.,Modesto,95350,06,"12 - City, Midsize",37.67741404,-121.02872499,3297,0,3297,716,10,175,2462,351
DistrictSites2324_-4467924829629724752.csv,2023-24,2023-24,50,Stanislaus,71290,5071290,50712900000000,50712900000000,Sylvan Union Elementary,Elementary,KG,08,Differentiated Assistance,605 Sylvan Ave.,Modesto,95350,06,"12 - City, Midsize",37.689453040000004,-120.98566199000001,8013,0,8013,1241,15,99,4793,1104
DistrictSites2324_-4467924829629724752.csv,2023-24,2023-24,50,Stanislaus,71324,5071324,50713240000000,50713240000000,Valley Home Joint Elementary,Elementary,KG,08,Differentiated Assistance,13231 Pioneer Ave.,Valley Home,95361,06,"42 - Rural, Distant",37.83002405999999,-120.91563499000002,186,0,186,25,0,0,84,16
DistrictSites2324_-4467924829629724752.csv,2023-24,2023-24,50,Stanislaus,73601,5073601,50736010000000,50736010000000,Newman-Crows Landing Unified,Unified,KG,12,Differentiated Assistance,1223 Main St.,Newman,95360,06,"32 - Town, Distant",37.31656399999999,-121.02345294999999,3161,0,3161,1019,8,15,1910,478
DistrictSites2324_-4467924829629724752.csv,2023-24,2023-24,50,Stanislaus,75549,5075549,50755490000000,50755490000000,Hughson Unified,Unified,KG,12,General Assistance,7448 Fox Rd.,Hughson,95326,06,"21 - Suburban, Large",37.60153804000001,-120.85910496000001,2190,0,2190,360,7,14,1303,244
DistrictSites2324_-4467924829629724752.csv,2023-24,2023-24,50,Stanislaus,75556,5075556,50755560000000,50755560000000,Riverbank Unified,Unified,KG,12,Differentiated Assistance,6715 Seventh St.,Riverbank,95367,06,"21 - Suburban, Large",37.73683705,-120.92923498000002,2983,566,2417,1014,15,144,2510,261
DistrictSites2324_-4467924829629724752.csv,2023-24,2023-24,50,Stanislaus,75564,5075564,50755640000000,50755640000000,Oakdale Joint Unified,Unified,KG,12,Differentiated Assistance,168 South Third Ave.,Oakdale,95361,06,"31 - Town, Fringe",37.765285060000004,-120.84751097000002,5173,68,5105,587,18,23,2229,745
DistrictSites2324_-4467924829629724752.csv,2023-24,2023-24,50,Stanislaus,75572,5075572,50755720000000,50755720000000,Waterford Unified,Unified,KG,12,General Assistance,"219 North Reinway Ave., Bldg. 2",Waterford,95386,06,"31 - Town, Fringe",37.64011905,-120.77446095,2505,768,1737,460,4,30,1943,349
DistrictSites2324_-4467924829629724752.csv,2023-24,2023-24,50,Stanislaus,75739,5075739,50757390000000,50757390000000,Turlock Unified,Unified,KG,12,Differentiated Assistance,1574 East Canal,Turlock,95380,06,"23 - Suburban, Small",37.49966704,-120.83284494,13667,291,13376,3605,68,115,9024,1877
DistrictSites2324_-4467924829629724752.csv,2023-24,2023-24,51,Sutter,10512,5110512,51105120000000,51105120000000,Sutter County Office of Education,County Office of Education (COE),KG,12,General Assistance,970 Klamath Ln.,Yuba City,95993,03,"13 - City, Small",39.13916211000001,-121.65232226999998,472,132,340,73,1,6,325,348
DistrictSites2324_-4467924829629724752.csv,2023-24,2023-24,51,Sutter,71357,5171357,51713570000000,51713570000000,Brittan Elementary,Elementary,KG,08,General Assistance,2340 Pepper St.,Sutter,95982,03,"41 - Rural, Fringe",39.161948110000004,-121.74709128000002,495,0,495,13,2,1,206,65
DistrictSites2324_-4467924829629724752.csv,2023-24,2023-24,51,Sutter,71365,5171365,51713650000000,51713650000000,Browns Elementary,Elementary,KG,08,General Assistance,1248 Pacific Ave.,Rio Oso,95674,03,"41 - Rural, Fringe",38.94692811,-121.52387221999999,132,0,132,15,0,0,52,14
DistrictSites2324_-4467924829629724752.csv,2023-24,2023-24,51,Sutter,71373,5171373,51713730000000,51713730000000,East Nicolaus Joint Union High,High,09,12,General Assistance,2454 Nicolaus Ave.,Nicolaus,95659,03,"42 - Rural, Distant",38.91176211,-121.52681322000001,299,0,299,14,0,3,97,25
DistrictSites2324_-4467924829629724752.csv,2023-24,2023-24,51,Sutter,71381,5171381,51713810000000,51713810000000,Franklin Elementary,Elementary,KG,08,General Assistance,332 North Township Rd.,Yuba City,95993,03,"41 - Rural, Fringe",39.127979110000005,-121.68985126999999,505,0,505,40,4,3,160,51
DistrictSites2324_-4467924829629724752.csv,2023-24,2023-24,51,Sutter,71399,5171399,51713990000000,51713990000000,Live Oak Unified,Unified,KG,12,Differentiated Assistance,2201 Pennington Rd.,Live Oak,95953,03,"31 - Town, Fringe",39.27640212000001,-121.65457428,2026,0,2026,323,13,8,1565,289
DistrictSites2324_-4467924829629724752.csv,2023-24,2023-24,51,Sutter,71407,5171407,51714070000000,51714070000000,Marcum-Illinois Union Elementary,Elementary,KG,12,General Assistance,2452 El Centro Blvd.,East Nicolaus,95659,03,"42 - Rural, Distant",38.9114551,-121.54284322000001,2667,2485,182,204,2,27,1043,274
DistrictSites2324_-4467924829629724752.csv,2023-24,2023-24,51,Sutter,71415,5171415,51714150000000,51714150000000,Meridian Elementary,Elementary,KG,12,General Assistance,15898 Central St.,Meridian,95957,03,"42 - Rural, Distant",39.14192009,-121.9099753,1530,1467,63,106,2,49,1083,228
DistrictSites2324_-4467924829629724752.csv,2023-24,2023-24,51,Sutter,71423,5171423,51714230000000,51714230000000,Nuestro Elementary,Elementary,KG,12,General Assistance,3934 Broadway Rd.,Live Oak,95953,03,"41 - Rural, Fringe",39.18739112,-121.67916928000001,813,642,171,40,3,12,374,75
DistrictSites2324_-4467924829629724752.csv,2023-24,2023-24,51,Sutter,71431,5171431,51714310000000,51714310000000,Pleasant Grove Joint Union,Elementary,KG,08,General Assistance,3075 Howsley Rd.,Pleasant Grove,95668,03,"42 - Rural, Distant",38.8233891,-121.50409920000001,157,0,157,14,0,5,65,14
DistrictSites2324_-4467924829629724752.csv,2023-24,2023-24,51,Sutter,71449,5171449,51714490000000,51714490000000,Sutter Union High,High,09,12,General Assistance,2665 Acacia St.,Sutter,95982,03,"41 - Rural, Fringe",39.16572011000001,-121.75503628,795,0,795,26,1,20,246,70
DistrictSites2324_-4467924829629724752.csv,2023-24,2023-24,51,Sutter,71456,5171456,51714560000000,51714560000000,Winship-Robbins,Elementary,KG,12,General Assistance,17451 Pepper St.,Robbins,95676,03,"42 - Rural, Distant",38.87145708999999,-121.70175024000001,2662,2562,100,218,1,60,1055,204
DistrictSites2324_-4467924829629724752.csv,2023-24,2023-24,51,Sutter,71464,5171464,51714640000000,51714640000000,Yuba City Unified,Unified,KG,12,Differentiated Assistance,"425 Plumas Blvd, Suite 200",Yuba City,95991,03,"13 - City, Small",39.13107612,-121.61353826,12211,750,11461,2636,49,164,8584,1417
DistrictSites2324_-4467924829629724752.csv,2023-24,2023-24,52,Tehama,10520,5210520,52105200000000,52105200000000,Tehama County Department of Education,County Office of Education (COE),KG,12,General Assistance,1135 Lincoln St.,Red Bluff,96080,02,"32 - Town, Distant",40.17831615000001,-122.24550550000001,250,184,66,13,6,21,184,94
DistrictSites2324_-4467924829629724752.csv,2023-24,2023-24,52,Tehama,71472,5271472,52714720000000,52714720000000,Antelope Elementary,Elementary,KG,08,General Assistance,22630 Antelope Blvd.,Red Bluff,96080,02,"32 - Town, Distant",40.18635315,-122.19415849,798,94,704,43,8,13,388,102
DistrictSites2324_-4467924829629724752.csv,2023-24,2023-24,52,Tehama,71498,5271498,52714980000000,52714980000000,Corning Union Elementary,Elementary,KG,08,General Assistance,1005 Hoag St.,Corning,96021,02,"32 - Town, Distant",39.92559013000001,-122.18597044999999,1954,0,1954,830,10,125,1768,266
DistrictSites2324_-4467924829629724752.csv,2023-24,2023-24,52,Tehama,71506,5271506,52715060000000,52715060000000,Corning Union High,High,09,12,Differentiated Assistance,643 Blackburn Ave.,Corning,96021,02,"32 - Town, Distant",39.93460214,-122.17269244999999,1057,0,1057,277,12,31,872,153
DistrictSites2324_-4467924829629724752.csv,2023-24,2023-24,52,Tehama,71522,5271522,52715220000000,52715220000000,Evergreen Union,Elementary,KG,12,General Assistance,19500 Learning Way,Cottonwood,96022,02,"41 - Rural, Fringe",40.35801915,-122.33149654,1197,152,1045,52,16,71,677,131
DistrictSites2324_-4467924829629724752.csv,2023-24,2023-24,52,Tehama,71530,5271530,52715300000000,52715300000000,Flournoy Union Elementary,Elementary,KG,08,General Assistance,15850 Paskenta Rd.,Flournoy,96029,02,"43 - Rural, Remote",39.92144911,-122.44764649000003,39,0,39,0,0,0,24,5
DistrictSites2324_-4467924829629724752.csv,2023-24,2023-24,52,Tehama,71548,5271548,52715480000000,52715480000000,Gerber Union Elementary,Elementary,KG,08,General Assistance,23014 Chard Ave.,Gerber,96035,02,"42 - Rural, Distant",40.06958015,-122.18043447,410,0,410,140,1,22,353,67
DistrictSites2324_-4467924829629724752.csv,2023-24,2023-24,52,Tehama,71555,5271555,52715550000000,52715550000000,Kirkwood Elementary,Elementary,KG,08,General Assistance,2049 Kirkwood Rd.,Corning,96021,02,"42 - Rural, Distant",39.85677513,-122.16304444000001,103,0,103,6,0,8,45,11
DistrictSites2324_-4467924829629724752.csv,2023-24,2023-24,52,Tehama,71563,5271563,52715630000000,52715630000000,Lassen View Union Elementary,Elementary,KG,08,General Assistance,10818 Highway 99-E,Los Molinos,96055,02,"42 - Rural, Distant",40.10707915,-122.10772247,367,0,367,13,0,18,191,39
DistrictSites2324_-4467924829629724752.csv,2023-24,2023-24,52,Tehama,71571,5271571,52715710000000,52715710000000,Los Molinos Unified,Unified,KG,12,General Assistance,7851 Highway 99-E,Los Molinos,96055,02,"42 - Rural, Distant",40.024367149999996,-122.10037244999998,519,0,519,113,5,7,380,74
DistrictSites2324_-4467924829629724752.csv,2023-24,2023-24,52,Tehama,71621,5271621,52716210000000,52716210000000,Red Bluff Union Elementary,Elementary,KG,08,Differentiated Assistance,"1755 Airport Blvd., Administration Bldg.",Red Bluff,96080,02,"32 - Town, Distant",40.156468149999995,-122.25017449,1893,0,1893,262,19,86,1531,268
DistrictSites2324_-4467924829629724752.csv,2023-24,2023-24,52,Tehama,71639,5271639,52716390000000,52716390000000,Red Bluff Joint Union High,High,09,12,Differentiated Assistance,1525 Douglass St.,Red Bluff,96080,02,"41 - Rural, Fringe",40.17806015,-122.25236149999999,1709,0,1709,116,18,81,1380,258
DistrictSites2324_-4467924829629724752.csv,2023-24,2023-24,52,Tehama,71647,5271647,52716470000000,52716470000000,Reeds Creek Elementary,Elementary,KG,08,General Assistance,18335 Johnson Rd.,Red Bluff,96080,02,"42 - Rural, Distant",40.15614414,-122.35529451,190,0,190,4,4,2,96,25
DistrictSites2324_-4467924829629724752.csv,2023-24,2023-24,52,Tehama,71654,5271654,52716540000000,52716540000000,Richfield Elementary,Elementary,KG,08,General Assistance,23875 River Rd.,Corning,96021,02,"42 - Rural, Distant",39.974461139999995,-122.14475545,263,0,263,67,0,1,140,32
DistrictSites2324_-4467924829629724752.csv,2023-24,2023-24,53,Trinity,10538,5310538,53105380000000,53105380000000,Trinity County Office of Education,County Office of Education (COE),KG,12,General Assistance,201 Memorial Dr.,Weaverville,96093,02,"43 - Rural, Remote",40.736820130000005,-122.94757768000002,108,108,0,1,17,13,96,26
DistrictSites2324_-4467924829629724752.csv,2023-24,2023-24,53,Trinity,71662,5371662,53716620000000,53716620000000,Burnt Ranch Elementary,Elementary,KG,08,General Assistance,251 Burnt Ranch School Rd.,Burnt Ranch,95527,02,"43 - Rural, Remote",40.80895409,-123.47973276999998,85,0,85,0,0,4,66,12
DistrictSites2324_-4467924829629724752.csv,2023-24,2023-24,53,Trinity,71670,5371670,53716700000000,53716700000000,Coffee Creek Elementary,Elementary,KG,08,General Assistance,261 Coffee Creek Rd. Box 4740,Coffee Creek,96091,02,"43 - Rural, Remote",41.085684179999994,-122.71187370000001,8,0,8,0,0,0,4,0
DistrictSites2324_-4467924829629724752.csv,2023-24,2023-24,53,Trinity,71696,5371696,53716960000000,53716960000000,Douglas City Elementary,Elementary,KG,08,General Assistance,100 School Rd.,Douglas City,96024,02,"43 - Rural, Remote",40.652805130000004,-122.94391367000003,165,0,165,10,1,7,84,25
DistrictSites2324_-4467924829629724752.csv,2023-24,2023-24,53,Trinity,71738,5371738,53717380000000,53717380000000,Junction City Elementary,Elementary,KG,08,General Assistance,430 Red Hill Rd.,Junction City,96048,02,"43 - Rural, Remote",40.733293120000006,-123.0594567,72,0,72,0,0,11,55,7
DistrictSites2324_-4467924829629724752.csv,2023-24,2023-24,53,Trinity,71746,5371746,53717460000000,53717460000000,Lewiston Elementary,Elementary,KG,08,General Assistance,685 Lewiston Rd.,Lewiston,96052,02,"42 - Rural, Distant",40.699947140000006,-122.81326066000003,66,0,66,0,0,16,42,7
DistrictSites2324_-4467924829629724752.csv,2023-24,2023-24,53,Trinity,71761,5371761,53717610000000,53717610000000,Trinity Center Elementary,Elementary,KG,08,General Assistance,1 Trinity Vista Dr.,Trinity Center,96091,02,"43 - Rural, Remote",40.98320716999999,-122.70679368000002,14,0,14,0,0,2,12,1
DistrictSites2324_-4467924829629724752.csv,2023-24,2023-24,53,Trinity,73833,5373833,53738330000000,53738330000000,Southern Trinity Joint Unified,Unified,KG,12,General Assistance,680 Van Duzen Rd.,Mad River,95526,02,"43 - Rural, Remote",40.45537506,-123.52877572999998,77,0,77,0,0,9,44,6
DistrictSites2324_-4467924829629724752.csv,2023-24,2023-24,53,Trinity,75028,5375028,53750280000000,53750280000000,Mountain Valley Unified,Unified,KG,12,General Assistance,231 Oak Ave.,Hayfork,96041,02,"43 - Rural, Remote",40.55109709999999,-123.17115969000001,340,0,340,34,0,74,292,53
DistrictSites2324_-4467924829629724752.csv,2023-24,2023-24,53,Trinity,76513,5376513,53765130000000,53765130000000,Trinity Alps Unified,Unified,KG,12,Differentiated Assistance,321 Victory Ln.,Weaverville,96093,02,"43 - Rural, Remote",40.73965813000001,-122.94780468000003,657,0,657,6,14,53,465,107
DistrictSites2324_-4467924829629724752.csv,2023-24,2023-24,54,Tulare,10546,5410546,54105460000000,54105460000000,Tulare County Office of Education,County Office of Education (COE),KG,12,General Assistance,6200 South Mooney Blvd.,Visalia,93277,07,"12 - City, Midsize",36.27431302000001,-119.31165157000001,3523,2354,1169,274,24,31,2053,1370
DistrictSites2324_-4467924829629724752.csv,2023-24,2023-24,54,Tulare,71795,5471795,54717950000000,54717950000000,Allensworth Elementary,Elementary,KG,08,Differentiated Assistance,3320 Young Rd.,Allensworth,93219,07,"42 - Rural, Distant",35.85470098,-119.39112254000001,101,0,101,48,1,0,94,6
DistrictSites2324_-4467924829629724752.csv,2023-24,2023-24,54,Tulare,71803,5471803,54718030000000,54718030000000,Alpaugh Unified,Unified,KG,12,General Assistance,5313 Road 39,Alpaugh,93201,07,"42 - Rural, Distant",35.886457969999995,-119.48660456000002,1236,867,369,207,6,33,897,183
DistrictSites2324_-4467924829629724752.csv,2023-24,2023-24,54,Tulare,71811,5471811,54718110000000,54718110000000,Alta Vista Elementary,Elementary,KG,12,General Assistance,2293 East Crabtree Ave.,Porterville,93257,07,"23 - Suburban, Small",36.058353030000006,-118.96612149000002,1687,1167,520,284,11,71,1029,165
DistrictSites2324_-4467924829629724752.csv,2023-24,2023-24,54,Tulare,71829,5471829,54718290000000,54718290000000,Buena Vista Elementary,Elementary,KG,08,General Assistance,21660 Road 60,Tulare,93274,07,"41 - Rural, Fringe",36.18256101,-119.43879358000001,180,0,180,28,2,0,138,19
DistrictSites2324_-4467924829629724752.csv,2023-24,2023-24,54,Tulare,71837,5471837,54718370000000,54718370000000,Burton Elementary,Elementary,KG,12,General Assistance,264 North Westwood St.,Porterville,93257,07,"23 - Suburban, Small",36.07169302,-119.07058750999998,4844,2426,2418,753,27,163,3896,371
DistrictSites2324_-4467924829629724752.csv,2023-24,2023-24,54,Tulare,71852,5471852,54718520000000,54718520000000,Columbine Elementary,Elementary,KG,08,General Assistance,2240 Road 160,Delano,93215,07,"42 - Rural, Distant",35.83116799,-119.21397551,175,0,175,11,0,0,104,9
DistrictSites2324_-4467924829629724752.csv,2023-24,2023-24,54,Tulare,71860,5471860,54718600000000,54718600000000,Cutler-Orosi Joint Unified,Unified,KG,12,General Assistance,12623 Avenue 416,Orosi,93647,07,"32 - Town, Distant",36.54435305,-119.29091759,3825,0,3825,1575,23,179,3648,362
DistrictSites2324_-4467924829629724752.csv,2023-24,2023-24,54,Tulare,71894,5471894,54718940000000,54718940000000,Ducor Union Elementary,Elementary,KG,08,General Assistance,23761 Avenue 56,Ducor,93218,07,"42 - Rural, Distant",35.891109,-119.04126748000003,160,0,160,71,0,0,113,9
DistrictSites2324_-4467924829629724752.csv,2023-24,2023-24,54,Tulare,71902,5471902,54719020000000,54719020000000,Earlimart Elementary,Elementary,KG,08,General Assistance,785 East Center Ave.,Earlimart,93219,07,"32 - Town, Distant",35.88573499,-119.26899452,1391,0,1391,797,5,19,1303,84
DistrictSites2324_-4467924829629724752.csv,2023-24,2023-24,54,Tulare,71944,5471944,54719440000000,54719440000000,Hope Elementary,Elementary,KG,08,General Assistance,613 West Teapot Dome Ave.,Porterville,93257,07,"41 - Rural, Fringe",36.02192102,-119.03189249,219,0,219,37,1,0,144,12
DistrictSites2324_-4467924829629724752.csv,2023-24,2023-24,54,Tulare,71951,5471951,54719510000000,54719510000000,Hot Springs Elementary,Elementary,KG,08,General Assistance,40505 Hot Springs Dr.,California Hot Springs,93207,07,"42 - Rural, Distant",35.871217019999996,-118.70282643,13,0,13,0,1,0,13,0
DistrictSites2324_-4467924829629724752.csv,2023-24,2023-24,54,Tulare,71969,5471969,54719690000000,54719690000000,Kings River Union Elementary,Elementary,KG,08,General Assistance,3961 Avenue 400,Kingsburg,93631,07,"42 - Rural, Distant",36.51675104,-119.48583262,401,0,401,188,5,27,364,37
DistrictSites2324_-4467924829629724752.csv,2023-24,2023-24,54,Tulare,71985,5471985,54719850000000,54719850000000,Liberty Elementary,Elementary,KG,08,General Assistance,1771 East Pacific Ave.,Tulare,93274,07,"23 - Suburban, Small",36.246939020000006,-119.32112757,819,0,819,49,0,3,367,46
DistrictSites2324_-4467924829629724752.csv,2023-24,2023-24,54,Tulare,71993,5471993,54719930000000,54719930000000,Lindsay Unified,Unified,KG,12,Differentiated Assistance,371 East Hermosa St.,Lindsay,93247,07,"31 - Town, Fringe",36.206695030000006,-119.08845251999999,3987,43,3944,1298,20,356,3532,386
DistrictSites2324_-4467924829629724752.csv,2023-24,2023-24,54,Tulare,72009,5472009,54720090000000,54720090000000,Monson-Sultana Joint Union Elementary,Elementary,KG,08,General Assistance,10643 Ave. 416,Sultana,93666,07,"41 - Rural, Fringe",36.54440404999999,-119.3351736,433,0,433,165,2,16,378,36
DistrictSites2324_-4467924829629724752.csv,2023-24,2023-24,54,Tulare,72017,5472017,54720170000000,54720170000000,Oak Valley Union Elementary,Elementary,KG,08,General Assistance,24500 Road 68,Tulare,93274,07,"41 - Rural, Fringe",36.23388401,-119.42038558,574,0,574,125,5,10,425,42
DistrictSites2324_-4467924829629724752.csv,2023-24,2023-24,54,Tulare,72025,5472025,54720250000000,54720250000000,Outside Creek Elementary,Elementary,KG,08,General Assistance,26452 Road 164,Visalia,93292,07,"41 - Rural, Fringe",36.26953403000001,-119.20679355,141,0,141,43,1,0,94,11
DistrictSites2324_-4467924829629724752.csv,2023-24,2023-24,54,Tulare,72033,5472033,54720330000000,54720330000000,Palo Verde Union Elementary,Elementary,KG,08,General Assistance,9637 Avenue 196,Tulare,93274,07,"41 - Rural, Fringe",36.14516201000001,-119.35700056,502,0,502,206,6,16,447,30
DistrictSites2324_-4467924829629724752.csv,2023-24,2023-24,54,Tulare,72041,5472041,54720410000000,54720410000000,Pixley Union Elementary,Elementary,KG,08,General Assistance,300 North School St.,Pixley,93256,07,"42 - Rural, Distant",35.973253,-119.28056153,861,0,861,381,1,124,836,58
DistrictSites2324_-4467924829629724752.csv,2023-24,2023-24,54,Tulare,72058,5472058,54720580000000,54720580000000,Pleasant View Elementary,Elementary,KG,08,Differentiated Assistance,14004 Road 184,Porterville,93257,07,"41 - Rural, Fringe",36.04389501,-119.16066152,454,0,454,237,4,23,407,25
DistrictSites2324_-4467924829629724752.csv,2023-24,2023-24,54,Tulare,72082,5472082,54720820000000,54720820000000,Richgrove Elementary,Elementary,KG,08,General Assistance,20812 Grove Dr.,Richgrove,93261,07,"42 - Rural, Distant",35.80035899000001,-119.10623849,498,0,498,280,0,2,478,36
DistrictSites2324_-4467924829629724752.csv,2023-24,2023-24,54,Tulare,72090,5472090,54720900000000,54720900000000,Rockford Elementary,Elementary,KG,08,General Assistance,14983 Road 208,Porterville,93257,07,"41 - Rural, Fringe",36.06161402,-119.10797050999999,282,0,282,43,1,14,157,15
DistrictSites2324_-4467924829629724752.csv,2023-24,2023-24,54,Tulare,72108,5472108,54721080000000,54721080000000,Saucelito Elementary,Elementary,KG,08,General Assistance,17615 Avenue 104,Terra Bella,93270,07,"42 - Rural, Distant",35.978506,-119.17847250999996,71,0,71,16,1,0,63,4
DistrictSites2324_-4467924829629724752.csv,2023-24,2023-24,54,Tulare,72116,5472116,54721160000000,54721160000000,Sequoia Union Elementary,Elementary,KG,08,General Assistance,23958 Avenue 324,Lemon Cove,93244,07,"42 - Rural, Distant",36.37575805,-119.03710353000001,384,348,36,37,1,1,166,28
DistrictSites2324_-4467924829629724752.csv,2023-24,2023-24,54,Tulare,72132,5472132,54721320000000,54721320000000,Springville Union Elementary,Elementary,KG,08,General Assistance,35424 Ward Ave.,Springville,93265,07,"42 - Rural, Distant",36.13017904000001,-118.82277246999998,329,0,329,8,1,0,157,18
DistrictSites2324_-4467924829629724752.csv,2023-24,2023-24,54,Tulare,72140,5472140,54721400000000,54721400000000,Stone Corral Elementary,Elementary,KG,12,Differentiated Assistance,15590 Avenue 383,Visalia,93292,07,"42 - Rural, Distant",36.48447504999999,-119.22393156999999,869,757,112,181,29,17,740,119
DistrictSites2324_-4467924829629724752.csv,2023-24,2023-24,54,Tulare,72157,5472157,54721570000000,54721570000000,Strathmore Union Elementary,Elementary,KG,08,Differentiated Assistance,19811 Orange Belt Dr.,Strathmore,93267,07,"41 - Rural, Fringe",36.149230030000005,-119.06291051,697,0,697,288,1,2,653,49
DistrictSites2324_-4467924829629724752.csv,2023-24,2023-24,54,Tulare,72173,5472173,54721730000000,54721730000000,Sundale Union Elementary,Elementary,KG,08,General Assistance,13990 Avenue 240,Tulare,93274,07,"41 - Rural, Fringe",36.22655702000001,-119.26095955000001,844,0,844,83,7,39,328,54
DistrictSites2324_-4467924829629724752.csv,2023-24,2023-24,54,Tulare,72181,5472181,54721810000000,54721810000000,Sunnyside Union Elementary,Elementary,KG,08,General Assistance,21644 Avenue 196,Strathmore,93267,07,"41 - Rural, Fringe",36.14602802,-119.08872251999999,302,0,302,116,4,4,281,19
DistrictSites2324_-4467924829629724752.csv,2023-24,2023-24,54,Tulare,72199,5472199,54721990000000,54721990000000,Terra Bella Union Elementary,Elementary,KG,08,General Assistance,9121 Road 240,Terra Bella,93270,07,"42 - Rural, Distant",35.95522301,-119.03687848999999,754,0,754,518,5,0,709,94
DistrictSites2324_-4467924829629724752.csv,2023-24,2023-24,54,Tulare,72207,5472207,54722070000000,54722070000000,Three Rivers Union Elementary,Elementary,KG,08,General Assistance,41932 Sierra Dr.,Three Rivers,93271,07,"42 - Rural, Distant",36.44248406999999,-118.90291751,90,0,90,4,0,0,42,9
DistrictSites2324_-4467924829629724752.csv,2023-24,2023-24,54,Tulare,72215,5472215,54722150000000,54722150000000,Tipton Elementary,Elementary,KG,08,General Assistance,370 North Evans Rd.,Tipton,93272,07,"42 - Rural, Distant",36.06188399999999,-119.30978053999999,501,0,501,302,2,28,466,27
DistrictSites2324_-4467924829629724752.csv,2023-24,2023-24,54,Tulare,72223,5472223,54722230000000,54722230000000,Traver Joint Elementary,Elementary,KG,08,General Assistance,36736 Canal Dr.,Traver,93673,07,"42 - Rural, Distant",36.45771303,-119.48179961000001,245,0,245,141,0,0,219,18
DistrictSites2324_-4467924829629724752.csv,2023-24,2023-24,54,Tulare,72231,5472231,54722310000000,54722310000000,Tulare City,Elementary,KG,08,Differentiated Assistance,600 North Cherry St.,Tulare,93274,07,"23 - Suburban, Small",36.217119020000005,-119.33733656,9253,0,9253,2448,94,453,7241,952
DistrictSites2324_-4467924829629724752.csv,2023-24,2023-24,54,Tulare,72249,5472249,54722490000000,54722490000000,Tulare Joint Union High,High,09,12,Differentiated Assistance,426 North Blackstone,Tulare,93274,07,"23 - Suburban, Small",36.21387602,-119.33062356000002,5673,360,5313,667,50,87,4661,552
DistrictSites2324_-4467924829629724752.csv,2023-24,2023-24,54,Tulare,72256,5472256,54722560000000,54722560000000,Visalia Unified,Unified,KG,12,Differentiated Assistance,5000 West Cypress Ave.,Visalia,93277,07,"12 - City, Midsize",36.32430603,-119.34613858,28893,1382,27511,4168,233,778,19003,3634
DistrictSites2324_-4467924829629724752.csv,2023-24,2023-24,54,Tulare,72264,5472264,54722640000000,54722640000000,Waukena Joint Union Elementary,Elementary,KG,08,Differentiated Assistance,19113 Road 28,Tulare,93274,07,"42 - Rural, Distant",36.135671,-119.51020459000001,223,0,223,100,1,4,192,20
DistrictSites2324_-4467924829629724752.csv,2023-24,2023-24,54,Tulare,72298,5472298,54722980000000,54722980000000,Woodville Union Elementary,Elementary,KG,08,General Assistance,16541 Road 168,Porterville,93257,07,"42 - Rural, Distant",36.08884601,-119.19791153,390,0,390,215,2,0,380,21
DistrictSites2324_-4467924829629724752.csv,2023-24,2023-24,54,Tulare,75325,5475325,54753250000000,54753250000000,Farmersville Unified,Unified,KG,12,Differentiated Assistance,571 East Citrus,Farmersville,93223,07,"41 - Rural, Fringe",36.307451029999996,-119.20241854999999,2405,0,2405,891,15,27,2076,197
DistrictSites2324_-4467924829629724752.csv,2023-24,2023-24,54,Tulare,75523,5475523,54755230000000,54755230000000,Porterville Unified,Unified,KG,12,Differentiated Assistance,600 West Grand Ave.,Porterville,93257,07,"23 - Suburban, Small",36.07745802,-119.0313605,13963,1278,12685,3667,86,136,10226,1162
DistrictSites2324_-4467924829629724752.csv,2023-24,2023-24,54,Tulare,75531,5475531,54755310000000,54755310000000,Dinuba Unified,Unified,KG,12,General Assistance,1327 East El Monte Way,Dinuba,93618,07,"32 - Town, Distant",36.54590805,-119.3809226,6313,0,6313,1901,30,49,5254,484
DistrictSites2324_-4467924829629724752.csv,2023-24,2023-24,54,Tulare,76794,5476794,54767940000000,54767940000000,Woodlake Unified,Unified,KG,12,General Assistance,300 West Whitney Ave.,Woodlake,93286,07,"31 - Town, Fringe",36.419599049999995,-119.10136254999999,2085,0,2085,539,20,15,1908,135
DistrictSites2324_-4467924829629724752.csv,2023-24,2023-24,54,Tulare,76836,5476836,54768360000000,54768360000000,Exeter Unified,Unified,KG,12,Differentiated Assistance,215 North Crespi Ave.,Exeter,93221,07,"31 - Town, Fringe",36.29965904000001,-119.13217954,2610,0,2610,426,11,40,1756,285
DistrictSites2324_-4467924829629724752.csv,2023-24,2023-24,55,Tuolumne,10553,5510553,55105530000000,55105530000000,Tuolumne County Superintendent of Schools,County Office of Education (COE),KG,12,General Assistance,175 Fairview Ln.,Sonora,95370,06,"33 - Town, Remote",37.97904511,-120.39128993000001,60,0,60,0,2,4,47,48
DistrictSites2324_-4467924829629724752.csv,2023-24,2023-24,55,Tuolumne,72306,5572306,55723060000000,55723060000000,Belleview Elementary,Elementary,KG,08,General Assistance,22736 Kuien Mill Rd.,Sonora,95370,06,"41 - Rural, Fringe",38.03502512000001,-120.27208390999999,167,0,167,2,1,5,81,28
DistrictSites2324_-4467924829629724752.csv,2023-24,2023-24,55,Tuolumne,72348,5572348,55723480000000,55723480000000,Columbia Union,Elementary,KG,08,Differentiated Assistance,22540 Parrotts Ferry Rd.,Columbia,95310,06,"41 - Rural, Fringe",38.03138611,-120.40705493000002,453,0,453,12,2,4,252,59
DistrictSites2324_-4467924829629724752.csv,2023-24,2023-24,55,Tuolumne,72355,5572355,55723550000000,55723550000000,Curtis Creek Elementary,Elementary,KG,08,Differentiated Assistance,18755 Standard Rd.,Sonora,95370,06,"41 - Rural, Fringe",37.96342111,-120.30811691,422,0,422,13,2,16,236,54
DistrictSites2324_-4467924829629724752.csv,2023-24,2023-24,55,Tuolumne,72363,5572363,55723630000000,55723630000000,Jamestown Elementary,Elementary,KG,08,General Assistance,18299 Fifth Ave.,Jamestown,95327,06,"33 - Town, Remote",37.95495611,-120.41763093000002,410,0,410,35,3,14,273,75
DistrictSites2324_-4467924829629724752.csv,2023-24,2023-24,55,Tuolumne,72371,5572371,55723710000000,55723710000000,Sonora Elementary,Elementary,KG,08,General Assistance,830 Greenley Rd.,Sonora,95370,06,"33 - Town, Remote",37.980266109999995,-120.37030492,693,0,693,26,4,45,327,130
DistrictSites2324_-4467924829629724752.csv,2023-24,2023-24,55,Tuolumne,72389,5572389,55723890000000,55723890000000,Sonora Union High,High,09,12,Differentiated Assistance,100 School St.,Sonora,95370,06,"33 - Town, Remote",37.989918110000005,-120.38567792999999,1092,0,1092,27,6,18,463,191
DistrictSites2324_-4467924829629724752.csv,2023-24,2023-24,55,Tuolumne,72397,5572397,55723970000000,55723970000000,Soulsbyville Elementary,Elementary,KG,08,General Assistance,20300 Soulsbyville Rd.,Soulsbyville,95372,06,"33 - Town, Remote",37.98989512,-120.26551691,473,0,473,3,3,23,212,63
DistrictSites2324_-4467924829629724752.csv,2023-24,2023-24,55,Tuolumne,72405,5572405,55724050000000,55724050000000,Summerville Elementary,Elementary,KG,08,General Assistance,18451 Carter St.,Tuolumne,95379,06,"41 - Rural, Fringe",37.95676012,-120.2358319,458,0,458,3,2,21,245,82
DistrictSites2324_-4467924829629724752.csv,2023-24,2023-24,55,Tuolumne,72413,5572413,55724130000000,55724130000000,Summerville Union High,High,KG,12,General Assistance,17555 Tuolumne Rd.,Tuolumne,95379,06,"41 - Rural, Fringe",37.961519120000006,-120.2554279,1091,590,501,7,2,11,500,107
DistrictSites2324_-4467924829629724752.csv,2023-24,2023-24,55,Tuolumne,72421,5572421,55724210000000,55724210000000,Twain Harte,Elementary,KG,08,General Assistance,18815 Manzanita Dr.,Twain Harte,95383,06,"33 - Town, Remote",38.03892013000001,-120.22740691,236,0,236,0,8,4,132,28
DistrictSites2324_-4467924829629724752.csv,2023-24,2023-24,55,Tuolumne,75184,5575184,55751840000000,55751840000000,Big Oak Flat-Groveland Unified,Unified,KG,12,General Assistance,19177 Hwy 120,Groveland,95321,06,"42 - Rural, Distant",37.83525411,-120.22064688,248,0,248,14,0,11,110,43
DistrictSites2324_-4467924829629724752.csv,2023-24,2023-24,56,Ventura,10561,5610561,56105610000000,56105610000000,Ventura County Office of Education,County Office of Education (COE),KG,12,General Assistance,5189 Verdugo Way,Camarillo,93012,08,"13 - City, Small",34.214484829999996,-118.99941333000001,3492,2891,601,387,34,110,1875,1023
DistrictSites2324_-4467924829629724752.csv,2023-24,2023-24,56,Ventura,72447,5672447,56724470000000,56724470000000,Briggs Elementary,Elementary,KG,08,Differentiated Assistance,12465 Foothill Rd.,Santa Paula,93036,08,"41 - Rural, Fringe",34.32845583000001,-119.14156636000001,479,0,479,172,0,21,306,41
DistrictSites2324_-4467924829629724752.csv,2023-24,2023-24,56,Ventura,72454,5672454,56724540000000,56724540000000,Fillmore Unified,Unified,KG,12,General Assistance,627 Sespe Ave.,Fillmore,93015,08,"31 - Town, Fringe",34.400783849999996,-118.91733133,3694,0,3694,854,8,127,2854,566
DistrictSites2324_-4467924829629724752.csv,2023-24,2023-24,56,Ventura,72462,5672462,56724620000000,56724620000000,Hueneme Elementary,Elementary,KG,08,General Assistance,205 North Ventura Rd.,Port Hueneme,93041,08,"12 - City, Midsize",34.14945181,-119.19584334999999,7022,0,7022,3024,11,758,5963,1016
DistrictSites2324_-4467924829629724752.csv,2023-24,2023-24,56,Ventura,72470,5672470,56724700000000,56724700000000,Mesa Union Elementary,Elementary,KG,12,General Assistance,3901 North Mesa School Rd.,Somis,93066,08,"41 - Rural, Fringe",34.262413830000014,-119.09459035,1080,502,578,91,4,1,410,88
DistrictSites2324_-4467924829629724752.csv,2023-24,2023-24,56,Ventura,72504,5672504,56725040000000,56725040000000,Mupu Elementary,Elementary,KG,08,General Assistance,4410 North Ojai Rd.,Santa Paula,93060,08,"31 - Town, Fringe",34.386303840000004,-119.07174534999999,185,0,185,27,0,4,117,21
DistrictSites2324_-4467924829629724752.csv,2023-24,2023-24,56,Ventura,72512,5672512,56725120000000,56725120000000,Ocean View,Elementary,KG,08,Differentiated Assistance,4200 Olds Rd.,Oxnard,93033,08,"12 - City, Midsize",34.16140982,-119.14839034999999,2107,0,2107,1174,3,49,1637,240
DistrictSites2324_-4467924829629724752.csv,2023-24,2023-24,56,Ventura,72520,5672520,56725200000000,56725200000000,Ojai Unified,Unified,KG,12,General Assistance,414 East Ojai Ave.,Ojai,93023,08,"21 - Suburban, Large",34.44835484000001,-119.24260439000001,2129,44,2085,181,2,50,859,326
DistrictSites2324_-4467924829629724752.csv,2023-24,2023-24,56,Ventura,72538,5672538,56725380000000,56725380000000,Oxnard,Elementary,KG,08,General Assistance,1051 South A St.,Oxnard,93030,08,"12 - City, Midsize",34.190918820000014,-119.17926734999999,13399,0,13399,6706,31,2004,11963,2390
DistrictSites2324_-4467924829629724752.csv,2023-24,2023-24,56,Ventura,72546,5672546,56725460000000,56725460000000,Oxnard Union High,High,KG,12,Differentiated Assistance,1800 Solar Dr.,Oxnard,93030,08,"12 - City, Midsize",34.21751982000001,-119.14376734999999,17338,837,16501,2608,59,1262,11830,2643
DistrictSites2324_-4467924829629724752.csv,2023-24,2023-24,56,Ventura,72553,5672553,56725530000000,56725530000000,Pleasant Valley,Elementary,KG,12,General Assistance,600 Temple Ave.,Camarillo,93010,08,"13 - City, Small",34.223117830000014,-119.02949333,6943,1140,5803,641,13,214,2734,1045
DistrictSites2324_-4467924829629724752.csv,2023-24,2023-24,56,Ventura,72561,5672561,56725610000000,56725610000000,Rio Elementary,Elementary,KG,08,General Assistance,1800 Solar Dr.,Oxnard,93030,08,"12 - City, Midsize",34.21751982000001,-119.14376734999999,5217,0,5217,1886,13,631,3369,712
DistrictSites2324_-4467924829629724752.csv,2023-24,2023-24,56,Ventura,72579,5672579,56725790000000,56725790000000,Santa Clara Elementary,Elementary,KG,06,General Assistance,20030 East Telegraph Rd.,Santa Paula,93060,08,"41 - Rural, Fringe",34.376279849999996,-118.99991634000001,53,0,53,1,0,0,10,1
DistrictSites2324_-4467924829629724752.csv,2023-24,2023-24,56,Ventura,72603,5672603,56726030000000,56726030000000,Simi Valley Unified,Unified,KG,12,Differentiated Assistance,101 West Cochran St,Simi Valley,93065,08,"22 - Suburban, Midsize",34.284288849999996,-118.7999313,15677,0,15677,1868,53,285,7085,2107
DistrictSites2324_-4467924829629724752.csv,2023-24,2023-24,56,Ventura,72611,5672611,56726110000000,56726110000000,Somis Union,Elementary,KG,08,General Assistance,5268 North St.,Somis,93066,08,"41 - Rural, Fringe",34.25831483000001,-118.99748333000001,219,0,219,62,0,24,170,33
DistrictSites2324_-4467924829629724752.csv,2023-24,2023-24,56,Ventura,72652,5672652,56726520000000,56726520000000,Ventura Unified,Unified,KG,12,Differentiated Assistance,"255 West Stanley Ave., Ste. 100",Ventura,93001,08,"12 - City, Midsize",34.30172982,-119.29869538000001,14672,0,14672,2140,35,553,8247,2105
DistrictSites2324_-4467924829629724752.csv,2023-24,2023-24,56,Ventura,73759,5673759,56737590000000,56737590000000,Conejo Valley Unified,Unified,KG,12,Differentiated Assistance,1400 East Janss Rd.,Thousand Oaks,91362,08,"12 - City, Midsize",34.199100840000014,-118.85317729999998,15999,0,15999,1773,33,433,3919,2115
DistrictSites2324_-4467924829629724752.csv,2023-24,2023-24,56,Ventura,73874,5673874,56738740000000,56738740000000,Oak Park Unified,Unified,KG,12,General Assistance,5801 Conifer St.,Oak Park,91377,08,"22 - Suburban, Midsize",34.171557840000006,-118.76467328000003,4338,0,4338,200,1,2,529,323
DistrictSites2324_-4467924829629724752.csv,2023-24,2023-24,56,Ventura,73940,5673940,56739400000000,56739400000000,Moorpark Unified,Unified,KG,12,Differentiated Assistance,5297 Maureen Ln.,Moorpark,93021,08,"22 - Suburban, Midsize",34.28215484000001,-118.89678330999999,5809,60,5749,613,6,65,2047,956
DistrictSites2324_-4467924829629724752.csv,2023-24,2023-24,56,Ventura,76828,5676828,56768280000000,56768280000000,Santa Paula Unified,Unified,KG,12,Differentiated Assistance,201 South Steckel Dr.,Santa Paula,93060,08,"31 - Town, Fringe",34.34572484,-119.07879634999998,4808,0,4808,1495,4,346,3879,869
DistrictSites2324_-4467924829629724752.csv,2023-24,2023-24,57,Yolo,10579,5710579,57105790000000,57105790000000,Yolo County Office of Education,County Office of Education (COE),KG,12,General Assistance,"1280 Santa Anita Ct., Ste. 100",Woodland,95776,03,"23 - Suburban, Small",38.69551907000001,-121.75803522999999,634,406,228,354,4,24,435,204
DistrictSites2324_-4467924829629724752.csv,2023-24,2023-24,57,Yolo,72678,5772678,57726780000000,57726780000000,Davis Joint Unified,Unified,KG,12,Differentiated Assistance,526 B St.,Davis,95616,03,"23 - Suburban, Small",38.54728805999999,-121.74529621,8361,582,7779,720,27,71,1774,1226
DistrictSites2324_-4467924829629724752.csv,2023-24,2023-24,57,Yolo,72686,5772686,57726860000000,57726860000000,Esparto Unified,Unified,KG,12,Differentiated Assistance,26675 Plainfield St.,Esparto,95627,03,"42 - Rural, Distant",38.690922050000005,-122.01565826000001,997,0,997,346,6,29,794,132
DistrictSites2324_-4467924829629724752.csv,2023-24,2023-24,57,Yolo,72694,5772694,57726940000000,57726940000000,Washington Unified,Unified,KG,12,Differentiated Assistance,930 Westacre Rd.,West Sacramento,95691,03,"13 - City, Small",38.57772008,-121.53144118,8290,958,7332,1416,42,160,5424,1035
DistrictSites2324_-4467924829629724752.csv,2023-24,2023-24,57,Yolo,72702,5772702,57727020000000,57727020000000,Winters Joint Unified,Unified,KG,12,Differentiated Assistance,909 West Grant Ave.,Winters,95694,03,"31 - Town, Fringe",38.52026404,-121.98540124,2285,706,1579,424,3,84,1290,319
DistrictSites2324_-4467924829629724752.csv,2023-24,2023-24,57,Yolo,72710,5772710,57727100000000,57727100000000,Woodland Joint Unified,Unified,KG,12,Differentiated Assistance,435 Sixth St.,Woodland,95695,03,"23 - Suburban, Small",38.67620507,-121.76630422000001,9483,224,9259,2043,38,101,7207,1632
DistrictSites2324_-4467924829629724752.csv,2023-24,2023-24,58,Yuba,10587,5810587,58105870000000,58105870000000,Yuba County Office of Education,County Office of Education (COE),KG,12,General Assistance,935 14th St.,Marysville,95901,03,"22 - Suburban, Midsize",39.14993512000001,-121.59892326000002,676,407,269,49,13,36,504,317
DistrictSites2324_-4467924829629724752.csv,2023-24,2023-24,58,Yuba,72728,5872728,58727280000000,58727280000000,Camptonville Elementary,Elementary,KG,12,General Assistance,16585 School St.,Camptonville,95922,03,"43 - Rural, Remote",39.45301519,-121.04837720999998,586,536,50,18,3,5,334,91
DistrictSites2324_-4467924829629724752.csv,2023-24,2023-24,58,Yuba,72736,5872736,58727360000000,58727360000000,Marysville Joint Unified,Unified,KG,12,Differentiated Assistance,1919 B St.,Marysville,95901,03,"22 - Suburban, Midsize",39.15676112,-121.58715326000002,10539,573,9966,1865,76,451,7121,1492
DistrictSites2324_-4467924829629724752.csv,2023-24,2023-24,58,Yuba,72744,5872744,58727440000000,58727440000000,Plumas Lake Elementary,Elementary,KG,08,General Assistance,2743 Plumas School Rd.,Plumas Lake,95961,03,"31 - Town, Fringe",39.02742412,-121.51590423,1604,0,1604,115,6,11,665,179
DistrictSites2324_-4467924829629724752.csv,2023-24,2023-24,58,Yuba,72751,5872751,58727510000000,58727510000000,Wheatland,Elementary,KG,08,General Assistance,111 Main St.,Wheatland,95692,03,"42 - Rural, Distant",39.013441119999996,-121.41995921000002,1333,86,1247,77,3,63,778,188
DistrictSites2324_-4467924829629724752.csv,2023-24,2023-24,58,Yuba,72769,5872769,58727690000000,58727690000000,Wheatland Union High,High,07,12,General Assistance,1010 Wheatland Rd.,Wheatland,95692,03,"42 - Rural, Distant",39.00667312,-121.43075821,1091,0,1091,38,8,28,840,172
